cliente_id,nombre,fecha_registro,pedidos_ultimos_3m,segmento
105953,Micaela Trujillo Cazorla,2023-09-26,20,premium
102313,Adrián Gutierrez Camacho,2021-12-02,20,premium
105660,Jovita Blasco Ortuño,2023-11-14,20,premium
103030,Vito Puente Ojeda,2024-01-12,19,premium
107758,Olga Castilla Cabañas,2022-09-21,19,premium
106423,Rita Sonia Belmonte Mate,2021-02-20,19,premium
105968,Wálter Llabrés Palomares,2024-07-15,19,premium
104401,Jordi Solsona,2022-04-05,18,premium
104683,Cornelio Martin Azorin,2020-08-20,18,premium
105859,Camila Marí,2024-06-18,18,premium
102151,Verónica Fiol,2023-07-24,18,premium
111488,Virgilio Mateu-Canet,2023-04-20,18,premium
111846,Purificación Pallarès Villena,2022-08-24,18,premium
108230,Julián Hugo Rosell Palacios,2021-04-29,18,premium
101003,Úrsula Bernal-Zamorano,2024-01-29,18,premium
111148,Toribio Crespi Balaguer,2021-02-14,17,premium
114114,Valeria Gisela Cabrero Cabeza,2020-06-24,17,premium
106088,Casemiro Suárez Montserrat,2021-04-29,17,premium
109253,Nieves Asenjo Landa,2021-08-03,17,premium
107592,Édgar de Ayala,2022-04-04,17,premium
100971,Eugenia Andrés,2022-09-16,17,premium
109000,Cornelio Terrón-Mate,2023-01-14,17,premium
101112,Feliciano Casas Villaverde,2023-04-27,17,premium
103342,Hector Guzman Tejero,2023-05-07,17,premium
101044,Ileana Giner Robledo,2020-10-11,17,premium
108737,Ricardo Gracia,2024-05-26,17,premium
108450,Ale Alegre Losa,2024-08-20,17,premium
103466,Raúl del Ariño,2021-06-22,16,premium
107284,Tadeo del Ayllón,2023-08-17,16,premium
108923,Elisa Morell,2023-05-01,16,premium
102381,Lucho Báez Conde,2021-10-11,16,premium
112640,Aitor del Diez,2023-12-27,16,premium
109023,Griselda del Bustamante,2021-03-20,16,premium
103652,Heliodoro Julián,2022-04-30,16,premium
106921,Carmelita Barreda,2021-01-05,16,premium
115175,Lucio Verdugo Mas,2023-10-09,16,premium
104887,Eugenia Borja Garmendia,2024-01-25,16,premium
104887,Eugenia Borja Garmendia,2024-01-25,16,premium
109218,Ainoa Bernad,2024-07-04,16,premium
110977,Wilfredo Izquierdo-Cifuentes,2023-09-24,16,premium
110892,Miguela Polo Almagro,2023-09-01,16,premium
101455,Eduardo Lago Gimeno,2022-09-05,16,premium
108815,Matías Cantón Galan,2024-06-08,16,premium
100812,Martina Galán Montesinos,2020-12-09,16,premium
113274,Miguel Aguilera Folch,2021-08-22,16,premium
111057,Amado Tito Moraleda Estevez,2021-09-06,16,premium
114299,Serafina Lopez Chico,2024-01-21,16,premium
105889,Asunción Marquez Jurado,2021-04-23,16,premium
113001,Andrés Felipe Rodriguez Arteaga,2023-05-31,16,premium
114467,Fabián Parejo Villalobos,2020-07-17,16,premium
114400,Román Cazorla-Barrena,2023-07-26,16,premium
113641,Calixta Ojeda Marin,2024-04-04,16,premium
112185,Yaiza Ribera Sainz,2020-04-13,16,premium
100725,Heriberto Ribera-Roig,2020-06-08,16,premium
101627,Rufina Moya-Figuerola,2023-11-04,16,premium
101098,Guiomar Juan Ángel,2023-06-12,16,premium
106052,Gertrudis de Godoy,2023-03-05,15,premium
104063,Isidro Múgica-Soler,2023-04-27,15,premium
101480,Aura Castejón-Expósito,2020-12-20,15,premium
107822,Elpidio Amat Seco,2021-09-27,15,premium
109396,Gil Toribio Zabaleta Rius,2021-07-14,15,premium
109301,Custodio Escribano Ponce,2024-04-26,15,premium
111928,Virgilio Trinidad Chamorro Carrasco,2020-08-27,15,premium
109365,Abilio Orozco Calzada,2023-04-04,15,premium
104694,Manuel Andres Fuertes,2020-03-15,15,premium
115193,Felicidad Villalobos,2020-03-28,15,premium
104830,Zoraida Valdés Salom,2021-12-26,15,premium
105767,Adela Cortes Huguet,2020-08-11,15,premium
108733,Leandra Montesinos Blanch,2024-05-07,15,premium
104755,Selena de Gascón,2021-10-22,15,premium
110109,Remigio Leon Cueto,2022-05-19,15,premium
104984,María Jesús Ramis Arenas,2022-08-13,15,premium
108687,Marta Menéndez Fábregas,2024-04-08,15,premium
103367,Nélida Botella Pedro,2021-09-20,15,premium
100469,Ruy Rodolfo Cid Oliva,2020-08-15,15,premium
105801,Jenaro Andrade Nogués,2023-08-07,15,premium
105801,Jenaro Andrade Nogués,2023-08-07,15,premium
110992,Miguel Galiano Cobos,2021-03-23,15,premium
107712,Paola Miriam Olivé Ayuso,2023-05-31,15,premium
107043,Maximiliano Araujo Espejo,2024-07-14,15,premium
109563,Noa Pozuelo Céspedes,2022-09-05,15,premium
109816,Godofredo Busquets Villalba,2022-02-22,15,premium
100386,Modesta del Solera,2020-12-11,15,premium
107208,Lucila Samanta Guitart Roura,2024-08-05,15,premium
106959,Jafet Armengol Conesa,2023-01-23,15,premium
105383,César Amor,2022-11-04,15,premium
108545,Pío Fernandez-Gargallo,2023-07-21,15,premium
110713,Perlita Palma Mulet,2023-01-21,15,premium
110733,Javi Jose Carlos Sosa Román,2023-02-28,15,premium
114187,Olegario Vélez Nevado,2022-04-12,15,premium
113607,Salomé Arana Hidalgo,2024-08-06,15,premium
103965,Edmundo Pons Sevillano,2021-07-31,15,premium
103965,Edmundo Pons Sevillano,2021-07-31,15,premium
108929,Alicia Espejo-Bustos,2021-03-22,15,premium
113030,Juan Luis Bermúdez Morales,2022-10-14,15,premium
103430,Timoteo López Peñas,2022-09-09,15,premium
114900,Fausto Palmer Castellanos,2022-09-20,15,premium
102922,Jorge Granados Landa,2023-06-13,15,premium
101084,Eutropio Segura-Valenzuela,2023-07-19,15,premium
106936,Remigio Teo Zabaleta Duarte,2024-03-03,15,premium
113640,Felipa Aguado Lobo,2020-11-02,15,premium
114268,Arcelia Sancho Borrás,2022-02-20,15,premium
100036,Melania Leiva-Ribas,2024-04-29,15,premium
107459,Hilario Cid Goñi,2020-09-14,15,premium
113922,Encarnita Sancho Tolosa,2023-12-23,15,premium
113922,Encarnita Sancho Tolosa,2023-12-23,15,premium
101905,Francisco Javier Quirós Castelló,2020-12-07,15,premium
112516,Saturnina Benavente Cabo,2022-02-05,15,premium
113459,Isa Belen Ferrera Tejedor,2021-07-10,15,premium
110978,Fabio Viana Casals,2021-01-01,15,premium
108002,Primitiva Castilla Aramburu,2021-03-20,15,premium
113187,Roxana Camila Rovira Quesada,2022-04-27,15,premium
111276,Godofredo Palomar Barriga,2020-07-11,15,premium
111276,Godofredo Palomar Barriga,2020-07-11,15,premium
100745,Adalberto Roig Cueto,2023-02-12,15,premium
105432,Zaida Ramis Pareja,2021-06-14,15,premium
104769,Beatriz Chacón Pombo,2022-09-06,15,premium
107763,Celso Cuevas Verdú,2024-04-20,15,premium
107459,Hilario Cid Goñi,2020-09-14,15,premium
111276,Godofredo Palomar Barriga,2020-07-11,15,premium
111276,Godofredo Palomar Barriga,2020-07-11,15,premium
103430,Timoteo López Peñas,2022-09-09,15,premium
107043,Maximiliano Araujo Espejo,2024-07-14,15,premium
106791,Regina Tamarit Ochoa,2023-11-26,14,premium
106933,Leire Ortega Sanchez,2021-04-08,14,premium
101329,Severiano Virgilio Castro Enríquez,2023-11-02,14,premium
106758,Andrés Felipe Ayllón Arcos,2023-06-11,14,premium
113644,Eligia Requena Blazquez,2020-04-03,14,premium
109453,Marcial Revilla Lobo,2024-07-02,14,premium
101748,Alejandra Esteban Pozo,2022-11-21,14,premium
107137,Ana Sofía Rozas,2021-10-23,14,premium
107769,Fabio Castro Hernando,2023-03-10,14,premium
103411,Catalina Marcos,2023-01-08,14,premium
114104,Rosa Roman,2024-05-03,14,premium
101108,Casemiro Sevillano Calderon,2020-12-09,14,premium
109486,Aurelio Roberto Falcó Sosa,2023-10-21,14,premium
112658,Erasmo Tomé,2024-07-18,14,premium
102185,Irene Bermudez Llabrés,2022-11-30,14,premium
103211,Reyes Porta-Soto,2020-07-29,14,premium
108055,Edmundo Ramos Mínguez,2023-04-23,14,premium
108055,Edmundo Ramos Mínguez,2023-04-23,14,premium
110246,Rolando Mir Castelló,2024-05-25,14,premium
109894,Samuel Colomer-Peinado,2024-04-09,14,premium
105752,Calixta Gutiérrez-Cantero,2023-11-15,14,premium
104541,Efraín Rosales Palacio,2022-01-26,14,premium
108319,Yésica Vazquez Doménech,2024-08-09,14,premium
107022,Ulises Lucena Santana,2022-11-24,14,premium
100721,Cristóbal Amor Revilla,2024-07-15,14,premium
114495,Malena Arregui,2020-08-18,14,premium
107840,María Pilar Montoya Ayllón,2024-01-12,14,premium
114677,Dafne Catalina Fábregas Catalá,2022-04-09,14,premium
114898,Federico Gual Gámez,2020-04-25,14,premium
113044,Iris Guillén,2024-01-11,14,premium
112445,Edgardo Ramírez Samper,2020-07-23,14,premium
113370,Asdrubal Figueroa,2020-07-01,14,premium
106283,Luna María Ángeles Quintanilla Hervia,2023-04-17,14,premium
106429,Amanda Cervera,2020-10-03,14,premium
100765,Begoña Acedo,2022-11-16,14,premium
104376,Sabas Alemán Valentín,2021-07-13,14,premium
113388,Custodia Serna-Borrego,2024-02-07,14,premium
107751,Marcela Lopez Mateos,2022-10-01,14,premium
112657,Vasco Peláez Dávila,2020-06-10,14,premium
101371,Luz Manu Seguí Bou,2021-08-03,14,premium
107633,Jordana Bautista Barroso,2021-09-13,14,premium
102610,Arcelia Arias-Rivas,2023-07-14,14,premium
109845,Glauco Maza Luján,2024-08-20,14,premium
113981,Nacio Saavedra Antúnez,2021-02-10,14,premium
114927,Victoriano Pazos Rivera,2024-05-26,14,premium
114927,Victoriano Pazos Rivera,2024-05-26,14,premium
111521,Leandra Solsona Prado,2021-03-04,14,premium
112536,Juliana Barriga,2021-09-08,14,premium
108143,Eutropio Gabaldón Ramírez,2022-08-25,14,premium
103520,Gracia Blanch Adadia,2024-07-12,14,premium
114112,Venceslás Domínguez,2021-05-27,14,premium
111478,Toño de Benítez,2020-05-10,14,premium
111605,Régulo Cañas,2021-02-10,14,premium
114074,Adalberto Barba-Sala,2021-08-25,14,premium
105095,Jacinto Berrocal Malo,2021-12-30,14,premium
100122,Tere Dora Exposito Jódar,2022-12-07,14,premium
102715,Josefina Rueda-Diéguez,2023-02-03,14,premium
105145,Sosimo Pla Tenorio,2024-08-10,14,premium
113862,Brígida Fuente Catalá,2020-09-16,14,premium
101594,Chus Porcel-Ocaña,2020-07-01,14,premium
101040,Olimpia Iñiguez Porcel,2022-08-24,14,premium
109754,Macarena Bustamante Méndez,2020-04-01,14,premium
110557,Calixto Jose Grande Vall,2023-05-31,14,premium
103658,Alicia Antonia Elorza Anaya,2022-09-11,14,premium
111765,Octavia Navarro Casanovas,2020-12-28,14,premium
100773,Julián Mínguez Morata,2020-03-31,14,premium
107220,Sol Ana Cortés Medina,2021-01-01,14,premium
109290,Humberto Pera Maza,2023-02-04,14,premium
107034,Jenny Benavent Díaz,2021-10-01,14,premium
104356,Consuelo Iriarte Somoza,2023-02-22,14,premium
108223,Borja Mata Baró,2020-12-06,14,premium
114275,Ezequiel Echeverría Valentín,2020-07-27,14,premium
105457,Sabina Barrio Acedo,2021-10-09,14,premium
103972,Sol Yáñez Belda,2020-04-29,14,premium
108133,Edu Casals Lopez,2021-04-08,14,premium
107013,Sabina Pedrosa-Pedro,2022-06-23,14,premium
106622,Humberto Ortiz Huerta,2021-09-22,14,premium
109771,Rafaela Galvez Castellanos,2020-11-17,14,premium
108255,Leonor Pizarro Teruel,2024-08-17,14,premium
110891,Tamara del Tomas,2021-12-01,14,premium
104994,Mohamed Wálter Gomila Planas,2021-02-02,14,premium
106913,Anastasia Abril-Clavero,2021-05-14,14,premium
102358,Natanael Llobet Porras,2022-06-29,14,premium
113192,Mayte Múñiz Cabezas,2023-05-07,14,premium
113512,Amador del Plana,2023-12-30,14,premium
114100,Isaías del Ramirez,2021-03-25,14,premium
112528,Noelia Mercader Moll,2022-01-07,14,premium
105744,Noa Gonzalez Gimenez,2022-09-25,14,premium
100593,Caridad Huerta-Reyes,2024-07-13,14,premium
107825,Eva María Fiol Bravo,2022-10-06,14,premium
104396,Eloy Ocaña Royo,2023-08-01,14,premium
104059,Desiderio Esparza Belda,2020-05-17,14,premium
100536,Ana Sofía del Hoz,2023-12-22,14,premium
101859,Conrado Saldaña Lobo,2022-04-05,14,premium
102997,Rufino Vicente Sanchez,2023-12-31,14,premium
102113,Primitiva del Sedano,2020-08-22,14,premium
106886,Julio César Ramirez Vicente,2021-06-04,14,premium
108595,Graciela Pereira,2021-06-12,14,premium
108511,Nilda Ferrándiz,2021-09-26,14,premium
111095,Noa Morata Carlos,2020-03-06,14,premium
111462,Pascual Saura Cisneros,2023-06-07,14,premium
112574,Odalis Alcolea Puerta,2020-10-25,14,premium
106614,Eugenio Dueñas Barco,2023-12-29,14,premium
108656,Calixto Arco Mascaró,2022-01-27,14,premium
103022,Amador Alfonso Jordán,2021-09-01,14,premium
109411,Susana Cabezas Blanes,2021-02-28,14,premium
112838,Francisca Chacón Sáenz,2023-02-25,14,premium
107509,Dani de Sabater,2023-06-30,14,premium
100480,Esther Olivares Sales,2020-04-09,14,premium
108919,Telmo Verdugo Arco,2020-11-06,14,premium
114718,Lorenza Recio-Melero,2020-06-30,14,premium
111918,,2020-04-11,14,premium
104354,Erasmo de Araujo,2021-01-20,14,premium
111328,Raquel Oliver Leiva,2021-03-16,14,premium
113166,Fausto Lloret Jiménez,2024-05-19,14,premium
104666,Amalia Acosta Mena,2021-05-20,14,premium
106396,Manuela Garriga Conesa,2022-09-17,14,premium
110335,Leonardo Roman Bernat,2022-08-11,14,premium
111510,Mar Guijarro,2020-09-16,14,premium
106105,Leocadia Barreda Cáceres,2022-05-03,14,premium
101595,Gema Tomás Esteban,2021-03-02,14,premium
107795,Paulino Peral Diez,2022-06-04,14,premium
102550,Eligia Almansa Villalobos,2020-05-24,14,premium
101666,Ruperta del Cortes,2024-04-18,14,premium
102956,Andrés Ramis Rios,2024-01-26,14,premium
112838,Francisca Chacón Sáenz,2023-02-25,14,premium
105752,Calixta Gutiérrez-Cantero,2023-11-15,14,premium
104994,Mohamed Wálter Gomila Planas,2021-02-02,14,premium
106308,Nydia Cuéllar-Diaz,2020-12-26,13,premium
105611,Luisina Manuel,2022-03-08,13,premium
102857,Trinidad Navas Maldonado,2022-09-15,13,premium
105554,Julio César Diego Fuente,2021-06-09,13,premium
110221,Lisandro Vera,2023-08-16,13,premium
103316,Ramiro David Morata Sánchez,2021-02-12,13,premium
107373,Jose Francisco Ureña,2021-08-21,13,premium
100512,Ramiro Bustamante Quintero,2022-01-30,13,premium
112907,Candelas del Vila,2023-05-10,13,premium
112452,Isidro Emilio Abascal Vizcaíno,2021-09-11,13,premium
103979,Alma del Batalla,2024-01-07,13,premium
111794,Onofre del Lasa,2022-10-27,13,premium
101548,Aníbal del Gutierrez,2023-02-28,13,premium
103483,Florencia Mármol,2021-12-23,13,premium
110076,Nacio Feliu Pont,2024-05-29,13,premium
107530,Cebrián de Pinto,2022-01-12,13,premium
108762,María Cuesta-Báez,2023-08-10,13,premium
103945,Angelita Valentín Alcolea,2024-02-27,13,premium
109086,Martirio Valeria Paredes Ferrero,2024-04-06,13,premium
106187,Emelina Yéssica Rosa Abascal,2022-12-07,13,premium
106843,Nadia Molina Benítez,2020-10-11,13,premium
110420,Heliodoro Cantero-Roselló,2023-11-11,13,premium
114139,Adrián Gil Vilar,2022-01-12,13,premium
102627,Herberto Rojas Escrivá,2021-11-17,13,premium
100931,Jose Angel Calderón Camino,2021-08-30,13,premium
109393,Juan Carlos Azorin Franco,2021-12-16,13,premium
105033,Carlito Bastida-Beltran,2024-07-19,13,premium
100851,Pascual Portillo Peñas,2020-04-21,13,premium
106546,Prudencia de Donoso,2024-05-02,13,premium
104140,Alcides de Piña,2022-12-17,13,premium
112388,Nazaret Fiol-Blasco,2022-01-13,13,premium
100432,Selena Antúnez Conesa,2023-02-02,13,premium
113728,Santiago José Mari Grau Alvarez,2021-10-24,13,premium
111999,Heraclio Ibáñez Hernando,2023-11-27,13,premium
101471,Fabiana Sánchez,2020-09-12,13,premium
108837,Manola del Montero,2022-10-07,13,premium
102453,Bibiana Mendoza Valentín,2022-12-10,13,premium
106555,Ale Carrión-Palomo,2023-03-02,13,premium
107104,Juan Francisco Almazán Ferrero,2023-12-15,13,premium
106021,Pepito Lobato,2022-05-14,13,premium
107594,Ana Belén Cantero Jiménez,2023-05-13,13,premium
109374,Cecilia Hurtado Exposito,2023-12-17,13,premium
106502,Prudencio Vara Sosa,2021-11-14,13,premium
106326,Nacho Fabra Álvarez,2020-03-08,13,premium
111449,Ariel Clementina Bonilla Llano,2021-09-19,13,premium
111449,Ariel Clementina Bonilla Llano,2021-09-19,13,premium
101237,Eladio Piña Cañizares,2022-07-17,13,premium
110253,Chucho del Prieto,2022-11-07,13,premium
113994,Evita Otero Zabala,2023-12-22,13,premium
111547,Eva Imelda Mayol Benito,2020-04-05,13,premium
105359,Felicidad Aguado Frías,2023-07-13,13,premium
108022,Glauco Anaya Izaguirre,2020-12-04,13,premium
109315,Soledad de Quiroga,2022-08-05,13,premium
108315,Reyes Consuela Leon Figueras,2023-12-25,13,premium
114621,Glauco Vives Ibañez,2023-10-21,13,premium
106696,Macario Leal-Solís,2022-12-25,13,premium
114746,Manolo Solís,2020-06-21,13,premium
100028,Palmira Santamaria Montaña,2024-03-19,13,premium
110741,Gerónimo Bosch Calatayud,2021-12-29,13,premium
108068,Olimpia de Torres,2021-08-05,13,premium
105385,Santos Arregui Elorza,2023-01-29,13,premium
105894,Roque Nogués Perez,2020-03-22,13,premium
101612,Calixta Maestre,2023-03-02,13,premium
112326,Amada Jove Gutierrez,2024-06-06,13,premium
102831,Eusebia Torralba Atienza,2021-10-18,13,premium
110807,Juan Antonio Valls Solsona,2023-09-02,13,premium
107169,Nydia Miguel Miguel,2023-11-28,13,premium
106452,Sol Águeda Mosquera Escalona,2024-04-07,13,premium
104852,Reyes Marcos Castrillo Antón,2020-11-08,13,premium
100361,Leire de Planas,2024-05-23,13,premium
111072,Francisco Javier Atilio Castells Torrents,2022-03-22,13,premium
108397,Juan José Francisco Jose Sevilla Alvarado,2023-04-02,13,premium
100312,Ainara Pizarro Roma,2021-06-28,13,premium
107591,Calixto Goicoechea Galvez,2024-01-28,13,premium
104707,Cirino de Puente,2022-07-06,13,premium
106663,Amado Riera Reguera,2021-06-15,13,premium
112720,Carlos Duilio Girona Salvador,2021-03-28,13,premium
106212,Hilario Sureda Rueda,2021-07-30,13,premium
106108,Sara Mendoza Cózar,2021-11-26,13,premium
109856,Jose Manuel Montesinos-Rodríguez,2020-05-06,13,premium
107661,León Lozano Casanova,2020-11-13,13,premium
109963,María Fernanda Maristela Castejón Vicente,2022-08-23,13,premium
115155,Hilda de Moles,2024-07-28,13,premium
111311,Octavio Catalán Costa,2021-06-23,13,premium
111311,Octavio Catalán Costa,2021-06-23,13,premium
105197,Carlito Guijarro Muñoz,2022-05-15,13,premium
105197,Carlito Guijarro Muñoz,2022-05-15,13,premium
106119,Basilio Criado Segura,2022-10-14,13,premium
107444,Pablo Salinas,2020-03-27,13,premium
106135,Rico Pastor Ripoll,2021-02-14,13,premium
107183,Isaura Coca,2020-08-02,13,premium
109510,Jenaro Castellanos Múgica,2023-01-25,13,premium
111672,Clímaco Alba Batalla,2023-07-24,13,premium
108359,Maximiano Hierro Murillo,2024-04-18,13,premium
109232,Custodio Rivas Soriano,2022-03-07,13,premium
108673,Malena Cerdán Pellicer,2024-06-09,13,premium
110319,Juan Nilo Pedraza Mínguez,2024-02-08,13,premium
110485,Renato Montaña Peinado,2021-03-24,13,premium
100830,Vinicio de Durán,2023-02-13,13,premium
104514,Herminia Lillo-Parra,2023-05-16,13,premium
106159,Jose Manuel Ruano Quintanilla,2020-10-25,13,premium
101576,Emma Rovira Casas,2024-07-05,13,premium
108117,Febe Solana,2023-12-23,13,premium
108629,Nacio Baeza-Montalbán,2020-11-23,13,premium
111603,Cristian Nevado Polo,2022-02-25,13,premium
103493,Cintia Naranjo Escamilla,2023-07-27,13,premium
100591,Lupe Reyes Carmona,2024-03-24,13,premium
101492,Ruperta Hurtado-Tolosa,2021-06-05,13,premium
105298,Saturnino de Valle,2021-02-19,13,premium
102178,Nacio Lasa,2022-09-17,13,premium
110666,Demetrio Almagro Gisbert,2022-07-21,13,premium
111515,Renata Amores Benavides,2023-06-12,13,premium
110307,Concha Jaén Carrasco,2021-06-16,13,premium
114720,Pío Vargas-Amador,2021-12-03,13,premium
101115,Graciana Sarabia Ramos,2023-11-10,13,premium
101580,Primitivo Canales,2023-12-24,13,premium
100316,Primitiva Borrell Canales,2022-10-13,13,premium
102685,Lucas Ros Jara,2024-05-10,13,premium
105000,Buenaventura Jiménez Saez,2020-09-25,13,premium
114346,Eleuterio Juan Pablo Alfonso Gaya,2023-11-11,13,premium
102217,Angélica Ramirez-Manuel,2024-01-10,13,premium
100539,Flora Arribas,2024-08-14,13,premium
104765,Basilio Bárcena Rey,2022-04-12,13,premium
103061,Elpidio Llano,2020-08-29,13,premium
104293,Ildefonso Figuerola Jódar,2022-04-26,13,premium
108288,Manu Chamorro Rubio,2023-02-16,13,premium
112264,Rafaela Ale Díaz Angulo,2023-11-15,13,premium
105822,Ricardo Noé Segura Rosado,2023-07-18,13,premium
103194,Prudencia Adadia,2022-02-05,13,premium
115194,Lola Español Luque,2024-07-25,13,premium
112014,Bonifacio Ramírez Castejón,2023-09-20,13,premium
112014,Bonifacio Ramírez Castejón,2023-09-20,13,premium
114402,Cirino Blanes,2020-11-02,13,premium
105921,Leocadia Río Vargas,2020-09-04,13,premium
108912,Marcio Prada-Tenorio,2022-12-16,13,premium
112860,Moreno Crespi Chaparro,2023-04-26,13,premium
114067,Viviana Blanco Bernad,2020-11-05,13,premium
110773,Sabas Crespi Carbajo,2022-08-10,13,premium
110773,Sabas Crespi Carbajo,2022-08-10,13,premium
115083,Marta Agudo-Amores,2020-11-10,13,premium
114368,Rafaela Garcia,2022-01-30,13,premium
111076,Jovita Llopis Martin,2024-03-01,13,premium
109352,Severo Morán Jover,2024-02-02,13,premium
112513,Obdulia Iborra,2021-05-15,13,premium
100840,Paloma Emiliana Escolano Arnau,2021-08-18,13,premium
114803,Isidro Virgilio Palacios Abascal,2020-10-11,13,premium
110154,Rebeca Cerezo,2023-05-02,13,premium
102413,Georgina Laura Saez Uribe,2021-03-23,13,premium
101333,Pilar Vives Osorio,2024-08-05,13,premium
111591,Leticia Villalonga Botella,2021-06-19,13,premium
105082,Fidel Ramis,2021-08-20,13,premium
114406,Candela Ruano Uribe,2024-02-11,13,premium
103372,Eustaquio Manrique-Benavides,2023-12-08,13,premium
109503,Candelaria Requena Cañas,2022-12-17,13,premium
109953,Eli Casado-Campo,2023-08-16,13,premium
112441,Emelina Aurora Reguera Gálvez,2023-11-10,13,premium
107279,Melchor Ferrándiz,2023-04-13,13,premium
107563,Berta Pujol Alegria,2023-08-15,13,premium
107435,Buenaventura Héctor Cervantes Mariño,2020-07-18,13,premium
110586,María Carmen Yáñez Torre,2020-09-22,13,premium
105080,Patricia Madrid Vilaplana,2024-04-08,13,premium
102134,Rodolfo Donoso Cerdá,2020-06-25,13,premium
108893,Liliana Alondra Feijoo Mora,2021-10-07,13,premium
111076,Jovita Llopis Martin,2024-03-01,13,premium
110461,Narciso Durán Lastra,2023-02-10,12,premium
110461,Narciso Durán Lastra,2023-02-10,12,premium
101351,Alexandra Nadal Pombo,2020-10-18,12,premium
111689,Fulgencio Ruiz Ródenas,2024-04-15,12,premium
111015,Macaria Plana Gilabert,2023-07-27,12,premium
108696,Goyo Aragonés Saldaña,2024-02-27,12,premium
107699,Zaira Cerro Vall,2023-09-04,12,premium
104005,Teodoro Agullo Prado,2020-04-22,12,premium
105652,Francisca Pombo Carbó,2020-05-04,12,premium
110866,Manuel Sanabria,2023-12-20,12,premium
106599,Loreto Cabello-Olivera,2020-08-09,12,premium
114965,Aura Lobo Valderrama,2021-04-09,12,premium
104751,Ulises Porcel Jiménez,2024-01-10,12,premium
102969,Noemí Simó Busquets,2023-05-21,12,premium
108674,Dalila Ortuño Expósito,2024-05-01,12,premium
107411,Marcial Uribe Estrada,2021-01-24,12,premium
102141,Irma Ródenas Méndez,2020-12-16,12,premium
108964,Reyna Grau,2022-07-29,12,premium
106481,Duilio Castañeda Teruel,2022-05-30,12,premium
106436,Etelvina de Castell,2021-02-01,12,premium
113069,Teodora Cózar,2022-08-17,12,premium
108114,Julia Beltrán Mariscal,2020-06-13,12,premium
103215,Francisco Pujadas Talavera,2021-01-01,12,premium
111751,Marcela Rosalina Bermúdez Garcia,2021-12-28,12,premium
103828,Juan Antonio España Garzón,2021-12-01,12,premium
114980,Belen del Cuéllar,2021-04-30,12,premium
103528,Martina Soler Salas,2021-02-09,12,premium
102657,Nicanor Mesa-Castañeda,2024-08-25,12,premium
105599,Nazaret de Vila,2022-09-07,12,premium
106026,Paco Gallo Cepeda,2023-10-20,12,premium
105715,Florentina Navarro Peralta,2023-08-08,12,premium
114939,Juan Manuel Cabo,2020-11-06,12,premium
106175,Anastasio Giner Vilanova,2020-10-23,12,premium
107189,María Belén Merino-Amat,2023-11-22,12,premium
106206,Maristela Laura Quintanilla Bosch,2023-10-01,12,premium
109979,Esperanza Aznar Almazán,2021-03-10,12,premium
106419,Chita Morata Cueto,2021-04-08,12,premium
101012,Claudia Calvet-Yáñez,2024-04-18,12,premium
111720,Diego Santamaria Arenas,2022-08-04,12,premium
104245,Horacio Gomez Galván,2023-02-06,12,premium
107066,Jessica Mateos,2020-12-12,12,premium
109231,Violeta de Mulet,2023-08-16,12,premium
103206,Selena Almeida Tejedor,2023-11-02,12,premium
106313,Esperanza del Alarcón,2024-05-09,12,premium
103593,Aurelio Peralta Ramón,2023-04-22,12,premium
114877,Evaristo Espinosa Gargallo,2023-12-16,12,premium
109629,Paola Reguera Morán,2023-04-07,12,premium
115074,Narcisa Remedios Osorio Granados,2022-08-28,12,premium
107498,Xiomara Cal Garzón,2022-01-04,12,premium
106903,María del Pera,2022-11-13,12,premium
113946,Flora del Sola,2022-10-06,12,premium
107732,Espiridión Peña Egea,2023-10-09,12,premium
110708,Ale Faustino Arregui Juárez,2022-07-07,12,premium
108157,Clímaco Flores Cabo,2021-11-24,12,premium
102146,Teodoro Rómulo Revilla Pagès,2024-08-12,12,premium
110138,Nazaret Royo,2023-10-28,12,premium
111628,Lorenzo Pi-Viana,2022-02-28,12,premium
105906,Venceslás Clemente Riquelme,2020-11-05,12,premium
114764,Amílcar Segarra Calleja,2022-04-07,12,premium
101804,Carlota Menéndez-Blasco,2022-08-15,12,premium
112877,Erasmo Rosales Bauzà,2020-12-13,12,premium
101087,Enrique Almagro Chaves,2023-06-15,12,premium
101087,Enrique Almagro Chaves,2023-06-15,12,premium
113242,Cruz Solsona Barba,2022-02-16,12,premium
108432,Maristela Ibarra Monreal,2023-02-12,12,premium
104709,Manuela Cazorla Salmerón,2024-08-23,12,premium
105381,Fermín Vall-Marti,2021-08-03,12,premium
101689,Pedro Calderon Burgos,2021-11-11,12,premium
105016,Olegario Barrio Ricart,2022-10-09,12,premium
111153,Rosaura Requena Miró,2023-05-05,12,premium
102772,Pepita del Molins,2021-10-25,12,premium
109386,Delfina Mateos Leiva,2020-12-09,12,premium
111575,Pascuala Estévez Ferrándiz,2023-10-18,12,premium
104129,Tomasa Almazán Torrijos,2023-01-03,12,premium
106527,Curro Guzmán Aragón,2021-08-25,12,premium
112802,Lina Cabrero Cuervo,2023-06-25,12,premium
109887,Carmelita Corominas Pedrosa,2021-11-01,12,premium
103300,Natividad Torrecilla Porta,2022-10-24,12,premium
115099,Rosalinda Segovia Tenorio,2022-07-22,12,premium
113425,Celestina Domínguez Fajardo,2020-10-15,12,premium
114295,Juan Manuel Páez Simó,2023-12-19,12,premium
104706,Severo Abascal Ayuso,2023-12-19,12,premium
100440,Vilma Rosell Uriarte,2021-02-04,12,premium
103205,Emiliano del Jerez,2022-04-02,12,premium
104449,Diana Cámara,2020-03-20,12,premium
104295,Rebeca Reyes-Ibáñez,2023-07-19,12,premium
106097,Roberta Ramón Castelló,2021-10-18,12,premium
108035,Teodora Borja Torrens,2021-02-05,12,premium
102055,María Pilar Iriarte Casares,2020-10-10,12,premium
107786,Jenny Robledo-Borrell,2021-12-29,12,premium
109452,Anna Juliana Bautista Jurado,2023-02-03,12,premium
104983,Timoteo Prieto Miranda,2023-11-05,12,premium
113074,Celso Moliner Salinas,2020-03-15,12,premium
106891,Herminio del Anglada,2021-02-17,12,premium
109972,Gisela Abascal Osorio,2022-04-07,12,premium
106127,Marino Cifuentes Molina,2023-11-07,12,premium
104030,Teodora Peiró Rebollo,2021-06-08,12,premium
110292,Úrsula Aitana Larrañaga Monreal,2023-06-25,12,premium
112509,Patricia Montenegro Patiño,2020-05-25,12,premium
101321,Octavia Irene Gallart Priego,2021-07-11,12,premium
102499,Viviana Piquer,2020-11-24,12,premium
111550,Primitiva Varela Elías,2024-01-05,12,premium
105460,Angélica de Anaya,2020-07-18,12,premium
104867,Régulo Perales Berenguer,2023-08-19,12,premium
101924,Amada Llabrés-Huerta,2024-01-16,12,premium
109596,Victor Manuel Gámez Collado,2020-12-22,12,premium
110347,Isabela Benet Cabezas,2021-05-22,12,premium
114560,Ainoa del Menéndez,2023-06-06,12,premium
114137,León Navarro Cal,2022-02-18,12,premium
114955,Artemio del Gutiérrez,2020-07-08,12,premium
108693,Celso Uribe,2023-11-01,12,premium
102590,Anabel Carballo Busquets,2022-09-08,12,premium
104098,Fabio Sancho-Mesa,2020-10-19,12,premium
104388,Marisela López Valbuena,2024-02-06,12,premium
108583,Amor del Saura,2024-06-17,12,premium
105023,Amaya de Carmona,2021-07-10,12,premium
109421,Clímaco Perelló Atienza,2023-03-01,12,premium
114262,Elías Burgos Padilla,2023-06-28,12,premium
103195,Roberto Ortega Montoya,2020-09-23,12,premium
112933,Feliciana Solé,2023-04-28,12,premium
110077,Samu Pina,2023-03-27,12,premium
100451,Esperanza Nebot Contreras,2024-05-11,12,premium
108369,Santos Menendez-Terrón,2020-07-03,12,premium
100255,Adelia Calderon Rosales,2023-07-01,12,premium
104746,Juan de Pastor,2022-06-23,12,premium
102352,Miguel Ángel Gracia Ayala,2023-06-10,12,premium
108402,Vito Inocencio Mariscal Sandoval,2021-04-24,12,premium
113688,Ani Visitación Tovar Menendez,2023-02-15,12,premium
111534,Severino Mata Palomares,2024-08-02,12,premium
113462,Claudio Sevillano Escudero,2022-06-29,12,premium
109045,Priscila Blanch Valbuena,2022-01-31,12,premium
100408,Marino Mate Herrera,2020-11-30,12,premium
105271,Maxi Bartolomé Bermúdez,2020-08-30,12,premium
104985,Clemente Amo-Benavides,2021-03-01,12,premium
113836,Eliana Puig Gras,2020-05-24,12,premium
113836,Eliana Puig Gras,2020-05-24,12,premium
108289,Silvio Olmedo Calvet,2023-05-11,12,premium
110563,Vasco Agustín,2021-05-18,12,premium
108527,Silvia Real Fortuny,2024-05-31,12,premium
104329,Charo Vázquez Lozano,2023-08-29,12,premium
108399,Felicidad Salomé Tomé Villalonga,2024-06-05,12,premium
112691,Candelaria Gallo Torre,2020-05-12,12,premium
112691,Candelaria Gallo Torre,2020-05-12,12,premium
107199,Ariel Ramón Lluch Escalona,2022-11-11,12,premium
111806,Leonel Nuñez Cano,2020-03-01,12,premium
102678,María Manuela Isern Iglesias,2020-11-25,12,premium
103208,Abril Cornejo Gibert,2022-12-29,12,premium
111649,Lourdes Solana,2021-09-11,12,premium
114292,Iván Higueras Miralles,2021-12-14,12,premium
108726,Carmina Nevado,2023-03-09,12,premium
113635,Eulalia Palau,2021-01-06,12,premium
102609,Flora Andres-Lillo,2021-06-13,12,premium
107229,Maximino Alcalá Bou,2023-01-06,12,premium
112848,Miguel Ángel Quesada Colom,2022-04-25,12,premium
106934,Adora Jiménez Conesa,2024-01-19,12,premium
109727,Marcial del Oliver,2023-10-13,12,premium
112268,Juanito de Alemán,2020-07-05,12,premium
113564,Ángel Garrido Jover,2021-09-29,12,premium
111604,Armida Almansa Antúnez,2020-08-11,12,premium
108185,Cecilio Viana Salcedo,2022-02-11,12,premium
113219,María Codina Arribas,2022-10-09,12,premium
108761,María Teresa Mesa Armengol,2020-11-01,12,premium
109039,Macarena Leonor Abella Ferrera,2020-05-26,12,premium
109932,Concha Llabrés Pi,2023-12-08,12,premium
109446,Salud Carreño Carreras,2021-07-08,12,premium
106276,Gertrudis Bárcena,2020-03-13,12,premium
100901,Fidel Vallejo-Cid,2023-04-22,12,premium
108875,Adriana Mariscal-Gimenez,2020-03-10,12,premium
103276,Baudelio Prado Herranz,2024-02-11,12,premium
114674,Juana Macarena Álamo Patiño,2022-08-22,12,premium
112475,Encarnacion Ruiz,2021-11-07,12,premium
100869,Marcos Andres Arco,2022-05-23,12,premium
108878,Leonor Quevedo Fabra,2020-04-11,12,premium
107754,Etelvina de Bas,2024-02-22,12,premium
106062,Daniel Aznar Valdés,2024-07-27,12,premium
108651,Julián Fernandez Sedano,2020-11-07,12,premium
106804,Crescencia Hierro Rivero,2024-05-23,12,premium
112976,Angelita Elías Font,2023-03-25,12,premium
113067,Dimas Escamilla,2021-08-12,12,premium
111785,Heliodoro Gabriel Cerro Alcolea,2021-05-08,12,premium
111255,Anita Cámara Madrid,2020-05-19,12,premium
111255,Anita Cámara Madrid,2020-05-19,12,premium
102679,Ana Sofía Martínez-Montalbán,2022-06-23,12,premium
111397,Loreto Tirado Galan,2020-11-27,12,premium
110068,Baudelio Folch Solera,2021-07-23,12,premium
111144,Luciano Bermejo,2022-04-02,12,premium
103704,Melchor Ibáñez Escalona,2022-03-31,12,premium
101935,Nidia del Bastida,2023-12-21,12,premium
106051,Federico Cruz Prado,2022-07-29,12,premium
105240,Viviana Cerro,2022-11-30,12,premium
105988,María José Etelvina Cabrera Salmerón,2021-07-13,12,premium
111687,Valeria Torrecilla-Salom,2022-10-25,12,premium
109927,Alejandro Moisés Infante Gálvez,2023-06-21,12,premium
106000,Carina Heras Luna,2024-05-17,12,premium
108453,María Pilar Lorenzo-García,2021-10-25,12,premium
110421,Ildefonso Simó Matas,2020-03-24,12,premium
100397,Eva Baena,2024-06-08,12,premium
112592,Reyes Sevillano,2020-10-05,12,premium
112808,Guadalupe Milla Belmonte,2020-11-23,12,premium
109821,Encarnita Ramirez Chacón,2021-05-30,12,premium
105051,Teófilo Alberdi Carranza,2024-04-23,12,premium
109273,Petrona Gertrudis Fabra Rincón,2023-12-28,12,premium
105943,Félix Gutiérrez Murillo,2024-04-16,12,premium
100104,Chelo del Benito,2022-07-20,12,premium
111127,Goyo Rogelio Reina Rosell,2023-02-27,12,premium
114014,Jerónimo Salmerón Escribano,2022-11-11,12,premium
108803,Luís Tur Carpio,2020-10-17,12,premium
102920,Águeda Parra-Monreal,2022-12-03,12,premium
104148,Aroa Fuentes Bartolomé,2023-05-20,12,premium
104148,Aroa Fuentes Bartolomé,2023-05-20,12,premium
113780,Félix Escrivá Márquez,2023-10-06,12,premium
100622,Ariadna Valderrama,2022-05-17,12,premium
112696,Pepito Sevilla Osuna,2022-05-04,12,premium
113031,Darío Pascual Mulet,2023-09-16,12,premium
107218,Toribio Sanjuan Ballesteros,2020-05-14,12,premium
100922,Rafaela Pons Manso,2024-03-19,12,premium
108396,Juan Bautista Hernando Barral,2020-08-09,12,premium
103699,Seve Plana Oliva,2020-10-26,12,premium
105466,Tere Pi Lopez,2024-05-20,12,premium
107665,Flora Cervera,2020-08-07,12,premium
113764,Esmeralda Polo Salvador,2021-06-16,12,premium
114320,Rita Ayllón,2021-04-20,12,premium
114980,Belen del Cuéllar,2021-04-30,12,premium
108693,Celso Uribe,2023-11-01,12,premium
109887,Carmelita Corominas Pedrosa,2021-11-01,12,premium
109979,Esperanza Aznar Almazán,2021-03-10,12,premium
108396,Juan Bautista Hernando Barral,2020-08-09,12,premium
103480,Daniela Morales Iglesias,2022-09-21,11,premium
110318,Sergio Caparrós Elorza,2020-06-07,11,premium
106441,Emiliana Perera Salazar,2021-09-07,11,premium
100170,Lola de Gabaldón,2020-04-17,11,premium
113085,Jimena Ramos Vara,2024-08-21,11,premium
108577,Rosario Prada Barrios,2023-12-17,11,premium
107880,Anita Sofía Ibáñez Portillo,2023-07-18,11,premium
112400,Dorotea del Villena,2022-11-29,11,premium
114630,Armando José Mari Prieto Jerez,2023-12-19,11,premium
107677,Brunilda Salinas Jáuregui,2022-03-04,11,premium
101324,Glauco Lopez-Iriarte,2021-12-02,11,premium
110028,Jeremías Desiderio Pagès Cortes,2024-07-28,11,premium
110028,Jeremías Desiderio Pagès Cortes,2024-07-28,11,premium
100477,Marco Cadenas Piña,2023-05-03,11,premium
101023,Primitiva Pina Téllez,2024-02-10,11,premium
110200,Prudencia Hierro Vargas,2023-04-06,11,premium
100020,Manola Perez Rosales,2024-05-03,11,premium
109004,Chucho Renato Moya Barrio,2021-06-25,11,premium
107361,María Dolores Vallejo Mesa,2022-04-17,11,premium
114794,María Luisa Iglesias Escamilla,2024-07-12,11,premium
111314,Martín Cámara Nuñez,2020-09-30,11,premium
101749,Emilio Crespo Carbonell,2022-12-03,11,premium
109531,Susana Arribas Sanchez,2021-12-18,11,premium
101769,Pelayo del Falcó,2023-11-03,11,premium
101607,Angelita Lloret Fernández,2023-07-04,11,premium
102232,Domingo Velasco,2023-03-19,11,premium
102232,Domingo Velasco,2023-03-19,11,premium
111044,Juan Francisco Riera,2023-04-11,11,premium
104231,Violeta Angulo Pedrero,2022-05-09,11,premium
107336,Carlos Ortiz Paniagua,2021-06-06,11,premium
108827,Espiridión Jordán Álvarez,2023-01-08,11,premium
101088,Víctor Carreras Palomar,2024-02-10,11,premium
104448,Martina Lluch Torre,2022-04-04,11,premium
102460,Amalia María Jesús Morcillo Barbero,2024-04-26,11,premium
109566,Marianela de Bejarano,2022-02-24,11,premium
110920,Adelia Herrero Bárcena,2024-02-23,11,premium
104521,Gerónimo Polo Castillo,2021-08-03,11,premium
110804,Lucila Jessica Lloret Pavón,2023-05-14,11,premium
105437,Joel Alberola,2022-10-03,11,premium
100388,Cipriano Mora Román,2023-07-21,11,premium
109757,Ricardo del Aliaga,2022-09-06,11,premium
113343,Virgilio Navas,2022-11-11,11,premium
107587,Amarilis Gimenez Buendía,2021-12-16,11,premium
110052,Carmela Catalán Benito,2024-03-26,11,premium
108300,Juan Manuel Baquero Ramón,2020-10-15,11,premium
103155,Javi Mármol Téllez,2022-11-07,11,premium
109163,Esteban Morcillo Valentín,2020-12-01,11,premium
106461,Onofre Rey Marti,2024-02-07,11,premium
106461,Onofre Rey Marti,2024-02-07,11,premium
103373,Jose Miguel Tejero Vila,2020-08-31,11,premium
104258,Gilberto Tovar,2024-06-10,11,premium
113136,Marcial Navas Gomis,2021-10-14,11,premium
110947,Íñigo Contreras Galan,2023-02-21,11,premium
105770,Amalia Diego Carreras,2020-10-01,11,premium
105770,Amalia Diego Carreras,2020-10-01,11,premium
105262,Teodoro Agustín Ayllón,2022-08-05,11,premium
112575,Rafaela Alcántara-Palau,2020-07-13,11,premium
109731,Diana Vallejo Carpio,2023-01-14,11,premium
103820,Edgardo Llabrés Bauzà,2022-01-14,11,premium
107140,Espiridión Buendía Llabrés,2020-05-10,11,premium
106559,Tatiana Lucena-Escamilla,2024-01-26,11,premium
113545,Susana Bárbara Real Carreras,2023-04-28,11,premium
113545,Susana Bárbara Real Carreras,2023-04-28,11,premium
109871,Ariel Madrid Baquero,2024-06-21,11,premium
111528,Candela Heredia Rivera,2024-02-29,11,premium
112898,Juan Luis Caparrós Escribano,2021-05-26,11,premium
113081,Manuela Elba Moll Ayllón,2020-10-05,11,premium
109442,Clara de Casas,2022-12-11,11,premium
111091,Blanca Lladó-Valenciano,2024-04-15,11,premium
106979,Clímaco Timoteo Chico Olivares,2023-01-21,11,premium
103209,Jose Ramón Barreda Carro,2023-03-06,11,premium
109673,Andrés Felipe Cuéllar,2022-05-13,11,premium
106058,Juan Manuel Osuna Sedano,2022-04-27,11,premium
106833,Vasco Gilabert Iglesias,2022-12-07,11,premium
111668,José Segovia Bernat,2024-05-07,11,premium
102519,Úrsula Cid Pou,2022-04-18,11,premium
105246,Marcela Evelia Carvajal Dominguez,2022-03-13,11,premium
110465,Máximo Alejo Feijoo Peinado,2024-08-08,11,premium
106188,Cintia Piedad Aguirre Gárate,2024-05-14,11,premium
106333,Sergio Escrivá Milla,2022-12-14,11,premium
102547,Cebrián del Olivera,2022-06-29,11,premium
111558,Reyna del Campoy,2022-04-27,11,premium
105100,Zaira Saturnina Fortuny Cáceres,2022-09-28,11,premium
109665,Haydée Bernad,2020-05-04,11,premium
109665,Haydée Bernad,2020-05-04,11,premium
105849,Mercedes Olmedo Ferrer,2023-01-08,11,premium
108840,Patricia Plaza,2021-09-15,11,premium
106044,Leocadio del Carreño,2023-04-09,11,premium
106044,Leocadio del Carreño,2023-04-09,11,premium
102955,Bernardo del Sans,2020-06-10,11,premium
106606,Ariel Doménech,2022-06-15,11,premium
106007,Toni Alemán Chamorro,2024-06-25,11,premium
102316,Cloe Díaz-Vázquez,2024-06-07,11,premium
103590,Osvaldo Ferrera Anaya,2021-12-06,11,premium
107944,Dulce Taboada Mas,2021-09-09,11,premium
107944,Dulce Taboada Mas,2021-09-09,11,premium
114068,Ernesto Lalo Hierro Valenzuela,2020-10-18,11,premium
103289,Yago Canet,2023-05-08,11,premium
112293,Jose Francisco Tejedor Frías,2020-06-11,11,premium
108422,Evaristo Romeu Losada,2024-01-11,11,premium
112451,Víctor Uriarte Conde,2022-09-05,11,premium
114364,Azahar Villa Almazán,2021-06-19,11,premium
102877,África Lopez Albero,2024-07-03,11,premium
100904,Francisco Jose del Alemany,2022-10-25,11,premium
104963,Apolinar Alarcón,2021-09-18,11,premium
106923,Isabel Marianela Calvet Nuñez,2023-08-28,11,premium
104375,América Ramos-Escribano,2023-01-25,11,premium
115147,Jose Miguel Ramos-Pinilla,2020-07-04,11,premium
115147,Jose Miguel Ramos-Pinilla,2020-07-04,11,premium
112098,Óscar Valentín,2022-04-24,11,premium
112753,Patricia Castejón Naranjo,2022-10-21,11,premium
101122,Juan José Guitart Batalla,2020-06-26,11,premium
102821,Damián de Arnaiz,2024-03-21,11,premium
102821,Damián de Arnaiz,2024-03-21,11,premium
101007,Cecilia Corona Díez Villalonga,2020-09-19,11,premium
106943,Carlota del Ugarte,2023-09-03,11,premium
110912,Roberta Coloma Ortega,2024-05-27,11,premium
100047,Amalia Quero,2022-01-23,11,premium
109056,Febe del Miralles,2022-11-07,11,premium
109954,Felipa Luís Uría,2020-07-23,11,premium
106483,José Mari Céspedes,2023-10-11,11,premium
106394,Paula Rosselló-Casals,2022-12-17,11,premium
106394,Paula Rosselló-Casals,2022-12-17,11,premium
114286,Beatriz Peña,2024-02-21,11,premium
114286,Beatriz Peña,2024-02-21,11,premium
103711,Tere Farré Bueno,2024-06-29,11,premium
108710,Imelda Durán Guardia,2023-12-19,11,premium
101741,Olimpia de Lillo,2022-05-03,11,premium
111692,Rodolfo Iván Grau Vilar,2022-08-13,11,premium
111639,Nacho Murillo Arrieta,2023-09-07,11,premium
100928,Gastón Casares Gibert,2023-09-19,11,premium
104102,Emperatriz Noriega-Falcó,2022-11-21,11,premium
103387,Candelaria Alcaraz Soto,2023-08-18,11,premium
112690,Ema Escalona Manrique,2022-09-04,11,premium
104216,Esmeralda de Pou,2024-06-28,11,premium
103596,Miguel Ángel Gascón,2021-01-02,11,premium
104163,Fernando Montaña Azorin,2020-08-16,11,premium
105152,Celestina Aragonés Ricart,2021-09-12,11,premium
103560,Luis Ángel Gilabert Frutos,2023-11-18,11,premium
104843,Luisina de Delgado,2021-10-13,11,premium
106250,Gustavo Vallejo-Vélez,2020-06-20,11,premium
107302,Amanda Mascaró Herrera,2020-10-29,11,premium
103046,Adora Becerra Tomé,2022-10-13,11,premium
109225,Roque Casas Gomis,2021-12-18,11,premium
106587,Maura Patiño Dalmau,2022-05-05,11,premium
114294,Agapito Cruz Calatayud,2020-12-08,11,premium
106992,Victor Tomé Hurtado,2021-08-11,11,premium
112693,Ciríaco Gómez Vergara,2022-12-11,11,premium
100080,Nacho Aller Asensio,2020-07-28,11,premium
100411,Beatriz Iris Coll Almeida,2023-11-25,11,premium
109568,Olimpia Riba,2020-03-15,11,premium
113762,Salomé de Pellicer,2023-04-11,11,premium
112354,Flavia Gaya Doménech,2023-10-20,11,premium
111523,Rosalva Leon,2021-05-17,11,premium
109903,Dalila Hernández Arnal,2021-11-12,11,premium
109977,Ariadna Estrada Gaya,2023-10-10,11,premium
105480,Cipriano Nogués Valderrama,2022-06-20,11,premium
109621,Modesto Cruz Ramos,2024-06-28,11,premium
100174,Ana Sofía Niño Galindo,2021-07-08,11,premium
111410,Borja Anaya Vizcaíno,2021-12-06,11,premium
113738,Liliana Hierro Aller,2024-04-07,11,premium
112490,Pepito Solé Castrillo,2023-03-20,11,premium
114579,Jose Carlos Campoy Verdugo,2021-02-09,11,premium
109538,Rafaela Gelabert Bonilla,2024-02-18,11,premium
103920,Calixto Garcia Vallejo,2021-05-17,11,premium
114664,Maxi Cid Pallarès,2020-10-09,11,premium
114981,Isaías Almazán Cantón,2022-08-21,11,premium
110908,Concha Portero,2021-06-07,11,premium
110908,Concha Portero,2021-06-07,11,premium
100285,Isidora Cayetana Herrero Cervantes,2024-04-04,11,premium
100395,Paulino Javi Correa Vargas,2024-07-14,11,premium
105884,Purificación Ribera Briones,2024-02-02,11,premium
112093,Francisca Torrent Quintero,2021-11-21,11,premium
112253,Cristian Francisco Sanmartín,2023-01-22,11,premium
108038,Yago Requena Ramis,2021-06-30,11,premium
101476,Lorena Grau Sans,2021-05-13,11,premium
101434,Gilberto Castro,2022-01-18,11,premium
105221,Susana Torrents-Abella,2021-10-25,11,premium
109552,Isidora Castillo Gil,2024-08-28,11,premium
105633,Lino Carnero Tenorio,2022-01-20,11,premium
103679,Ildefonso Galan Mas,2022-11-10,11,premium
103679,Ildefonso Galan Mas,2022-11-10,11,premium
101531,Clarisa Olmo Huguet,2021-12-18,11,premium
110872,Josep Escalona Aramburu,2023-01-21,11,premium
106522,Flora Soriano Carvajal,2020-11-18,11,premium
111853,Julia Garay Macías,2020-04-28,11,premium
100064,Jacinto Arribas Lago,2023-05-30,11,premium
109426,Luciana Pinedo Olivares,2022-08-08,11,premium
102255,Elba Barberá Pazos,2021-05-13,11,premium
105981,Pablo del Pardo,2021-11-19,11,premium
104615,Cornelio Pedrosa Roldán,2022-09-25,11,premium
106537,Victoriano Anaya Egea,2020-03-01,11,premium
114128,Florentina Lumbreras-Pinto,2024-03-17,11,premium
107835,América Aragón-Dávila,2022-11-28,11,premium
109748,Lorenzo de Prado,2022-09-06,11,premium
107306,Selena Cerdán,2020-10-05,11,premium
108084,Fabricio Wilfredo Casanova Armengol,2022-10-01,11,premium
105372,Corona Jaume-Beltrán,2022-04-12,11,premium
106931,Jordana Báez,2022-02-19,11,premium
102042,Ruth Figueroa Hernández,2021-08-25,11,premium
102042,Ruth Figueroa Hernández,2021-08-25,11,premium
103252,Adelardo Perera-Toro,2023-02-17,11,premium
111659,Rolando Benitez Barroso,2022-06-28,11,premium
111659,Rolando Benitez Barroso,2022-06-28,11,premium
100587,Manu Anaya Velasco,2020-04-01,11,premium
113902,Hugo Riquelme-Redondo,2022-12-19,11,premium
109215,Federico Piñol Coca,2024-02-28,11,premium
108224,Manolo Soler,2021-01-28,11,premium
107950,Haydée de Piñol,2021-03-13,11,premium
110778,Narciso Posada Grande,2020-04-01,11,premium
102123,Claudio Carretero-Aroca,2023-02-06,11,premium
113369,Jose Manuel Sotelo Cañas,2022-07-10,11,premium
109143,Haydée Hurtado Carrera,2024-01-08,11,premium
104266,Vanesa Feliu Parejo,2021-06-25,11,premium
106443,Maxi Madrid,2024-01-29,11,premium
100606,Timoteo Ruano Lopez,2021-06-07,11,premium
111520,Agustina Ferrández Tenorio,2024-08-24,11,premium
113559,Cesar Rodrigo Juliá Estevez,2023-03-25,11,premium
111995,Poncio Amigó Meléndez,2024-07-09,11,premium
100638,Manolo Huguet Bilbao,2021-01-27,11,premium
110160,Ceferino Muro Cabrero,2023-05-23,11,premium
112850,Pascuala Torres Menéndez,2022-03-19,11,premium
110942,Carmen Valls Artigas,2022-04-14,11,premium
109280,Mamen Vilanova Sánchez,2020-04-16,11,premium
109630,Viviana Urrutia Mariño,2023-12-16,11,premium
103843,Evelia Alcántara Machado,2021-03-27,11,premium
105585,Joan del Pallarès,2021-02-14,11,premium
105835,Gregorio Seve Gomez Vicens,2021-01-24,11,premium
114287,Rosaura Borrego Castelló,2022-02-10,11,premium
104049,Segismundo Abascal Vizcaíno,2024-07-09,11,premium
106730,Vito Cobos Puente,2021-03-14,11,premium
105999,Aitor Capdevila Robledo,2024-03-14,11,premium
106505,Ambrosio Omar Guzman Cervantes,2021-02-21,11,premium
105814,Dorita Acosta-Lumbreras,2022-09-18,11,premium
109664,Mirta Abella Paredes,2023-09-23,11,premium
107518,Leonor del Sarabia,2022-05-28,11,premium
111493,Ascensión Sala Toledo,2022-02-02,11,premium
114709,Vilma Encarnita Briones Calderón,2020-03-22,11,premium
107316,Rolando Iglesia Patiño,2024-05-09,11,premium
111113,Santos Amorós Bermudez,2020-11-23,11,premium
109337,Dorotea León Lucas,2022-05-26,11,premium
103821,Angelina Buendía-Dueñas,2023-09-23,11,premium
100867,Faustino Escudero Carvajal,2022-11-07,11,premium
101148,Ximena Benet-Montserrat,2022-04-04,11,premium
106435,Paco del Carballo,2021-01-30,11,premium
104025,Petrona del Corral,2021-12-28,11,premium
103722,Almudena Pedro Soto,2022-11-19,11,premium
104111,Judith Bosch,2024-05-16,11,premium
115067,Paula Coloma Manzanares,2024-06-05,11,premium
102110,Ani Bou-Mascaró,2022-03-23,11,premium
103510,Leonardo Plana,2020-09-29,11,premium
112206,Juan Francisco Herrera Acedo,2023-03-22,11,premium
112564,América Baró Montenegro,2021-04-02,11,premium
115126,Loreto del Cobo,2020-10-31,11,premium
102639,Santos Carnero Pardo,2020-11-20,11,premium
111356,Américo Moles Rebollo,2023-06-24,11,premium
114177,Estefanía Giralt Pelayo,2020-09-12,11,premium
104316,Alejandro Peral Alberdi,2021-07-15,11,premium
106235,Jacinta Real Valbuena,2023-03-27,11,premium
108949,Xiomara Marquez,2023-02-22,11,premium
109613,Adelaida Blanco Valdés,2022-06-15,11,premium
111342,Leonor del Gracia,2022-11-14,11,premium
107349,Jimena Angelina Iriarte Rivera,2023-06-25,11,premium
101615,Domitila Saez Puga,2023-11-16,11,premium
106066,Angelino Cortina Tejedor,2024-05-29,11,premium
106066,Angelino Cortina Tejedor,2024-05-29,11,premium
100818,Inmaculada Estrada-Sobrino,2023-06-13,11,premium
110719,Zaira Lledó-Valverde,2021-09-11,11,premium
114124,Domitila Amor Baquero,2023-11-04,11,premium
113433,Isaías Zurita-Soler,2023-10-19,11,premium
105641,Nicolás de Alcalá,2021-11-19,11,premium
108376,Paula Rosario Naranjo Melero,2023-02-03,11,premium
115119,Miguel Ángel Campillo Guardiola,2020-11-28,11,premium
111901,Damián Contreras Galan,2023-08-19,11,premium
101622,Damián Espejo,2023-09-30,11,premium
114155,Gonzalo Ugarte Salcedo,2024-05-18,11,premium
105548,Guadalupe Bellido-Narváez,2020-12-21,11,premium
107774,Aníbal Pinilla Hidalgo,2022-10-27,11,premium
113877,Maite Anabel Sandoval Oller,2024-07-21,11,premium
114442,Lázaro Durán Aller,2021-08-29,11,premium
109090,Baltasar Losa Frutos,2023-04-23,11,premium
114216,Mar Arce Baquero,2023-10-19,11,premium
105668,Sonia Nuñez Palomo,2021-11-20,11,premium
110334,Carolina Marqués-Gabaldón,2020-10-27,11,premium
101207,Soraya Mas Tejada,2023-09-22,11,premium
115096,Fermín Manzano Pacheco,2023-11-09,11,premium
105965,Raimundo Alfonso Sainz Almazán,2022-11-14,11,premium
103947,Ángela Paredes Bru,2022-07-03,11,premium
111573,Micaela Cervantes-Vizcaíno,2022-07-06,11,premium
108441,Narciso Aguilar Simó,2020-11-01,11,premium
101184,Felicia Giner,2021-10-30,11,premium
114891,Nicolasa Sosa-Llano,2023-08-02,11,premium
107885,Américo Morante Ángel,2022-01-10,11,premium
106211,Dalila Ricart-Palomares,2020-06-11,11,premium
103435,Amanda Alcántara Torrents,2022-12-20,11,premium
113663,Adolfo Lastra Julián,2022-06-24,11,premium
102572,Jordana Checa Buendía,2021-09-02,11,premium
104960,Laura del Mascaró,2024-04-17,11,premium
104960,Laura del Mascaró,2024-04-17,11,premium
100559,Teobaldo Montoya Goñi,2020-10-22,11,premium
102457,Palmira Nicolau Cervantes,2023-08-24,11,premium
103835,Macaria Contreras Amor,2023-08-14,11,premium
103708,Ale Bonet Dueñas,2024-01-19,11,premium
115115,Lupita Perla Guardiola Sanmiguel,2021-09-24,11,premium
108330,Augusto Aliaga Escrivá,2020-11-07,11,premium
108330,Augusto Aliaga Escrivá,2020-11-07,11,premium
104217,Asunción Villegas Márquez,2022-10-14,11,premium
103060,Anabel Sanjuan Berenguer,2023-05-18,11,premium
107035,Lisandro de Frías,2022-07-18,11,premium
111367,Dan Asensio Vera,2020-09-10,11,premium
101356,Nereida Múgica Grau,2024-03-10,11,premium
115119,Miguel Ángel Campillo Guardiola,2020-11-28,11,premium
108710,Imelda Durán Guardia,2023-12-19,11,premium
110942,Carmen Valls Artigas,2022-04-14,11,premium
108300,Juan Manuel Baquero Ramón,2020-10-15,11,premium
115067,Paula Coloma Manzanares,2024-06-05,11,premium
105333,Paula Roldan Cantero,2023-07-17,10,premium
106215,Rosalinda Ruano Lluch,2020-11-27,10,premium
107641,Áurea Rosell-Barrera,2023-07-04,10,premium
111982,Natalia Lladó Seguí,2020-07-19,10,premium
109699,Encarnación Seco Pelayo,2021-06-25,10,premium
106743,Gema Carranza Ángel,2023-05-05,10,premium
110873,Alonso Poza Morales,2023-07-09,10,premium
104515,Rufino Losa Pulido,2023-04-02,10,premium
101684,Manola Mateu Zaragoza,2023-06-18,10,premium
104130,Adelaida Larrañaga Ramis,2024-06-02,10,premium
103734,Tomás Aguirre Galván,2023-01-28,10,premium
100938,Celestino Estrada Bermejo,2021-08-16,10,premium
107031,Mónica Guijarro,2023-10-12,10,premium
101767,Agustina Blazquez Salvador,2024-02-23,10,premium
114802,Inocencio Barroso,2023-11-10,10,premium
109028,Estrella Campillo Mendoza,2023-07-25,10,premium
102555,Ulises Gabino Mata Saez,2023-01-17,10,premium
108177,María Manuela Prado Millán,2022-03-21,10,premium
110280,Ariadna Soria Jáuregui,2020-08-03,10,premium
107782,Nicolás Carnero,2022-12-21,10,premium
102860,Pía Salgado,2021-08-24,10,premium
112523,Fortunato Tomás Montserrat,2023-05-29,10,premium
103669,Ariel Almazán Nicolau,2022-08-15,10,premium
113223,Isaías Valera Bernal,2023-11-21,10,premium
106792,Susana Menendez Palomar,2023-11-12,10,premium
105505,Eli de Frutos,2023-12-01,10,premium
113938,Javi Sosa Vall,2020-12-13,10,premium
114828,Vilma Mendoza Vall,2021-04-05,10,premium
109546,Filomena Rey Pedrero,2023-02-28,10,premium
108642,Ismael Recio Morillo,2020-06-27,10,premium
107638,Evaristo Salinas Criado,2023-04-02,10,premium
107638,Evaristo Salinas Criado,2023-04-02,10,premium
104169,Carlos Villalonga-Amor,2024-03-12,10,premium
107664,Nico Pedrosa Ferrández,2022-04-05,10,premium
110311,Socorro Amorós Mena,2024-06-14,10,premium
110190,Aníbal Miguel Paredes Catalá,2024-04-08,10,premium
106246,Cornelio Bravo Borrell,2023-08-12,10,premium
108077,Petrona Martinez-Morante,2021-12-09,10,premium
105401,Anabel Garriga-Vigil,2020-11-23,10,premium
101373,Melchor Oliver-Pedrosa,2022-02-05,10,premium
101035,Juan Francisco Tejera Girón,2021-03-30,10,premium
107260,Arsenio Modesto Nuñez Tolosa,2021-03-30,10,premium
100380,Alejandra Alcántara Amo,2022-03-21,10,premium
114170,Adelia Cabanillas,2021-06-19,10,premium
113835,Efraín del Peralta,2020-03-09,10,premium
110312,Basilio Seguí-Milla,2023-06-23,10,premium
107345,Albano Poza Izaguirre,2023-11-02,10,premium
110505,Filomena Tomás Serra,2022-01-18,10,premium
102674,Noa Llanos Alemany,2021-09-15,10,premium
110882,Fortunata Rosado Fabregat,2023-08-18,10,premium
111257,Casemiro Vargas Borrell,2023-04-20,10,premium
113477,Hernando Guerra Luna,2023-10-13,10,premium
108508,Nicanor Carrillo Salmerón,2021-03-11,10,premium
108910,Felipe Pablo Castellanos Pont,2021-11-12,10,premium
100177,Georgina Monreal-Piñeiro,2023-11-02,10,premium
115006,Socorro de Pomares,2021-12-28,10,premium
102268,Maite Salazar Dávila,2020-06-20,10,premium
115146,Sol Blanco Tena,2020-08-18,10,premium
109355,Fermín Ramis Rius,2023-11-10,10,premium
101214,David Palau Fonseca,2023-01-04,10,premium
109394,Emigdio Tomé-Esteve,2022-01-08,10,premium
109516,Judith del Falcó,2020-09-23,10,premium
104246,Brígida Santamaria Almagro,2020-08-15,10,premium
112488,Samanta Cadenas Rodriguez,2022-09-26,10,premium
106196,Octavia de Corral,2021-04-26,10,premium
100709,Cipriano Salvador Ródenas,2024-05-26,10,premium
102406,Juan Bautista Jover,2021-09-21,10,premium
111312,Pancho del Uría,2021-11-08,10,premium
115163,Remigio Toro Bosch,2024-01-25,10,premium
109298,Felicidad Gargallo Carreño,2023-08-17,10,premium
112464,Angelino Alegria Oliveras,2020-08-03,10,premium
101036,Conrado Pérez Saldaña,2022-02-03,10,premium
110515,Quique Carvajal Jover,2023-04-07,10,premium
112195,Arcelia de Cañizares,2024-06-21,10,premium
114727,Jose Manuel Salamanca Bayo,2021-06-13,10,premium
103992,Florentina del Pizarro,2023-11-20,10,premium
111279,Evaristo Pazos Román,2023-01-01,10,premium
101985,Anselmo Garrido Sanchez,2021-10-27,10,premium
106686,Anna Águila Olivares,2020-10-22,10,premium
106225,Leopoldo Rosado Heras,2020-03-10,10,premium
110060,Cruz Ramírez Roca,2022-09-26,10,premium
100488,Jenaro Tur Hierro,2020-12-27,10,premium
108846,Ricarda Cazorla-Calderón,2021-12-23,10,premium
108846,Ricarda Cazorla-Calderón,2021-12-23,10,premium
115210,Poncio Rivera-Aguilera,2020-09-09,10,premium
110826,Ana Manuela Abellán Grande,2021-04-27,10,premium
104964,Leandro Ayala Carlos,2020-09-22,10,premium
106875,Valeria Cerdá Castro,2023-07-11,10,premium
101327,Pancho Maza Valdés,2023-02-20,10,premium
102459,Enrique Aguilera Asenjo,2020-03-30,10,premium
107282,Amelia Ferrera Medina,2021-10-01,10,premium
109854,Bienvenida Morán Espada,2023-11-19,10,premium
100736,Julia Corbacho Águila,2021-05-02,10,premium
101200,Rico de Cal,2024-02-08,10,premium
108098,Vidal Saez Merino,2024-07-14,10,premium
102190,Marisela Bernad Olmo,2020-08-04,10,premium
103648,Modesto Baró-Tovar,2023-03-09,10,premium
106210,José Mari Manrique Talavera,2022-05-05,10,premium
113534,Eric Montaña,2024-07-22,10,premium
111080,Gabriela Rius Feijoo,2020-08-21,10,premium
109788,Esperanza Llorente Gabaldón,2023-05-04,10,premium
103801,Ignacia Isa Martinez Boix,2020-05-30,10,premium
109130,Lucio Baena Arnau,2020-06-02,10,premium
102936,Sandalio Casares-Dominguez,2022-08-20,10,premium
113958,Inés Patiño Hervia,2024-05-14,10,premium
112369,Melania Luque Morera,2023-09-26,10,premium
105332,Tristán de Canet,2021-08-15,10,premium
105557,Esmeralda de Román,2020-06-27,10,premium
108900,Aroa de Montoya,2021-11-24,10,premium
101164,Zaira Vendrell Belda,2023-08-28,10,premium
100926,Adriana Estevez,2022-10-10,10,premium
100260,Camila Manzano Sala,2021-03-02,10,premium
107682,Máxima Cózar Santamaría,2023-01-03,10,premium
103317,Néstor Iglesia Oliva,2023-09-22,10,premium
114648,Felipa Barba Expósito,2021-02-20,10,premium
103888,Concha Román Fonseca,2021-08-24,10,premium
102479,Sabina Méndez Palomino,2022-04-29,10,premium
107586,Jose Antonio Cepeda Aguiló,2024-05-08,10,premium
101374,Bernardino Sevilla Giménez,2024-02-28,10,premium
104462,Martina Prieto,2024-05-06,10,premium
110199,Manola Gomis,2023-02-13,10,premium
104065,Soledad Torrents-Jurado,2020-05-07,10,premium
104314,Fidel Otero Leal,2024-06-09,10,premium
115245,Febe Tatiana Fortuny Montserrat,2020-10-31,10,premium
111385,Cándida Vilalta Huerta,2022-07-20,10,premium
111980,Eduardo Peralta Aguirre,2022-12-24,10,premium
101303,Eric Marin-Boix,2021-08-11,10,premium
109645,Ascensión Agustín Pallarès,2022-02-01,10,premium
108676,Jacobo Camino Nuñez,2024-08-10,10,premium
100189,Isa Quintero Becerra,2024-07-19,10,premium
100806,Héctor del Bonet,2022-01-30,10,premium
100609,Priscila Alondra Bautista Pi,2021-07-17,10,premium
109928,Isabel Villena,2022-10-22,10,premium
100328,Norberto Coloma Peñas,2023-03-31,10,premium
102792,Buenaventura Cabrera Gámez,2023-05-13,10,premium
102803,Clarisa de Fábregas,2020-12-29,10,premium
109427,Hernán Marín-Higueras,2020-10-22,10,premium
104443,Carmela de Peinado,2021-03-25,10,premium
113154,Olivia Lumbreras Baeza,2023-08-12,10,premium
104512,Leire de Nicolás,2020-03-28,10,premium
108355,Maricela Palomino Velasco,2022-11-26,10,premium
105484,Rosenda Vargas Vilanova,2023-11-29,10,premium
102806,Anastasio Daniel Carvajal Serna,2024-08-13,10,premium
104387,Isaura Porcel Sola,2023-07-20,10,premium
104387,Isaura Porcel Sola,2023-07-20,10,premium
104790,Domitila Belmonte Galván,2020-07-19,10,premium
109747,Gabriel Juan Rebollo,2021-08-12,10,premium
102450,Jordana Martin-Collado,2022-10-17,10,premium
100354,Cristian Prats-Cortés,2022-01-15,10,premium
109976,Berto Gárate,2022-06-29,10,premium
100015,Sebastian Atienza Agudo,2024-08-14,10,premium
101958,Nereida Franco Calleja,2023-12-07,10,premium
102496,Roque Mir-Rosado,2023-10-20,10,premium
107932,Agustina Escolano Cervantes,2022-06-10,10,premium
102100,Tomasa Burgos-Donaire,2022-11-23,10,premium
104672,Beatriz Quintero-Gárate,2023-10-15,10,premium
114392,Pablo Godofredo Tudela Vicente,2023-01-07,10,premium
103059,Danilo Murcia Segarra,2024-07-10,10,premium
105847,Adelaida Maristela Amorós Peinado,2021-04-05,10,premium
110793,Gaspar José Manuel Garrido Alemany,2023-08-15,10,premium
109870,Venceslás Uriarte Luís,2024-07-03,10,premium
115018,Isa Maura Blanca Meléndez,2022-08-23,10,premium
113393,Cirino Rozas-Sainz,2023-05-13,10,premium
110376,Fabricio Morata Atienza,2023-11-03,10,premium
109649,Flora Nerea Bernat Miguel,2024-01-10,10,premium
113458,Hernando Nebot,2022-07-12,10,premium
102901,Máximo del Gutiérrez,2023-12-22,10,premium
111933,Flavio Tejada Anglada,2024-08-03,10,premium
103890,Vicente Lozano Manrique,2022-09-11,10,premium
103890,Vicente Lozano Manrique,2022-09-11,10,premium
115038,Mercedes Benavente Malo,2022-11-08,10,premium
111990,Felipa Valle Solsona,2020-08-27,10,premium
113966,Andrés Felipe Lago Juan,2023-01-26,10,premium
109499,Ana Sofía Leire Saura Carrión,2020-07-23,10,premium
113535,Flora Susana Armas Benítez,2023-01-21,10,premium
103298,Raquel Ocaña Rosell,2022-04-25,10,premium
107269,Alba Cabeza Silva,2023-05-04,10,premium
100182,Raimundo Cantón Díaz,2022-07-04,10,premium
113630,Jorge Gordillo Vigil,2024-03-25,10,premium
105175,Isaac Borja Peláez Royo,2024-03-19,10,premium
103356,Aitor Salvà Bas,2024-06-23,10,premium
109319,Pacífica Egea,2020-04-19,10,premium
106504,América Ochoa Martín,2021-05-03,10,premium
108853,María Carmen Pinedo Perea,2022-03-06,10,premium
111932,Susanita Iñiguez Echevarría,2022-02-27,10,premium
111932,Susanita Iñiguez Echevarría,2022-02-27,10,premium
104895,Ceferino de Martí,2023-08-05,10,premium
102349,Curro Bernal Alba,2021-11-06,10,premium
101715,Fernanda Llobet,2022-04-18,10,premium
111216,Serafina Peral Pascual,2021-02-01,10,premium
101990,Adela Alemán Gomis,2022-06-11,10,premium
110506,Lorena Lago Peña,2022-05-19,10,premium
106068,Eugenio Puig Guardia,2022-11-18,10,premium
106849,Duilio Amo Teruel,2022-10-14,10,premium
101248,Visitación Laguna Nieto,2024-01-01,10,premium
112749,María Elorza Osuna,2023-03-07,10,premium
104105,Severo Almansa Bou,2022-10-18,10,premium
110262,Jorge Salmerón Requena,2020-09-30,10,premium
110018,Leoncio Leal Mur,2020-04-12,10,premium
109710,Belen Melisa Santamaria Santamaría,2021-07-30,10,premium
103468,José Mari del Borrego,2024-03-16,10,premium
113858,Martín Batalla Lerma,2020-07-10,10,premium
100458,Ester Bermudez,2022-10-25,10,premium
114568,Juanita Briones,2022-06-26,10,premium
107663,Sebastián Arjona Martin,2021-03-13,10,premium
112382,Adalberto José Ángel Palacios Reina,2024-01-10,10,premium
100796,Antonio de Paz,2021-11-19,10,premium
105771,Eusebia Clementina Blanes Valencia,2023-08-11,10,premium
100634,Bonifacio Báez Viñas,2022-11-05,10,premium
102026,Isidro Pinedo Ramis,2023-01-30,10,premium
112661,Severino Méndez Rosado,2024-03-09,10,premium
105077,Matilde Rojas Garcés,2021-05-31,10,premium
107418,Elisabet Expósito Ferrer,2024-05-23,10,premium
114146,Saturnino Anglada Aliaga,2023-04-22,10,premium
102944,Gema Perea Vives,2022-08-23,10,premium
111269,Ovidio Maldonado-España,2022-06-15,10,premium
101386,Jose Manuel Haro Manrique,2023-09-14,10,premium
107303,Jaime Calvo Pazos,2022-10-26,10,premium
101723,Amor Elías Llanos,2020-10-23,10,premium
100801,Rafael Echeverría-Roselló,2023-04-02,10,premium
109827,Benjamín Vidal Bartolomé,2021-11-07,10,premium
109202,Juan Manuel Pomares Fuentes,2021-01-29,10,premium
113139,María Carmen Jessica Lamas Quiroga,2022-05-13,10,premium
104464,Marina Verdejo Niño,2024-04-14,10,premium
100474,Sonia Patiño Cantón,2024-03-11,10,premium
112719,Luz Diego,2021-09-02,10,premium
107992,Maxi Carballo Tirado,2020-04-28,10,premium
101984,Urbano Prieto Borrás,2021-04-09,10,premium
102865,Martín Gaya Clavero,2020-11-27,10,premium
110789,Pepita Bilbao Morán,2020-10-25,10,premium
113749,Roque Verdú,2022-11-21,10,premium
105528,Haroldo Serra Cerdá,2024-02-24,10,premium
110549,Marisa Otero Carpio,2024-03-28,10,premium
105565,Irma Báez-Lloret,2023-12-01,10,premium
111298,Jovita Marita Roura Larrea,2024-05-28,10,premium
113648,Odalys Milla Asenjo,2022-03-04,10,premium
108654,Trinidad Gabaldón-Quirós,2021-12-14,10,premium
102500,Odalis Olivera Orozco,2022-01-29,10,premium
108806,Pelayo Cortés Piquer,2020-07-30,10,premium
111597,Carina Duran Maldonado,2024-04-25,10,premium
115026,Jacinta Millán,2020-05-24,10,premium
115026,Jacinta Millán,2020-05-24,10,premium
110149,Plinio Mas,2020-12-11,10,premium
101845,Rufina Febe Cabañas Neira,2022-01-26,10,premium
112100,Valerio del Mateu,2022-08-21,10,premium
101489,José María Casals Rocha,2020-07-06,10,premium
113429,Isaías Gordillo Reig,2020-08-21,10,premium
113429,Isaías Gordillo Reig,2020-08-21,10,premium
104392,Mirta Bautista Aragón,2022-07-09,10,premium
109737,Andrea Perales Leal,2022-04-21,10,premium
111508,Josefina Palau,2024-06-09,10,premium
100004,Damián de Tejera,2023-04-16,10,premium
114432,Lalo del Navarrete,2021-04-30,10,premium
106189,Jacinta Canet Pineda,2024-07-26,10,premium
107803,Dafne del Jover,2021-05-10,10,premium
111509,Socorro Yaiza Serna Ortiz,2023-07-29,10,premium
100389,Guadalupe Luque Garay,2022-02-21,10,premium
108941,Liliana Apolonia Saavedra Solís,2021-06-07,10,premium
112539,Victor Villalonga Rosselló,2021-12-05,10,premium
101369,Gracia Peñas,2024-07-04,10,premium
103486,Josep Borrás-Echeverría,2021-07-13,10,premium
100249,Benigna Felisa Báez Pedrero,2022-10-20,10,premium
108646,Dorotea Cerdá Berenguer,2022-07-26,10,premium
113236,María Manuela Lamas Uriarte,2021-01-13,10,premium
101517,Juliana Pedrosa Mate,2022-03-10,10,premium
100071,Silvio Jordán Botella,2023-02-20,10,premium
108105,Cristian Castilla Vilar,2024-06-28,10,premium
109572,Alex de Gonzalez,2022-03-19,10,premium
110103,José Manuel Blasco Almazán,2023-01-08,10,premium
110103,José Manuel Blasco Almazán,2023-01-08,10,premium
104439,Maite Estrada-Piquer,2020-10-21,10,premium
102013,Catalina Patiño-Vara,2023-02-06,10,premium
108952,Hugo Manzanares Antón,2022-06-10,10,premium
113356,Pepito Reig Gaya,2022-09-16,10,premium
111450,Loida Mercader Reina,2020-12-21,10,premium
105928,Trinidad Ariza,2021-03-13,10,premium
113422,Martina Baena Mas,2022-04-14,10,premium
108094,Candelario Cuervo-Gimenez,2022-02-21,10,premium
100114,Paulina Cervera Carrera,2023-02-03,10,premium
106022,Bartolomé Cerdá Gallardo,2022-11-04,10,premium
111374,Soledad Odalys Romeu Pont,2022-10-09,10,premium
112531,Miriam Canet,2022-01-13,10,premium
105730,Esteban Corral Lobato,2021-09-26,10,premium
109408,Eduardo Bermúdez Saavedra,2022-11-18,10,premium
102958,Ulises Edmundo Montoya Reina,2023-07-12,10,premium
100084,Basilio Cazorla Barral,2024-03-25,10,premium
111135,Pablo de Terrón,2021-03-11,10,premium
103685,Prudencio Eduardo Toro Arroyo,2020-06-28,10,premium
100248,Ramiro Bejarano Pizarro,2022-07-28,10,premium
106930,Goyo Elías Machado,2024-08-20,10,premium
106930,Goyo Elías Machado,2024-08-20,10,premium
113982,Ileana Viana Torrijos,2023-08-30,10,premium
110242,Maxi de Artigas,2023-02-14,10,premium
108770,Flavio Contreras,2023-12-14,10,premium
112342,Mauricio Benítez,2023-09-03,10,premium
109900,Anunciación Quintero Guzman,2022-05-05,10,premium
100275,Alondra Abella Sobrino,2023-10-08,10,premium
105815,Sebastian Moraleda Lorenzo,2022-05-25,10,premium
113681,Irma de Sabater,2021-11-06,10,premium
108497,Ramiro Ripoll Saldaña,2021-06-27,10,premium
110033,Heliodoro Ayala Villena,2024-03-23,10,premium
108792,Noelia Pinilla Carbajo,2020-08-25,10,premium
112743,Eloy de Portero,2020-03-11,10,premium
106963,Inés Benito Cámara,2023-07-03,10,premium
111008,Tecla Moreno Zapata,2021-11-12,10,premium
106166,Brunilda Barrena Barranco,2020-05-22,10,premium
106180,Bernardo del Saez,2020-04-11,10,premium
114743,Nuria Cervantes,2022-03-11,10,premium
105550,Javier Marco Samper,2020-12-21,10,premium
110715,Florina Salcedo Viñas,2024-04-29,10,premium
109407,Eli de Fábregas,2023-01-26,10,premium
106322,Samu del Garriga,2021-03-09,10,premium
103170,Vidal Roura Valbuena,2024-02-28,10,premium
102338,José Ángel Telmo Gallo Monreal,2023-11-15,10,premium
111031,Sancho Macias Briones,2023-08-26,10,premium
109302,Lupe Aguilar Segarra,2022-04-24,10,premium
101298,Juana Casares Corominas,2023-06-24,10,premium
112543,Antonio Lucio Cerdán Gilabert,2024-07-21,10,premium
115044,Angélica Ibañez Clavero,2023-08-14,10,premium
103017,Marisa Asunción Castell Buendía,2022-02-24,10,premium
113737,Manolo Valbuena Mendez,2021-04-13,10,premium
114904,Pancho Marín Rocamora,2021-02-18,10,premium
109501,Leocadia Ángel Vicente,2023-09-25,10,premium
102544,Eliseo Alba,2024-02-29,10,premium
106570,Maricela Santana Perera,2024-08-01,10,premium
107593,Tadeo Casas Ballester,2022-05-04,10,premium
101600,Hugo Galan Jordá,2024-06-03,10,premium
112172,José Manuel Gomila Tormo,2023-03-21,10,premium
106330,Toño Barón Otero,2023-10-02,10,premium
110158,Rosalva Molina Montalbán,2020-10-21,10,premium
110158,Rosalva Molina Montalbán,2020-10-21,10,premium
106373,Lucía Vicens Corral,2022-11-18,10,premium
104680,María Luisa de Cardona,2023-05-19,10,premium
103753,Nazario Ballester,2021-09-02,10,premium
109882,Mauricio del Armas,2021-10-10,10,premium
109087,Josefa Bernal Lozano,2021-06-06,10,premium
109087,Josefa Bernal Lozano,2021-06-06,10,premium
109555,Rosario Ponce Oliva,2021-03-10,10,premium
111956,Asdrubal Barón-Herranz,2020-07-26,10,premium
115206,Remedios de Lara,2020-10-10,10,premium
109967,Cosme Peralta Vigil,2024-06-06,10,premium
106619,Maxi Casal Amores,2022-02-24,10,premium
106132,Remedios Landa-Arranz,2020-10-11,10,premium
104992,Adelaida Ferrando Coello,2020-04-12,10,premium
110903,Andrea Arenas,2021-03-15,10,premium
110903,Andrea Arenas,2021-03-15,10,premium
108487,Beatriz Diéguez Pujol,2020-10-07,10,premium
112861,Juan Bautista Peralta Cal,2023-10-03,10,premium
113132,Evaristo Viña Tejedor,2020-08-15,10,premium
114726,Renata Palomares Bertrán,2021-12-10,10,premium
105986,Ernesto Elpidio Lara Aller,2023-11-13,10,premium
112901,Evelia Sol Neira Caro,2021-03-10,10,premium
112956,Azahar Rosselló,2021-06-09,10,premium
113038,Asunción Esteve,2024-04-24,10,premium
107404,María Belén de Garay,2024-06-29,10,premium
106178,Salud Porras Riera,2024-02-07,10,premium
107317,Sonia Larrañaga Estevez,2021-05-21,10,premium
103469,Rodrigo Morata Riba,2023-12-26,10,premium
104405,Isa Cáceres Torrens,2024-07-04,10,premium
103777,Patricio de Esteve,2024-05-17,10,premium
112080,José Manuel Maza Gracia,2022-03-28,10,premium
113198,Cristina Almeida Vallés,2021-09-16,10,premium
106724,Nadia Duque Casado,2021-07-06,10,premium
105497,Ofelia Boada Arrieta,2022-04-01,10,premium
101183,Tomás Hernandez Morales,2021-04-09,10,premium
107837,Ceferino Olmo Sola,2022-08-10,10,premium
110768,Joan Anaya Godoy,2020-03-28,10,premium
102332,Quique Mir Priego,2021-01-17,10,premium
103071,Alondra de Pintor,2020-11-29,10,premium
100579,Rogelio Lucas Lucena,2020-07-15,10,premium
109405,Yago Canet Ramirez,2022-10-23,10,premium
109825,Raquel Ochoa Hernando,2022-06-22,10,premium
111883,Mohamed del Roda,2022-01-29,10,premium
110497,Urbano Cortés Oller,2023-06-19,10,premium
102583,Sabina Gallardo,2020-04-12,10,premium
101154,Javier Carbonell Roura,2024-03-12,10,premium
101792,Javiera Guzman Redondo,2023-03-10,10,premium
114050,América Linares Pedro,2024-01-16,10,premium
104668,Mónica Ponce-Morell,2021-09-07,10,premium
112751,Visitación Cortina Cerdá,2023-10-04,10,premium
108193,Eutropio Mur Campo,2023-12-09,10,premium
105070,Amílcar Vázquez Barragán,2023-03-18,10,premium
100114,Paulina Cervera Carrera,2023-02-03,10,premium
102544,Eliseo Alba,2024-02-29,10,premium
103317,Néstor Iglesia Oliva,2023-09-22,10,premium
108077,Petrona Martinez-Morante,2021-12-09,10,premium
106963,Inés Benito Cámara,2023-07-03,10,premium
104895,Ceferino de Martí,2023-08-05,10,premium
110506,Lorena Lago Peña,2022-05-19,10,premium
100100,Jordi Crespi Gimeno,2023-07-11,9,premium
112676,Isidora Alfonso Castillo,2020-11-11,9,premium
114647,Jordi Sanabria-Pelayo,2021-08-15,9,premium
111643,Marcos Paz Cuéllar,2020-11-26,9,premium
107927,Belen Segarra,2023-09-09,9,premium
114209,Severo Carranza Ruiz,2021-06-16,9,premium
115136,Maximino Chaves Aguilar,2021-06-11,9,premium
107524,Jovita Planas,2022-05-02,9,premium
114027,Blas Glauco Guitart Osorio,2021-09-16,9,premium
102827,Che Alvarado-Cabello,2021-07-26,9,premium
112628,Marisa Cabo Duarte,2020-07-16,9,premium
101359,Sebastián Nebot,2024-07-19,9,premium
115214,Julieta Amaya Guardiola,2023-07-15,9,premium
100933,Edelmira Valbuena Berenguer,2022-06-05,9,premium
113626,Tiburcio Echeverría Mulet,2021-11-05,9,premium
108510,Odalys Vélez Díez,2021-11-29,9,premium
107489,Efraín Aguado-Gargallo,2020-07-11,9,premium
104297,Luis Ángel Amorós Sevillano,2020-05-19,9,premium
110218,Angelita Ledesma Pinedo,2021-01-23,9,premium
114986,Vicenta Ayllón Mayol,2020-11-05,9,premium
114663,Anacleto Aragón Gámez,2021-12-10,9,premium
111163,Leoncio Fajardo Saavedra,2023-10-10,9,premium
105126,Manu Ojeda Ballester,2021-06-25,9,premium
103482,Lucas Capdevila Ferrándiz,2022-10-14,9,premium
113598,Perla de Buendía,2020-05-03,9,premium
101347,Etelvina del Salgado,2022-08-06,9,premium
114793,Timoteo Isern Peiró,2023-12-09,9,premium
109489,Elba Canals Mayol,2020-03-18,9,premium
104780,Susana Julie Cobos Salvador,2024-06-10,9,premium
104192,Zoraida Cisneros,2024-03-09,9,premium
112314,Dolores Tena Juárez,2024-08-14,9,premium
104120,Casemiro Espejo Peiró,2024-01-19,9,premium
105207,Régulo Aragonés-Mariño,2022-03-14,9,premium
100543,Dionisio Ruano Peláez,2021-09-25,9,premium
108956,Felicidad Narváez-Isern,2021-12-16,9,premium
106464,Ana Sofía Alcolea Solé,2022-03-24,9,premium
105844,Amílcar Peinado Ferrán,2022-08-05,9,premium
100089,Teodosio Pozo Garriga,2021-10-30,9,premium
108283,Lina María Manuela Viana Llorente,2022-04-23,9,premium
103326,Lorenzo Roura Trillo,2024-04-18,9,premium
110281,Armida Vaquero Riera,2022-09-18,9,premium
102440,Rufina Raya Mulet,2021-04-09,9,premium
110680,Jose Miguel Jacobo Arévalo Tamarit,2021-11-07,9,premium
104875,Caridad Maxi Zabaleta Rovira,2023-01-01,9,premium
104829,Vasco Carnero Dalmau,2023-11-24,9,premium
112736,Zacarías Garrido Vara,2022-01-22,9,premium
100412,Brunilda Anaya Luque,2023-09-17,9,premium
101120,Xiomara Delgado-Valentín,2022-12-30,9,premium
107585,Adela Ileana Navarrete Peñalver,2023-01-08,9,premium
107585,Adela Ileana Navarrete Peñalver,2023-01-08,9,premium
108199,Gabriel Pizarro Toro,2023-12-21,9,premium
108482,Sandra Rosalía Martínez Madrid,2023-06-02,9,premium
102324,José Luis Franch,2021-02-12,9,premium
102907,Modesta Gracia,2022-02-10,9,premium
110165,Juan Mate-Aranda,2024-03-10,9,premium
103904,Angelita Hoz Terrón,2024-01-24,9,premium
100352,Leoncio Carrera-Donoso,2022-01-14,9,premium
113409,Martina Arranz Iniesta,2020-12-17,9,premium
109439,Lupe Pellicer,2024-01-06,9,premium
102302,Baltasar Girón Cuenca,2022-05-22,9,premium
106904,Amada Mariño Reyes,2020-04-22,9,premium
100915,Rosario Calvo Pons,2024-02-18,9,premium
113172,Leopoldo Calvo-Pinto,2022-07-17,9,premium
102040,Candelas Agullo,2022-04-15,9,premium
102705,Elías Alcázar Gaya,2021-10-30,9,premium
100519,Ricardo Morán-Alba,2023-12-08,9,premium
110767,Ramona Castro Blazquez,2023-02-27,9,premium
103746,Jordán del Anaya,2020-05-04,9,premium
113788,Oriana Carmela Rovira Moya,2022-12-25,9,premium
105041,Inés Elisabet Quintana Valera,2020-07-21,9,premium
113135,Rosario Abellán Calzada,2023-11-16,9,premium
114979,Dionisia Arnaiz Cerezo,2021-07-17,9,premium
106779,Leyre Ramírez-Casanovas,2023-09-28,9,premium
100863,Eufemia de Escrivá,2022-11-23,9,premium
109372,Perlita Vicens Ordóñez,2021-04-21,9,premium
104418,Ignacia Salamanca Osuna,2021-07-24,9,premium
113659,Charo de Acevedo,2020-06-27,9,premium
102656,Felipa de Santiago,2023-11-10,9,premium
101633,Mamen Roxana Abril Bou,2022-04-09,9,premium
108881,Rolando Parra Pinto,2020-08-09,9,premium
102253,Juan Bautista Peñalver Hernández,2023-04-09,9,premium
114141,Alondra Barroso Mariño,2023-10-25,9,premium
101685,Ruth Bermudez Roca,2021-09-21,9,premium
102520,Angélica Lina Sola Carrera,2020-09-12,9,premium
110526,Rosario Acedo Ferrández,2024-03-25,9,premium
101863,Sosimo Falcón Jaume,2024-05-01,9,premium
108936,Mamen Gibert Poza,2023-09-29,9,premium
101057,Gaspar del Briones,2024-03-06,9,premium
115167,Encarnacion Álamo Bartolomé,2021-12-15,9,premium
113073,Salomé Cuesta Cánovas,2020-11-25,9,premium
106706,Fidel Campos Camacho,2024-01-17,9,premium
101255,Alcides Piñeiro Landa,2024-04-07,9,premium
100837,Jesús Almansa-Delgado,2022-12-23,9,premium
105776,Cintia Sevillano Franco,2023-04-21,9,premium
114322,Reinaldo Zamorano Martorell,2020-06-21,9,premium
108444,Bautista Mendoza Maestre,2022-08-26,9,premium
110905,Eugenia Sanjuan Solana,2022-01-14,9,premium
108414,Gervasio Morera Montes,2022-04-21,9,premium
104171,Anselmo Pallarès Robledo,2022-06-01,9,premium
108417,Flavia Hidalgo Escolano,2024-06-03,9,premium
112712,Viviana Montoya Colomer,2022-10-05,9,premium
105206,Guadalupe Cáceres Gámez,2021-10-15,9,premium
107794,Mauricio Martín Fernandez Tejera,2024-01-19,9,premium
107970,Olivia Mosquera Heras,2024-01-27,9,premium
102127,Octavio Gabaldón-Benavides,2020-07-03,9,premium
105229,Manola Santamaría Angulo,2022-10-16,9,premium
106831,Reyna Marcela Plaza Garmendia,2024-03-03,9,premium
106831,Reyna Marcela Plaza Garmendia,2024-03-03,9,premium
111961,Yolanda Pujadas Marí,2021-01-21,9,premium
103976,Aurelia Emperatriz Sola Escamilla,2020-03-13,9,premium
108679,Fabio Luna Novoa,2024-02-17,9,premium
104011,Primitivo Isaac Rodrigo Batalla,2024-07-27,9,premium
113926,Dulce Mateu Luís,2024-02-27,9,premium
114157,Anselmo Mena Cifuentes,2022-03-05,9,premium
113184,Ángeles Solano Figueroa,2024-04-23,9,premium
100885,Javiera Serrano Cañete,2020-06-17,9,premium
108678,Nicanor Graciano Mur Serrano,2020-07-31,9,premium
109020,Magdalena Puente Portero,2021-09-20,9,premium
111437,Jordi Pont-Lillo,2021-07-15,9,premium
108438,Cándida Almansa-Rincón,2023-01-06,9,premium
103394,Clarisa Hoz Bejarano,2022-11-23,9,premium
105858,Verónica Filomena Martin Amador,2024-05-15,9,premium
102184,José Ángel Pallarès-Mayo,2020-03-08,9,premium
105134,Tatiana Saura Pla,2022-11-22,9,premium
110134,Feliciano Villalobos Valenciano,2021-10-16,9,premium
100435,Hugo Lago Soriano,2020-04-18,9,premium
114550,Azahar Fortuny-Aguilera,2024-04-04,9,premium
104863,Nuria de Juliá,2020-05-23,9,premium
107937,Baldomero Bravo Esteban,2021-02-07,9,premium
110740,Mamen Cobo Priego,2020-08-17,9,premium
109198,Jose Carlos Valencia Lorenzo,2021-03-01,9,premium
111320,Reyes Espejo Iñiguez,2023-06-24,9,premium
103405,Dionisio Elorza Hidalgo,2022-09-25,9,premium
107673,Gabino Manrique,2023-01-27,9,premium
108024,Eduardo del Calderon,2023-02-24,9,premium
112101,Mariana Donaire Lorenzo,2021-11-10,9,premium
113411,Roxana Guerrero-Olmo,2023-05-13,9,premium
104039,Eva María Leyre Sánchez Flores,2023-07-24,9,premium
113897,Nerea Arranz Ortiz,2021-04-26,9,premium
101454,Porfirio Castelló Baquero,2024-06-03,9,premium
111716,Benito Paz Castro,2023-01-23,9,premium
105334,Armida del Barberá,2023-05-22,9,premium
107946,Saturnino Núñez Amores,2024-04-18,9,premium
114310,Evelia Abella Crespi,2022-09-03,9,premium
112887,Jenny Xiomara Lillo Carretero,2021-07-19,9,premium
107829,Julio Codina Diego,2023-08-15,9,premium
111014,Álvaro Alfonso-Cortés,2020-08-22,9,premium
102449,Jordi Guerrero-Abellán,2020-04-09,9,premium
114577,Moreno Portillo Rubio,2022-11-18,9,premium
108178,Teodoro Ordóñez Solano,2020-07-28,9,premium
108858,Fabián Federico Amorós Ríos,2020-09-04,9,premium
114655,Édgar Quintanilla Vallés,2023-05-08,9,premium
114885,Jacinto Fonseca-Cáceres,2022-12-31,9,premium
104090,Rosa Bosch,2024-01-05,9,premium
101806,Santiago Acero Montalbán,2022-12-12,9,premium
106595,Alexandra Alberdi Torrecilla,2022-03-14,9,premium
108252,Ángel Lluch-Olivera,2023-03-11,9,premium
107250,Macario Domínguez Hierro,2022-06-16,9,premium
107250,Macario Domínguez Hierro,2022-06-16,9,premium
109746,Albino Santiago Saldaña,2021-07-13,9,premium
111233,Curro Quintero Vargas,2020-08-06,9,premium
113023,Encarna Quiroga Camps,2022-04-21,9,premium
101698,Mayte Acedo-Olivera,2024-01-29,9,premium
113851,Emperatriz Lourdes Solano Cabo,2023-04-03,9,premium
101535,Trinidad Requena Macías,2023-07-13,9,premium
100569,Conrado Santana-López,2022-06-28,9,premium
113540,Evangelina Calzada,2024-01-21,9,premium
100733,Ruperto Roda Capdevila,2021-03-02,9,premium
109366,Osvaldo Nebot Heras,2023-06-04,9,premium
105910,Wálter Puga,2023-07-08,9,premium
113405,Anselmo del Cortés,2021-04-21,9,premium
103475,Modesta Gloria Larrañaga Donaire,2022-06-11,9,premium
112955,Cruz Castillo,2023-02-14,9,premium
114321,Armando Salvador Palma,2021-07-16,9,premium
103284,Gema Torre Baquero,2021-11-07,9,premium
109240,Esther Esmeralda Cueto Cisneros,2021-07-26,9,premium
100400,Nazario Sánchez Roman,2024-01-14,9,premium
106490,Ileana Isaura Báez Pizarro,2022-09-21,9,premium
113203,Reyes de Villena,2021-05-11,9,premium
102883,Toni Mariscal Real,2021-03-10,9,premium
102883,Toni Mariscal Real,2021-03-10,9,premium
108869,Amalia Visitación Vergara Clavero,2020-07-22,9,premium
105862,Leandro Nebot Elías,2022-03-19,9,premium
101656,Verónica Elías Guitart,2022-01-14,9,premium
102482,Pacífica Mármol Vallés,2023-10-14,9,premium
101226,Francisco Javier del Torrents,2022-04-30,9,premium
102862,Miriam Alcolea-Pascual,2023-04-20,9,premium
105869,Rosa María del Solsona,2024-02-01,9,premium
110606,Prudencia Calzada-Uribe,2021-08-13,9,premium
114536,Porfirio de Roldan,2020-06-21,9,premium
104292,Federico Chacón Hidalgo,2024-06-08,9,premium
103653,Débora Juanita Castilla Carretero,2023-01-11,9,premium
115246,Mireia Izquierdo-Cuesta,2023-10-13,9,premium
102818,Consuelo Esparza Cózar,2022-08-29,9,premium
102818,Consuelo Esparza Cózar,2022-08-29,9,premium
104505,Eli Estrada,2022-03-01,9,premium
113006,Felix Nadal,2023-05-04,9,premium
100009,Herberto Ródenas Guillén,2022-03-31,9,premium
102087,Luis Dávila Rivero,2022-05-09,9,premium
104190,Lara Pavón Céspedes,2023-07-05,9,premium
101322,Iker Duran Galiano,2022-05-05,9,premium
108905,Sandalio Ripoll-Uriarte,2021-07-21,9,premium
101922,Nieves Zabaleta,2023-05-20,9,premium
101922,Nieves Zabaleta,2023-05-20,9,premium
111248,Pascuala Amores Palomar,2023-01-04,9,premium
105091,Leire Arco Ibarra,2020-08-02,9,premium
106661,Manu Vázquez Requena,2023-03-28,9,premium
109460,Toni Izquierdo-Francisco,2021-02-08,9,premium
101262,Ignacio Avilés Borja,2023-07-20,9,premium
114671,Jacobo Francisco Cerro Carreño,2020-06-12,9,premium
112604,Coral Amores Galvez,2022-06-18,9,premium
109053,Marcio Agudo,2023-10-15,9,premium
110510,Jesusa Rius Arnaiz,2021-03-27,9,premium
100978,Victor Manuel Ochoa,2023-08-21,9,premium
102663,Dan Bustamante Comas,2021-02-03,9,premium
110164,Raúl Pino-Pla,2022-11-18,9,premium
101494,Xavier Coronado Tudela,2022-09-22,9,premium
114193,Rubén Amaya,2024-06-24,9,premium
113744,Xavier Ribes Zamorano,2024-08-25,9,premium
113092,Araceli Ileana Paniagua Royo,2023-02-05,9,premium
113575,Felipe Prada Noguera,2022-02-11,9,premium
110541,Melisa Ayllón Bustos,2021-10-25,9,premium
112943,Elisa Roxana León Haro,2024-02-18,9,premium
114696,Timoteo Ochoa-Torrens,2021-01-22,9,premium
110846,Maricela Carretero Yáñez,2023-09-07,9,premium
114325,Ezequiel Trujillo-Miranda,2022-11-02,9,premium
112611,Maxi Llorente Jaume,2021-10-21,9,premium
114032,Ester del Hernandez,2022-04-12,9,premium
111899,Alma Pascual,2020-06-02,9,premium
101581,Aroa Serrano Real,2021-04-06,9,premium
105182,Samanta del Valls,2020-03-19,9,premium
114670,Paca Martinez Taboada,2022-07-13,9,premium
111736,Leyre Montes Mayoral,2020-09-03,9,premium
107865,Genoveva Pla Ibarra,2022-01-18,9,premium
113940,Wálter Cañellas Llobet,2020-10-24,9,premium
109097,Anselma Galán-Rodrigo,2023-04-14,9,premium
114280,Jonatan de Llorente,2020-06-27,9,premium
102789,Palmira Tejera Sans,2023-06-09,9,premium
109590,Ani Morera Iriarte,2023-07-08,9,premium
111423,Reyes Casal-Lerma,2024-04-28,9,premium
106014,Eliana Riera-Sales,2024-02-02,9,premium
108305,Haydée Vigil,2023-12-13,9,premium
100684,César Salvà,2023-05-13,9,premium
109702,Ámbar Perales Calderon,2023-01-10,9,premium
102010,Epifanio Luís Quesada,2020-06-26,9,premium
103878,Olga Tena Anguita,2021-05-04,9,premium
110895,Narciso del Arroyo,2022-09-09,9,premium
108621,Valentina de Casanova,2021-12-23,9,premium
107745,Victorino Granados Palacio,2021-06-17,9,premium
101072,Guillermo Batlle Ramos,2023-11-07,9,premium
101072,Guillermo Batlle Ramos,2023-11-07,9,premium
113943,Mohamed Soriano Nevado,2023-05-25,9,premium
105640,Clímaco del Saldaña,2020-03-14,9,premium
108745,Perla Palau Castilla,2022-09-27,9,premium
100752,Isabela Sánchez Vazquez,2020-10-01,9,premium
102875,Benigno Larrañaga-Girona,2023-03-24,9,premium
102175,Abraham Morillo León,2020-06-27,9,premium
105459,Demetrio Fonseca-Pedraza,2021-04-15,9,premium
108782,Pepito Parra Leiva,2022-05-23,9,premium
112189,Ester Montesinos-Gabaldón,2024-01-07,9,premium
107904,Darío Marcelo Mena Villena,2020-10-08,9,premium
102021,Vicenta Florinda Arcos Luján,2021-07-30,9,premium
112107,Lupita Taboada Rios,2022-08-02,9,premium
109268,Toño Pou Arco,2024-05-28,9,premium
108599,Nando Pla Chaparro,2022-05-03,9,premium
111379,Iris de Enríquez,2022-11-23,9,premium
113080,Jose Antonio Izquierdo Pellicer,2024-03-03,9,premium
102502,Felix Santana-Arteaga,2023-08-04,9,premium
103434,Carolina Benavente Arjona,2022-10-26,9,premium
105501,Manolo Palacios Jódar,2020-11-22,9,premium
110896,Dora Alcázar Malo,2022-10-28,9,premium
102311,Alicia Crespo Llorens,2023-06-27,9,premium
108631,Candelario Piquer Antón,2023-12-27,9,premium
109266,Graciano Cabo Miralles,2022-03-27,9,premium
104415,Joaquina Armengol Cazorla,2022-08-28,9,premium
104154,Clementina Arellano-Rius,2020-09-05,9,premium
105525,Heliodoro Montero-Nevado,2023-04-25,9,premium
101179,Emigdio López,2024-06-28,9,premium
109700,Inmaculada Baeza Ferrándiz,2022-04-27,9,premium
114651,Modesta Rocha Jódar,2021-02-09,9,premium
105816,Marcio Torrijos Cabañas,2023-02-23,9,premium
108728,Atilio Jacobo Barreda Carretero,2024-01-23,9,premium
114049,Julio César Atienza Simó,2022-02-20,9,premium
104717,Lucía Carballo Almazán,2020-03-13,9,premium
114433,Sergio Borrego Manuel,2024-01-09,9,premium
106593,Rafaela Leon Barrera,2020-07-21,9,premium
102615,Ignacio Manrique Pérez,2024-06-13,9,premium
104305,Celestino Jiménez-Tomas,2022-08-17,9,premium
102617,Chita Cristina Conesa Cuevas,2024-07-18,9,premium
103456,Diego Arévalo Córdoba,2021-09-18,9,premium
102036,María Fernanda Noemí Cardona Alfonso,2023-09-07,9,premium
102036,María Fernanda Noemí Cardona Alfonso,2023-09-07,9,premium
112551,Aitor Echevarría Miguel,2022-02-15,9,premium
104275,Simón Cañellas Hoz,2021-12-15,9,premium
111548,Arturo Alemán,2023-12-13,9,premium
101483,Delfina Porta,2024-01-03,9,premium
114603,Odalys Diéguez Julián,2023-06-09,9,premium
105679,Narciso Román Bou,2020-04-02,9,premium
104961,Ciríaco Pla Giralt,2024-07-02,9,premium
106585,Angelino Torres Poza,2020-11-01,9,premium
106585,Angelino Torres Poza,2020-11-01,9,premium
107376,Goyo Adolfo Araujo Jover,2024-05-20,9,premium
102407,Carmen Lillo Salgado,2022-07-14,9,premium
110369,Salomé Páez Escobar,2021-05-25,9,premium
100430,Eduardo Alegre-Osuna,2022-02-07,9,premium
106691,Joan Gonzalez Miguel,2024-08-21,9,premium
103296,María Jurado Cuesta,2024-04-07,9,premium
101965,Silvestre Lobo Cárdenas,2024-02-18,9,premium
107321,Osvaldo Marquez Casals,2024-07-10,9,premium
106385,Ambrosio Ruano Carballo,2021-11-20,9,premium
103861,Bienvenida Leonor Sebastián Puig,2022-02-13,9,premium
115128,Luciana Milla,2023-10-14,9,premium
104487,Rómulo Castrillo Nuñez,2020-11-18,9,premium
100705,Rodolfo Soto Quintero,2020-05-15,9,premium
100680,Apolinar Marcos-Beltran,2020-08-21,9,premium
100680,Apolinar Marcos-Beltran,2020-08-21,9,premium
101451,Fátima Contreras-Mercader,2020-07-11,9,premium
105305,Salud Alcázar Marquez,2022-03-23,9,premium
111390,Alejandro Abad Pomares,2023-08-23,9,premium
108818,Jose Angel Falcón Lumbreras,2020-03-03,9,premium
101635,Sigfrido Capdevila España,2024-04-12,9,premium
111800,Olegario Ildefonso Goñi Romeu,2020-06-24,9,premium
103693,Ezequiel de Acedo,2021-12-15,9,premium
104352,Ambrosio Malo Albero,2021-05-11,9,premium
114704,Tadeo de Uribe,2024-04-04,9,premium
114028,Melchor Alarcón Elías,2024-03-14,9,premium
107766,José Antonio Pintor Tenorio,2023-01-30,9,premium
111994,Leonor Granados Sarmiento,2024-08-14,9,premium
104897,Rosalía Tomasa Acedo Cañizares,2022-05-24,9,premium
109930,Teófilo Casares Jaume,2022-12-15,9,premium
105707,Rómulo Escalona,2021-05-30,9,premium
100612,Donato Coello Cadenas,2021-04-10,9,premium
101513,Nicolás Herranz Quirós,2024-01-19,9,premium
111322,Daniel Vallés-Conesa,2022-08-01,9,premium
100764,Chus Cánovas-Chico,2021-05-03,9,premium
110539,Martin Gascón Coca,2020-04-16,9,premium
110951,Efraín Ávila,2020-07-27,9,premium
113758,Fabiola Julián Aguilera,2022-11-15,9,premium
105373,Loida Mireia Trujillo Frutos,2020-10-23,9,premium
112946,Guiomar Ciro Esteban Cortes,2020-08-01,9,premium
101158,Reyes Caballero Martí,2020-10-09,9,premium
101384,Xiomara de Pardo,2020-12-01,9,premium
103636,Edelmiro Estévez Badía,2024-01-02,9,premium
103121,Cosme Benítez-Acero,2024-08-08,9,premium
108226,Armida Arcos Guijarro,2023-12-12,9,premium
108226,Armida Arcos Guijarro,2023-12-12,9,premium
100884,Adora María Ángeles Capdevila Oller,2022-02-21,9,premium
100544,Gustavo Pinto Coronado,2021-11-14,9,premium
115090,Alexandra de Blazquez,2023-02-27,9,premium
110956,Luciano de Bolaños,2023-05-20,9,premium
103754,Verónica Calzada Cervantes,2020-05-26,9,premium
100742,Fernando Perales-Barba,2024-07-17,9,premium
108764,Remigio Graciano Cantón Hoz,2022-01-07,9,premium
100715,Lucho Clemente Rosado Pinto,2021-12-26,9,premium
112812,Carmelita Yáñez Martorell,2022-10-06,9,premium
100531,Lucas del Cobos,2022-10-03,9,premium
102526,Raquel Losada Gutiérrez,2021-01-17,9,premium
113327,Lorenzo Bosch Bello,2020-05-14,9,premium
104094,Tania Almagro Agudo,2024-06-29,9,premium
105067,Ramiro Aliaga Agustín,2021-07-27,9,premium
108529,David Rovira Ruiz,2023-02-03,9,premium
108529,David Rovira Ruiz,2023-02-03,9,premium
106648,Maxi Múgica Amo,2023-04-19,9,premium
109270,Rosenda Samper Paz,2023-05-02,9,premium
104230,Leonardo Gras Villalobos,2023-12-23,9,premium
108318,Berta Jurado Tamayo,2022-08-13,9,premium
113199,Nidia Montalbán Izquierdo,2023-12-20,9,premium
106840,Cleto Alegria Sacristán,2020-12-13,9,premium
111318,Amelia Muro Corominas,2021-10-05,9,premium
101328,Mamen de Quesada,2024-02-07,9,premium
114523,Roldán Saavedra Múgica,2021-03-15,9,premium
100448,María Del Carmen de Bustos,2020-05-02,9,premium
102169,Atilio Posada,2021-11-04,9,premium
108857,Dominga Querol Solano,2023-08-21,9,premium
102334,Ovidio Barrio,2023-07-23,9,premium
114046,Marta Cándida Aragonés Araujo,2021-07-02,9,premium
106506,Flavia Morata-Pozo,2020-09-25,9,premium
113933,Fidela Castrillo Somoza,2020-05-11,9,premium
111773,Nilda Tello Montesinos,2024-04-19,9,premium
109469,Buenaventura Burgos,2020-05-10,9,premium
104619,Jaime Mayol Barranco,2023-01-26,9,premium
101019,Loreto Ribera Cazorla,2024-08-14,9,premium
101494,Xavier Coronado Tudela,2022-09-22,9,premium
104780,Susana Julie Cobos Salvador,2024-06-10,9,premium
101698,Mayte Acedo-Olivera,2024-01-29,9,premium
103121,Cosme Benítez-Acero,2024-08-08,9,premium
113540,Evangelina Calzada,2024-01-21,9,premium
101494,Xavier Coronado Tudela,2022-09-22,9,premium
105041,Inés Elisabet Quintana Valera,2020-07-21,9,premium
101922,Nieves Zabaleta,2023-05-20,9,premium
101922,Nieves Zabaleta,2023-05-20,9,premium
102974,José Nogueira Corominas,2021-08-30,8,premium
112411,Bernabé Romeu Olivares,2023-10-17,8,premium
114055,Teodora Rodriguez Artigas,2021-05-19,8,premium
109843,Dorita Ochoa Novoa,2024-02-04,8,premium
109189,Melania Bonilla,2021-01-12,8,premium
104871,Joel Pavón Escobar,2022-09-20,8,premium
102233,Íngrid Mateos,2020-07-08,8,premium
105002,Quique Ugarte Cámara,2020-12-05,8,premium
108954,Manuel Morell-Coca,2021-03-15,8,premium
104360,Luisa Rosa Montero,2022-12-28,8,premium
112124,Chelo Cabañas Guerra,2022-09-11,8,premium
112205,Eli Fernandez Guzmán,2021-12-09,8,premium
112320,Balduino Morales Santamaría,2022-05-04,8,premium
109361,Angelita Tenorio Cortés,2021-11-17,8,premium
113884,Nicolás Polo Carranza,2024-05-13,8,premium
111073,Francisco Teo Marí Cortes,2024-05-11,8,premium
106221,Yolanda Mendez Juárez,2021-09-16,8,premium
104074,Ignacio Colom Fábregas,2022-12-21,8,premium
103112,Elena Ricart-Báez,2023-08-12,8,premium
112855,Jose Ramón Quero Blasco,2020-05-13,8,premium
113850,Ema Carranza,2022-10-14,8,premium
100340,José Ángel Osuna Azcona,2020-10-20,8,premium
108383,Gabriela Ramos Solé,2023-11-28,8,premium
111179,Otilia de Angulo,2024-02-29,8,premium
113692,Miguel Rodrigo,2021-04-01,8,premium
115039,Diego del Boada,2021-08-03,8,premium
102563,Evangelina Tovar Jódar,2021-06-28,8,premium
103990,Carmen Tejada Ribas,2024-06-04,8,premium
104537,Clímaco Zapata Estévez,2021-06-04,8,premium
115205,Manu Baños-Alcalde,2022-08-19,8,premium
107464,Carlito Rivera Lucena,2022-08-17,8,premium
109203,Clemente Gibert Pinto,2021-09-08,8,premium
112161,Azucena Conesa Bueno,2023-09-27,8,premium
109781,Pastor Checa Vicens,2024-01-04,8,premium
107192,Fabio Valera Pina,2021-12-16,8,premium
104466,Sebastian Aitor Hidalgo Salazar,2024-05-13,8,premium
104466,Sebastian Aitor Hidalgo Salazar,2024-05-13,8,premium
114450,Genoveva Vidal Mendoza,2020-12-09,8,premium
104864,Brunilda Antón,2021-02-13,8,premium
109684,Baltasar Blazquez Gelabert,2020-12-01,8,premium
108324,Glauco Daza Carretero,2022-08-27,8,premium
110201,Ricarda del Solís,2020-04-30,8,premium
108119,Ámbar Carbó-Vilaplana,2020-06-19,8,premium
106740,Elías Yuste Quintero,2022-06-22,8,premium
113056,Azahar Torrens Godoy,2022-11-20,8,premium
110125,Ruperto Arranz Amor,2024-03-20,8,premium
103015,Gala Solsona Nicolau,2021-09-08,8,premium
103070,Cecilia del Garcés,2021-09-27,8,premium
112801,Blanca Cáceres Sala,2022-12-29,8,premium
109356,Curro Edgardo Blanca Gonzalo,2022-08-01,8,premium
105897,Merche Tomás Ferrera,2021-04-02,8,premium
103644,Lino Anglada Mariscal,2021-09-16,8,premium
114935,Adriana Gutierrez Esparza,2022-09-18,8,premium
100048,Reina Ferrán Higueras,2023-04-19,8,premium
113890,Bárbara Mariscal,2021-01-20,8,premium
110964,Teófila Espinosa Galván,2023-01-07,8,premium
106374,Judith Fajardo-Solsona,2021-07-03,8,premium
105419,Marcio Codina Márquez,2021-06-05,8,premium
102343,Nydia de Reyes,2022-12-20,8,premium
104953,Claudia Larrañaga Sanz,2024-04-23,8,premium
115084,Jerónimo Daza,2020-03-01,8,premium
112001,Febe Emilia Ortiz Cózar,2021-01-17,8,premium
110548,Hugo Tirado Agustí,2022-07-13,8,premium
110548,Hugo Tirado Agustí,2022-07-13,8,premium
113415,Sebastian Rios,2022-02-04,8,premium
105598,Xiomara Hernández,2023-05-23,8,premium
107954,Juan Luis Lerma,2024-01-28,8,premium
102677,Juan Antonio Gomila Blasco,2021-07-09,8,premium
112177,María Teresa Hoyos Cardona,2021-11-15,8,premium
103275,Donato Chacón Ferrera,2022-03-08,8,premium
108075,Francisco Jose Palacio,2021-06-15,8,premium
103910,Virginia Villanueva,2021-10-23,8,premium
111103,Rosario Malo Osuna,2021-02-15,8,premium
112687,Aníbal Cardona Rosado,2021-11-13,8,premium
111539,Etelvina del Muro,2021-05-09,8,premium
105081,Trinidad Fabra Artigas,2023-11-29,8,premium
106168,Mónica Heras Abascal,2020-05-13,8,premium
108817,Apolinar Gascón Montoya,2023-03-03,8,premium
108605,Albano Fuente-Ramírez,2020-10-09,8,premium
108424,Etelvina Pedraza Figueroa,2021-02-25,8,premium
104404,Faustino de Montenegro,2023-07-06,8,premium
110932,Charo Tejedor Santana,2021-09-09,8,premium
110197,Guadalupe Pou Jurado,2022-10-05,8,premium
105101,Blas Sanchez Velasco,2021-01-22,8,premium
105769,José Palmer Sandoval,2023-09-17,8,premium
105354,Hilario Elías Verdugo,2023-10-27,8,premium
104198,Glauco Fabra Ródenas,2022-02-24,8,premium
104198,Glauco Fabra Ródenas,2022-02-24,8,premium
104188,Bienvenida Bilbao Narváez,2020-11-06,8,premium
109839,Cornelio Lamas-Mayoral,2020-07-04,8,premium
111404,Febe Lucena Giner,2022-11-05,8,premium
108215,Paola Irma Nicolás Farré,2021-01-31,8,premium
114541,Edmundo Ildefonso Salazar Merino,2024-05-23,8,premium
106534,Osvaldo Otero Abellán,2024-08-21,8,premium
106534,Osvaldo Otero Abellán,2024-08-21,8,premium
101062,Julio Roda-Toledo,2020-03-13,8,premium
110372,Olivia Fajardo Lastra,2021-11-29,8,premium
114517,Matilde Rodrigo Hoyos,2022-07-29,8,premium
113286,Santos Rafa Farré Cazorla,2020-10-23,8,premium
112525,Sergio Desiderio Delgado Poza,2021-07-29,8,premium
113614,Noemí Nogueira Pineda,2021-11-23,8,premium
109196,Nieves Escrivá Macias,2022-06-19,8,premium
109196,Nieves Escrivá Macias,2022-06-19,8,premium
112484,Daniel Recio Parra,2024-05-18,8,premium
104182,Erasmo Roura Villanueva,2023-12-09,8,premium
102537,Viviana Esparza,2020-03-14,8,premium
108092,Maximino Rosselló-Porras,2023-08-02,8,premium
105031,Josué Cárdenas Oliva,2023-03-21,8,premium
104561,Ismael Quero,2022-11-24,8,premium
103014,Isaac Arroyo Vilalta,2020-06-22,8,premium
110439,Gisela de Jordán,2024-05-09,8,premium
101563,Manuelita Lorenzo Estevez,2023-03-09,8,premium
107986,Jacobo Bermudez Urrutia,2022-09-22,8,premium
109373,Malena Conesa,2023-07-06,8,premium
109813,Sandalio Duarte Solís,2021-08-25,8,premium
102532,Piedad Bermudez,2021-12-28,8,premium
101651,Graciela Delgado Cortés,2023-09-15,8,premium
108516,Julieta Delgado Luján,2021-07-13,8,premium
112106,Espiridión de Cañizares,2020-11-10,8,premium
106453,Fausto Pallarès Tena,2020-10-10,8,premium
108627,Armida Bilbao Sanz,2021-03-25,8,premium
103616,Eloísa Baquero Bermudez,2021-07-12,8,premium
111265,Crescencia Barba Moya,2023-05-16,8,premium
102003,José Mari del Roura,2021-02-25,8,premium
109153,Martin del Lloret,2024-02-04,8,premium
108169,Dolores Diego Corominas,2023-07-14,8,premium
100281,Gustavo Ferreras Nadal,2023-12-25,8,premium
100658,Eli Conesa,2020-12-01,8,premium
112463,Julieta Manzanares-Haro,2023-03-03,8,premium
113676,Esperanza Francisco Escudero,2024-04-29,8,premium
111347,Mireia Canals Luís,2023-11-28,8,premium
100169,Raquel Miguel,2020-07-22,8,premium
112799,Mar Campo Nicolau,2021-06-06,8,premium
101403,Silvestre Blazquez Tamarit,2022-12-19,8,premium
105313,Mayte Madrid Bou,2020-12-30,8,premium
113495,Íñigo Aramburu,2022-05-07,8,premium
100374,Andrés Llanos Quirós,2021-08-30,8,premium
109055,Xavier de Borrás,2022-12-23,8,premium
105398,César Santamaria Ruano,2020-04-10,8,premium
114886,Belén Cloe Arévalo Martorell,2020-06-25,8,premium
112974,Wálter del Manzanares,2022-06-17,8,premium
107062,Loreto Manrique,2021-12-15,8,premium
114869,Josué Puga,2021-01-04,8,premium
111938,Antonia Ferrándiz Canals,2021-11-06,8,premium
112284,Paloma Rodríguez-Quevedo,2023-01-11,8,premium
111525,Cloe Rivas Torre,2022-01-16,8,premium
111424,Olegario Manzanares Oliver,2024-07-14,8,premium
114060,Merche Luz Agullo Román,2021-07-30,8,premium
109210,Trini Taboada Tomas,2021-02-18,8,premium
113702,Consuelo Montaña Chacón,2022-02-07,8,premium
105688,Luciana Jáuregui Artigas,2022-05-21,8,premium
104973,Lorena Amparo Pozuelo Villena,2022-02-26,8,premium
101800,María José Guardia Espada,2020-11-09,8,premium
114476,Norberto Alberdi Alonso,2023-11-14,8,premium
102681,Alicia Carreño Contreras,2021-09-09,8,premium
102125,Juan Francisco Rogelio Agullo Peral,2021-04-25,8,premium
102125,Juan Francisco Rogelio Agullo Peral,2021-04-25,8,premium
113107,Agustín Ramírez-Lobo,2023-03-12,8,premium
114098,Fidel de Macias,2022-07-03,8,premium
111774,Glauco del Isern,2023-03-06,8,premium
112333,Luis Miguel de Garzón,2020-05-26,8,premium
112959,Mariana Roxana Fabra Carreño,2022-03-08,8,premium
103370,Azahar Graciela Belda Vilanova,2024-03-14,8,premium
112757,Venceslás Espada,2023-01-16,8,premium
113974,Luís Cazorla Borrell,2020-05-03,8,premium
108243,Luis del Segovia,2022-10-23,8,premium
102702,Guadalupe Gomez Cuevas,2023-12-01,8,premium
113794,Chus Inés Francisco Canals,2022-11-22,8,premium
100042,Guillermo Rivero Pavón,2023-03-27,8,premium
113426,Prudencio Sarabia Ribas,2020-03-09,8,premium
108295,Luna Batlle Patiño,2021-02-05,8,premium
107765,Flor Torrens Navarro,2024-08-22,8,premium
114122,Leoncio Carrasco Franco,2022-02-07,8,premium
112655,Odalys Méndez Montoya,2020-03-09,8,premium
105377,Carmen Gil Haro,2020-06-03,8,premium
109416,Eusebio Palomo Perea,2023-09-28,8,premium
105307,Rico Macías,2020-03-20,8,premium
111728,Gabino Reguera-Huerta,2024-05-21,8,premium
114123,Victoria Guzman Izaguirre,2024-03-26,8,premium
104882,Erasmo Viana Miralles,2022-10-04,8,premium
104878,Viviana del Gálvez,2020-06-28,8,premium
110365,Felix Torre,2021-06-22,8,premium
105690,Nicanor Elorza Matas,2024-01-05,8,premium
112199,Joaquina de Solana,2023-01-11,8,premium
104721,Dan Osorio Carvajal,2021-09-12,8,premium
102579,Valentín Andrés Valero Roldan,2020-07-01,8,premium
101796,Estrella Pastor Luís,2023-11-22,8,premium
110766,Carmen Mancebo Toro,2024-05-07,8,premium
107153,Mauricio Silva-Suárez,2020-04-20,8,premium
102484,Pepito Pons Mármol,2022-12-04,8,premium
114750,Ernesto Perelló,2024-06-21,8,premium
114750,Ernesto Perelló,2024-06-21,8,premium
105099,Rufina Pou Ramón,2023-08-15,8,premium
106278,Delfina del Martorell,2021-08-28,8,premium
112878,Susana Elías Arroyo,2021-11-14,8,premium
112524,Anna Pérez Lluch,2020-06-23,8,premium
103756,Mamen Margarita Herranz Alcántara,2023-11-28,8,premium
107502,Caridad Fidela Trillo Perera,2023-09-23,8,premium
101599,Isa Romeu,2022-05-02,8,premium
110366,Mario Villalba Arrieta,2022-12-15,8,premium
111475,Griselda Amo Marin,2021-09-01,8,premium
108333,Florentino del Oller,2020-04-10,8,premium
103422,Carmela Molina Lerma,2021-02-01,8,premium
111713,Ciríaco Garay Noguera,2021-10-01,8,premium
106703,Edelmira Álvarez-Trillo,2021-10-12,8,premium
101721,Victorino Ortiz Benitez,2023-05-20,8,premium
108337,Emiliano Ariza,2020-11-08,8,premium
103551,Amílcar Goñi Morillo,2021-03-26,8,premium
107604,Remigio Carrillo-Manso,2020-05-20,8,premium
103985,América Guillen Mateo,2021-05-26,8,premium
103478,Emigdio Barreda Marqués,2021-02-28,8,premium
103943,Francisca Bienvenida Mena Suárez,2020-10-21,8,premium
110126,Nydia Miró Tovar,2022-08-11,8,premium
112790,Miriam Pareja-Hervás,2021-03-24,8,premium
101660,Teodoro Sevilla Prats,2021-05-13,8,premium
101945,Eva María Santamaría Coronado,2021-11-19,8,premium
114289,Martín Posada-Godoy,2022-09-22,8,premium
115015,Melisa Rey Valencia,2023-03-27,8,premium
103016,Samu Duran,2024-04-26,8,premium
109620,Abilio Llano Vélez,2022-10-24,8,premium
112578,Flora Cepeda-Heras,2020-07-11,8,premium
113013,Febe Folch Peiró,2022-01-22,8,premium
113329,Etelvina Orozco,2020-05-14,8,premium
113329,Etelvina Orozco,2020-05-14,8,premium
111138,Pacífica Abril Galván,2020-10-03,8,premium
111138,Pacífica Abril Galván,2020-10-03,8,premium
113583,Rómulo Cayetano Agudo Ayala,2024-05-07,8,premium
110669,Geraldo Camino Ferreras,2023-10-01,8,premium
102405,Ema Bou Bayón,2022-03-23,8,premium
109606,Aureliano Aragonés Ruano,2022-03-12,8,premium
110531,Espiridión Cordero Machado,2020-07-13,8,premium
108406,Vinicio Palacios,2021-08-03,8,premium
103997,Alcides Isern-Andrés,2022-04-08,8,premium
111574,Lisandro Codina Vidal,2022-08-26,8,premium
112532,Nico del Doménech,2022-05-14,8,premium
109530,Jafet Palma Manrique,2022-08-03,8,premium
105558,Isa Nieto Álamo,2021-01-26,8,premium
112103,Santiago de Naranjo,2020-09-10,8,premium
115013,Duilio Calzada Torre,2021-03-29,8,premium
100748,Fanny Polo Asensio,2023-01-28,8,premium
100426,Rafaela del Amo,2022-10-05,8,premium
106445,Máximo Nevado Leon,2024-04-08,8,premium
101912,Iván Céspedes Ocaña,2024-06-05,8,premium
115170,Roque Cerezo Pereira,2021-10-01,8,premium
100994,Espiridión Portero Beltrán,2023-12-09,8,premium
106163,Nilo Casado Manjón,2022-05-06,8,premium
113280,Ainoa Amorós,2021-11-01,8,premium
109271,Humberto de Fajardo,2024-06-12,8,premium
109174,Adora Cornejo Mancebo,2022-05-15,8,premium
112939,Mirta Melero Peralta,2021-08-04,8,premium
115019,María Ángeles Anselma Agustí Acevedo,2023-04-23,8,premium
109024,Luz del Rosa,2022-05-01,8,premium
104378,Kike Cabrero-Morillo,2021-04-05,8,premium
100963,Adriana Regina Vigil Sans,2022-07-22,8,premium
102513,Azucena Soriano Pinedo,2023-05-12,8,premium
101587,Milagros Odalis Morales Reyes,2021-09-11,8,premium
114592,Fermín Jose Ramón Ibáñez Rodrigo,2024-06-13,8,premium
105515,Margarita Morera Bustamante,2023-03-29,8,premium
104503,Julio Sanz Córdoba,2022-07-16,8,premium
111010,Alondra Bernat Bosch,2023-05-20,8,premium
110862,Adora Sarmiento Guzman,2023-12-16,8,premium
102309,Primitivo Caparrós-Adadia,2021-10-30,8,premium
104078,Leocadio Pinedo Posada,2023-09-13,8,premium
102289,Dafne Andrade,2022-04-30,8,premium
113588,Anabel Tomás-Azorin,2021-11-02,8,premium
113588,Anabel Tomás-Azorin,2021-11-02,8,premium
104527,Cayetano Posada-Cueto,2023-01-22,8,premium
101954,Desiderio Lladó-Abellán,2022-12-30,8,premium
105431,Javier Téllez Valenciano,2024-07-03,8,premium
109535,Bienvenida Ramirez Solsona,2022-10-15,8,premium
107729,Anastasia Jordán Gonzalez,2021-01-17,8,premium
102761,Vinicio Menéndez,2023-01-28,8,premium
107274,Ruperto Grau-Martinez,2020-11-06,8,premium
102272,Chus Fuente Tapia,2023-02-09,8,premium
104124,María Fortuny,2023-11-07,8,premium
104394,Dimas Calderon Rocha,2021-11-17,8,premium
110946,Valero Barbero Borrego,2023-02-10,8,premium
112798,Ramiro Novoa,2024-08-12,8,premium
110211,Carla Cueto,2021-04-20,8,premium
111864,Francisco Javier Solsona Oliveras,2023-08-06,8,premium
107365,Celestino Elorza Verdugo,2023-07-03,8,premium
107817,Leandra de Anaya,2021-01-24,8,premium
108998,Yaiza Vilaplana-Guerra,2024-05-24,8,premium
103388,Chus Solé Luna,2024-03-05,8,premium
110141,Rosalina Barba Mascaró,2020-03-10,8,premium
110297,José Luis Zabaleta Jáuregui,2020-03-24,8,premium
110297,José Luis Zabaleta Jáuregui,2020-03-24,8,premium
104004,Herberto Espejo-Lladó,2021-05-09,8,premium
109188,José Antonio Neira Hoyos,2020-12-15,8,premium
108142,Adela del Roldan,2023-10-19,8,premium
106293,Eladio Peinado Rojas,2021-01-05,8,premium
105147,Flavio Julio Díaz Santamaria,2021-02-09,8,premium
102335,José Manso Carrión,2023-12-31,8,premium
101852,Bernardita Olivares Abril,2023-06-26,8,premium
114858,Gloria Oliva-Company,2024-04-23,8,premium
111844,Armida Fernanda Maza Codina,2021-12-02,8,premium
114102,Amor Cabezas Mate,2022-03-12,8,premium
112105,Brígida Montesinos-Durán,2024-01-20,8,premium
110451,Dalila Seco Ureña,2024-08-14,8,premium
112522,Sancho Sacristán Oliva,2021-03-29,8,premium
111122,Carmen Villalonga Carmona,2020-09-14,8,premium
103707,Curro de Roda,2021-11-15,8,premium
107768,Tito Quero Soriano,2021-05-03,8,premium
108410,Severino Urrutia Roda,2022-06-11,8,premium
110235,Reinaldo Cervera Almeida,2020-07-02,8,premium
111499,Chema Antúnez-Egea,2021-03-29,8,premium
111499,Chema Antúnez-Egea,2021-03-29,8,premium
109729,Aureliano Manzano Sanchez,2023-05-26,8,premium
104460,María Cristina Carbonell Villalobos,2023-02-11,8,premium
114224,Filomena Julia Pomares Martin,2023-06-04,8,premium
102168,Anacleto Oliva Miranda,2024-03-26,8,premium
110339,Susana Andreu Sales,2022-12-19,8,premium
114551,Vera Barberá Serra,2022-11-09,8,premium
112119,Amado Acosta Carrillo,2020-07-02,8,premium
104343,Hernán Guerrero Agullo,2023-02-12,8,premium
104430,Renata Mas Barral,2022-02-15,8,premium
106837,Ale Hoz,2024-05-14,8,premium
114081,Carlota Gallart Sáenz,2021-04-23,8,premium
114539,Gema Lobo Linares,2022-10-07,8,premium
112487,Camila Arjona Torrent,2021-03-09,8,premium
104257,Benjamín Rosa Pujadas,2022-01-06,8,premium
112862,Marianela Melero Torrijos,2023-07-18,8,premium
115063,Ismael Jurado Peiró,2022-01-23,8,premium
100120,Silvestre Iborra,2021-12-03,8,premium
107067,César Gonzalo-Uribe,2024-05-10,8,premium
109931,Yolanda Lledó Iñiguez,2021-05-12,8,premium
104203,Julia Mariño Barrios,2023-08-26,8,premium
114758,Roberto Yuste Moreno,2020-11-25,8,premium
100034,Quirino Huertas Martorell,2022-01-08,8,premium
107811,Ramiro Bosch Agudo,2024-02-13,8,premium
105827,Socorro Francisco Nicolau,2022-10-14,8,premium
105404,Zoraida Pol Heredia,2022-11-22,8,premium
106518,Isabel Quintana Cisneros,2020-05-25,8,premium
105805,Emiliano Macias Trujillo,2020-06-29,8,premium
106955,Francisco Jose Luís Andrés,2024-04-06,8,premium
112929,Carlota Paredes Cabo,2024-01-15,8,premium
103895,Tamara del Sancho,2022-07-29,8,premium
108467,Pastora Miró Cisneros,2023-06-22,8,premium
109585,Susana Pera Urrutia,2020-08-09,8,premium
105861,Laura Paniagua Gallart,2023-07-08,8,premium
104844,Danilo Diéguez Ricart,2023-10-13,8,premium
108835,Carmina Vicens Costa,2021-09-23,8,premium
113316,Gonzalo Bustos Barco,2024-07-02,8,premium
114087,Carla Amorós Sevillano,2020-06-15,8,premium
103659,Gabriela Miralles Cerezo,2021-07-29,8,premium
100654,Lupita Bueno,2020-11-15,8,premium
114241,Tomasa Prado Andres,2023-03-16,8,premium
107616,Fabiana Viñas-Monreal,2021-11-28,8,premium
113323,Marco Quevedo-Miranda,2024-02-17,8,premium
109277,Graciano Bosch Pascual,2023-08-14,8,premium
112460,Inocencio Lledó Domínguez,2020-04-20,8,premium
110222,Mayte Montalbán-Pagès,2021-06-14,8,premium
103600,Pascual Calatayud Montes,2024-06-17,8,premium
111092,Toribio Fernández-Anaya,2020-12-24,8,premium
114233,Domitila Colomer Martorell,2024-03-10,8,premium
114233,Domitila Colomer Martorell,2024-03-10,8,premium
101966,Carmen López Agudo,2022-11-27,8,premium
101143,Ruperto Gutierrez Navarrete,2023-11-01,8,premium
109527,Ramiro Pozo Corominas,2023-04-08,8,premium
109622,Bibiana Mora-Morell,2020-03-31,8,premium
106742,Georgina Torrens,2021-04-07,8,premium
112263,Alex Matas Viña,2023-05-15,8,premium
108500,Teresita Loreto Aguiló Nevado,2022-08-28,8,premium
111165,Clotilde Corominas Carreras,2020-10-22,8,premium
109600,Pedro Chaves-Clavero,2024-07-11,8,premium
103448,Américo Mate Bárcena,2022-11-09,8,premium
110544,María Manuela Angelina Sales Acuña,2023-01-11,8,premium
109734,Rosalinda Teruel-Vila,2023-06-04,8,premium
111888,Olivia Sobrino Rubio,2022-12-30,8,premium
111888,Olivia Sobrino Rubio,2022-12-30,8,premium
106439,Amelia Cabañas Luís,2022-09-16,8,premium
100677,Rosaura de Ramis,2023-01-25,8,premium
100222,Griselda del Roman,2023-12-10,8,premium
113037,Ale Oliver España,2022-11-12,8,premium
103012,Perlita de Calderon,2024-04-29,8,premium
102999,Telmo Herrera Céspedes,2020-11-07,8,premium
100945,Nazario de Villar,2021-01-21,8,premium
110722,Amaro Gascón-Duarte,2020-11-25,8,premium
104408,Olga Fuente,2022-03-13,8,premium
109120,Luna Ruiz Conesa,2022-11-28,8,premium
104345,Etelvina Terrón Pont,2022-12-25,8,premium
106202,Jacinto Zaragoza Pazos,2021-10-21,8,premium
101706,Leoncio Moreno Carpio,2022-10-16,8,premium
113600,Virginia Martinez Vargas,2020-09-15,8,premium
113127,Elisa Noriega Gómez,2024-06-09,8,premium
113127,Elisa Noriega Gómez,2024-06-09,8,premium
109203,Clemente Gibert Pinto,2021-09-08,8,premium
102677,Juan Antonio Gomila Blasco,2021-07-09,8,premium
112959,Mariana Roxana Fabra Carreño,2022-03-08,8,premium
104430,Renata Mas Barral,2022-02-15,8,premium
111864,Francisco Javier Solsona Oliveras,2023-08-06,8,premium
108516,Julieta Delgado Luján,2021-07-13,8,premium
109813,Sandalio Duarte Solís,2021-08-25,8,premium
101523,Susanita Valcárcel Ayala,2024-02-13,7,premium
105569,Dafne Jover Carbó,2021-04-29,7,premium
103880,Florencia Apolonia Rincón Carmona,2022-10-01,7,premium
110990,Amarilis Nogués Español,2020-03-02,7,premium
109869,Régulo Oliveras Tomás,2024-03-13,7,premium
103222,Xiomara de Huerta,2022-09-18,7,premium
114306,Georgina Giménez Leal,2022-12-28,7,premium
108697,Rodrigo Revilla Crespo,2023-12-04,7,premium
100829,Cándido Fuente Agustín,2023-07-30,7,premium
106073,Celestino Canales Gomis,2022-04-11,7,premium
112427,Aurelia del Valero,2022-07-03,7,premium
104116,Rufina Cuevas Tovar,2024-03-10,7,premium
103380,Susanita Fuente Becerra,2020-03-08,7,premium
108286,Manolo Hervia Heras,2021-01-12,7,premium
107248,Ismael Armas Blazquez,2021-08-13,7,premium
111090,Febe Quesada Quintanilla,2023-10-04,7,premium
105654,Cintia Reig Montaña,2024-05-26,7,premium
107607,Rita Vizcaíno Silva,2022-04-05,7,premium
100903,Ámbar Raquel Malo Abella,2024-07-12,7,premium
108471,Jose Antonio del Gibert,2022-11-28,7,premium
111185,Josué Galván-Fajardo,2021-07-10,7,premium
103814,Olga Enríquez Barco,2024-08-12,7,premium
100124,Amanda Puig-Cabeza,2022-04-19,7,premium
113042,Marisol de Blázquez,2024-07-01,7,premium
114982,Marcos Porcel-Salamanca,2023-04-02,7,premium
101534,Miguela Aurora Gargallo Cortés,2023-09-13,7,premium
107204,José Núñez Ródenas,2023-05-11,7,premium
107204,José Núñez Ródenas,2023-05-11,7,premium
106425,Moisés Ayala Angulo,2024-06-17,7,premium
104581,Tomasa Pozo Gámez,2021-09-27,7,premium
107966,Santiago Segarra Estévez,2024-01-31,7,premium
106602,Sabina Aguilar,2022-10-13,7,premium
108250,Ezequiel Ros,2023-10-05,7,premium
101227,Encarna Serafina Torrents Paredes,2023-02-02,7,premium
101870,Ariel Fernández Ariza,2023-12-08,7,premium
114221,Jose Manuel Ferrero Navarro,2023-06-25,7,premium
109306,Gonzalo Mariscal Prieto,2023-09-27,7,premium
110727,Mario Castilla Tena,2022-06-15,7,premium
107551,Espiridión Valls Angulo,2023-05-20,7,premium
113354,Rosaura del Palacios,2022-05-25,7,premium
111855,Salvador Garzón Balaguer,2020-12-06,7,premium
115066,Virgilio Quiroga Pozuelo,2021-03-27,7,premium
110276,Teófila Vaquero Bautista,2020-06-27,7,premium
112009,Melisa Cecilia Acuña Ferrando,2021-02-14,7,premium
101460,Gracia Alberola Acevedo,2023-06-10,7,premium
104607,Yago Sáez Niño,2023-08-12,7,premium
107301,Buenaventura Izquierdo Royo,2021-09-21,7,premium
107442,Maristela Blanca Aroca Carlos,2022-01-20,7,premium
103949,Valentín Valls Izquierdo,2023-02-20,7,premium
103044,Marita Arcelia Luís Hernandez,2020-03-26,7,premium
100150,Vito Moles Tormo,2024-06-27,7,premium
103729,Bernardita de Monreal,2023-12-10,7,premium
105712,Ibán Echevarría Villalba,2024-08-04,7,premium
109726,Camilo Álvaro Hernando,2023-12-26,7,premium
111498,Noelia del Cámara,2024-02-09,7,premium
105734,Hugo Clavero Vega,2024-08-27,7,premium
103785,Juliana Azcona Soto,2023-11-17,7,premium
104304,Elisabet Mena Cabello,2024-02-16,7,premium
107597,Leandro Aparicio Ródenas,2023-02-12,7,premium
107045,Felicidad Boada Céspedes,2024-02-22,7,premium
105720,Nilo Flores Porras,2024-08-27,7,premium
103695,Roberto Juliá,2020-11-10,7,premium
100808,Camilo Gallego Gascón,2023-12-06,7,premium
100808,Camilo Gallego Gascón,2023-12-06,7,premium
108001,Ester Plaza Villanueva,2021-10-26,7,premium
111833,Nélida del Arco,2021-02-20,7,premium
107121,Azeneth Balaguer Moliner,2021-07-09,7,premium
103026,Cayetana Romero,2021-10-18,7,premium
106110,Adrián Sureda Mateos,2023-12-04,7,premium
100291,José Manuel Pons Verdú,2024-03-02,7,premium
103578,Baldomero Macias Tudela,2021-06-05,7,premium
106401,Concha Sabina Giménez Mármol,2020-12-14,7,premium
103709,Malena Hoyos Pareja,2024-07-04,7,premium
111226,Teobaldo de Hervás,2021-09-10,7,premium
101490,Herminio Pelayo Manrique Armengol,2021-04-28,7,premium
107856,Lara Mosquera Lobo,2024-01-04,7,premium
114964,Gustavo Huerta Donoso,2022-03-05,7,premium
105911,Chus Rocamora Morcillo,2021-08-14,7,premium
113929,Abril Piñol Cañizares,2020-09-13,7,premium
103681,Rómulo Baños Hidalgo,2020-08-06,7,premium
105365,Paula Alberdi-Morata,2022-06-20,7,premium
112026,Gonzalo Roda Ferrero,2020-09-08,7,premium
112438,Álvaro Lorenzo Tello,2020-12-08,7,premium
103882,Carina Ayuso Tirado,2022-09-29,7,premium
102630,Gustavo Aragonés-Sánchez,2023-02-21,7,premium
115225,Hilda Arribas-Pou,2023-08-20,7,premium
113020,Mauricio Capdevila,2021-04-15,7,premium
111803,Victoria Esteban Bellido,2022-08-29,7,premium
108944,Chuy Manuel Borrás,2022-11-08,7,premium
105071,Zacarías León Posada,2021-03-12,7,premium
102596,Gema Valls Arteaga,2021-11-15,7,premium
103939,Cristian Soler Pascual,2020-08-17,7,premium
115057,Carmelo Mena,2022-04-08,7,premium
113978,Julia Villegas,2022-02-11,7,premium
109259,Juanita Segura Fuente,2023-05-11,7,premium
109259,Juanita Segura Fuente,2023-05-11,7,premium
102914,Guadalupe Bautista Angulo,2024-06-25,7,premium
114516,Alejandro Matas-Aguilera,2023-12-07,7,premium
110207,Cloe Jove Pacheco,2020-09-26,7,premium
113617,Bernardino Camilo Vidal Herrero,2022-03-24,7,premium
104289,Mireia Calderón Solé,2021-01-13,7,premium
104368,Ámbar Pou Blanch,2021-07-25,7,premium
114356,Úrsula Corominas Puente,2023-11-15,7,premium
115130,Agustina de Peralta,2020-08-26,7,premium
103548,Lucía Diego Berrocal,2020-07-13,7,premium
106179,Haroldo Arroyo,2022-09-14,7,premium
114282,Eliseo Pol Jerez,2023-03-20,7,premium
106707,Isa Rueda Montesinos,2023-03-17,7,premium
104202,Dalila Martinez Bustos,2023-01-07,7,premium
103670,Vito Ordóñez,2021-07-18,7,premium
109233,Ana Valentín Morera,2021-06-16,7,premium
102859,Maristela Núñez Serrano,2021-11-01,7,premium
111370,Cipriano Girón Bustamante,2020-10-27,7,premium
114926,Josep Cabanillas Salcedo,2022-11-19,7,premium
103223,Rebeca Juliá Feijoo,2021-12-16,7,premium
100472,Araceli Nicolás Plana,2021-12-17,7,premium
100472,Araceli Nicolás Plana,2021-12-17,7,premium
113210,María Carmen Orozco Saldaña,2022-05-30,7,premium
105438,Marcelino Lledó Santamaria,2023-09-15,7,premium
105438,Marcelino Lledó Santamaria,2023-09-15,7,premium
113436,Pascual Palomar-Guardia,2024-08-22,7,premium
115120,Nayara Vallés,2024-06-17,7,premium
111401,Maribel Haydée Arteaga Montoya,2024-04-27,7,premium
112265,Gonzalo Arias,2021-04-23,7,premium
108350,Fernanda Valle-Martí,2021-09-01,7,premium
103078,Raúl Desiderio Cuadrado Pinedo,2022-04-01,7,premium
108780,Juanito Vallés,2024-05-08,7,premium
107224,Flavio Andres Caparrós,2023-05-13,7,premium
111483,Flavio Azorin Lerma,2023-07-09,7,premium
100274,Yago de Leon,2020-05-29,7,premium
112584,Lupe Ferrando-Maestre,2021-07-01,7,premium
112584,Lupe Ferrando-Maestre,2021-07-01,7,premium
100795,Porfirio del Blazquez,2021-06-02,7,premium
108031,América Lumbreras-Bernad,2023-07-29,7,premium
108031,América Lumbreras-Bernad,2023-07-29,7,premium
106287,Mauricio Oliva Portillo,2024-04-25,7,premium
112681,Jonatan Landa Salgado,2021-02-20,7,premium
108884,Miguel Herrero Sedano,2021-04-14,7,premium
100219,Rosendo Casals Fuertes,2022-09-24,7,premium
101770,Amor Pla Hidalgo,2022-10-23,7,premium
109054,Humberto Rodriguez Molina,2021-05-01,7,premium
110663,Inmaculada Barral-Zorrilla,2024-08-12,7,premium
115113,Bárbara Jessica Leiva Quirós,2022-01-15,7,premium
113979,Juan Bautista Mercader Calvet,2020-05-01,7,premium
113979,Juan Bautista Mercader Calvet,2020-05-01,7,premium
105793,Valeria Bellido Guerra,2020-12-26,7,premium
107883,Trinidad Ferreras Portero,2024-08-26,7,premium
110893,Adalberto Moreno-Conesa,2024-05-22,7,premium
105779,Josué Abraham Duarte Carranza,2024-01-28,7,premium
105280,Roxana Segovia,2020-04-05,7,premium
115042,Elvira Verdejo Prats,2022-04-19,7,premium
109072,Alberto Samper,2022-11-03,7,premium
112786,Camilo Requena Lobato,2021-01-25,7,premium
108030,Melchor Morata Águila,2024-02-22,7,premium
112787,Luciana Vigil-Amo,2023-05-31,7,premium
101054,Amado Perales Pina,2021-04-10,7,premium
114396,Dafne Ocaña Feijoo,2022-08-28,7,premium
109463,Hermenegildo Verdugo Ávila,2024-02-28,7,premium
109648,Purificación Santiago Velázquez,2020-03-14,7,premium
113750,Violeta Arnal-Manzano,2023-08-06,7,premium
105039,Alcides Cruz-Coello,2021-01-13,7,premium
104773,Yaiza Valderrama Ferrán,2023-08-15,7,premium
108911,Filomena Manzano Andreu,2023-12-04,7,premium
109545,Sonia Morales Fajardo,2021-03-17,7,premium
100456,Enrique Escalona,2021-01-14,7,premium
102345,Victoriano Murcia Moreno,2021-01-23,7,premium
114717,Andrés Felipe Peñalver,2021-07-14,7,premium
104849,Marcial Calleja Francisco,2023-06-06,7,premium
102799,Noemí Carrera Mariño,2021-08-05,7,premium
103680,Bernardita Vigil,2020-11-02,7,premium
112921,Cloe Gisbert-Sáez,2020-04-11,7,premium
104076,Nicodemo Daza,2023-03-28,7,premium
108716,Fernanda de García,2023-02-25,7,premium
109482,Wilfredo Lino Costa Poza,2024-05-24,7,premium
110909,Angelino Guerra Mayo,2023-02-25,7,premium
103942,Carmelita Escudero-Franch,2020-11-14,7,premium
112591,Jeremías Palomares Llopis,2021-01-30,7,premium
111195,Olalla Falcón Asenjo,2023-03-03,7,premium
112480,Ezequiel Adán Benito,2020-09-09,7,premium
113159,Ramiro Pinedo-Mur,2023-05-28,7,premium
103903,Luciana Padilla Echevarría,2021-01-13,7,premium
107713,Lucas Céspedes,2022-02-17,7,premium
108378,Luis Ángel Cid Pedrero,2023-03-18,7,premium
113224,Maristela Castillo,2022-06-08,7,premium
102946,Juan Pablo Canales Valcárcel,2023-07-10,7,premium
102129,Florencio Carvajal Carpio,2023-06-20,7,premium
101731,Rosario Emilio Pineda Quirós,2021-12-07,7,premium
112932,Esther Ugarte Castellanos,2022-07-25,7,premium
106968,Ovidio Peláez Guitart,2022-03-09,7,premium
103129,Atilio Abad Falcón,2020-12-17,7,premium
105946,Asunción Diez Polo,2023-10-15,7,premium
111466,Marciano Nuñez Acedo,2022-12-04,7,premium
113538,Graciana Garriga Álvarez,2020-12-06,7,premium
109103,Evita Javiera Cardona Prado,2023-07-13,7,premium
110940,Imelda Ochoa-Gual,2020-04-14,7,premium
105164,Dorotea Giralt Cortes,2023-05-01,7,premium
104221,Cosme Real Escolano,2022-08-02,7,premium
114401,Adán Fernandez Solano,2022-06-24,7,premium
105959,Alberto Sacristán-Gálvez,2023-06-06,7,premium
112246,Julie Buendía Ordóñez,2021-10-11,7,premium
112246,Julie Buendía Ordóñez,2021-10-11,7,premium
106157,Reina Linares Castañeda,2021-11-15,7,premium
106821,Florina Natalia Quiroga Sureda,2020-09-17,7,premium
113632,Dani del Águila,2021-05-01,7,premium
114472,Quirino Manzanares Martinez,2022-08-18,7,premium
109002,Yéssica Laguna Gárate,2022-04-11,7,premium
109002,Yéssica Laguna Gárate,2022-04-11,7,premium
102215,Jesusa Aparicio Murillo,2021-08-01,7,premium
109354,Hilda Gutiérrez-Pomares,2022-08-31,7,premium
105226,León de Giménez,2022-06-17,7,premium
102989,Adelia Nieto Ferrando,2023-07-07,7,premium
103384,Amador Rozas Correa,2024-06-05,7,premium
102586,Eleuterio Verdejo Peiró,2024-07-10,7,premium
112148,Valentín Roldán-Pera,2021-08-12,7,premium
101624,Soledad Prats-Lladó,2021-06-20,7,premium
100171,Amelia Boix Roldan,2020-08-04,7,premium
102975,Sabina Sotelo-Jimenez,2023-04-07,7,premium
101936,Mireia Medina-Riba,2022-10-20,7,premium
105251,Baudelio de Águila,2020-09-16,7,premium
104016,Nadia Francisca Bonilla Rovira,2021-07-22,7,premium
111338,Isabela Boada-Galindo,2022-08-08,7,premium
109483,Graciana Báez Franch,2021-06-21,7,premium
102271,Pelayo Gomis Pablo,2020-04-30,7,premium
109158,Andrés Benet Grau,2022-10-14,7,premium
113233,Marisela Acedo,2021-03-21,7,premium
101399,Goyo del Guardiola,2023-07-21,7,premium
107815,Fabio Porcel Hernández,2024-02-04,7,premium
111886,Casandra Cuevas-Alemán,2021-01-02,7,premium
102070,Irma Álamo Barriga,2023-08-18,7,premium
104741,Sebastian Tejero Benito,2021-03-02,7,premium
107384,Rosalina Rodriguez Mateu,2020-08-08,7,premium
103446,Encarnación Prieto Águila,2021-08-04,7,premium
109116,Lourdes Coca,2021-10-02,7,premium
113176,Juan Llobet Torre,2020-11-23,7,premium
113885,Tatiana Catalina Hervia Carpio,2023-02-10,7,premium
113885,Tatiana Catalina Hervia Carpio,2023-02-10,7,premium
106632,Lupe Estévez-Pineda,2021-09-13,7,premium
107389,Griselda Roca Carrasco,2020-05-15,7,premium
112518,Rosalía de Pomares,2021-10-22,7,premium
101745,Nilda Puente Urrutia,2021-11-15,7,premium
106701,Jafet Guillén Pou,2023-05-15,7,premium
110931,Calixto Rius,2022-09-23,7,premium
103805,Florina Ferreras Tomás,2023-04-17,7,premium
109465,Marisela del Badía,2023-01-06,7,premium
113438,Pancho Anglada Alegria,2022-07-02,7,premium
114350,Ruben Carmona Díez,2021-01-27,7,premium
114698,Palmira Vall Pastor,2022-02-02,7,premium
113059,Martina Blanca Soria,2022-08-06,7,premium
100961,Jaime Talavera Diaz,2020-06-13,7,premium
108026,Evangelina Narváez Boada,2021-05-18,7,premium
103403,Rosalía Ángela Criado Jerez,2021-10-29,7,premium
107201,Primitivo Beltrán Baños,2021-12-07,7,premium
113960,Renato Ferrera Solé,2023-12-28,7,premium
112925,Lara España Bauzà,2024-02-01,7,premium
102299,Arturo Olivera Alsina,2021-09-22,7,premium
114782,Adela Amor Manzanares,2020-04-04,7,premium
108218,Esteban Diaz Quiroga,2023-03-03,7,premium
104131,Rosa María Bertrán,2023-06-08,7,premium
113730,María Fernanda Barroso Román,2021-02-13,7,premium
113730,María Fernanda Barroso Román,2021-02-13,7,premium
100218,Berto Bermudez,2022-10-12,7,premium
108066,Ágata Pozuelo Isern,2023-07-20,7,premium
110037,Néstor Solana Bermudez,2022-09-04,7,premium
111002,Delfina Segovia Narváez,2022-08-07,7,premium
115216,Gabriela Feijoo Milla,2022-01-11,7,premium
104902,Elena Gomila,2020-10-13,7,premium
104035,Calixto Torrijos Vicens,2021-11-26,7,premium
100466,Íñigo Carlos Villanueva,2024-02-22,7,premium
102020,Francisco Javier del Santamaría,2022-06-25,7,premium
112164,Marciano Uribe,2023-06-21,7,premium
111307,Felicidad Abellán Vidal,2023-02-01,7,premium
108914,Iván de Vazquez,2020-08-13,7,premium
110010,Moisés Bas Quero,2021-09-05,7,premium
112163,Dorotea Sola Heras,2023-06-21,7,premium
109061,Alexandra Blasco,2021-09-11,7,premium
107047,Ibán Porras Jódar,2022-05-20,7,premium
102885,Carmina Bermudez Nadal,2021-02-09,7,premium
100834,Noemí Ricart Ayllón,2020-07-09,7,premium
107533,Albano Jordán Royo Jódar,2021-04-11,7,premium
107503,Rosalía Villar-Bárcena,2021-02-09,7,premium
111881,Ernesto Timoteo Angulo Cobo,2024-05-20,7,premium
101198,María Cristina del Nuñez,2021-03-05,7,premium
107536,Violeta Bermudez Ibarra,2020-12-03,7,premium
101191,Maximiano Alcalde Arco,2023-08-31,7,premium
106072,Roberto de Lara,2020-12-10,7,premium
100377,Adriana Matas Melero,2020-04-14,7,premium
114455,Aitana Alcántara Borrás,2023-02-01,7,premium
102418,Berto Vargas Querol,2021-07-29,7,premium
107804,Rolando Miró Reyes,2024-02-14,7,premium
111066,Anna de Viana,2021-07-30,7,premium
108725,Asunción de Mora,2021-07-05,7,premium
105141,Tomás Ávila Acevedo,2022-01-25,7,premium
101431,Gastón del Álvaro,2022-01-20,7,premium
105400,Guadalupe Barrera Chacón,2022-09-25,7,premium
108128,Petrona Pellicer Jódar,2023-06-27,7,premium
113437,Édgar Viana Prieto,2022-06-21,7,premium
111634,Nicodemo Reig Amador,2024-04-06,7,premium
108632,Ariel Piquer Barragán,2022-07-10,7,premium
101702,Balduino Monreal,2022-07-07,7,premium
100979,Benjamín Duilio Iñiguez Zapata,2023-11-08,7,premium
103705,Ale Arce Donaire,2022-11-21,7,premium
111710,Dorita Molina-Uribe,2023-06-30,7,premium
105447,Juan Francisco Serrano Sandoval,2023-11-01,7,premium
113984,José Alvarado Fábregas,2024-02-15,7,premium
114514,Juan Manuel Aragonés Pomares,2022-07-23,7,premium
114972,Fidel Mateo-Quesada,2020-04-14,7,premium
110069,Casemiro Alcides Montserrat Pera,2023-03-04,7,premium
113620,Buenaventura Portero-Briones,2023-02-05,7,premium
111455,Octavio Trujillo Santos,2020-03-06,7,premium
113155,Concepción Fuente Villa,2023-06-08,7,premium
111503,Adoración Melero-Alberola,2023-05-13,7,premium
103270,María Dolores Guerra,2023-02-03,7,premium
105465,Benigno Jerez Manzano,2021-03-06,7,premium
111168,Sol Manso Alcaraz,2020-08-27,7,premium
102391,Imelda Rosselló Palomo,2024-05-25,7,premium
100335,Antonio del Casanovas,2020-05-20,7,premium
100335,Antonio del Casanovas,2020-05-20,7,premium
109849,Benita Costa Camps,2021-07-06,7,premium
103617,Édgar Aznar Palomares,2022-09-27,7,premium
102478,Buenaventura de Escolano,2023-05-23,7,premium
114834,Guadalupe del Goñi,2022-06-27,7,premium
112951,Jose Luis Tovar Echeverría,2020-07-14,7,premium
113544,Jose Carlos Suárez Redondo,2020-08-16,7,premium
112281,Marcelino Nando Escudero Pedrosa,2021-05-20,7,premium
110975,Amarilis Manso Lumbreras,2021-06-09,7,premium
107521,Prudencia Yéssica Gil Arellano,2023-05-26,7,premium
114194,Jose Miguel de Vaquero,2022-09-24,7,premium
114861,Cruz Mena Torrens,2023-06-13,7,premium
102145,Elvira Pujadas-Benavides,2022-07-21,7,premium
107173,Trinidad Cantón Sanabria,2022-09-03,7,premium
112650,Baudelio Romeu Lucas,2024-05-12,7,premium
103064,Luna Ámbar Roman Catalá,2020-05-09,7,premium
111764,Zaida Noriega Márquez,2024-04-18,7,premium
107965,Lalo de Ribera,2023-10-11,7,premium
104507,Rogelio Bilbao Carnero,2024-05-12,7,premium
111924,Feliciano Beltran-Barreda,2020-06-14,7,premium
110532,Encarnacion Aroca Coloma,2021-08-04,7,premium
102118,Itziar Verdugo,2022-02-26,7,premium
107773,Chus Loreto Nadal Ramos,2024-08-18,7,premium
109060,Griselda Fabra Adán,2024-06-20,7,premium
107960,Noemí Talavera Ferrando,2023-12-18,7,premium
111438,Eusebio Arnau Esteban,2020-06-04,7,premium
102535,Carmina Olivares Abascal,2020-05-25,7,premium
108046,Ignacio Cañete Suárez,2023-08-11,7,premium
112071,Elodia Camino-Barco,2021-07-11,7,premium
106114,Edelmiro Pujadas Hoz,2022-01-11,7,premium
109318,Epifanio Carvajal Barros,2024-08-27,7,premium
113695,Alondra Blazquez Palma,2023-05-11,7,premium
114813,Leonor Rey Agullo,2024-08-13,7,premium
102880,Cruz Ropero Llopis,2022-06-25,7,premium
105621,Íñigo Moles-Cortes,2022-02-18,7,premium
105621,Íñigo Moles-Cortes,2022-02-18,7,premium
109750,Jacinta Alemán Criado,2020-09-03,7,premium
111205,Moreno Piñeiro Nuñez,2021-01-08,7,premium
104677,Maxi Prieto,2023-03-15,7,premium
100876,Pepe Serra,2021-04-26,7,premium
104334,Ariadna Luján-Corominas,2020-08-20,7,premium
104603,Martina Elodia Arregui Gisbert,2023-02-24,7,premium
113306,Albano Néstor Andres Puerta,2022-03-10,7,premium
110388,Felicia Sanmiguel Cabeza,2022-06-01,7,premium
104554,Candela de Verdú,2021-07-01,7,premium
101901,Marc del Posada,2024-03-07,7,premium
101901,Marc del Posada,2024-03-07,7,premium
111721,Guadalupe Padilla,2024-08-11,7,premium
108160,Eustaquio Luján Galán,2022-08-17,7,premium
105791,Jorge Cruz Agudo,2022-02-21,7,premium
108945,Régulo Sebastian Escribano Gallego,2021-05-21,7,premium
112921,Cloe Gisbert-Sáez,2020-04-11,7,premium
106073,Celestino Canales Gomis,2022-04-11,7,premium
105911,Chus Rocamora Morcillo,2021-08-14,7,premium
109116,Lourdes Coca,2021-10-02,7,premium
111066,Anna de Viana,2021-07-30,7,premium
106707,Isa Rueda Montesinos,2023-03-17,7,premium
110207,Cloe Jove Pacheco,2020-09-26,7,premium
115024,Ana Sofía Quintana Duque,2023-11-30,6,regular
115024,Ana Sofía Quintana Duque,2023-11-30,6,regular
113712,Candelaria Ojeda Caballero,2021-03-06,6,regular
104862,Curro Iglesias-Ropero,2020-11-27,6,regular
111962,Miguel Mendoza-Ríos,2021-02-03,6,regular
109076,Fabio Pou Valls,2021-02-23,6,regular
108102,Adolfo Berrocal Castells,2021-03-26,6,regular
105923,Valentín Vicens Sales,2024-01-19,6,regular
106316,Vilma Acero Quesada,2022-01-03,6,regular
104623,Marisela de Lumbreras,2023-05-25,6,regular
112732,Diego Ropero-Ballesteros,2021-02-12,6,regular
103352,Ciríaco Cerdá Carrillo,2024-03-22,6,regular
113649,Noa Mur Santamaria,2024-03-22,6,regular
112770,Jafet Vicente Posada,2022-10-17,6,regular
114598,Plinio Godoy-Polo,2020-06-20,6,regular
107304,Anastasio Esteban Valera Salas,2024-04-03,6,regular
100896,Amador Quintanilla Ángel,2023-11-19,6,regular
107437,Evaristo Leal Tomas,2023-09-20,6,regular
103502,Jessica de Anguita,2022-09-01,6,regular
110370,Remedios Caparrós Gracia,2020-03-11,6,regular
110736,Cebrián Soria Agudo,2022-04-28,6,regular
110736,Cebrián Soria Agudo,2022-04-28,6,regular
101011,Gilberto Abril Ropero,2024-01-08,6,regular
100737,Pacífica Ramón Abad,2022-02-21,6,regular
112125,Pancho Gimenez Llanos,2020-06-24,6,regular
112226,Albino Briones Huguet,2021-10-17,6,regular
107999,Paz Arribas Arana,2021-09-02,6,regular
109625,Albano Castell Segovia,2020-04-25,6,regular
103661,Ascensión del Báez,2021-09-17,6,regular
106693,Antonia Tirado Pagès,2020-06-25,6,regular
106149,Mohamed del Goñi,2020-12-03,6,regular
104936,Donato Rosselló Flores,2020-10-31,6,regular
102361,Leonor de Rivera,2022-01-11,6,regular
108240,Ángel Vives Ramis,2022-10-22,6,regular
106858,Maura Hernando Marqués,2021-11-25,6,regular
110644,Roberta Quevedo Cepeda,2020-09-07,6,regular
100252,Horacio Martorell Mir,2023-07-04,6,regular
101625,Haydée Arrieta Llano,2022-02-13,6,regular
114650,Apolinar Cervantes Mancebo,2022-09-20,6,regular
103602,Saturnino del Solera,2021-03-01,6,regular
104975,Cesar Carrión Amador,2021-01-01,6,regular
111434,Anastasio Benavides,2022-03-26,6,regular
110939,Marcos Abad Ribas,2023-07-27,6,regular
112987,Fortunata López Ariño,2024-03-26,6,regular
105340,Domitila Ripoll,2022-02-02,6,regular
102472,Román Escobar Lluch,2022-09-16,6,regular
108778,Jacinto Marcos Posada Aguilar,2024-02-25,6,regular
100908,Manuela Robles Blanco,2022-05-16,6,regular
109842,Eligia Flores,2022-04-30,6,regular
114088,Manuel Carvajal Reina,2020-10-04,6,regular
108747,Iker Jerez-Aller,2023-01-06,6,regular
114323,Rosalinda Puente-Galván,2024-05-22,6,regular
107413,Nazaret Macarena Borja Mesa,2020-09-07,6,regular
101808,Bautista del Pinilla,2022-09-28,6,regular
114200,Ileana Puerta,2021-08-07,6,regular
105268,Rosendo Neira Morata,2023-09-03,6,regular
107253,Luis Miguel Mayoral Guardiola,2020-12-17,6,regular
112833,Custodia Garmendia Sureda,2020-03-30,6,regular
107181,Macaria Barrera Cuéllar,2024-02-03,6,regular
107924,Odalis Vera Sánchez,2024-02-20,6,regular
106751,Aura Tejedor Perelló,2021-02-20,6,regular
114171,Alicia del Sabater,2020-09-30,6,regular
102251,Sabas Pagès Sandoval,2024-03-30,6,regular
109951,Celia Quevedo Castilla,2024-04-02,6,regular
104342,Amaya Lasa Pastor,2024-01-14,6,regular
110847,Fanny Espada Almazán,2022-02-28,6,regular
109728,Nacho Cantón Torrens,2023-06-03,6,regular
114599,Joaquina Perelló Perelló,2020-07-24,6,regular
107101,Donato Benet Piñeiro,2020-10-26,6,regular
101091,Marina Clavero González,2020-03-08,6,regular
107875,Daniel Valbuena Belda,2020-05-21,6,regular
104112,José María Milla Porcel,2024-04-03,6,regular
113322,Saturnino Amores Mur,2024-06-28,6,regular
110758,Marco Lorenzo Lago,2023-03-17,6,regular
110758,Marco Lorenzo Lago,2023-03-17,6,regular
107650,Mateo Ramos,2020-07-16,6,regular
108293,Elba Olivé,2020-10-01,6,regular
100294,Andrés Felipe Palomino Arenas,2022-02-06,6,regular
100287,Candelas Calvo Santos,2022-09-17,6,regular
110842,Julia Matilde Girón Mateo,2024-03-20,6,regular
111620,Rosendo Marqués Martinez,2021-05-01,6,regular
100492,Elpidio Bernad Barba,2022-12-19,6,regular
107540,Epifanio Duarte Palma,2022-03-31,6,regular
111343,Francisco Jose Rosales Querol,2021-07-29,6,regular
110876,Ámbar del Torrents,2024-08-05,6,regular
106635,Fabiana del Gargallo,2022-10-09,6,regular
100305,Albina Alcaraz Navas,2020-12-09,6,regular
107554,Visitación Morera Águila,2023-06-01,6,regular
100759,Viviana Porta Roca,2020-07-22,6,regular
112573,Herminia Gracia Gámez,2022-10-01,6,regular
110306,Adora Aguado Bueno,2022-10-08,6,regular
103823,Cristian Saldaña,2023-06-14,6,regular
115201,Nydia Martorell Campos,2022-09-11,6,regular
102155,Oriana Barreda Gimeno,2024-04-13,6,regular
110418,Borja Costa Ródenas,2021-11-23,6,regular
102088,Rico Montserrat,2024-05-25,6,regular
112385,Mamen del Rosado,2021-11-02,6,regular
113668,Salvador Juárez,2020-11-13,6,regular
111045,Leticia Martín Lorenzo,2023-02-08,6,regular
109397,Narciso Barros Carretero,2021-01-18,6,regular
113355,Brígida Cantero Moliner,2024-03-07,6,regular
106012,Adelia Mate Portero,2020-11-24,6,regular
109539,Faustino del Cortes,2022-08-24,6,regular
114615,Eligio Omar Carnero Feliu,2020-04-26,6,regular
110433,Ulises Frías Trujillo,2021-05-23,6,regular
107931,Ascensión Pera Perelló,2021-07-07,6,regular
109836,Aitor Valle Gallego,2022-02-24,6,regular
106731,Sandra Oliver Lluch,2021-06-20,6,regular
101699,Adela Marta Noguera Lillo,2023-07-03,6,regular
113650,Clara Arco,2024-02-11,6,regular
111443,Yago Ríos,2021-10-31,6,regular
109717,Noelia Bello-Iglesia,2024-03-17,6,regular
105643,Severo Piñeiro Coello,2024-01-21,6,regular
108986,Rogelio Medina,2022-01-26,6,regular
112269,Leire Merino,2023-11-11,6,regular
101412,Manuel Cortes-Rozas,2022-06-27,6,regular
106018,Maribel Febe Azcona Ávila,2022-02-16,6,regular
106018,Maribel Febe Azcona Ávila,2022-02-16,6,regular
102930,Vasco del Cobo,2022-09-30,6,regular
101311,Rolando Cerdán Chaves,2021-05-05,6,regular
103107,Ciro Ferrera Morante,2021-12-03,6,regular
113954,Lucio Salazar Nicolau,2023-04-29,6,regular
106085,Baudelio Tejero Valenciano,2023-09-14,6,regular
113413,Purificación Guerrero Gual,2023-05-03,6,regular
111805,Regina Saez,2021-09-30,6,regular
109420,Gertrudis Girona-Aramburu,2024-03-01,6,regular
104744,Paulino Lobo Rosa,2021-03-23,6,regular
102808,Lino Sanabria Cañizares,2023-07-17,6,regular
108594,Eloy Marcial Dalmau Cordero,2021-07-18,6,regular
107285,Julieta Real-Rivas,2024-08-06,6,regular
107285,Julieta Real-Rivas,2024-08-06,6,regular
100534,Encarnación Amorós Perera,2020-03-15,6,regular
105971,Angelina Briones Morales,2020-08-15,6,regular
103614,Aroa Crespo Tejada,2023-09-22,6,regular
102817,Martina Méndez Antón,2022-06-20,6,regular
108029,Bárbara Guardiola-Crespo,2023-09-10,6,regular
111832,Eutimio Rivero-Moya,2020-03-01,6,regular
108772,Guadalupe de Rey,2021-01-20,6,regular
111624,Berta Llano Molina,2020-06-17,6,regular
109057,Aura Macías Ribera,2020-06-24,6,regular
109057,Aura Macías Ribera,2020-06-24,6,regular
105328,Graciela Téllez Morcillo,2021-11-18,6,regular
107717,Alma Silva,2021-08-11,6,regular
106024,Maximiano del Ferrán,2021-08-14,6,regular
107477,Ruben Ariño Sobrino,2021-03-20,6,regular
101963,Vito Sacristán-Asensio,2020-05-12,6,regular
103462,Jorge del Vicente,2023-04-28,6,regular
105613,Rafaela Pareja,2022-11-12,6,regular
105772,Eloy Arellano Lloret,2023-07-24,6,regular
113803,Estrella Ramírez Amo,2021-04-30,6,regular
113386,Sabas Baquero Santiago,2022-01-04,6,regular
102082,Andrea Barriga Barros,2021-10-14,6,regular
104157,Violeta Arjona Salinas,2021-12-21,6,regular
110982,Jose Ramón Arias Pavón,2020-12-01,6,regular
104032,Maricela Casas Villanueva,2023-10-24,6,regular
108750,Ramona Cantón,2024-05-23,6,regular
112882,Ildefonso José Luis Mariño Andres,2022-08-28,6,regular
108009,Alejandra Florinda Roman Bermejo,2024-03-01,6,regular
114408,Aristides Gimenez Mata,2021-09-06,6,regular
108935,Plácido Paz Calvet,2024-03-22,6,regular
104534,Albino Carranza Castell,2023-05-06,6,regular
115029,Bernarda Iniesta Sola,2022-08-17,6,regular
106054,Adriana Rey-Bosch,2022-03-31,6,regular
106054,Adriana Rey-Bosch,2022-03-31,6,regular
104099,Juan Luis Armas Grande,2021-06-08,6,regular
112365,Melchor Llorens Calvet,2022-07-29,6,regular
112864,Claudio Quero Aragón,2024-01-19,6,regular
101714,Primitiva Esteve Reyes,2024-02-27,6,regular
108890,Visitación Tur Agustí,2024-05-11,6,regular
109003,Lilia Rozas Crespo,2021-06-08,6,regular
101218,Leonel Abilio Bello Múgica,2021-11-24,6,regular
107855,Manolo Amando Giménez Echeverría,2021-10-18,6,regular
102120,Ariel Edelmira Iborra Pedraza,2023-02-21,6,regular
106093,Eva María Amo Miralles,2023-06-17,6,regular
110775,Virgilio Falcón Ledesma,2022-08-31,6,regular
106499,Vera Palacios,2022-01-11,6,regular
100062,Camila Baeza Cadenas,2021-07-26,6,regular
100062,Camila Baeza Cadenas,2021-07-26,6,regular
102228,Bruno Figueroa Pineda,2023-08-14,6,regular
109958,Tecla Baeza-Arnal,2020-03-21,6,regular
112989,Nydia Carrillo Carrera,2024-02-10,6,regular
106498,Lucho Chamorro España,2021-11-04,6,regular
104886,Sebastian Colom-Romero,2023-04-06,6,regular
114189,Lucio Casals Ferreras,2022-10-09,6,regular
106910,Verónica Milla-Borrego,2024-04-07,6,regular
108041,Daniel Perez Tenorio,2021-06-24,6,regular
110639,Paco Cámara Bellido,2024-04-30,6,regular
102770,Ascensión Cuervo Losa,2024-06-15,6,regular
108540,Herminia Ayuso Ángel,2022-05-01,6,regular
107703,Aurora Varela Gargallo,2023-02-19,6,regular
113696,Manolo Bautista Sevillano,2023-11-20,6,regular
107086,Valentín Ramírez Díaz,2021-02-27,6,regular
107235,Fanny Pi Campillo,2024-08-11,6,regular
110008,Apolinar Sebastián,2023-05-20,6,regular
111626,Jorge Zamorano Casanovas,2020-11-29,6,regular
114745,Amelia Carbó Palomares,2021-07-21,6,regular
109282,Ana Belén Benavente Cerro,2020-09-02,6,regular
111214,Flavio Ayala-Ripoll,2024-05-21,6,regular
114153,Rosalinda Consuelo Cardona Meléndez,2022-12-21,6,regular
112899,Piedad Arnaiz,2024-03-30,6,regular
100378,Francisca López Ruiz,2021-07-19,6,regular
101744,Jimena Carreño Morante,2020-08-19,6,regular
110626,Román Martí-Larrea,2020-08-10,6,regular
114976,Eloy del Pol,2020-07-17,6,regular
104978,Albina Cuervo Galvez,2020-04-08,6,regular
112755,Amparo Seco Alvarez,2021-01-16,6,regular
113024,Héctor Peña-Baños,2021-12-26,6,regular
103214,José María Borja Infante Aller,2021-07-03,6,regular
101254,Dora González-Abril,2020-05-25,6,regular
114478,Hector Arce Coloma,2021-03-11,6,regular
113112,Blanca Manrique Pellicer,2023-04-14,6,regular
110442,Remigio Vicens Ibarra,2021-01-30,6,regular
100168,Esmeralda Morán,2023-01-21,6,regular
108608,Asunción Carrera Barceló,2022-03-08,6,regular
110523,Nacio Priego Echevarría,2022-01-16,6,regular
106960,Teodoro Osuna,2022-11-13,6,regular
107039,Hortensia del Jódar,2022-12-01,6,regular
114767,Anastasia Ruiz Ortuño,2021-08-07,6,regular
107146,Rocío Medina Boix,2022-09-29,6,regular
101833,Fernanda Arias Alcalde,2022-03-29,6,regular
101833,Fernanda Arias Alcalde,2022-03-29,6,regular
108628,Constanza Gilabert Padilla,2021-10-31,6,regular
103624,Marcela Pol,2024-06-28,6,regular
100016,Juan Manuel Llobet Madrid,2023-08-30,6,regular
104630,Purificación Menendez Peláez,2023-08-05,6,regular
111601,Yéssica Blazquez-Ordóñez,2020-12-30,6,regular
113175,Matías Navas Ortega,2021-05-25,6,regular
110098,Rosaura Hernandez Amores,2021-12-02,6,regular
110098,Rosaura Hernandez Amores,2021-12-02,6,regular
101484,Jerónimo Peral Ruano,2021-11-12,6,regular
115073,Mireia Beltran-Salcedo,2022-10-24,6,regular
108401,Lázaro Naranjo Expósito,2022-09-05,6,regular
111767,Anselmo Chaparro Mariño,2023-09-29,6,regular
108060,Jesús Redondo Luz,2022-02-08,6,regular
111435,Jordán Gárate-Lopez,2020-03-14,6,regular
103290,Osvaldo del Cañellas,2021-03-28,6,regular
111680,Mamen Planas,2023-04-11,6,regular
101352,Bonifacio Paniagua-Gárate,2021-08-24,6,regular
112948,Cándido Cazorla Girona,2024-07-07,6,regular
107531,Carlota Soler Mateos,2022-03-05,6,regular
101176,Eduardo de Sureda,2024-07-25,6,regular
104851,Nerea Miguela Bello Puerta,2022-01-10,6,regular
111797,Zoraida Guzmán Alcaraz,2020-11-26,6,regular
110402,Margarita Manrique Verdú,2022-10-28,6,regular
110988,Joaquina Ramos Jimenez,2024-04-18,6,regular
112865,Desiderio Gámez Lerma,2020-08-10,6,regular
110241,Adalberto Vidal Gargallo,2020-07-03,6,regular
101724,Natalio de Oliva,2020-05-14,6,regular
103837,Emiliana Menéndez Grau,2021-09-27,6,regular
106291,Cayetano Segarra,2023-02-22,6,regular
103313,Jafet Río Arias,2024-06-19,6,regular
105737,Mauricio Perea Ayllón,2020-04-20,6,regular
100112,Edu Tejada Guerrero,2020-12-29,6,regular
109741,Arsenio Feijoo Salmerón,2020-04-27,6,regular
101409,Amaro Somoza Carrillo,2024-05-18,6,regular
111061,Eliana Fiol Simó,2021-04-30,6,regular
102910,Asunción Orozco Palma,2021-05-29,6,regular
103423,Lucila Nogueira Riera,2021-12-27,6,regular
102367,Carolina Cifuentes Ibañez,2021-01-13,6,regular
105891,Narciso del Valdés,2023-10-11,6,regular
103706,Nélida Calderón-Sáenz,2022-07-18,6,regular
100217,Sebastián Castro Alemany,2024-01-30,6,regular
108639,Begoña Oriana Terrón Cuadrado,2021-05-17,6,regular
108639,Begoña Oriana Terrón Cuadrado,2021-05-17,6,regular
113363,Ruperto Francisco Chacón Chaves,2024-05-15,6,regular
106881,Lázaro Alemany-Palomares,2021-04-28,6,regular
108425,Virginia de Vara,2024-04-07,6,regular
104951,Quirino Puga Mínguez,2023-05-24,6,regular
101458,Dominga Concha Sastre Ruiz,2021-06-20,6,regular
108127,María Carmen Reina Vara,2021-08-08,6,regular
114328,Pedro Bastida Manjón,2021-12-11,6,regular
114328,Pedro Bastida Manjón,2021-12-11,6,regular
105503,Inés Estevez,2021-08-17,6,regular
110695,Jesusa Julia Cabañas Llamas,2023-05-28,6,regular
110695,Jesusa Julia Cabañas Llamas,2023-05-28,6,regular
107683,Candelas Prats Santamaría,2020-07-27,6,regular
101881,Hernando del Anguita,2023-08-05,6,regular
109322,Rosario Batalla Villa,2020-11-29,6,regular
114072,Epifanio Ayuso Nevado,2021-03-31,6,regular
106138,Emperatriz Alegria Sala,2022-01-08,6,regular
110985,Vera Calderon Pallarès,2020-07-04,6,regular
109998,Victor Manuel Ureña Almeida,2024-02-14,6,regular
107093,Maricela Tomé-Revilla,2023-05-06,6,regular
109579,Inés Coca Cabanillas,2021-05-16,6,regular
104227,Olegario Bernardino Camacho Valbuena,2024-07-27,6,regular
102895,Benito Valverde Luque,2021-07-13,6,regular
103796,Luís del Ugarte,2021-09-03,6,regular
114246,Gustavo Navarro,2023-12-04,6,regular
114458,Ligia Lledó Urrutia,2023-03-05,6,regular
107634,Anabel Ariño Peinado,2021-05-27,6,regular
111950,Alba Rivero Segarra,2020-03-19,6,regular
111950,Alba Rivero Segarra,2020-03-19,6,regular
101316,Venceslás Puente Prats,2021-02-25,6,regular
109862,Marianela Núñez Arnal,2023-09-15,6,regular
114072,Epifanio Ayuso Nevado,2021-03-31,6,regular
103614,Aroa Crespo Tejada,2023-09-22,6,regular
100896,Amador Quintanilla Ángel,2023-11-19,6,regular
109397,Narciso Barros Carretero,2021-01-18,6,regular
111601,Yéssica Blazquez-Ordóñez,2020-12-30,6,regular
111075,José Manuel Montesinos Castells,2021-04-10,5,regular
104795,Horacio Belmonte Garrido,2022-06-04,5,regular
105750,Teo Cuadrado Cuéllar,2024-08-25,5,regular
102928,Isaías Valderrama Domingo,2023-06-22,5,regular
111500,Saturnino Contreras-Bernat,2020-12-05,5,regular
109293,Diego Peñalver-Calvet,2022-02-14,5,regular
100567,Fernando Palacio Tolosa,2022-01-23,5,regular
114480,Cristóbal del Exposito,2024-02-20,5,regular
111752,Rosa Rius-Miguel,2022-03-13,5,regular
110655,Dorita Navas Guerra,2021-09-05,5,regular
109001,Cayetana Durán,2020-08-18,5,regular
102474,Juan Francisco Ródenas Escamilla,2020-04-26,5,regular
107746,Román Hervás,2020-06-19,5,regular
100128,Blas Zurita Donaire,2023-12-07,5,regular
100151,Desiderio Josué Llorens Barrio,2023-03-10,5,regular
102933,Valentina Cabanillas Zaragoza,2021-07-29,5,regular
109339,Pilar Carrera Tormo,2022-03-23,5,regular
101271,María Manuela Rincón Ribes,2022-03-23,5,regular
105509,Salomé Carreras-Barral,2020-08-08,5,regular
102797,Ángela Naranjo Alvarez,2021-06-30,5,regular
100103,Inés Domingo Acuña,2023-04-07,5,regular
113549,Leopoldo David Sánchez Pazos,2023-12-24,5,regular
105029,Beatriz Vidal-Franco,2021-03-24,5,regular
107720,Rufina Gimeno Pablo,2023-08-04,5,regular
105285,Néstor de Adadia,2023-03-29,5,regular
110064,Dorita Galan Landa,2021-05-04,5,regular
102158,Saturnina Cases Salmerón,2022-12-21,5,regular
108664,Celia Velasco Diaz,2023-06-27,5,regular
107075,Osvaldo Francisco Alcolea Gámez,2021-03-09,5,regular
112697,Luisa Morell Vega,2023-01-21,5,regular
114418,Leandra Real Carrillo,2020-03-21,5,regular
103577,Arsenio Pavón Rozas,2020-11-04,5,regular
115207,Marianela Landa,2020-03-10,5,regular
104885,Reyes de Carranza,2023-11-10,5,regular
102814,Paloma Roig Molina,2021-02-09,5,regular
109331,Alfonso de Andres,2022-05-23,5,regular
113484,Calixto del Carballo,2021-08-23,5,regular
111903,Pepe del Suarez,2022-12-23,5,regular
101663,Lucas de Guzmán,2020-03-14,5,regular
101663,Lucas de Guzmán,2020-03-14,5,regular
102445,Anna Rosado Guillén,2021-12-14,5,regular
112587,Melisa Macarena Lillo Ibáñez,2021-06-16,5,regular
110697,Bernardino Marquez Pelayo,2022-09-27,5,regular
108917,Concha Santiago Escamilla,2022-04-09,5,regular
108820,Cayetana Quiroga-Gordillo,2020-06-19,5,regular
102560,Alfredo del Pujol,2021-07-29,5,regular
112449,Mariano Prieto Marin,2024-06-10,5,regular
111821,Joaquín Jerez-Mata,2020-11-22,5,regular
110743,Gustavo Rosselló Mena,2022-02-18,5,regular
100358,Noelia Capdevila Téllez,2022-01-31,5,regular
103106,Javiera del Álvaro,2021-05-23,5,regular
103106,Javiera del Álvaro,2021-05-23,5,regular
112503,Aureliano Rico Mas Domingo,2023-05-07,5,regular
110634,Chita Berrocal Pareja,2024-03-11,5,regular
103234,Ana Belén de Falcó,2021-02-06,5,regular
110650,Pepita Vendrell,2023-03-26,5,regular
112828,Juan Posada Arnaiz,2023-05-27,5,regular
108763,Francisco Javier Carvajal Feijoo,2023-10-15,5,regular
108763,Francisco Javier Carvajal Feijoo,2023-10-15,5,regular
104013,Román Colom Miralles,2021-01-21,5,regular
102237,Dora Alcaraz Caro,2023-06-10,5,regular
105837,Roldán Sebastián Abascal Iborra,2021-01-15,5,regular
108362,Lalo del Conde,2023-01-07,5,regular
111801,Angélica Saavedra,2021-08-18,5,regular
112996,Cándido Estrada Rosales,2020-06-17,5,regular
103775,Lope Ballesteros-Llorens,2024-02-13,5,regular
111766,Herminia Tejedor Herrera,2024-03-02,5,regular
105118,Curro Chamorro-Alarcón,2023-06-03,5,regular
107052,Vito de Benito,2023-09-05,5,regular
106336,Gala Martinez Castro,2022-09-03,5,regular
112868,Rolando Zapata Hernandez,2024-08-26,5,regular
105227,José María Varela,2020-05-06,5,regular
102086,María Verdejo Báez,2020-07-09,5,regular
108006,Leocadia Villanueva Ávila,2020-07-08,5,regular
111891,Hortensia Calatayud Benítez,2023-02-11,5,regular
103951,Marcos Borrego Larrañaga,2021-06-22,5,regular
100032,Buenaventura Ciro Miranda Sanmartín,2021-08-01,5,regular
106533,Venceslás Cuéllar Torres,2020-06-02,5,regular
106726,Lisandro Bruno Marín Romeu,2020-05-13,5,regular
110204,Abel Amo Cerdá,2021-07-14,5,regular
100051,Jesús Eligio Carretero Botella,2021-12-06,5,regular
110543,Teófila Gutierrez,2020-03-13,5,regular
112168,Felicia Pino,2024-01-05,5,regular
108311,Cayetano Saura-Roda,2023-07-09,5,regular
110935,Selena Font Carbó,2024-07-06,5,regular
109025,Marcio Tena Blasco,2021-05-30,5,regular
100001,Reinaldo Mancebo Arcos,2023-07-17,5,regular
110133,Ambrosio Pizarro Izquierdo,2024-02-15,5,regular
110723,Trini Canals-Salvà,2022-12-25,5,regular
100625,Mónica Miranda Espejo,2022-12-11,5,regular
107272,Lope Federico Vicente Arellano,2023-05-29,5,regular
107403,Pastora Rosalinda Tovar Arranz,2020-11-11,5,regular
112229,Octavio Fermín Molina Samper,2023-08-10,5,regular
100327,Pancho Prada,2022-07-28,5,regular
103442,Ciro de Cervantes,2021-02-13,5,regular
105295,Pedro Linares-Vigil,2022-05-17,5,regular
101419,Jorge Robledo Pol,2023-04-29,5,regular
100276,Hector Casado Chaves,2020-10-04,5,regular
107342,Rita Madrid Solsona,2020-09-29,5,regular
102096,Ernesto Benito Seguí,2021-10-15,5,regular
110144,Raúl Badía Goicoechea,2023-04-02,5,regular
109294,Victoriano Roura Pozo,2024-06-17,5,regular
110473,María José Domingo Amor,2023-05-20,5,regular
106106,Rómulo Zamorano Manjón,2023-11-01,5,regular
109040,Custodio Fermín Solana Casado,2022-04-08,5,regular
106334,Raquel de Belda,2020-08-15,5,regular
107653,Severiano Guerrero Haro,2022-10-17,5,regular
108263,Guiomar Acedo Marqués,2022-05-11,5,regular
100564,Adora Mena Cuadrado,2022-01-02,5,regular
104070,Claudia Perelló Milla,2021-08-07,5,regular
114096,Isidro Benigno Sotelo Rosado,2021-07-23,5,regular
103269,Santiago Balduino Jurado Jódar,2021-05-10,5,regular
101079,Aurelio María Maestre Mur,2020-10-13,5,regular
103503,Aroa Núñez Solano,2020-03-26,5,regular
113138,Rosario Huguet Mendez,2020-07-08,5,regular
112370,Máxima Carmina Buendía Jaume,2024-01-04,5,regular
109835,Roberta Mayo Carranza,2022-01-05,5,regular
109835,Roberta Mayo Carranza,2022-01-05,5,regular
111029,Raimundo del Barros,2021-02-08,5,regular
107048,Edu del Gonzalo,2021-12-17,5,regular
112944,Eduardo Emilio Canals Ruano,2022-03-23,5,regular
105904,Eustaquio Borrego Escalona,2023-06-01,5,regular
108032,Raquel Agustín Barba,2023-09-23,5,regular
111051,Clara Ruano,2020-04-17,5,regular
111724,Eliana Pont-Montoya,2021-02-17,5,regular
111238,Óscar Atienza Oller,2020-04-22,5,regular
104402,Guillermo Mur Juan,2021-03-24,5,regular
105624,Cristóbal Mosquera-Dávila,2022-04-06,5,regular
111946,Adelaida del Ribas,2020-04-01,5,regular
108109,Bartolomé Torrent-Sarabia,2021-01-07,5,regular
104468,Saturnina del Cabezas,2020-12-19,5,regular
113012,Rómulo Mosquera-Hoz,2020-07-24,5,regular
102216,Alejandra Quiroga-Montero,2020-11-20,5,regular
102326,Basilio Marín Pulido,2021-03-15,5,regular
106699,Emilio Ariño Arcos,2024-05-16,5,regular
112167,María Cristina Roxana Serrano Lucas,2020-12-04,5,regular
109458,Flora Moll Mancebo,2020-10-24,5,regular
112703,Herminio Carro Figueroa,2023-05-25,5,regular
106927,Jaime Camilo Segarra Pedrero,2024-03-30,5,regular
100300,María Del Carmen Huerta Zaragoza,2020-09-15,5,regular
104966,Pelayo Lucas Plaza,2023-08-02,5,regular
112666,Dulce Martina Melero Martinez,2023-05-18,5,regular
113642,Porfirio Aguilar,2024-04-03,5,regular
101784,Curro Castells Portillo,2022-01-03,5,regular
110101,Itziar Cáceres Gómez,2021-02-21,5,regular
113142,Lisandro Español-Rosell,2021-08-12,5,regular
114963,Isidora Arnaiz Amores,2021-05-10,5,regular
113893,Rafael Cleto Sedano Zurita,2020-04-26,5,regular
100334,Heraclio Sastre Blanco,2022-05-19,5,regular
102287,Hernán Jara Falcó,2021-04-24,5,regular
113090,Almudena Giralt Torrents,2024-03-14,5,regular
103533,Febe Amaya Rios Hierro,2023-02-16,5,regular
109140,Violeta Cabo Mata,2022-01-12,5,regular
109479,Sabina Rincón Ballester,2022-01-03,5,regular
105909,Leandra de Borrell,2023-10-08,5,regular
107613,Encarnacion Sabater Guijarro,2021-02-04,5,regular
113883,Mateo Font Malo,2022-06-20,5,regular
103323,Isaías Bilbao,2023-10-10,5,regular
109840,Rosenda Peralta,2021-01-12,5,regular
106393,Felicia Viña Pujol,2024-08-22,5,regular
111813,Albano Amaro Cabello Olmo,2024-06-19,5,regular
108297,Isabel Rincón Ribera,2024-01-14,5,regular
114126,Andrés Felipe Farré Girona,2021-12-22,5,regular
106609,Alicia Vicente Barroso,2022-07-05,5,regular
111441,Carlito Roura Nuñez,2022-09-10,5,regular
113573,Gabriel Arévalo,2022-09-23,5,regular
107802,Paz Cabanillas Ángel,2022-03-20,5,regular
105107,Apolinar Linares Cortés,2022-03-26,5,regular
102076,Édgar Jaén Pareja,2021-08-31,5,regular
113361,Nuria Ugarte Prada,2020-09-10,5,regular
103092,Epifanio Cortes Aragonés,2024-04-06,5,regular
109069,Jose Manuel Cuenca Bayona,2023-06-05,5,regular
109069,Jose Manuel Cuenca Bayona,2023-06-05,5,regular
109946,Leocadia Pedrero,2024-01-28,5,regular
103577,Arsenio Pavón Rozas,2020-11-04,5,regular
112666,Dulce Martina Melero Martinez,2023-05-18,5,regular
111821,Joaquín Jerez-Mata,2020-11-22,5,regular
104795,Horacio Belmonte Garrido,2022-06-04,5,regular
109835,Roberta Mayo Carranza,2022-01-05,5,regular
109835,Roberta Mayo Carranza,2022-01-05,5,regular
102326,Basilio Marín Pulido,2021-03-15,5,regular
103485,Zoraida Hervás Ferrando,2020-07-17,4,regular
102089,Aura de Galván,2023-01-19,4,regular
115239,Heriberto Escrivá Nieto,2021-03-01,4,regular
107701,Clotilde Calleja Rincón,2024-06-12,4,regular
114242,Ciriaco Ramos Pascual,2022-09-16,4,regular
101740,Joan González,2023-01-04,4,regular
107150,Marisa Arroyo Sastre,2020-09-24,4,regular
108294,Julia Viana Gallardo,2022-09-22,4,regular
109030,Ramona Osorio Perera,2024-01-17,4,regular
113152,Miguel Ángel Fabio Abril Arjona,2023-06-21,4,regular
106197,Gloria Collado Nadal,2023-08-20,4,regular
106562,Ricardo Chaves Vall,2021-04-15,4,regular
100197,Óscar Echeverría Cruz,2020-07-13,4,regular
101124,Virginia Jerez Seco,2022-09-28,4,regular
108361,Reyes Hernando,2023-10-31,4,regular
109295,Rufina del Hernández,2024-04-04,4,regular
102849,Felicidad Bello-Céspedes,2020-12-15,4,regular
105806,Baltasar Agustí Verdugo,2022-06-19,4,regular
103099,Juanita del Ojeda,2023-07-03,4,regular
111268,Eligio Antonio Roda Fiol,2024-07-08,4,regular
105364,Sergio Jaume Gascón,2022-03-26,4,regular
102752,Jordi Vilalta Rodríguez,2020-07-02,4,regular
108757,José Mari Severino Sans Solís,2020-09-16,4,regular
105324,Casemiro Gonzalo Castañeda,2023-05-05,4,regular
100102,Edgardo Cabello Figueroa,2022-08-21,4,regular
107460,Ernesto Sainz,2024-05-30,4,regular
114010,José Luis Diego Abellán,2022-08-03,4,regular
114819,Ximena del Colomer,2023-04-25,4,regular
115159,Maxi Marí Segura,2024-08-26,4,regular
103088,Angelino Nicolau Buendía,2023-05-26,4,regular
114847,Fulgencio Fernandez Garcia,2020-12-19,4,regular
113464,Luis Ángel Jose Ramón Durán Cánovas,2020-11-10,4,regular
110480,Adora Alcolea Quintana,2023-03-23,4,regular
101890,Estefanía España Lucena,2023-05-16,4,regular
114691,Jesús Recio Morán,2022-04-25,4,regular
110166,Pepita Narváez Llano,2024-02-13,4,regular
114586,Maricela Pedrosa Alvarez,2021-09-28,4,regular
115148,Aroa Escrivá Domínguez,2022-12-21,4,regular
112620,Noemí Leon Mulet,2023-12-25,4,regular
112816,José Manuel León,2020-10-13,4,regular
110468,Angelino Ballester Bermúdez,2023-01-21,4,regular
114003,Ciro Galvez Pastor,2022-06-14,4,regular
106389,Poncio Madrid Peinado,2021-10-24,4,regular
102320,Galo Hervia Llano,2021-06-21,4,regular
110047,Roldán Florentino Cámara Jiménez,2021-06-26,4,regular
106077,Lucio Morales Pons,2020-07-09,4,regular
102035,Juanita del Ballesteros,2024-01-29,4,regular
104465,Sabas Tur Pardo,2021-05-06,4,regular
114372,Urbano Mínguez Salamanca,2022-12-13,4,regular
110859,Pancho Criado Peralta,2021-08-07,4,regular
100750,Ramona Fábregas Herrero,2023-12-31,4,regular
101618,María Belén Herrera Pareja,2021-06-03,4,regular
103866,Daniel Villanueva Nicolás,2022-07-06,4,regular
113955,Florentino Pío Yuste Gallo,2020-04-25,4,regular
110968,Yaiza Francisco Salas,2022-06-05,4,regular
102454,Victoriano Andrade Barros,2021-07-03,4,regular
108794,Dafne Llopis-Coca,2024-01-05,4,regular
114265,Lupita Barreda Prats,2021-12-11,4,regular
101027,Augusto Salcedo,2022-08-26,4,regular
109238,Bernardino Pinedo Alberdi,2023-01-01,4,regular
110303,Lina Cárdenas Barbero,2021-05-04,4,regular
103981,Vanesa Guzman,2022-11-13,4,regular
100178,Calixto Torrecilla Rueda,2020-10-09,4,regular
105717,Modesto Vasco Arcos Morell,2024-06-02,4,regular
113553,Lalo Sancho Oliva,2021-01-19,4,regular
106113,Milagros del Sevillano,2022-07-06,4,regular
102451,Filomena Anunciación Bolaños Figuerola,2022-05-12,4,regular
113129,Aitor Bello Valenzuela,2021-09-12,4,regular
103464,Celso Barrena,2024-08-04,4,regular
111396,Odalys Herranz Cordero,2023-09-15,4,regular
105787,Manolo Ponce Sanjuan,2020-06-13,4,regular
108130,Selena Aguiló Roman,2022-02-19,4,regular
109433,Macarena Rivero-Guillen,2020-05-06,4,regular
105747,Matilde Otero Domingo,2020-05-06,4,regular
100697,Armando Pascual Gallo,2022-03-04,4,regular
108775,Felipe Barrena Méndez,2020-12-01,4,regular
100185,Nicolasa Escolano Millán,2021-10-27,4,regular
106349,Ernesto Solé Sarmiento,2022-05-06,4,regular
109412,Rosario Sotelo Puga,2020-06-02,4,regular
111593,Calixta Verdejo-Company,2023-07-22,4,regular
109246,Jennifer Sala-Baró,2022-12-20,4,regular
107172,Ciro Vilaplana Hervás,2024-02-24,4,regular
106854,Paz Rey-Pi,2021-03-17,4,regular
114315,Rosalva Rueda Valdés,2023-02-05,4,regular
105514,Marcio Pedrero Corominas,2022-02-15,4,regular
108367,Mariano Vélez Coloma,2024-01-16,4,regular
111070,Iris Padilla-Lladó,2022-09-22,4,regular
110119,Luisa Varela Juan,2021-04-06,4,regular
100136,Cruz Moliner Olivera,2021-01-28,4,regular
101086,Celestino Peinado-Santamaria,2020-04-16,4,regular
110870,Jorge Martín,2021-10-07,4,regular
110690,Haroldo Bernat,2023-08-07,4,regular
112291,Amor Aguado Isern,2023-12-17,4,regular
114160,Vicenta del Peña,2022-12-04,4,regular
104296,Daniela Pedro Arrieta,2024-06-22,4,regular
113930,Pancho Ciro Lara Corral,2022-03-14,4,regular
109213,Olalla Andreu Larrañaga,2021-08-03,4,regular
113295,Florencia Oliveras Galiano,2020-06-11,4,regular
110963,Rosalía Ferrándiz Roman,2023-10-07,4,regular
100909,Emiliano Benito Salamanca,2023-07-27,4,regular
108622,Godofredo Grau Lumbreras,2021-10-05,4,regular
105682,Roque Abellán Riquelme,2022-01-21,4,regular
109641,Cayetano Arias-Estévez,2023-05-11,4,regular
102994,Isaac de Arévalo,2023-08-01,4,regular
107050,Oriana Sanjuan Rosado,2023-04-10,4,regular
103822,Leonel de Sales,2024-01-21,4,regular
104058,Edelmira Saez Torre,2021-07-04,4,regular
104330,Obdulia Emma Navas Patiño,2023-01-18,4,regular
100186,Máxima Virginia Gaya Carro,2020-12-11,4,regular
107196,Noelia Pino,2023-07-04,4,regular
113734,Porfirio López Laguna,2020-04-01,4,regular
106652,Azeneth Piñeiro Cordero,2023-07-02,4,regular
101238,José Manuel Tirado Prat,2020-04-05,4,regular
100980,Eustaquio Amador Soler Pujadas,2020-03-14,4,regular
100652,Severino Garriga Sanchez,2022-12-21,4,regular
101092,Adora Carrasco Marqués,2022-08-12,4,regular
108115,Corona Mas-Hurtado,2020-11-16,4,regular
101161,Enrique Tena Casanova,2021-04-03,4,regular
114908,Aurelia de Viñas,2020-08-30,4,regular
114457,Ariel Mateos Ferrera,2022-05-13,4,regular
100244,Iris Cifuentes,2020-12-04,4,regular
101156,Teo Roig Hernandez,2024-06-02,4,regular
108824,Donato Cárdenas Bayón,2023-10-17,4,regular
102692,Clímaco Reina Rocamora,2021-06-26,4,regular
114724,Valentín Ribes Rueda,2021-08-04,4,regular
105612,Amando Pascual Roda,2022-08-28,4,regular
109704,Trini Lopez Tirado,2023-05-14,4,regular
110371,Leonor Uribe Amorós,2021-08-02,4,regular
100491,Francisco Javier Gomila Mendoza,2023-05-25,4,regular
110742,Ovidio Alberdi-Mata,2020-04-03,4,regular
103399,Nicodemo Castellanos Peral,2020-03-24,4,regular
105068,Ainara Llanos Benítez,2024-03-28,4,regular
114786,Leonardo Amores-Bru,2023-06-20,4,regular
101094,Borja de Fiol,2021-11-26,4,regular
112656,Samuel Horacio Bayona Llorens,2021-03-17,4,regular
106353,Goyo Heredia Gomis,2020-03-14,4,regular
100286,Máxima Coca-Barceló,2020-03-26,4,regular
106442,Jose Miguel Valcárcel Corral,2022-08-25,4,regular
108357,Espiridión Figueras Alarcón,2022-08-14,4,regular
114389,Manola del Quirós,2020-03-11,4,regular
107115,Pío Esteban-Segarra,2020-05-13,4,regular
113246,Jose Ignacio España,2021-11-29,4,regular
100178,Calixto Torrecilla Rueda,2020-10-09,4,regular
110870,Jorge Martín,2021-10-07,4,regular
100909,Emiliano Benito Salamanca,2023-07-27,4,regular
109213,Olalla Andreu Larrañaga,2021-08-03,4,regular
113872,Manuel Danilo Landa Artigas,2021-02-19,3,regular
113742,Jennifer Reguera Marín,2024-08-07,3,regular
102684,Gustavo León Gallego,2022-01-31,3,regular
114130,Adoración del Castillo,2023-08-18,3,regular
105647,Anselma Rey Mariscal,2023-03-24,3,regular
107154,Martina Español Giralt,2020-07-30,3,regular
113095,Víctor Nogueira,2020-11-13,3,regular
113986,Felicidad Plaza Ugarte,2021-07-06,3,regular
112180,Eufemia Benavent Vilaplana,2023-10-31,3,regular
101394,Susanita Morcillo,2021-10-01,3,regular
107051,Paola del Mateo,2022-04-27,3,regular
105059,Urbano Diez Costa,2021-03-12,3,regular
112900,Vito Arteaga Gras,2023-10-25,3,regular
103036,Guadalupe del Abellán,2024-08-01,3,regular
108345,Hugo Rocha Cabello,2021-09-14,3,regular
105675,Candelario Peláez Llanos,2023-10-29,3,regular
100201,Alexandra Roig,2024-03-02,3,regular
109865,Yaiza Córdoba Larrañaga,2022-11-29,3,regular
110350,Osvaldo Rosa Tapia,2021-08-14,3,regular
108266,Leandra Castejón Orozco,2024-06-02,3,regular
101140,Juan Luis de Olmo,2023-04-04,3,regular
102022,Porfirio Acero Guillén,2020-10-09,3,regular
103308,Albano Piña-Mosquera,2024-06-04,3,regular
105933,Rebeca Sosa,2020-04-11,3,regular
107882,Azucena Zamora Feijoo,2022-01-21,3,regular
111428,Dulce Calatayud Gordillo,2022-12-16,3,regular
111052,Natalia del Calzada,2020-03-07,3,regular
104555,Luis Ángel Gilabert-Casal,2022-12-20,3,regular
102727,Arsenio Gallardo Rosa,2023-08-25,3,regular
107643,Custodio Blanco,2020-11-07,3,regular
107808,Jeremías Alcalde Escamilla,2023-08-24,3,regular
103335,Quique García-Aramburu,2020-07-03,3,regular
113021,Jonatan Ocaña-Calderon,2021-11-13,3,regular
105036,Iris Olivares-Roda,2021-02-17,3,regular
113856,Angélica Moraleda Gual,2024-04-25,3,regular
103108,Hortensia Aroca Herranz,2024-02-28,3,regular
100873,Emigdio Navarro Alberdi,2024-05-06,3,regular
106729,Roldán Amaro Valls Pou,2023-01-16,3,regular
110111,Benito Tomás Gilabert,2022-04-07,3,regular
109859,Rosa María Pineda Calderon,2024-02-13,3,regular
106509,Beatriz de Chaves,2021-08-08,3,regular
106598,Aránzazu Benavent Arjona,2020-05-07,3,regular
111209,Nicolás Ordóñez-Alonso,2023-11-21,3,regular
100648,Azeneth Lozano Sandoval,2020-04-06,3,regular
109296,Milagros del Prado,2022-08-01,3,regular
106038,Reyes Pla Villalba,2020-10-12,3,regular
110377,Irma Olivé Moya,2024-03-06,3,regular
113277,Anabel de Ribas,2021-11-14,3,regular
104122,Gregorio Aragonés Alarcón,2023-11-27,3,regular
111005,Esteban de Plaza,2021-10-14,3,regular
105915,Pancho Exposito-Gras,2022-07-18,3,regular
108254,Alondra Arenas,2020-08-19,3,regular
113627,Amor Ros Arcos,2022-07-28,3,regular
104787,Pablo Hipólito Suarez Barrena,2024-07-03,3,regular
111551,Juan Manuel Gilabert Silva,2020-09-24,3,regular
109975,María Bayo Pino,2021-04-30,3,regular
100500,Bartolomé Jonatan Cañizares Benavent,2023-04-22,3,regular
112964,Bernardo del Llopis,2023-05-25,3,regular
100730,Ariel Sales Alonso,2023-12-24,3,regular
104922,Dorita del Seco,2022-09-07,3,regular
108635,Melisa Martí Plana,2022-07-30,3,regular
104919,Iker Valencia,2024-04-14,3,regular
107214,Inés Sánchez,2021-01-01,3,regular
100763,Jeremías Torrecilla Saura,2024-07-04,3,regular
108338,Paco Mayo,2020-05-02,3,regular
108073,Irma Priego,2023-03-20,3,regular
112572,Leandra de Corominas,2020-11-21,3,regular
112042,Lucas Luján Pazos,2022-11-01,3,regular
108304,Pía Álvarez-Zamorano,2024-06-24,3,regular
100093,Teófila Nereida Gomez Porcel,2024-01-06,3,regular
107977,Bárbara Higueras Posada,2020-12-03,3,regular
101111,Maite Toro Galindo,2022-06-10,3,regular
104123,Victor Pino,2021-04-06,3,regular
107832,Benigno Martin-Martí,2020-11-14,3,regular
110441,Evita de Tena,2024-04-14,3,regular
100716,Teodora Aguirre Morera,2024-08-17,3,regular
102637,Estrella Galiano Jordán,2023-07-07,3,regular
115238,Remedios Vidal Narváez,2024-03-17,3,regular
115232,Felicia Flor,2024-07-29,3,regular
108987,Anna Marquez Cisneros,2021-03-04,3,regular
108138,Elena del Izaguirre,2024-06-11,3,regular
103747,Rodolfo Pons Nieto,2024-01-10,3,regular
105035,Esmeralda Bustamante Mateo,2021-06-03,3,regular
108172,Chus Valls-Angulo,2022-08-02,3,regular
114191,Yolanda Ágata Jiménez Cano,2020-12-05,3,regular
101487,Paulino Jacobo Gelabert Villalonga,2022-09-10,3,regular
105494,Cipriano Ceferino Neira Guitart,2022-01-15,3,regular
100081,José Mari Carranza Lumbreras,2021-05-01,3,regular
103913,Pepita Rincón Benavides,2021-11-21,3,regular
105961,Fortunato Ferrándiz Márquez,2021-06-22,3,regular
101427,Remedios Figueroa Somoza,2022-10-18,3,regular
112193,Casandra Jódar Ayala,2023-03-09,3,regular
100497,Juana Riera,2021-07-02,3,regular
100257,Benigna Marcos Portero,2023-01-18,3,regular
103389,Francisco Javier Montoya Villalobos,2020-05-10,3,regular
100940,Charo Priscila Higueras Fernández,2022-08-02,3,regular
104084,Jerónimo Larrañaga Gallart,2023-02-11,3,regular
106819,Corona Barriga Almansa,2022-01-21,3,regular
106462,Juan Manuel Gil Barba,2022-09-04,3,regular
102757,Rosalva Sola Sanchez,2021-12-03,3,regular
113647,Elpidio Palomo Manrique,2023-06-18,3,regular
113444,Herberto Almeida Pera,2022-06-01,3,regular
106356,Román Llabrés Peláez,2024-01-14,3,regular
110732,Gabriel Molina Baquero,2021-04-16,3,regular
111703,María Jesús Ocaña Valero,2024-02-27,3,regular
112315,Lola Balaguer Ballester,2022-04-23,3,regular
109605,Gabriel Cobos Rodriguez,2021-05-04,3,regular
104783,Herminio Boada Ferrera,2024-05-07,3,regular
109619,Lalo Porta Clemente,2022-11-07,3,regular
114810,Rosendo Salgado-Armas,2023-02-28,3,regular
102816,Alejandro Andres Otero,2021-10-09,3,regular
102861,Rita Palau-Franco,2021-06-11,3,regular
105560,Carmen del Vives,2022-05-08,3,regular
102371,Eli de Rebollo,2021-02-01,3,regular
105154,Chus Morante Pérez,2024-04-13,3,regular
115011,Erasmo del Merino,2023-03-28,3,regular
112871,Evita Ballester Ros,2022-10-28,3,regular
114933,Pascual Sancho Tejero Ribera,2022-01-11,3,regular
112214,Carina Bayo Vicente,2021-03-22,3,regular
114831,Juan José Cabezas Fábregas,2020-06-11,3,regular
112729,Rosa Álamo Pablo,2024-01-04,3,regular
112722,Trini Cañizares Donoso,2020-09-28,3,regular
112360,Samanta del Lopez,2020-11-03,3,regular
101929,Mar Roca Quesada,2021-06-09,3,regular
111362,Mariana Terrón Sarmiento,2020-06-20,3,regular
107666,Hermenegildo Navarrete Becerra,2021-02-20,3,regular
102481,Efraín Martínez Poza,2024-02-17,3,regular
109451,Ciro del Barberá,2021-08-25,3,regular
106776,Teodosio Joaquín Figueras Méndez,2023-11-24,3,regular
108392,Fanny del Mascaró,2021-10-30,3,regular
105653,Manu Delgado-Bellido,2023-06-28,3,regular
102527,Marisela Gimeno Cañete,2023-06-28,3,regular
109636,Amaro Montaña Catalá,2024-03-17,3,regular
103800,Vito Kike Peláez Vigil,2021-05-11,3,regular
104712,Concepción Saavedra,2023-07-16,3,regular
112872,Adrián de Bastida,2021-09-01,3,regular
110878,Begoña Piedad Arnaiz Perez,2023-01-29,3,regular
113381,Elodia Goicoechea Ledesma,2020-09-02,3,regular
112778,María Manuela del Sabater,2020-05-21,3,regular
113754,Sara Sainz Ramón,2024-05-03,3,regular
110426,Lucila Fernández Sanmiguel,2024-06-05,3,regular
106392,Saturnina del Olmedo,2021-04-18,3,regular
103663,Salud Agullo Campoy,2020-12-06,3,regular
113451,Felipe Juan Bautista Solsona Cuervo,2020-08-07,3,regular
112515,Calista Saavedra Arnaiz,2023-07-24,3,regular
108335,Luis Ángel Huerta Botella,2021-03-27,3,regular
114185,Rafaela Román Ojeda,2023-12-13,3,regular
106061,Amelia Huerta Martín,2022-02-01,3,regular
111867,Elías de Guzmán,2022-12-05,3,regular
105709,Samuel Benítez-Matas,2023-08-02,3,regular
105603,María Carmen Asensio Palomino,2023-04-17,3,regular
104271,Adán Gomila,2022-07-19,3,regular
105403,Fortunata Joaquina Lladó Pastor,2022-06-08,3,regular
108833,Alicia Catalá Amat,2022-02-19,3,regular
108833,Alicia Catalá Amat,2022-02-19,3,regular
100610,Tecla Valero,2023-08-19,3,regular
112015,Nando Aller Valera,2021-02-26,3,regular
105984,Mario Quevedo Bermúdez,2020-08-10,3,regular
100962,Iván del Rodríguez,2020-06-22,3,regular
111506,Bernardino del Borja,2021-07-20,3,regular
110424,Charo Abril Bautista,2021-01-10,3,regular
111588,Octavio Raimundo Andreu Velasco,2022-11-05,3,regular
103114,Lara Olmedo Poza,2024-03-18,3,regular
102697,Marcial Bastida Perelló,2021-10-11,3,regular
110496,Tristán Trillo-Frías,2021-07-22,3,regular
108103,Eugenio Quero-Leal,2024-03-01,3,regular
110782,Visitación Cuervo Figuerola,2024-01-20,3,regular
110782,Visitación Cuervo Figuerola,2024-01-20,3,regular
101575,Laura Tolosa Isern,2022-07-20,3,regular
111533,Elena Perez-Uría,2024-02-02,3,regular
113094,Cecilio Cervera Quesada,2024-01-04,3,regular
114024,Odalys Dominguez Morera,2021-11-21,3,regular
102828,Pascuala Vigil Taboada,2023-03-22,3,regular
104501,Victorino de Carbonell,2021-07-24,3,regular
104291,Porfirio Pazos-Conesa,2021-09-13,3,regular
101362,Florencio Mármol Martin,2024-05-17,3,regular
102425,Nereida Huerta Palma,2020-04-17,3,regular
100817,Ámbar Mendoza Borrell,2023-12-22,3,regular
114628,María Teresa Calleja Cabrero,2021-08-28,3,regular
105912,Miguel Ángel Calzada Mancebo,2022-08-11,3,regular
104409,Timoteo Sandoval Verdú,2022-07-09,3,regular
114731,Gilberto Villena Salom,2021-06-09,3,regular
110745,Marisa Cisneros Santiago,2020-09-14,3,regular
103110,Itziar Mayo Campo,2022-12-03,3,regular
106298,Javier Ramirez Luque,2022-10-01,3,regular
111204,Victoriano Domingo Villanueva Pablo,2022-10-04,3,regular
104403,Florinda Blázquez Plaza,2023-04-01,3,regular
106199,Moreno Prat-Albero,2020-09-27,3,regular
106362,Rufina Silva Dominguez,2020-04-22,3,regular
103212,Luis Albino Noguera Sabater,2023-04-03,3,regular
103416,Flora del Granados,2020-12-16,3,regular
111949,Flavia Marcos-Palacio,2022-12-22,3,regular
104006,Asdrubal Miralles Chacón,2023-01-01,3,regular
100772,Fito Múñiz Baena,2021-05-03,3,regular
103517,Nicodemo Hernando Lumbreras Perez,2021-10-15,3,regular
101493,Norberto Nogueira,2023-10-16,3,regular
114804,Manu Sabater Bermudez,2021-12-23,3,regular
100442,Juan Gargallo Acero,2021-04-14,3,regular
103971,Sebastián Abad,2021-08-29,3,regular
112248,Sabina Mancebo Ribera,2020-07-31,3,regular
104714,Loreto Nélida Vélez Raya,2023-09-09,3,regular
109068,Áurea Palomar-Conesa,2021-07-26,3,regular
110196,Vinicio Villalonga Pedro,2023-10-28,3,regular
114385,Virgilio Bermúdez Sacristán,2020-10-04,3,regular
114313,Ciríaco Benet-Catalán,2022-09-07,3,regular
114756,Jordán Colomer Valenzuela,2021-02-16,3,regular
107528,Rafaela Hervia Mendoza,2022-12-10,3,regular
110682,Diego Jerez Ramírez,2023-11-25,3,regular
105176,Amado Toro Becerra,2024-06-21,3,regular
101885,Azahara Azahara Díaz Mas,2023-03-01,3,regular
114846,Felisa Sebastián-Torralba,2021-07-07,3,regular
114639,Ester Vilar-Marqués,2022-08-01,3,regular
113079,Yaiza Olmedo Camacho,2022-08-27,3,regular
106771,Julieta Olivera Navarrete,2023-04-09,3,regular
106813,Raimundo Tomé Lozano,2024-07-16,3,regular
103082,Evita de Guardiola,2022-01-10,3,regular
108322,Vito Melero,2024-05-22,3,regular
106478,Ruperta de Teruel,2024-03-16,3,regular
106676,Chita Salgado Cal,2021-06-02,3,regular
111788,Bruno Somoza Aragonés,2022-07-15,3,regular
102057,Cruz Arellano-Pina,2023-06-04,3,regular
114344,Jafet Ballester-Colomer,2022-01-12,3,regular
101914,Emigdio Pereira Bauzà,2022-05-12,3,regular
101797,Roldán Ramos Navarrete,2022-02-26,3,regular
106641,Maxi Pla Fernández,2022-03-22,3,regular
112386,Héctor Pancho Palomino Real,2023-03-24,3,regular
113291,Jacobo Juliá,2024-01-17,3,regular
100985,Juan Tomé,2020-10-07,3,regular
110814,Mariano Planas Alemany,2024-03-05,3,regular
110349,Gonzalo Pallarès Valera,2020-06-14,3,regular
106778,Tomás Marí-Ribes,2021-06-17,3,regular
112735,Emigdio Laguna-Palmer,2021-09-26,3,regular
110675,Encarnación Villa,2021-10-23,3,regular
110041,Germán Montaña Santamaría,2022-09-28,3,regular
106133,Marisela Seco Batalla,2021-03-24,3,regular
114855,Gisela Jaume Tovar,2023-09-30,3,regular
104850,Isabel Raquel Puga Infante,2021-06-16,3,regular
102783,Tiburcio de Teruel,2021-03-24,3,regular
114837,Chus Fajardo-Verdú,2021-02-20,3,regular
102083,Javi Cañete Diaz,2020-03-09,3,regular
112785,Claudia del Mateos,2023-07-12,3,regular
104612,Ana Sofía Manso-Samper,2023-04-27,3,regular
115053,Olegario del Galvez,2023-05-18,3,regular
100877,Sabas de Aguilar,2021-12-10,3,regular
111313,Juan Tiburcio Calderon Quintero,2023-05-23,3,regular
108051,Remigio Cepeda-Anaya,2021-10-03,3,regular
114258,Marta Novoa Cal,2021-01-16,3,regular
102386,Aureliano Benavente Avilés,2022-02-06,3,regular
111412,Inocencio Mulet Boada,2021-07-25,3,regular
106199,Moreno Prat-Albero,2020-09-27,3,regular
105176,Amado Toro Becerra,2024-06-21,3,regular
110377,Irma Olivé Moya,2024-03-06,3,regular
114859,Heriberto Ocaña Anguita,2023-05-21,2,regular
108723,Jorge Herrera Rodríguez,2024-02-25,2,regular
108403,Roldán Madrigal-Fuente,2023-08-14,2,regular
104792,Vera Abascal,2024-06-07,2,regular
108512,María Robledo Trujillo,2024-06-27,2,regular
102202,Glauco Pancho Casares Sevillano,2023-11-22,2,regular
103257,Ainoa Real,2021-01-19,2,regular
112067,Chema Rodriguez Otero,2022-11-15,2,regular
106809,Gilberto Prudencio Larrea Iborra,2021-07-23,2,regular
106809,Gilberto Prudencio Larrea Iborra,2021-07-23,2,regular
106763,Febe Bellido Sureda,2023-02-01,2,regular
113053,Diana Gallart-Escribano,2020-11-27,2,regular
102716,Leonel de Álvarez,2024-07-17,2,regular
101567,Sosimo Godofredo Rocha Tolosa,2022-03-29,2,regular
101603,Susanita Chaves Ruano,2020-03-27,2,regular
114570,Juanita Julián,2023-01-03,2,regular
111291,María Teresa Armengol,2020-04-13,2,regular
102092,Diana Garmendia Roselló,2024-03-21,2,regular
109595,Hector Mínguez,2022-06-01,2,regular
113118,Maximiano Aureliano Frutos Amorós,2022-10-27,2,regular
113839,Andrés del Vara,2023-06-26,2,regular
113318,Juan Pino Riquelme,2023-01-10,2,regular
102819,Anastasia Huguet-Amorós,2021-08-24,2,regular
114567,Demetrio Gimeno Valera,2021-12-21,2,regular
115069,Arsenio Lloret Cuesta,2023-06-01,2,regular
104191,Paco Losada Belda,2024-06-27,2,regular
105757,Omar Conde-Andreu,2021-06-27,2,regular
113829,Bautista Madrid Meléndez,2020-04-04,2,regular
106597,César Toni Laguna Nicolás,2022-05-29,2,regular
106272,Román Cal Badía,2021-07-02,2,regular
100331,Lupita Casanova-Galan,2024-07-30,2,regular
108047,Casandra Mancebo Terrón,2020-11-09,2,regular
107913,Edgardo Somoza Murillo,2023-01-29,2,regular
110777,Martina Soler,2023-08-02,2,regular
105380,Seve Cabeza-Sanchez,2023-01-23,2,regular
114996,Luciana León Valdés,2020-04-01,2,regular
105764,Clarisa Riba,2024-06-03,2,regular
110623,Maxi Cañete Pineda,2024-08-27,2,regular
100555,Adelina Paulina Aliaga Mate,2020-06-06,2,regular
109855,Natanael Marí Ferrer,2021-11-28,2,regular
112210,Octavio Mir Sevilla,2023-10-10,2,regular
103853,Rita Jordán Solís,2023-09-29,2,regular
104339,Zacarías Ismael Quiroga Zamora,2021-02-08,2,regular
112837,Desiderio Haro Cerro,2022-08-09,2,regular
101584,Prudencia Dalmau Bauzà,2020-03-05,2,regular
101596,Fortunata Aller Aguilar,2021-09-16,2,regular
103018,Godofredo Cruz Macias,2021-03-09,2,regular
104470,Amador Tejero-Jover,2024-01-05,2,regular
111492,Emilio Teruel-Catalá,2022-08-10,2,regular
113789,Tomasa Lumbreras Atienza,2023-04-26,2,regular
100231,José Antonio Samu Marín Roselló,2023-02-13,2,regular
102747,Tecla Torrecilla Gimenez,2023-07-16,2,regular
103523,Arturo Carpio Cuesta,2021-12-22,2,regular
107392,Sergio Bolaños Moya,2023-05-06,2,regular
105628,Rosa Carmela Anaya Plaza,2024-08-27,2,regular
110640,Lorenza Paulina Rosell Esparza,2022-01-26,2,regular
107400,Urbano Haro Caballero,2022-04-06,2,regular
103692,Sabina Agustín-Azcona,2023-10-19,2,regular
100484,María Teresa Lidia Bernat Rebollo,2022-01-26,2,regular
111098,Maximino Buendía Mayol,2021-12-05,2,regular
108991,Manu Solsona-Agustín,2023-04-04,2,regular
101415,Inocencio Villa Novoa,2022-02-04,2,regular
107029,Merche Roma Arjona,2022-12-05,2,regular
101704,Josefina Porras Ros,2023-12-21,2,regular
106700,Lucila Guzman Castejón,2020-10-24,2,regular
102925,Maristela Alcázar Jimenez,2022-01-15,2,regular
112012,Manuelita Seco Arribas,2024-06-23,2,regular
112819,Paola Vera Galan,2022-08-05,2,regular
103609,Benigna Jesusa Dalmau Tudela,2023-11-05,2,regular
114148,Leonel Bayo Morera,2020-08-27,2,regular
108661,Melchor del Matas,2020-11-29,2,regular
100158,Felix Céspedes-Casals,2024-01-12,2,regular
112646,Artemio Llobet Maza,2020-08-17,2,regular
106335,Marcio Cabezas Royo,2021-06-07,2,regular
114936,Guillermo Teo Lucena Sola,2021-11-10,2,regular
109071,Araceli Sol Calzada Salmerón,2024-07-22,2,regular
105218,Ramón Bou Larrañaga,2021-02-05,2,regular
112065,Asdrubal de Martínez,2024-03-15,2,regular
109051,Anselmo de Pujadas,2020-03-07,2,regular
111237,Loida Colom Sánchez,2023-07-24,2,regular
107069,Jose Luis Máximo Anguita Barrios,2023-12-15,2,regular
104041,Damián Yuste Rocha,2020-06-05,2,regular
100701,Zaida Azahara Blanch Roman,2021-04-05,2,regular
102629,Consuelo del Querol,2021-09-10,2,regular
102031,Julieta Sarabia Tomas,2021-01-02,2,regular
103438,Judith Palacio Gracia,2023-09-16,2,regular
102730,Manola Calderón Plana,2021-01-31,2,regular
111783,Ámbar Benitez Plana,2024-01-31,2,regular
112867,Feliciana Gonzalez Torrecilla,2023-10-29,2,regular
108601,Juana Morcillo Oller,2020-03-20,2,regular
110995,Azucena Gámez Valls,2024-05-06,2,regular
109402,Maricela Bolaños Gelabert,2022-10-27,2,regular
107730,Jordi Arnal-Clavero,2023-10-13,2,regular
102207,Dafne Cuevas-Carpio,2020-06-13,2,regular
102321,Primitiva Roberta Cerro Carrillo,2023-04-21,2,regular
109877,Ovidio Barros Amigó,2022-09-07,2,regular
108979,Bernardita Regina Mora Puente,2023-12-01,2,regular
102614,Liliana Llopis-Ramón,2024-02-17,2,regular
105555,Feliciana Cabello Codina,2022-05-19,2,regular
110176,Basilio Fuente Saura,2020-12-08,2,regular
105934,Victor Durán Calderon,2020-03-01,2,regular
108597,Abilio Barral Acuña,2021-04-21,2,regular
113428,Dionisio Fuster Castelló,2023-12-17,2,regular
105636,Emilia Pellicer,2022-09-06,2,regular
110911,Aarón de Almazán,2020-06-19,2,regular
111792,Tecla de Checa,2023-07-19,2,regular
110815,Eduardo Jove Rosa,2024-07-26,2,regular
102265,Olivia Evelia Clemente Cañellas,2022-01-22,2,regular
101571,Mirta Frías Baena,2022-04-10,2,regular
106957,Laura Aller Mascaró,2023-01-23,2,regular
103488,Silvio Lobo Echeverría,2023-01-03,2,regular
105427,Fidela Macias,2020-08-06,2,regular
112927,Gloria Pina,2020-10-02,2,regular
100641,Plinio Cano,2020-03-09,2,regular
101670,Bienvenida Vázquez Escobar,2024-05-20,2,regular
113961,Olegario Roldán Nogueira,2020-10-04,2,regular
108867,Ovidio Rodolfo Capdevila Catalá,2022-12-16,2,regular
106880,Ester Mateu,2024-02-02,2,regular
102235,Jose Antonio Gálvez Piñeiro,2022-02-02,2,regular
101435,Tiburcio Mariscal Otero,2020-06-05,2,regular
111417,Maricruz Amorós Vélez,2020-08-01,2,regular
103781,Santos Torrijos Navas,2023-01-08,2,regular
110671,Gloria Doménech Bejarano,2021-06-01,2,regular
103379,Pía Herrera-Pérez,2024-06-05,2,regular
111079,Borja Mateo Villanueva,2024-02-17,2,regular
107041,Ramiro Paz Viana,2024-08-23,2,regular
114106,Paola Guzman-Hernando,2022-12-09,2,regular
109718,Custodia Cabo-Amat,2020-05-05,2,regular
114463,Benjamín Villanueva Valle,2020-05-10,2,regular
115185,Jorge Jáuregui,2021-06-21,2,regular
112869,Paulino Apolinar Calvo Verdugo,2020-11-17,2,regular
105170,María Cristina Luís Cervantes,2020-05-08,2,regular
105170,María Cristina Luís Cervantes,2020-05-08,2,regular
114277,Andrés de Rubio,2022-08-24,2,regular
112549,María Ángeles Rojas-Nuñez,2023-05-28,2,regular
101220,Samu Vallejo Pastor,2023-12-11,2,regular
108063,Amaya Romeu Lladó,2021-01-02,2,regular
109403,Guadalupe Exposito Ugarte,2023-03-08,2,regular
100595,Lina Torrent Polo,2022-12-12,2,regular
113093,Fabiana Moll,2021-08-15,2,regular
111553,Jordán Madrigal Rosselló,2024-02-19,2,regular
103955,Socorro Rosell Bernat,2020-07-15,2,regular
109838,Sandra Montesinos Girón,2023-02-06,2,regular
112025,Ale Gonzalo,2022-04-18,2,regular
107287,Gerardo Cañellas Albero,2022-07-30,2,regular
101836,Azeneth Marquez Moliner,2024-03-16,2,regular
114649,Noemí Zamora Mir,2024-02-02,2,regular
101794,Esther Escrivá-Nicolau,2023-11-12,2,regular
112849,Sara del Alberdi,2022-07-19,2,regular
108110,Jacobo Gargallo Estevez,2023-02-24,2,regular
100468,Valentín Guillén Vendrell,2023-07-30,2,regular
100757,Azucena Alba Blanes,2024-04-02,2,regular
103959,Nidia Espejo Codina,2020-03-24,2,regular
106718,Osvaldo Corominas Vall,2020-07-02,2,regular
110359,Bartolomé Blázquez Bautista,2023-09-12,2,regular
103892,Teobaldo Patricio Ortega Expósito,2024-06-07,2,regular
107842,Griselda Naranjo Moles,2023-12-10,2,regular
102448,Visitación Llobet,2021-09-11,2,regular
110688,Serafina Chico Carrión,2023-11-28,2,regular
112752,Fito de Arévalo,2024-07-10,2,regular
104610,Josué Pla Piñol,2022-04-24,2,regular
109672,Encarnación del Heras,2021-07-29,2,regular
113003,Salomé Villalba Aguado,2024-05-13,2,regular
109876,Yolanda Mayol Estévez,2023-08-21,2,regular
101421,Josefina Zaira Villaverde Gelabert,2024-01-19,2,regular
110045,Lucía Martin Quero,2022-12-01,2,regular
114759,Fidel del Tomé,2023-08-06,2,regular
111221,Pablo Cabanillas Velázquez,2024-02-21,2,regular
111656,Gertrudis Torres-Mayoral,2023-10-13,2,regular
103773,Evita Cerro Molins,2024-06-14,2,regular
100624,Encarna Gallego-Sáenz,2021-03-16,2,regular
110494,Rosalva Ordóñez-Taboada,2024-03-28,2,regular
103081,Quique Maza-Chico,2022-10-25,2,regular
103795,Serafina Ávila Lamas,2020-06-26,2,regular
108415,Encarnita Alsina Perera,2023-05-13,2,regular
113424,Cintia Salvà Gomis,2023-11-29,2,regular
104239,Emilia Palmer Aller,2021-02-23,2,regular
108010,Onofre Marcos Montalbán,2023-06-15,2,regular
109594,Soledad Huertas,2021-08-20,2,regular
100695,Heriberto Giralt Girón,2021-08-03,2,regular
109694,Filomena Pacífica Quero Azcona,2021-10-17,2,regular
101147,Yaiza Nicolás Baró,2024-02-22,2,regular
108526,Ana Sofía Esteban,2020-09-18,2,regular
102475,Calixto Baños Quirós,2022-09-06,2,regular
103083,Ascensión Tejero Bueno,2020-06-17,2,regular
105406,Gerónimo del Taboada,2023-03-11,2,regular
105406,Gerónimo del Taboada,2023-03-11,2,regular
104100,Maxi Egea Roselló,2024-04-09,2,regular
112718,Primitiva Tamarit-Ariño,2023-04-22,2,regular
109612,Eusebia de Cabanillas,2020-07-18,2,regular
109148,Hortensia Ricart Larrea,2021-05-26,2,regular
115034,Pili de Fiol,2023-04-24,2,regular
103529,Silvestre de Milla,2020-03-30,2,regular
102529,Pastor del Casado,2021-06-07,2,regular
112663,Salvador Gras Quesada,2021-01-17,2,regular
101812,Tadeo Molina Calvet,2023-09-17,2,regular
106988,Leonel Salamanca Campo,2021-01-03,2,regular
112632,Piedad Flavia Armas Prada,2023-06-26,2,regular
102838,Marcio Raúl Arribas Campoy,2024-05-02,2,regular
102589,Joaquín Pinto Trujillo,2024-06-05,2,regular
102465,Jose Angel Gordillo Guerrero,2021-12-31,2,regular
101047,Fabiana Bartolomé Galindo,2021-09-07,2,regular
114702,Consuela Marta Molins Gutiérrez,2021-03-12,2,regular
106102,Toni Ibarra Santana,2023-09-30,2,regular
102423,Cloe Puga Alberto,2021-09-05,2,regular
102733,Eliana de Ferrán,2020-03-29,2,regular
101573,Plácido Peinado Barreda,2023-07-31,2,regular
101510,Federico Vara,2021-02-15,2,regular
108880,Valentín Roura Santos,2020-03-25,2,regular
108797,Urbano Kike Salom Malo,2022-06-22,2,regular
109437,Tamara Luz Barco,2020-11-24,2,regular
114428,Zaida Expósito Gutiérrez,2022-01-27,2,regular
113639,Jose Manuel Almeida Vigil,2024-04-16,2,regular
114652,Jose Ramón Nevado-Jaume,2023-09-20,2,regular
104991,Claudio Ayala Lloret,2022-03-02,2,regular
108758,Amelia Vizcaíno Juárez,2021-02-03,2,regular
103220,Isaac Olivera Pastor,2021-06-26,2,regular
100977,Zaida Dávila Cepeda,2022-10-21,2,regular
101976,Adolfo Fuertes Lozano,2021-06-24,2,regular
110514,Gonzalo Antúnez,2023-04-05,2,regular
110919,Azahara Bermejo,2020-05-22,2,regular
100038,Valero Matas Cuenca,2023-10-21,2,regular
109989,Visitación Rey Bru,2024-06-28,2,regular
105136,Moreno Montoya Batalla,2020-12-29,2,regular
100240,Chita Juárez Domingo,2022-02-09,2,regular
105609,María Saldaña Ríos,2023-10-29,2,regular
103414,Vito Aragonés Oller,2021-10-28,2,regular
103119,Lalo del Céspedes,2021-02-01,2,regular
107566,Cipriano Coca Ayala,2024-02-07,2,regular
101285,Ibán Mayo Pablo,2024-05-05,2,regular
115065,Hipólito Solís Llorens,2023-07-10,2,regular
100550,Maricela Figuerola Contreras,2021-06-28,2,regular
100550,Maricela Figuerola Contreras,2021-06-28,2,regular
111898,Lourdes Escobar Tamarit,2020-08-18,2,regular
107360,Ágata Elías Marín,2021-09-02,2,regular
102587,Noé Vila Villegas,2021-01-19,2,regular
104890,Florencia Patiño Oliveras,2020-09-10,2,regular
109390,Marcelo Barranco Pintor,2023-11-28,2,regular
110392,Salomé Huertas Garcés,2023-08-17,2,regular
114848,Lorena Elodia Catalá Cárdenas,2021-01-21,2,regular
107886,Brunilda Uribe Carro,2023-07-11,2,regular
110091,David Carrera Villaverde,2021-03-08,2,regular
113179,Ainara Guillén Rius,2024-03-13,2,regular
104054,Ibán Osuna Cortes,2022-12-19,2,regular
111669,Bárbara Carpio Antón,2022-06-16,2,regular
104395,,2024-01-18,2,regular
113874,América Tello Peláez,2022-12-09,2,regular
112636,Joan Feijoo Morata,2022-04-29,2,regular
110677,Urbano Gonzalez Gabaldón,2024-06-28,2,regular
113299,Telmo Agullo,2023-08-07,2,regular
103471,Odalys Naranjo Pujol,2021-12-06,2,regular
113120,Jacobo Gerardo Feliu Murillo,2023-03-17,2,regular
114673,Claudia Giralt-Cerdán,2020-12-18,2,regular
107021,Feliciana Milla Maestre,2022-05-04,2,regular
106428,Nacio Serra,2022-02-21,2,regular
106428,Nacio Serra,2022-02-21,2,regular
105748,Dorita Jimenez-Tejedor,2021-11-21,2,regular
104760,Hilario Macias Villalobos,2024-02-14,2,regular
107725,Albano Farré Cases,2023-09-14,2,regular
113815,Salud Pol Muñoz,2022-09-14,2,regular
114636,Sabas Peñas Chamorro,2024-02-23,2,regular
111485,Fulgencio Vilalta Escribano,2024-01-14,2,regular
113513,Amado del Velázquez,2021-03-03,2,regular
103127,Caridad Arnau Farré,2023-01-08,2,regular
100033,Esteban de Llobet,2020-06-04,2,regular
104702,Elpidio Piñeiro Planas,2022-12-04,2,regular
104702,Elpidio Piñeiro Planas,2022-12-04,2,regular
101611,Vinicio Ortiz-Piñeiro,2020-07-07,2,regular
102652,Genoveva Pereira,2022-08-24,2,regular
111977,Anunciación Alberola Carvajal,2020-03-05,2,regular
113866,Teodoro Tamayo Barba,2021-03-31,2,regular
104641,Ana Belén Malo Vidal,2022-07-30,2,regular
107739,Osvaldo de Amigó,2022-08-11,2,regular
102261,Miguela Adadia-Millán,2021-01-03,2,regular
102261,Miguela Adadia-Millán,2021-01-03,2,regular
103182,María Montes-Español,2024-04-04,2,regular
111963,Tiburcio del Esparza,2023-09-10,2,regular
102339,Lorenzo Bustamante Velasco,2021-05-25,2,regular
110255,Sol Flor Ramón,2022-06-25,2,regular
113034,Diego Manzano Pintor,2023-04-08,2,regular
102760,Maximiliano Rufino Prada Alarcón,2023-01-05,2,regular
103103,Cornelio Atienza,2020-06-28,2,regular
102466,Gala Mar Riquelme Cal,2022-11-26,2,regular
105405,Matilde Pomares,2021-02-22,2,regular
107325,Ainara Montserrat Ponce Blázquez,2020-03-12,2,regular
113292,Nazario Cisneros Niño,2020-03-08,2,regular
103622,Demetrio Manzanares-Carrasco,2023-07-07,2,regular
102318,Paloma Hierro Gil,2022-10-06,2,regular
110582,Ulises Madrid Corominas,2023-02-14,2,regular
111676,Baudelio Alsina Paniagua,2023-06-25,2,regular
102504,Adelina Palomares Plana,2023-11-08,2,regular
112623,Pepito Soriano Arce,2023-06-23,2,regular
106725,Dimas Cid Rosales,2024-01-03,2,regular
102756,Nidia Cazorla Calzada,2022-10-12,2,regular
112489,Zoraida Gimeno Monreal,2024-07-01,2,regular
112489,Zoraida Gimeno Monreal,2024-07-01,2,regular
105235,Georgina Gilabert Paredes,2024-03-29,2,regular
103273,Luna Heras Montserrat,2021-05-29,2,regular
106182,Édgar Arellano,2023-04-17,2,regular
110243,Tiburcio Criado Alcántara,2023-04-03,2,regular
102960,Teresita Enríquez Llamas,2022-04-04,2,regular
103350,Esmeralda de Pedro,2024-03-05,2,regular
104715,Octavia Teruel,2023-06-17,2,regular
111194,Isaac Tena-Verdejo,2024-02-05,2,regular
102402,Chus Ureña Pina,2021-12-16,2,regular
103024,Noa Alemán Pellicer,2020-12-14,2,regular
103280,Isabel Corbacho-Oliveras,2023-01-25,2,regular
102212,Bárbara Galiano-Ávila,2021-08-17,2,regular
113776,Ruth Menéndez Rocha,2024-08-01,2,regular
104664,África Durán Cáceres,2024-04-26,2,regular
108825,Custodio de Pizarro,2023-05-19,2,regular
104133,Ámbar Vilalta Arnaiz,2022-01-04,2,regular
111694,Rolando de Cervera,2021-03-04,2,regular
108166,María Pilar Rebollo Azcona,2021-04-04,2,regular
109490,Desiderio Andres Rebollo,2021-11-25,2,regular
107221,Amarilis Mora Campos,2020-05-12,2,regular
109239,Eli Ramirez,2023-06-07,2,regular
113790,Borja Rey,2020-03-10,2,regular
114581,Armida Rosell Díez,2020-11-22,2,regular
108720,José Luis del Manuel,2021-06-10,2,regular
102515,Custodia Goicoechea Haro,2021-10-18,2,regular
104386,Fabricio Palacio,2024-02-16,2,regular
103689,Fermín Ángel Casado,2024-04-03,2,regular
111217,Gabriela del Puga,2020-12-31,2,regular
108181,Ale Alvarez Casal,2021-12-20,2,regular
109669,Angélica Sánchez Agustín,2021-08-15,2,regular
103413,Régulo Galván-Bautista,2022-04-20,2,regular
110324,Venceslás Miralles-Taboada,2023-11-22,2,regular
110857,Susana Ruano Santana,2020-10-06,2,regular
107959,Juan Manuel Blázquez Iglesia,2023-11-24,2,regular
107160,Rita Ramos Silva,2021-01-26,2,regular
110913,Amado Diez Briones,2023-02-13,2,regular
108754,Amador Bermúdez Calatayud,2020-05-19,2,regular
106265,Roldán Sedano Martí,2022-08-03,2,regular
111771,Amada Adriana Azorin Araujo,2021-12-15,2,regular
114301,Fidela Marti Mateos,2020-12-01,2,regular
103915,Leandra Vigil-Gonzalez,2021-08-04,2,regular
103401,Telmo Avilés-Royo,2022-04-19,2,regular
115068,Jesús Natalio Castells Tovar,2020-06-22,2,regular
111132,César Uribe Morales,2023-04-14,2,regular
102837,África Alba Rico,2023-08-04,2,regular
102731,Emilia Jacinta Julián Saura,2020-03-07,2,regular
100357,Nydia del Casal,2022-03-28,2,regular
111259,Isaura Zaragoza,2020-03-03,2,regular
108765,Graciela Mónica Mate Benavente,2022-11-13,2,regular
105512,Desiderio Castañeda Lopez,2022-08-27,2,regular
102278,Adelia Baeza Rincón,2020-12-13,2,regular
113206,Seve de Vila,2023-03-25,2,regular
106422,Abril Alfonso Viana,2020-10-25,2,regular
111085,Fausto del Busquets,2022-09-16,2,regular
108251,Rolando Lucas Cáceres,2020-07-14,2,regular
114915,Isidora Girona Vaquero,2021-01-29,2,regular
114755,Ernesto Quirós Marin,2023-04-25,2,regular
106126,Leire Arcos Asenjo,2020-11-25,2,regular
102651,Cándido Gibert-Araujo,2022-07-07,2,regular
107810,Nicodemo Jordá Cobo,2023-07-12,2,regular
111287,Anastasio Batalla Enríquez,2020-06-22,2,regular
112454,Anita Manuel Coll,2021-11-30,2,regular
109220,Toni Guardia,2024-06-23,2,regular
100843,Eugenia Pons,2022-03-30,2,regular
113571,Duilio Espinosa Beltrán,2022-09-16,2,regular
113057,Macaria Arribas,2021-06-30,2,regular
103594,Purificación Ramos-Rovira,2021-12-10,2,regular
114436,Roberta María Cristina Adán Valencia,2021-04-17,2,regular
108365,Rosa Montesinos Varela,2021-11-20,2,regular
111011,Amílcar Ribas-Velázquez,2022-03-31,2,regular
108488,Carlos Graciano Padilla Gibert,2020-09-22,2,regular
110863,Víctor Vendrell-Verdú,2023-03-28,2,regular
111232,Maxi Nerea Sala Diego,2021-12-29,2,regular
109893,Matilde Calderón Pino,2024-08-25,2,regular
114023,Benita Fábregas,2021-02-19,2,regular
108822,Amparo Noriega Castejón,2023-03-01,2,regular
106827,Severino Roldan,2024-01-10,2,regular
111869,Bernardo Gregorio Cerdá Vera,2023-03-27,2,regular
102166,Fabricio Sobrino Escudero,2024-06-08,2,regular
108847,Marcial Alcántara Salvà,2022-03-25,2,regular
110632,Mónica Almudena Guillen Adadia,2020-10-11,2,regular
113108,Samu Jordá Echevarría,2021-12-18,2,regular
102005,Agustín Sanabria,2022-02-24,2,regular
108285,Beatriz Anaya Manzano,2023-01-17,2,regular
106424,María Quero Bellido,2021-05-24,2,regular
105073,Joaquina Talavera-Nevado,2020-09-27,2,regular
102115,Onofre Mas Ferrera,2021-10-29,2,regular
113367,Sabina Amat Esteban,2020-11-27,2,regular
114031,Consuela del Polo,2020-12-01,2,regular
108889,Oriana Alemany Calleja,2020-07-12,2,regular
105532,Raquel de Aroca,2021-11-21,2,regular
100935,Dorita Barrera Crespi,2020-06-10,2,regular
114084,Francisca Iniesta Solana,2022-03-01,2,regular
100059,Pascual Posada Antúnez,2021-09-04,2,regular
101650,Rosalía Lucía Mendez Plana,2021-10-29,2,regular
100939,Donato Pallarès Bautista,2021-08-21,2,regular
111698,Leticia Isabela Roma Gomis,2022-06-24,2,regular
105355,Gala Sevilla-Téllez,2023-08-23,2,regular
105994,Celestino Alcalá Guillén,2021-05-11,2,regular
104416,Federico del Pineda,2020-06-03,2,regular
102511,Joan Téllez Colom,2020-10-29,2,regular
107850,Carlos Juan Francisco Cantero Mosquera,2021-06-26,2,regular
101673,Rosenda Ibáñez Franch,2021-02-08,2,regular
101809,Tristán Mesa Narváez,2020-07-18,2,regular
100445,Fortunato de Mendez,2022-06-12,2,regular
106302,Eugenio Nebot-Figuerola,2023-07-23,2,regular
114580,Carolina Molins Naranjo,2022-01-07,2,regular
101551,Aura Cabezas Amo,2021-12-07,2,regular
101010,Carla Vara Mayo,2023-01-05,2,regular
107690,Jorge Victor Manuel Riquelme Corbacho,2022-08-02,2,regular
104793,Renato Bou Valle,2022-10-04,2,regular
109939,Juan Antonio del Pizarro,2022-01-31,2,regular
104635,Cristóbal Cepeda Tomé,2020-11-27,2,regular
108087,Lázaro Otero,2020-07-03,2,regular
108481,Andrea Company Lucena,2024-06-14,2,regular
103320,Leonardo Iglesias Taboada,2021-05-27,2,regular
105836,Julieta Martinez Fábregas,2021-02-12,2,regular
104475,Fabricio Carbajo Bru,2022-08-01,2,regular
111332,Francisco Jose Marqués-Pujol,2024-01-10,2,regular
112486,Eusebio Martín,2021-10-31,2,regular
104225,Francisca de Camino,2022-06-15,2,regular
100329,Encarna Duque Perez,2022-03-19,2,regular
101210,Fidel Carrión,2024-06-29,2,regular
115122,Martirio del Sosa,2022-06-24,2,regular
101545,Pili Uriarte-Roldan,2021-11-05,2,regular
113439,Ale Guijarro,2020-12-30,2,regular
114190,Reyes Clemente Mármol,2020-11-01,2,regular
111114,Joaquina Rius-Piñeiro,2021-04-10,2,regular
115226,Ciriaco Piñeiro-Amigó,2021-12-14,2,regular
114427,Arturo Izaguirre-Segura,2021-11-14,2,regular
105765,Isidro Colom Moraleda,2021-05-16,2,regular
104263,Gabriela Arroyo Raya,2020-12-18,2,regular
106826,Gabriela Serrano Armas,2022-03-26,2,regular
113191,Miguel Higueras Berenguer,2022-11-18,2,regular
101299,Crescencia Delia Campillo Granados,2023-12-28,2,regular
101353,Reyna Páez,2024-03-04,2,regular
103698,Sebastián Botella Armas,2024-08-01,2,regular
104374,Marcial Oller,2024-04-27,2,regular
100811,Amalia Pardo Montalbán,2022-07-09,2,regular
100886,Julie Oriana Mendoza Cabeza,2020-10-20,2,regular
105762,Adelina Boix Tamayo,2023-09-13,2,regular
102359,Isa Cánovas,2023-11-07,2,regular
109186,Segismundo de Lara,2020-04-11,2,regular
112909,Macaria del Carro,2020-06-28,2,regular
101925,Ámbar Tamayo Mateos,2022-09-11,2,regular
111032,Ángeles Conesa Mir,2022-03-06,2,regular
100320,Paola Chamorro Amigó,2020-03-10,2,regular
112436,Sara Amor Valencia Montoya,2024-05-06,2,regular
105363,Emiliana Cid Checa,2023-11-22,2,regular
111007,Jesús Teruel Ayllón,2022-03-11,2,regular
112137,Abilio de Escamilla,2020-04-05,2,regular
101045,Curro Higueras Ordóñez,2020-05-23,2,regular
110763,Conrado Costa Gonzalo,2022-01-19,2,regular
111161,Ligia del Cordero,2021-03-19,2,regular
115023,Ana Lillo Catalán,2022-05-12,2,regular
115023,Ana Lillo Catalán,2022-05-12,2,regular
101604,Fernanda Martínez Llorens,2024-04-24,2,regular
101837,Coral Patiño Peinado,2023-03-18,2,regular
114274,Patricia Balaguer Villaverde,2024-07-27,2,regular
101026,Trinidad Prieto,2022-11-20,2,regular
100637,Primitiva Armas Mesa,2022-09-11,2,regular
109680,Manu Abril Armengol,2020-04-21,2,regular
102971,Adrián Cid-Quintanilla,2022-08-15,2,regular
107132,Brígida Alberola Bartolomé,2020-08-20,2,regular
104774,Consuela Jimenez-Clemente,2022-07-16,2,regular
104774,Consuela Jimenez-Clemente,2022-07-16,2,regular
100848,Vasco Quevedo Elorza,2023-01-09,2,regular
108164,Jerónimo del Barrio,2021-02-14,2,regular
103849,Brígida Vera Royo Conde,2021-06-13,2,regular
105337,Rita Cisneros Sanmiguel,2022-09-25,2,regular
103750,Álvaro Avilés Giménez,2022-12-31,2,regular
103750,Álvaro Avilés Giménez,2022-12-31,2,regular
100123,Santos de Lerma,2021-04-12,2,regular
104588,Ciríaco Solano Blanes,2021-05-12,2,regular
104306,Cristian Tejada Cañete,2020-05-27,2,regular
103363,Anastasia Barreda Ferrando,2021-03-30,2,regular
111617,Abilio Heredia Polo,2024-02-13,2,regular
114582,Rosa María Bonet Anguita,2021-06-16,2,regular
109074,Edmundo Olmo Ramón,2022-06-29,2,regular
114156,Javiera Blazquez Barral,2023-08-18,2,regular
112405,Manu Navas Belmonte,2024-02-02,2,regular
106658,Demetrio de Ferrando,2021-02-04,2,regular
107526,Alcides Cerdá Montaña,2022-10-14,2,regular
107749,Constanza Becerra Landa,2024-04-29,2,regular
114489,Lorena Manu Gual Moles,2022-01-12,2,regular
111243,Ariel Checa-Guzman,2023-06-24,2,regular
111243,Ariel Checa-Guzman,2023-06-24,2,regular
113508,María Jimenez Sanz,2021-08-12,2,regular
111189,Luciano Tejera-Reina,2022-11-06,2,regular
106228,Loreto Real Montesinos,2022-07-22,2,regular
103487,Candelario Tenorio Baena,2023-03-14,2,regular
103487,Candelario Tenorio Baena,2023-03-14,2,regular
106406,Emiliana Caparrós Roura,2021-10-20,2,regular
103128,Nélida Constanza Carrillo Crespi,2021-10-16,2,regular
106947,Rosa Gárate Espada,2022-10-04,2,regular
102584,Albino Páez Niño,2024-08-28,2,regular
111202,Fanny Sola Mir,2022-02-24,2,regular
108828,Mariana Mora Seco,2022-06-18,2,regular
109016,Aura Recio Nicolás,2020-06-22,2,regular
115154,Custodio Corbacho Peral,2022-07-18,2,regular
106953,Nicolasa Crespo Cabo,2022-11-29,2,regular
112232,Rosalva Colom Figuerola,2020-12-01,2,regular
111156,Germán de Gárate,2021-11-15,2,regular
108699,Eutimio Moles Catalá,2021-12-27,2,regular
102858,Azahar Iniesta Quintanilla,2020-08-20,2,regular
106674,Amor Real Zamorano,2022-05-27,2,regular
114940,Kike Silvestre Carnero Hernández,2020-12-20,2,regular
106523,Corona Cueto Vega,2022-07-26,2,regular
107975,Jenny Izquierdo-Alfonso,2023-12-03,2,regular
113298,Vera Gonzalo-Anguita,2022-11-07,2,regular
101948,Andrés Felipe de Martín,2023-12-16,2,regular
103683,Primitiva Juliá Mate,2022-05-09,2,regular
109195,Áurea del Mir,2024-08-27,2,regular
111035,Nacho Hierro-Gibert,2024-01-31,2,regular
106568,Rebeca Diego,2024-05-31,2,regular
108619,Laura Aragón Cañizares,2021-02-02,2,regular
109692,Mohamed Montenegro Manzano,2022-02-10,2,regular
108995,Alex del Neira,2023-06-27,2,regular
111629,Ligia Estela Gomis Navarrete,2022-10-30,2,regular
100258,Cruz de Alfaro,2024-05-12,2,regular
100373,Leandro Cortés Soriano,2022-07-13,2,regular
104077,Lorena Giménez Manzano,2021-09-16,2,regular
100998,Emiliana Montoya Jiménez,2023-02-17,2,regular
100092,Eloísa del Alberto,2023-09-19,2,regular
108460,Esmeralda Rocha Cadenas,2022-01-25,2,regular
107945,Pepito Rueda Gomis,2022-06-02,2,regular
100085,Eladio Miralles Alberola,2023-11-30,2,regular
107573,Jose Antonio Sandoval Carpio,2021-06-02,2,regular
109404,José Luis Carbó Feliu,2023-12-16,2,regular
100414,Renata Zaragoza,2021-09-12,2,regular
100403,Eligio Oller Muñoz,2023-12-26,2,regular
107866,Perlita Bienvenida Ballesteros Lillo,2023-03-09,2,regular
103935,Juan Francisco Cordero Guillén,2022-01-12,2,regular
113739,Rafaela Palma-Vicens,2024-05-06,2,regular
110689,Ismael Mohamed Moliner Riquelme,2020-08-31,2,regular
109528,Marta de Machado,2023-10-09,2,regular
103152,Maura Nevado Pastor,2020-10-09,2,regular
110208,Trinidad Albero Batalla,2022-04-26,2,regular
110208,Trinidad Albero Batalla,2022-04-26,2,regular
110781,Nicodemo Plinio Gracia Ponce,2021-12-02,2,regular
109480,Abilio Barral Salazar,2023-04-24,2,regular
109256,David de Montenegro,2022-04-01,2,regular
105290,Anacleto Leal Montero,2020-07-16,2,regular
103758,Emigdio Hierro Alonso,2023-12-23,2,regular
108099,Vasco Vazquez,2020-08-18,2,regular
114165,Natanael Segura-Pineda,2023-09-06,2,regular
102447,José Mari Alcolea Cabanillas,2023-07-18,2,regular
103173,Severo de Ojeda,2022-09-09,2,regular
103909,Emilio Feliu Ramis,2023-03-18,2,regular
114910,Norberto Carreño Casals,2020-03-24,2,regular
111674,Angelina Noelia Nogués Pla,2022-02-04,2,regular
111957,Balduino Roselló-Montoya,2021-01-26,2,regular
102509,Chucho Baeza Tur,2022-01-31,2,regular
109807,Francisco de Tejedor,2022-08-28,2,regular
105289,Lina Herranz,2020-07-17,2,regular
101132,Gregorio Diéguez Arnaiz,2021-03-05,2,regular
105379,Sandalio Fuentes Alemán,2021-07-05,2,regular
108973,Domitila Solsona Patiño,2022-02-08,2,regular
110000,Alcides Gomila Pombo,2023-09-13,2,regular
105683,Susanita Roig,2022-11-20,2,regular
103204,Víctor Aitor Domínguez Busquets,2020-11-04,2,regular
112561,Erasmo Arrieta-Palomares,2021-04-22,2,regular
109513,Yago Hierro,2022-05-24,2,regular
106667,Adelaida Escrivá,2023-12-03,2,regular
105092,Germán Rodriguez Feijoo,2022-03-20,2,regular
109599,Isaías Fuentes Rebollo,2023-09-20,2,regular
102507,Natanael Seguí Pedrosa,2023-02-20,2,regular
109544,Raquel Serna Arévalo,2022-07-27,2,regular
114318,Leopoldo Lobato Arévalo,2021-08-06,2,regular
107368,Maura Fábregas Bravo,2022-07-29,2,regular
106966,Silvio Fajardo Calvet,2023-06-07,2,regular
108484,Judith Bustos Pazos,2024-02-18,2,regular
111326,Bernardino Esteban-Fuertes,2020-07-13,2,regular
115054,Eli Robles-Mancebo,2020-05-21,2,regular
108655,Rita Alegre Abril,2023-02-06,2,regular
101553,Nicolás Ismael Montero Chamorro,2022-02-13,2,regular
113901,Berto Carballo Alcázar,2023-05-05,2,regular
112520,Francisca Cózar Ochoa,2021-05-25,2,regular
109616,Hermenegildo Morcillo Pera,2021-02-11,2,regular
111211,Amando Amo-Girón,2024-03-23,2,regular
114464,Cruz del Piquer,2022-06-30,2,regular
103115,Anastasia Cifuentes Menéndez,2023-08-06,2,regular
113928,Elpidio Rafael Olmo Ochoa,2024-08-14,2,regular
109980,Edelmiro Nieto,2020-09-10,2,regular
105326,Dorotea Leticia Morata Carbonell,2020-04-07,2,regular
106958,Jose Carlos Portero Gargallo,2023-04-29,2,regular
111873,Isidro Rosendo Blanch Valenzuela,2022-01-31,2,regular
109194,Eli Pacheco Quesada,2023-03-27,2,regular
106569,María Fernanda Ferrer Olivares,2020-08-06,2,regular
104632,Armando Arenas Gomila,2022-09-11,2,regular
108898,Olalla del Antúnez,2020-11-10,2,regular
108579,Herberto Juan Luna Padilla,2022-03-29,2,regular
108579,Herberto Juan Luna Padilla,2022-03-29,2,regular
107943,Tania Luna-Manzano,2024-07-23,2,regular
113072,Natalia Laguna Luján,2023-04-06,2,regular
109847,Sebastián Sebastián Fajardo,2022-01-10,2,regular
102722,Bernarda Pavón Calzada,2023-10-24,2,regular
115008,Manuelita Pont Aliaga,2023-06-05,2,regular
108043,Tomasa Trillo Tomas,2020-05-19,2,regular
110084,Ale Gisbert Alcalde,2023-02-19,2,regular
110004,Samanta Bilbao,2023-08-22,2,regular
106323,Maura Anabel Palomar Carmona,2021-01-13,2,regular
106222,Andrea Márquez Ávila,2023-10-06,2,regular
111357,Ariadna Zabala Marquez,2021-02-18,2,regular
104328,Anastasia Santamaría,2022-11-15,2,regular
105587,Genoveva Arce Hidalgo,2021-05-21,2,regular
113232,Rico Orozco-Daza,2023-08-14,2,regular
113066,Teo Hernandez Font,2023-06-22,2,regular
112893,María Carmen Soler Prats,2023-10-22,2,regular
102796,Berto Aparicio-Bonilla,2022-03-26,2,regular
102245,Severiano Gracia Lozano,2020-05-11,2,regular
100791,Eleuterio Huguet Llorente,2022-01-07,2,regular
112832,Rolando Madrigal Saez,2023-05-25,2,regular
107534,Bibiana Téllez,2023-10-05,2,regular
106009,Arsenio Araujo,2023-06-14,2,regular
101034,Claudio del Pablo,2023-09-07,2,regular
109681,Pastor Blanca Sáez,2024-05-13,2,regular
101515,Eusebia Suárez Barba,2022-11-19,2,regular
108237,Ruperto Murillo,2020-08-13,2,regular
114261,Agustín Heredia Escudero,2022-03-16,2,regular
114022,Pía Linares Quintana,2023-11-22,2,regular
114169,Susana del Huerta,2024-05-08,2,regular
111228,Ruben Leal Carvajal,2021-10-28,2,regular
100902,Vilma Llano-Quiroga,2022-04-17,2,regular
109350,Elena Amorós Becerra,2021-12-08,2,regular
103297,Renato Gilabert Fábregas,2023-04-11,2,regular
101182,Guadalupe Grande Tormo,2023-01-06,2,regular
101376,Nazaret Lamas,2022-09-09,2,regular
102640,Aitana Canals,2021-10-12,2,regular
113942,Celestino Corominas Casal,2024-08-16,2,regular
110503,Sandalio Rosales Muñoz,2023-07-20,2,regular
106682,Rosa Fuertes Llamas,2021-09-11,2,regular
107236,Moreno Galindo-Mulet,2023-08-27,2,regular
114337,Jenaro Maldonado Menéndez,2022-06-01,2,regular
111671,Reyna Bolaños,2021-06-30,2,regular
112673,Nacio Benavent,2022-11-16,2,regular
100306,David García Camacho,2023-07-11,2,regular
112336,Fabián Custodio Folch Flores,2021-11-05,2,regular
104322,Angélica de Roselló,2023-07-17,2,regular
106471,Dionisio Santamaria Gallart,2023-04-12,2,regular
112651,Seve Alcántara Lucena,2022-02-25,2,regular
105516,Cebrián Valls Abellán,2022-08-10,2,regular
110805,Marciano Diego Pujol,2023-05-12,2,regular
110019,Valentín del Zorrilla,2023-03-24,2,regular
114585,Liliana Robles Raya,2024-07-03,2,regular
111631,José Alma Bermúdez Delgado,2024-01-07,2,regular
111894,Nazario Sacristán Vaquero,2023-01-06,2,regular
113853,Ileana Aragonés Palomares,2023-11-20,2,regular
108112,Hilda de Campillo,2021-06-15,2,regular
112910,Valero Company Ibáñez,2023-06-23,2,regular
108751,Fulgencio Palomino Quintana,2022-08-05,2,regular
101465,Clementina Paniagua-Rodríguez,2024-04-25,2,regular
111513,Marcelo de Ferrero,2021-05-20,2,regular
101774,Etelvina Nieto Campos,2020-11-22,2,regular
106449,Jose Miguel Ordóñez Chaparro,2024-06-19,2,regular
105600,María Teresa del Falcó,2020-07-31,2,regular
112542,Sol Río,2021-06-22,2,regular
102800,Loida Abril Zorrilla,2023-09-07,2,regular
104307,Eligia Portero Solsona,2023-10-04,2,regular
112706,Simón Franch Pont,2021-11-25,2,regular
107978,Albina Barrera Solsona,2022-02-21,2,regular
110664,Nadia Jacinta Cabrero Feijoo,2020-08-05,2,regular
112485,Socorro Gutierrez,2021-04-16,2,regular
103967,Santiago Tolosa Carlos,2022-11-10,2,regular
110779,Manuelita Reyna Batlle Martinez,2022-12-02,2,regular
110329,Agustín Conesa Fábregas,2024-04-09,2,regular
104604,Modesto Sevilla-Almazán,2023-05-26,2,regular
104572,Gala Cuéllar Puga,2023-04-04,2,regular
108977,Segismundo Gustavo Solera Céspedes,2022-07-04,2,regular
104943,Marciano Cid Llorente,2023-02-04,2,regular
111377,Juana de Ribes,2021-12-31,2,regular
109104,Goyo Ortiz Menéndez,2022-03-12,2,regular
108672,Ani Porta Mayo,2023-07-12,2,regular
113891,María Castejón Peña,2024-04-24,2,regular
114508,Luisina Ortiz Amores,2023-01-25,2,regular
111229,Gilberto Frutos Valenzuela,2023-12-13,2,regular
109637,Baltasar Escudero Tenorio,2020-09-25,2,regular
101270,Jose Luis Moya-Robledo,2022-10-22,2,regular
112422,Eleuterio Heras Clavero,2020-10-07,2,regular
110796,Miguel Luís Luz,2023-06-07,2,regular
115244,América Cal-Mas,2023-04-20,2,regular
113674,Juan Santiago Folch,2022-07-16,2,regular
112079,Nereida Ojeda Millán,2020-10-01,2,regular
113407,Marina Jaume Perera,2024-08-21,2,regular
110310,Celia Guitart Juárez,2023-06-12,2,regular
102844,Jafet Sevilla Peña,2020-10-11,2,regular
113256,Ale Vall Izquierdo,2023-10-21,2,regular
104472,Adelaida Mate Meléndez,2020-08-08,2,regular
110529,Amparo Montserrat Arnal,2022-05-02,2,regular
111134,Omar Ros Alberola,2020-03-01,2,regular
109171,Mercedes Tejada Monreal,2024-05-05,2,regular
115208,Marcos Olmo-Dalmau,2021-08-10,2,regular
101765,Reinaldo Pomares Macías,2023-04-02,2,regular
109800,Natividad Adoración Haro Jover,2024-03-02,2,regular
110085,Nazaret Morata-Amigó,2021-06-21,2,regular
101658,María Belén Arco Polo,2020-09-15,2,regular
108070,Rita Olimpia Anaya Martín,2020-12-25,2,regular
105317,Damián del Silva,2023-05-04,2,regular
108850,Elpidio del Delgado,2023-03-12,2,regular
100955,Virginia Angulo Roca,2023-03-30,2,regular
100955,Virginia Angulo Roca,2023-03-30,2,regular
101074,Teodosio Espinosa Sanabria,2024-06-16,2,regular
114381,Renata Zapata Capdevila,2022-06-01,2,regular
109604,Domitila Perez Luís,2023-01-28,2,regular
107385,Florencia Verdugo-Fábregas,2021-01-22,2,regular
109461,Aroa Maldonado Arévalo,2021-08-13,2,regular
110687,Berta Aller Aguilera,2024-02-28,2,regular
105455,Nayara Domínguez Palau,2024-04-29,2,regular
106101,Angelita Valbuena-Prada,2021-08-26,2,regular
111712,Timoteo Baquero-Martinez,2024-01-16,2,regular
100311,Ibán de Ibarra,2021-07-24,2,regular
104669,Ana Sofía Salom Borrell,2023-02-24,2,regular
112746,Ester Mariscal Estevez,2022-01-21,2,regular
105885,Asunción Piñol Menendez,2022-07-03,2,regular
105315,Rufina de Toro,2020-09-12,2,regular
104248,Emma Lledó,2021-06-16,2,regular
106514,Anabel Izquierdo,2024-03-09,2,regular
106227,Juan Montoya Lloret,2023-06-11,2,regular
103177,Gervasio Riba Galindo,2022-04-27,2,regular
114011,Nacio Robles Vizcaíno,2022-07-05,2,regular
101052,Cirino Ferrero Ballester,2023-08-08,2,regular
104323,Guadalupe del Cerdán,2020-05-27,2,regular
109449,Rosendo Ledesma-Agudo,2022-09-04,2,regular
109934,Fidela Caro-Delgado,2020-10-03,2,regular
110348,Román Salvà Caparrós,2020-06-15,2,regular
110348,Román Salvà Caparrós,2020-06-15,2,regular
115076,Fátima Ferreras Aragón,2023-08-30,2,regular
100337,Olegario Vilanova Cortés,2021-04-01,2,regular
105919,Noé Botella Ródenas,2021-08-08,2,regular
108264,Nydia Camila Samper Caballero,2021-03-07,2,regular
106264,Matías de Riera,2023-10-18,2,regular
112502,Carmelita Belda Yáñez,2021-01-23,2,regular
103916,Mireia Izaguirre Jara,2023-12-26,2,regular
102441,Mercedes del Casal,2022-10-18,2,regular
102154,Dan Juan José Cañas Arroyo,2020-05-13,2,regular
100777,Félix Cases-Angulo,2021-03-04,2,regular
101290,Nydia Ferreras Palomar,2024-07-08,2,regular
102149,Paloma Bermudez Molins,2021-11-20,2,regular
101037,Eleuterio Hernán Suárez Marcos,2023-10-16,2,regular
100862,Amor Abril Ibañez Prado,2021-01-10,2,regular
101258,Severiano Benito,2024-07-31,2,regular
106583,Isaura Guitart Valle,2024-07-31,2,regular
103876,Jose Antonio Aroca-Salcedo,2024-04-04,2,regular
104628,Rebeca del Vilanova,2022-02-28,2,regular
111296,Vicente Gimeno Aragonés,2021-01-14,2,regular
112547,Oriana Bernat Bolaños,2024-06-26,2,regular
101339,Bernardo Hoyos Leal,2020-08-14,2,regular
103263,Fabiana Luna Tejedor,2021-03-15,2,regular
100651,Alexandra Díez Rivera,2020-03-24,2,regular
112332,Fortunata Hoyos-Canals,2024-04-08,2,regular
111319,Débora Dávila Aragón,2023-01-11,2,regular
102379,Sancho Checa Villena,2021-02-11,2,regular
102379,Sancho Checa Villena,2021-02-11,2,regular
108961,Encarnacion Ferrándiz Juan,2023-10-18,2,regular
100161,Sofía Martín-Muñoz,2020-06-09,2,regular
102576,Lidia Múgica Prats,2023-09-09,2,regular
105877,Abigaíl Morillo,2022-05-08,2,regular
102943,Humberto del Fabra,2022-07-10,2,regular
103613,Paloma Carballo Ibarra,2024-01-02,2,regular
115010,Wilfredo Carreño-Chacón,2023-09-03,2,regular
109472,Belén Jover,2024-01-08,2,regular
100898,Florina Ibarra,2020-04-26,2,regular
102566,Natalio Fernández,2022-10-23,2,regular
112713,Fortunata Aroca Díaz,2023-07-17,2,regular
102608,Rosenda Carreño Montero,2021-03-10,2,regular
114787,Ernesto Ale Trujillo Barbero,2024-06-13,2,regular
114685,Azeneth Espinosa,2022-08-25,2,regular
109360,Moreno Montenegro Carrera,2020-05-13,2,regular
110649,Víctor Quintanilla Tello,2024-03-27,2,regular
111467,Octavio Agustí Pons,2023-11-01,2,regular
108691,Teófilo Rozas Portillo,2024-04-07,2,regular
107082,Dorotea Calzada Escobar,2022-10-05,2,regular
108913,Alberto de Girón,2023-06-24,2,regular
100137,Eli Cueto Bayón,2023-02-14,2,regular
109764,Cleto Rosario Lillo Peñalver,2022-09-25,2,regular
103607,Calisto Leal Aguirre,2022-11-28,2,regular
100242,Anselma Alarcón Somoza,2023-04-23,2,regular
106916,Diego Nebot Gálvez,2020-07-15,2,regular
111267,Raquel Agudo-Galván,2024-02-29,2,regular
112377,Dimas Fonseca Galindo,2023-03-06,2,regular
103642,Feliciana Borja-Azcona,2023-08-12,2,regular
100490,Petrona Villanueva,2022-05-15,2,regular
101630,Edmundo del Ros,2021-10-19,2,regular
108253,Griselda Manzanares-Marí,2023-12-17,2,regular
110443,Anunciación Sala-Francisco,2021-09-15,2,regular
114561,Íñigo Báez Pelayo,2022-11-23,2,regular
114614,Moreno Hervás Casanova,2023-07-16,2,regular
101365,Hipólito Acero,2021-04-28,2,regular
104121,Eduardo Cabo Canales,2020-12-23,2,regular
114905,Olalla Fuertes Mendizábal,2021-06-27,2,regular
114905,Olalla Fuertes Mendizábal,2021-06-27,2,regular
111737,Isidoro Lastra Izaguirre,2020-11-01,2,regular
103766,Margarita Pons Aznar,2022-01-08,2,regular
103952,Paca Caridad Varela Cuevas,2022-10-15,2,regular
100113,Ignacio Izaguirre Jurado,2023-03-31,2,regular
108161,Chita Flores-Bravo,2020-09-01,2,regular
107952,Custodia Ferrández Poza,2024-05-09,2,regular
111615,Rafa Arco Cerdá,2021-04-17,2,regular
111445,Ovidio Losa Moya,2021-01-08,2,regular
102293,Edelmira del Valverde,2020-12-08,2,regular
104539,José Amelia Font Casares,2022-05-25,2,regular
105142,Julieta Hernández Mateo,2022-12-26,2,regular
101850,Guiomar Puig Vazquez,2022-06-08,2,regular
108576,Haroldo Garrido,2023-02-16,2,regular
111048,Marisol Jaén Almagro,2022-07-06,2,regular
106772,Lisandro Cid Galiano,2020-07-21,2,regular
112247,Clemente de Cerdán,2024-02-23,2,regular
113677,Isabel Batalla Sarabia,2021-06-03,2,regular
109584,Tadeo Zamorano Taboada,2023-08-09,2,regular
110522,Jaime Che Tamarit Pastor,2022-10-23,2,regular
114596,Cirino Cipriano Parejo Gonzalo,2020-06-19,2,regular
111325,Antonia Corbacho Heras,2023-02-09,2,regular
101106,Melchor Bayo-Barriga,2020-06-19,2,regular
100693,Mariana Arenas Anglada,2022-12-27,2,regular
104957,Jose Carlos Novoa Mate,2022-05-07,2,regular
113990,Leandro Calisto Acuña Haro,2023-04-21,2,regular
113205,Fortunato Cabrero Cerdá,2023-03-22,2,regular
112779,Sonia Alberdi Cuéllar,2022-09-12,2,regular
108200,Venceslás Carranza-Fuster,2020-09-27,2,regular
106590,Norberto Ródenas Blazquez,2023-09-11,2,regular
114403,Bartolomé José Mari Espejo Alcalde,2023-12-15,2,regular
106411,César del Tenorio,2021-09-19,2,regular
103277,Ema Rueda Esteve,2023-07-11,2,regular
114143,María Del Carmen Manzano Laguna,2021-11-06,2,regular
107704,Octavia de Tovar,2024-06-13,2,regular
102662,Clementina Batlle Belda,2022-07-18,2,regular
110198,Lupe Mariño Santos,2023-03-21,2,regular
113133,Aarón Salinas Alberola,2023-04-13,2,regular
101773,Manola Corral Cepeda,2020-11-22,2,regular
102006,Ciro Gámez-Roman,2020-03-24,2,regular
103238,Ainara Gálvez Chico,2021-05-03,2,regular
105622,Felicidad Diéguez Melero,2024-04-30,2,regular
101949,Regina Marcela Palacios Vélez,2023-10-09,2,regular
105739,Roxana Viana Posada,2021-07-29,2,regular
102438,Ovidio Chaparro Correa,2022-12-23,2,regular
114774,Eusebio Pepe Leiva Nieto,2023-12-20,2,regular
114434,Marcelino Martín Mulet Bustos,2021-03-27,2,regular
101557,Fernanda Batalla Arrieta,2021-01-19,2,regular
105790,David Batalla,2023-10-17,2,regular
101589,Odalis Tormo,2024-05-12,2,regular
107399,Mayte Checa,2020-12-31,2,regular
109243,Aurelio Viña,2023-01-03,2,regular
104728,Salomón Clavero Tolosa,2023-05-08,2,regular
101239,Noemí Bastida Rico,2023-09-30,2,regular
106466,Martina de Buendía,2020-06-29,2,regular
114637,Leoncio Torrent Rivera,2024-08-13,2,regular
102236,Regina Javiera Checa Rojas,2020-03-02,2,regular
104237,Isabela Iglesia Reyes,2023-01-22,2,regular
103364,Jacinto Toledo Benavente,2020-09-05,2,regular
114264,Clarisa Jiménez Fortuny,2022-07-21,2,regular
106338,Jorge Arce Gimeno,2021-07-22,2,regular
103907,Irma del Canals,2021-12-01,2,regular
102491,Sol Anguita,2023-11-24,2,regular
100116,Lorena Guardiola,2020-06-13,2,regular
103120,Aníbal de Alemany,2024-07-02,2,regular
114383,Gisela Ferrández Carreras,2023-01-03,2,regular
111679,Rogelio Bustos Rodrigo,2024-08-20,2,regular
104700,Maribel Pi Espinosa,2023-10-22,2,regular
114913,Olga del Alcolea,2022-01-09,2,regular
107167,José María de Arnau,2020-08-09,2,regular
106539,Basilio Torrijos Prieto,2024-01-10,2,regular
103631,Natalia Barral Anglada,2024-03-12,2,regular
112845,Aitana Valls Coll,2020-06-03,2,regular
101141,Íñigo Rios Cerdá,2022-01-13,2,regular
106208,Socorro Cámara Martin,2023-07-24,2,regular
106627,Eloy Clavero Carrasco,2024-04-01,2,regular
112459,Amor Gisbert-Bustamante,2023-08-11,2,regular
108492,Sancho Vidal Giménez,2024-08-25,2,regular
109570,Azucena Quiroga Leiva,2022-08-29,2,regular
106790,Nilda María Teresa Sotelo Nuñez,2023-12-01,2,regular
108316,José María Solana Benavides,2021-08-06,2,regular
100911,Domitila Dueñas Alemany,2023-03-12,2,regular
111921,Águeda Tovar Barrio,2023-06-18,2,regular
109650,Amor Cerdán Vizcaíno,2023-05-09,2,regular
112191,Dulce Abella Gisbert,2022-06-16,2,regular
115231,Jose Manuel Salcedo Pla,2023-05-06,2,regular
112672,Hipólito Américo Llanos Morán,2020-12-02,2,regular
113161,Dimas Bruno Ledesma Fuertes,2023-07-01,2,regular
101820,Moisés Zaragoza-Dueñas,2020-09-08,2,regular
112160,Cipriano Colomer Perea,2022-10-05,2,regular
109343,Teodosio del León,2021-02-03,2,regular
102283,Mario de Torrent,2022-05-19,2,regular
107923,Jose Carlos de Ramis,2021-10-09,2,regular
114073,Mireia Pla Arranz,2020-04-07,2,regular
104616,Renata Hernando Luján,2021-02-15,2,regular
112082,Fito Castilla Prado,2021-12-12,2,regular
114800,Angelino Casas,2023-06-03,2,regular
100856,Serafina del Palmer,2021-09-08,2,regular
112680,Piedad Feliu Valle,2022-11-07,2,regular
112367,Nicanor Alvarez Hoyos,2023-11-25,2,regular
102395,Charo Tapia Cordero,2022-06-29,2,regular
114316,Jennifer Azorin-Perales,2024-01-17,2,regular
113353,Dafne Luís Morell,2023-01-03,2,regular
107156,Primitiva Inmaculada Tamarit Sabater,2021-11-10,2,regular
101968,Ágata Torre Sáenz,2021-04-20,2,regular
106143,Noé Espejo Roca,2021-06-30,2,regular
103675,Obdulia Lastra Escudero,2020-12-09,2,regular
106363,Luis Ángel Benavente Gabaldón,2023-11-01,2,regular
112495,Oriana Alcántara-Bermudez,2020-06-07,2,regular
110431,Consuela Cepeda Álamo,2024-07-20,2,regular
114638,Rolando Arenas-Múgica,2020-12-13,2,regular
106345,Sonia Juárez Chaparro,2024-02-10,2,regular
106050,Fabiola Zamorano Solano,2023-06-07,2,regular
111440,Domingo Carretero,2023-03-27,2,regular
103865,Emilio Viña Guerra,2023-09-01,2,regular
103605,Toribio Prado Arrieta,2021-08-14,2,regular
100613,Caridad Alba,2021-10-23,2,regular
102823,Jose Manuel Arcos Juliá,2022-03-05,2,regular
109204,Cloe Gelabert,2024-06-03,2,regular
107194,Mamen Bilbao-Luz,2022-07-14,2,regular
109284,Raúl de Losa,2024-08-15,2,regular
101728,Agustina Feijoo,2023-03-13,2,regular
108536,Toño Romeu Baró,2022-04-16,2,regular
114571,Bernarda Mateos Recio,2023-01-08,2,regular
106567,Eustaquio Riquelme-Córdoba,2022-09-05,2,regular
106634,Vito Alfonso-Heras,2022-08-18,2,regular
113102,Pánfilo Salcedo Otero,2020-06-27,2,regular
114499,Flavio Alejandro Ugarte Granados,2020-07-11,2,regular
112980,Natanael Peláez Guillen,2021-05-20,2,regular
104999,Édgar Gárate Rosado,2024-02-08,2,regular
107711,Fabiola Felicia Hierro Abella,2020-09-27,2,regular
115123,Lalo Gutiérrez,2024-07-28,2,regular
114725,Virgilio de Duarte,2021-11-30,2,regular
111003,Conrado Muñoz Viana,2021-01-18,2,regular
105470,Santiago del Anglada,2021-06-03,2,regular
114548,Elías Garriga-Gonzalo,2020-07-20,2,regular
103587,Belen Garrido,2022-06-11,2,regular
110645,Abel Benavent Roig,2020-08-18,2,regular
102024,Marita Manso Escudero,2024-03-03,2,regular
111330,Felipa Gibert Duque,2023-06-22,2,regular
113349,Roxana Melero Méndez,2020-04-21,2,regular
105927,Graciano Lladó Agustí,2023-07-21,2,regular
110518,Leticia Saez Fabregat,2023-04-14,2,regular
104559,Amparo Olivé-Quintero,2023-09-08,2,regular
105342,Maristela Morales Sanchez,2020-09-25,2,regular
102161,Felisa Varela Font,2022-05-17,2,regular
112276,Ofelia Carbó Miró,2021-04-09,2,regular
111890,Andrea del Páez,2020-06-10,2,regular
112788,Jordán Manuel-Cabo,2021-02-06,2,regular
105979,Maximiano Riquelme Mendez,2023-10-18,2,regular
104286,Paulina del Tena,2021-01-09,2,regular
105511,Eulalia Jaén,2023-01-04,2,regular
109867,Pánfilo Juárez Saez,2023-01-13,2,regular
103272,Graciano Gil Mateu,2023-02-17,2,regular
112569,Primitiva Espejo Pino,2022-01-14,2,regular
113880,Loreto Gallart,2022-08-09,2,regular
107452,Pablo Quintana Gómez,2021-10-10,2,regular
113269,Raimundo Palmer Villa,2020-11-16,2,regular
109313,Lino de Carranza,2022-01-09,2,regular
113432,Asdrubal de Agustín,2021-08-11,2,regular
108617,Kike Huerta Lobato,2024-06-02,2,regular
112028,Serafina Itziar Palmer Saura,2021-03-07,2,regular
114703,Leonardo Román,2024-02-11,2,regular
107994,Albino Gonzalo Olivares,2022-01-15,2,regular
103717,Concepción Marín Malo,2020-04-07,2,regular
102045,Seve Escolano-Novoa,2023-01-20,2,regular
106407,Amelia Avilés Coll,2022-05-19,2,regular
101180,María Sacristán-Blanca,2020-08-07,2,regular
105079,Luz Borrell Martín,2024-05-07,2,regular
113099,Rocío Exposito Godoy,2021-12-14,2,regular
114807,Jose Casemiro Ferrán Roma,2022-05-27,2,regular
103037,Nélida Oliver Sáenz,2020-08-09,2,regular
105778,Belen Garzón Martorell,2024-08-17,2,regular
114037,Fabricio Fuertes Rosa,2022-02-28,2,regular
101961,Ana Sofía Lluch,2023-12-16,2,regular
104260,Anastasio del Solís,2023-06-18,2,regular
114496,Trinidad Alvarez Rovira,2023-01-13,2,regular
108436,Primitiva Juliá Ferreras,2023-05-01,2,regular
101443,Dorotea Niño Puig,2023-09-08,2,regular
102409,Priscila Santiago Maldonado,2023-01-08,2,regular
104038,Luciano Quintero Herrero,2024-08-21,2,regular
107124,Guiomar Navarro Echeverría,2020-10-22,2,regular
102494,Sandalio Solana-Ortuño,2024-02-29,2,regular
111812,Miguela Machado Blasco,2020-10-14,2,regular
112076,Marisela del Palacio,2022-03-11,2,regular
115178,Amancio Hernandez Bayón,2020-06-22,2,regular
100708,Odalys Hidalgo Frutos,2022-12-06,2,regular
100073,Jose Angel Bartolomé Navarrete,2022-07-27,2,regular
111544,Jacinta Rico Cano,2022-12-04,2,regular
106781,Ricarda Romeu-Alcolea,2024-01-14,2,regular
110659,Albano Palacio-Canals,2022-02-26,2,regular
107228,Yolanda Rey,2022-03-16,2,regular
105753,Agustín Neira Valenciano,2024-07-06,2,regular
110829,Mohamed Miguel Ángel Lerma Alvarez,2022-02-06,2,regular
104883,Ainara Rufina Pomares Amorós,2024-08-17,2,regular
111564,Jesús Palomo Solana,2022-06-24,2,regular
100012,Paloma Gaya-Tello,2020-10-13,2,regular
104761,Virginia Requena Mur,2021-08-22,2,regular
101178,Felix Báez,2022-07-29,2,regular
102864,Blanca Abellán Diaz,2022-06-15,2,regular
111531,Anacleto Palomar Bejarano,2022-07-19,2,regular
109043,Florencio Moya Galiano,2023-07-23,2,regular
114643,Victor Asenjo-Roda,2021-01-16,2,regular
111866,Teresita Gutierrez Lara,2021-10-28,2,regular
111678,Violeta Figuerola Báez,2020-08-03,2,regular
101199,Constanza Merino-Bravo,2021-11-29,2,regular
101970,Fidela Alcalá Varela,2021-07-02,2,regular
109201,Sosimo Bayo,2022-08-18,2,regular
109236,Jose Angel Bernad Jurado,2021-07-15,2,regular
109509,Dafne Carmen Mateos Ferrández,2021-06-12,2,regular
101275,Cipriano Grau Rocha,2022-04-12,2,regular
101391,Fausto Sabater Anguita,2020-10-25,2,regular
110186,Efraín Jaume Haro,2022-02-19,2,regular
112198,Amaro Monreal Baeza,2023-07-13,2,regular
105632,Nicodemo Boada Gálvez,2020-04-17,2,regular
106564,Rómulo Juárez-Tejedor,2022-02-04,2,regular
115184,Jacobo Guardia,2023-05-23,2,regular
103454,Eloísa Zapata Arjona,2020-04-01,2,regular
115157,Mamen Figueroa Salgado,2020-06-17,2,regular
104110,María Manuela León Cardona,2022-06-06,2,regular
100208,Federico Castañeda Saez,2022-03-10,2,regular
103912,Clímaco Ugarte-Casares,2021-09-01,2,regular
111041,Adrián Burgos Mur,2022-02-06,2,regular
114358,Manu Ordóñez Chaves,2022-07-20,2,regular
103497,Olga Gálvez Pardo,2021-08-30,2,regular
108466,Toño Berenguer-Romeu,2023-12-04,2,regular
108587,Narcisa Moles Reyes,2020-08-11,2,regular
108692,Cruz Estrada Cantón,2020-07-25,2,regular
108692,Cruz Estrada Cantón,2020-07-25,2,regular
113959,Zacarías Alba,2022-08-18,2,regular
100527,Albert Urrutia-Gomez,2021-06-25,2,regular
112637,Lupe Piñol Comas,2023-10-05,2,regular
101051,Esther Rocha,2023-08-12,2,regular
114089,Belén Tamarit Perez,2024-01-29,2,regular
110002,Curro Diego,2024-06-09,2,regular
100934,Hilario Segarra Español,2021-11-07,2,regular
104180,Nidia Palau Barreda,2023-05-13,2,regular
102897,Íngrid Perelló Roda,2022-10-07,2,regular
111940,Camila Amo Segarra,2022-01-20,2,regular
100687,Crescencia Sancho Alsina,2023-08-21,2,regular
108214,Edmundo Ros Río,2022-12-29,2,regular
101041,José María Burgos Quiroga,2021-07-15,2,regular
101266,Cándida de Enríquez,2020-11-03,2,regular
112963,Isabel Abascal Palomares,2023-07-19,2,regular
114448,Chucho Bonet Simó,2022-04-07,2,regular
102720,Severiano Cobos,2020-09-22,2,regular
105151,María José Pintor Chaves,2022-09-07,2,regular
102605,Jerónimo Pérez Cortes,2021-06-20,2,regular
105234,Pío Juanito Juárez Sabater,2024-06-16,2,regular
107292,Curro del Cordero,2022-08-01,2,regular
112458,Soraya Arcos Castells,2022-10-14,2,regular
109548,Jimena Ferrándiz Plana,2021-04-17,2,regular
113332,Amado Martin Peñalver Jáuregui,2022-08-02,2,regular
113060,Domitila Ríos Mas,2021-12-12,2,regular
101869,Dionisia Sevilla Plaza,2023-09-03,2,regular
104495,Alma Conesa Olmedo,2021-12-27,2,regular
103431,Vinicio Celestino Aramburu Bueno,2021-02-19,2,regular
107070,Fernando Pacheco Teruel,2024-08-24,2,regular
112985,Mireia Casas,2021-04-06,2,regular
112317,Martina Bonet-Blázquez,2023-05-17,2,regular
115050,Augusto Cuenca Casares,2021-09-08,2,regular
100546,Angelina de Tamayo,2020-06-18,2,regular
112304,Fortunato Emilio Montserrat Amor,2021-07-23,2,regular
103043,América Benitez Carballo,2021-07-28,2,regular
109127,Toño Valderrama Báez,2024-04-24,2,regular
114205,Lola Menéndez,2021-11-11,2,regular
107687,Aránzazu Blanco Amo,2024-08-25,2,regular
108593,Débora Gaya,2021-07-05,2,regular
115227,Emilia Acevedo Robledo,2020-06-13,2,regular
111919,Urbano Rodríguez,2021-02-09,2,regular
114864,Amelia Pedrero Pino,2020-04-07,2,regular
107983,Lucila Atienza Barrena,2021-03-16,2,regular
103641,Débora Concepción Barceló Sanjuan,2022-10-19,2,regular
100330,Régulo Escrivá Plana,2024-03-29,2,regular
103005,Alberto Iniesta Escudero,2023-10-08,2,regular
106668,Alex de Huguet,2024-04-28,2,regular
104204,Macarena Chaparro Soria,2020-06-02,2,regular
100061,Salomón Aragonés Mariño,2021-07-19,2,regular
105137,Jeremías Mendizábal,2022-06-16,2,regular
112694,Elodia Cid-Villa,2024-07-11,2,regular
106767,Vicente Téllez Montenegro,2022-12-13,2,regular
104151,Severo Girona Ángel,2021-01-08,2,regular
114661,Fabricio Gracia Bautista,2021-11-25,2,regular
108802,Jose Francisco Niño Marco,2021-11-22,2,regular
112245,Fulgencio Moles Juliá,2023-04-11,2,regular
112876,Joaquina Sotelo Sosa,2020-09-17,2,regular
112117,Manu Baró,2023-08-02,2,regular
110368,Benigna Carnero Rubio,2023-08-04,2,regular
111623,Juan Antonio Conde Meléndez,2024-06-24,2,regular
110954,Candelas Pomares Pujadas,2023-12-15,2,regular
113365,Maximiliano Godoy Jimenez,2020-08-04,2,regular
100805,Sarita Garcés Guitart,2023-05-05,2,regular
112995,Rómulo Comas Llanos,2021-09-25,2,regular
103696,Iris Barrio Salvà,2020-07-28,2,regular
108967,Manuel Murcia Pi,2024-07-06,2,regular
113576,Lucas Sola Ramirez,2022-09-28,2,regular
110999,Agapito Font Piquer,2021-01-17,2,regular
103452,Edmundo de Benítez,2020-11-25,2,regular
105084,Eladio Antón-Villalobos,2021-05-12,2,regular
100769,Martina Garcés Revilla,2024-08-08,2,regular
109182,Rafaela Benítez Canals,2023-11-20,2,regular
112998,Jordi Cid Peral,2023-11-15,2,regular
113051,Berto del Blanch,2023-05-15,2,regular
108071,Marcos Calderon,2020-04-13,2,regular
103508,Víctor Serrano Echeverría,2024-03-15,2,regular
108394,Alejo Ibáñez-Cabeza,2020-10-22,2,regular
104663,Georgina Santos Feliu,2021-10-05,2,regular
109398,Regina Blanco-Marí,2023-06-03,2,regular
113719,Matías Cazorla Jove,2022-10-19,2,regular
108796,Ignacio Martín Cisneros,2023-11-24,2,regular
114919,Pili Malo,2020-03-03,2,regular
102444,Clímaco Trillo Alcalá,2022-03-18,2,regular
114142,Rosaura Gonzalez Mercader,2023-02-18,2,regular
102892,Rosalía Gisbert-Porras,2021-12-29,2,regular
105409,Hortensia Bernad Valdés,2023-09-07,2,regular
111303,Rufina Nieto,2021-06-21,2,regular
114061,Fortunata del Amigó,2020-11-22,2,regular
105416,Angelina Saez Jiménez,2023-05-26,2,regular
110569,Édgar Mayol Gallardo,2022-06-28,2,regular
113925,Tiburcio Jara,2023-12-24,2,regular
109866,Cristóbal Inocencio Roman Roura,2021-03-31,2,regular
112942,Sigfrido Quiroga Serra,2022-04-23,2,regular
103736,Francisca Conde Marco,2023-11-28,2,regular
111707,Gabriel Cervera Rey,2023-09-08,2,regular
115000,Pablo Iniesta Alcázar,2022-06-23,2,regular
112911,Ana Valls Luz,2022-12-09,2,regular
108259,Ana Ramona Baños Arce,2023-09-13,2,regular
103597,Noelia de Amigó,2024-07-21,2,regular
113543,Domingo Calixto Moll Navarrete,2022-03-21,2,regular
101977,Angelita Arco Planas,2021-11-19,2,regular
114502,Eladio del Pozo,2020-06-18,2,regular
112316,Eli de Duque,2020-11-22,2,regular
100056,Lucio del Pacheco,2020-08-21,2,regular
105812,Germán del Pereira,2020-12-10,2,regular
110161,Lázaro Arana Salgado,2023-08-04,2,regular
100761,Juan Luis Guillén Rosselló,2024-01-26,2,regular
101907,Rosario Palomares Hervia,2023-06-12,2,regular
105450,Carmelita Ureña,2022-02-15,2,regular
103473,Anastasia Barreda Berenguer,2020-06-04,2,regular
109522,Salud Virginia Diéguez Gárate,2020-07-10,2,regular
104531,Lilia Cortes Vallejo,2021-05-03,2,regular
106545,Azahara Esteban-Bello,2020-03-05,2,regular
104977,Porfirio Guijarro,2021-03-05,2,regular
114773,Armando Canet Leiva,2024-02-07,2,regular
100405,Nadia Abascal Ayllón,2020-03-16,2,regular
114779,Ámbar de Barreda,2022-08-30,2,regular
114091,Maximino Río Torrents,2023-08-18,2,regular
114797,Norberto Ramón Ramirez,2021-07-03,2,regular
112329,Estela del Espejo,2024-02-11,2,regular
114715,Segismundo Aristides Pujadas Villalba,2021-09-04,2,regular
111477,Nicolás de Reina,2022-02-18,2,regular
101853,Cruz Trillo Izquierdo,2021-11-17,2,regular
112973,Miguela Valenciano Hernández,2024-01-19,2,regular
105030,Eutropio Álvarez Soler,2021-06-30,2,regular
100824,Cristian Serrano Mínguez,2021-01-26,2,regular
111633,Reinaldo Mas-Mercader,2021-08-19,2,regular
100505,Albert Ariza Castejón,2022-10-15,2,regular
108648,Ariel Estevez Nieto,2024-06-13,2,regular
111715,Cloe Rodríguez Vélez,2022-05-28,2,regular
106589,Loreto Anselmo Méndez Isern,2023-03-09,2,regular
110020,Calixta Almazán Goicoechea,2023-12-05,2,regular
101325,Jose Ignacio Ramírez Marí,2022-12-18,2,regular
109581,Edgardo Merino,2021-11-11,2,regular
106173,Ruth Urrutia Lillo,2023-12-11,2,regular
109410,Jacobo Pereira,2020-09-14,2,regular
111517,Rafaela Esteban Saura,2020-12-11,2,regular
107242,Felicidad Dominguez,2023-01-30,2,regular
106802,Lorenzo Óscar Herranz Jimenez,2020-05-22,2,regular
103767,Martin Lumbreras Pavón,2022-05-05,2,regular
109880,Asdrubal Cordero Rovira,2020-05-04,2,regular
114528,María Feliu Figueroa,2020-12-25,2,regular
102505,Leire Montoya-Godoy,2022-03-08,2,regular
111089,Cayetana Torre Bellido,2021-02-06,2,regular
107724,Aurelio Iborra Ramis,2020-12-13,2,regular
108003,Demetrio de Calatayud,2022-05-25,2,regular
105388,Corona Morell Navarrete,2020-05-31,2,regular
111691,Hernán Bernat Balaguer,2022-10-19,2,regular
107422,Federico Mascaró Barriga,2024-05-10,2,regular
113185,Domingo Cervera Jódar,2022-11-15,2,regular
112776,Bartolomé Trujillo,2023-08-22,2,regular
103673,David Bartolomé Quesada Múñiz,2020-11-15,2,regular
107806,Sandra Bastida Tamarit,2023-09-06,2,regular
112922,María Cristina Maestre Adadia,2024-07-12,2,regular
109205,Serafina Peñas Silva,2024-07-01,2,regular
115235,Tania Ríos Quero,2022-05-02,2,regular
114263,Eloísa Bernat Jordá,2024-07-09,2,regular
115131,Roque del Perales,2020-08-13,2,regular
109184,Ramón Llamas Borrell,2024-03-23,2,regular
100005,Lupe Conde-Córdoba,2024-06-18,2,regular
104496,Guiomar Moll Zorrilla,2020-09-30,2,regular
101842,Juan Pablo Giralt,2021-03-26,2,regular
105987,Jenaro Ros Bilbao,2022-08-20,2,regular
107344,Heriberto Mancebo Rivero,2024-06-20,2,regular
100785,Paloma Acosta Paz,2024-08-09,2,regular
105443,Javiera Villalobos,2021-01-03,2,regular
100570,María José Aramburu Luna,2023-07-12,2,regular
102976,Clementina Belmonte,2021-09-19,2,regular
100607,Marcial Benítez,2022-03-04,2,regular
112469,Paco del Jordán,2021-05-30,2,regular
101061,Galo Gomez Vall,2020-10-26,2,regular
101070,Sosimo Segovia Martínez,2020-12-11,2,regular
110717,Hortensia Cloe Echeverría Gomis,2023-06-18,2,regular
112947,Toribio Jiménez Arellano,2022-08-25,2,regular
109008,Amalia del Soria,2021-03-19,2,regular
109152,Juan Antonio Rosales Valentín,2020-04-12,2,regular
107023,Marcelo Solé Verdejo,2023-05-22,2,regular
103988,Celestino Agullo Melero,2022-04-10,2,regular
104494,Espiridión Lozano-Aranda,2024-03-03,2,regular
106945,Matías Madrigal,2022-10-16,2,regular
105700,Simón Ochoa Castrillo,2021-04-29,2,regular
102870,Arturo Peñas Linares,2021-07-20,2,regular
108446,Heraclio Villegas Gras,2022-06-19,2,regular
109889,Augusto Castro Bauzà,2022-12-14,2,regular
102512,María Teresa Salazar Mendoza,2021-12-02,2,regular
100595,Lina Torrent Polo,2022-12-12,2,regular
113829,Bautista Madrid Meléndez,2020-04-04,2,regular
112849,Sara del Alberdi,2022-07-19,2,regular
109581,Edgardo Merino,2021-11-11,2,regular
100708,Odalys Hidalgo Frutos,2022-12-06,2,regular
103401,Telmo Avilés-Royo,2022-04-19,2,regular
100330,Régulo Escrivá Plana,2024-03-29,2,regular
110368,Benigna Carnero Rubio,2023-08-04,2,regular
102662,Clementina Batlle Belda,2022-07-18,2,regular
113232,Rico Orozco-Daza,2023-08-14,2,regular
101571,Mirta Frías Baena,2022-04-10,2,regular
110717,Hortensia Cloe Echeverría Gomis,2023-06-18,2,regular
111232,Maxi Nerea Sala Diego,2021-12-29,2,regular
106222,Andrea Márquez Ávila,2023-10-06,2,regular
101853,Cruz Trillo Izquierdo,2021-11-17,2,regular
114261,Agustín Heredia Escudero,2022-03-16,2,regular
111890,Andrea del Páez,2020-06-10,2,regular
109604,Domitila Perez Luís,2023-01-28,2,regular
111544,Jacinta Rico Cano,2022-12-04,2,regular
107287,Gerardo Cañellas Albero,2022-07-30,2,regular
106583,Isaura Guitart Valle,2024-07-31,2,regular
100085,Eladio Miralles Alberola,2023-11-30,2,regular
100056,Lucio del Pacheco,2020-08-21,2,regular
113066,Teo Hernandez Font,2023-06-22,2,regular
107739,Osvaldo de Amigó,2022-08-11,2,regular
105030,Eutropio Álvarez Soler,2021-06-30,2,regular
105136,Moreno Montoya Batalla,2020-12-29,2,regular
102447,José Mari Alcolea Cabanillas,2023-07-18,2,regular
100824,Cristian Serrano Mínguez,2021-01-26,2,regular
109261,Pascuala Santos,2022-07-03,1,nuevo
113207,Anastasio Espada Cabeza,2024-02-05,1,nuevo
110691,Pepe Segura Pol,2022-07-19,1,nuevo
112550,Silvio Amaya Sanabria,2021-05-07,1,nuevo
103782,Cayetano de Murcia,2023-10-18,1,nuevo
103185,Hortensia Chaparro Palacios,2023-10-17,1,nuevo
111355,Jacinto Villar Jáuregui,2022-03-17,1,nuevo
113945,Angelina de Vergara,2022-11-24,1,nuevo
112777,Azeneth Aguiló-Portillo,2021-09-21,1,nuevo
106256,José Jennifer Iñiguez Fortuny,2023-02-07,1,nuevo
104047,Caridad Monreal-Lasa,2022-10-08,1,nuevo
115188,Natalio Mancebo Badía,2023-05-25,1,nuevo
100264,Aitor Anaya Jordán,2024-08-06,1,nuevo
103283,Ana Sofía Coca Caparrós,2023-06-06,1,nuevo
109751,Lupita Catalina Benito Vigil,2023-11-20,1,nuevo
114127,Marina Villegas Carbajo,2023-04-23,1,nuevo
114127,Marina Villegas Carbajo,2023-04-23,1,nuevo
103657,Raquel de Palma,2023-09-23,1,nuevo
105423,Leandro Rosell-Mosquera,2024-02-27,1,nuevo
115075,Fidela Pizarro Ochoa,2021-05-07,1,nuevo
103166,Araceli Morata Calatayud,2020-12-10,1,nuevo
112134,Paulino Posada Gargallo,2023-01-03,1,nuevo
101025,Jovita Macias Rueda,2023-11-28,1,nuevo
110927,Macaria Robledo Alemán,2024-02-29,1,nuevo
109305,Adelardo Rosell Abellán,2020-08-02,1,nuevo
107678,Pastor de Fuertes,2022-10-28,1,nuevo
108546,Herminia Artigas Castrillo,2023-07-23,1,nuevo
109779,Abilio Morillo Portero,2023-04-05,1,nuevo
106174,Nydia Fajardo Cal,2021-02-25,1,nuevo
103647,María Pilar Hervia Pozo,2020-09-21,1,nuevo
105138,Sofía Cervantes Rebollo,2021-06-04,1,nuevo
103839,Regina Bertrán,2022-07-23,1,nuevo
114196,Agustina Moll Sevillano,2021-01-01,1,nuevo
103618,Amparo Miguel Toro,2022-08-22,1,nuevo
106473,Adán Feliu Rincón,2020-08-17,1,nuevo
112728,Jennifer Borja Franco,2022-10-28,1,nuevo
105283,Alicia del Santana,2023-11-05,1,nuevo
109667,Olga Solsona Tejera,2024-07-16,1,nuevo
100968,Candelas Llabrés,2022-05-13,1,nuevo
109345,Marita Feijoo Jover,2024-08-25,1,nuevo
108615,Jordán Llabrés Solana,2024-01-29,1,nuevo
114482,Esmeralda Canales-Aguilera,2020-06-14,1,nuevo
106851,Carina Nebot Arteaga,2022-07-02,1,nuevo
111612,Carmela Filomena Larrea Soria,2021-05-01,1,nuevo
102549,Ciríaco Farré,2020-12-16,1,nuevo
113249,Olegario del Soler,2021-04-03,1,nuevo
113826,Flavio Castro Garay,2020-06-10,1,nuevo
103547,Kike del Bellido,2023-07-06,1,nuevo
108940,Roberta Roig Arévalo,2023-07-07,1,nuevo
102436,Olimpia Quintero Bellido,2024-01-24,1,nuevo
102436,Olimpia Quintero Bellido,2024-01-24,1,nuevo
108202,Desiderio Arce García,2021-02-07,1,nuevo
104557,Diana Eliana Conde Rico,2023-12-31,1,nuevo
113833,Maximino Gomila Varela,2024-05-23,1,nuevo
113761,Julieta Bernal Bautista,2023-10-13,1,nuevo
107445,Tito Castillo Beltrán,2022-10-10,1,nuevo
110685,Aitor Tomas,2020-08-29,1,nuevo
107884,Marta Valero Verdejo,2023-07-16,1,nuevo
106922,Coral Grande Ribas,2022-07-20,1,nuevo
113825,José Carvajal Batalla,2021-02-28,1,nuevo
110285,Amaro Seguí Ropero,2022-02-28,1,nuevo
100813,Fabio Beltrán Franch,2021-04-27,1,nuevo
101979,Marisela Nereida Abellán Vilar,2024-08-29,1,nuevo
103117,Noelia Arias Arnau,2023-05-13,1,nuevo
100614,Amaya Villanueva Casal,2022-12-10,1,nuevo
101283,Jenaro Galvez,2023-12-21,1,nuevo
113500,Eusebia Zapata Sancho,2022-05-08,1,nuevo
108123,Lucas del Carbonell,2020-08-13,1,nuevo
108123,Lucas del Carbonell,2020-08-13,1,nuevo
104167,Nilda Puerta Pelayo,2021-06-22,1,nuevo
105590,Hermenegildo Saldaña Ortega,2023-03-24,1,nuevo
108731,Zaira Bienvenida Martínez Pombo,2022-09-08,1,nuevo
110142,Tiburcio Ochoa Dominguez,2023-09-19,1,nuevo
113655,Primitivo Paredes Benavent,2023-05-08,1,nuevo
112129,Pedro Carrillo Aranda,2020-10-04,1,nuevo
102030,Catalina Noriega Quero,2020-06-03,1,nuevo
110131,Sebastian Velasco Roldán,2021-09-01,1,nuevo
100336,Macario Segismundo Tovar Bustos,2021-08-28,1,nuevo
114475,Gema Ureña Recio,2020-11-18,1,nuevo
108380,Encarnacion del Antúnez,2023-02-12,1,nuevo
104232,Fortunato Peralta Fajardo,2023-02-08,1,nuevo
108582,Claudio Belda Haro,2021-04-06,1,nuevo
108535,Coral Ferrández-Valencia,2023-09-20,1,nuevo
107920,Bárbara Rosselló Vicente,2024-05-19,1,nuevo
109809,Albino Valero Alemán Aguado,2024-05-18,1,nuevo
112165,Fulgencio Bustos-Solera,2024-04-14,1,nuevo
110925,Lidia Baquero Artigas,2020-12-25,1,nuevo
107293,Reinaldo Beltrán Codina,2021-08-07,1,nuevo
102967,Nazaret Camino Calderon,2023-08-16,1,nuevo
104281,Juan Pablo Ferrera Novoa,2021-04-01,1,nuevo
103996,Samuel Vidal Briones,2020-12-11,1,nuevo
112717,Chuy Posada Aguirre,2022-02-03,1,nuevo
106670,Ainara Moliner Valencia,2022-09-15,1,nuevo
100317,Cayetana Cañizares Figuerola,2021-08-13,1,nuevo
114790,Marino Castell Castellanos,2020-03-02,1,nuevo
114559,Andrés Felipe Barberá Cañas,2022-02-18,1,nuevo
100425,Macario Plana-Mas,2020-06-13,1,nuevo
112417,Herberto Eduardo Figuerola Poza,2023-06-07,1,nuevo
104036,Ambrosio Fermín Leal Bermúdez,2022-06-23,1,nuevo
103998,Carolina Delgado Guardiola,2020-09-21,1,nuevo
107783,Reyes Sala-Balaguer,2021-12-04,1,nuevo
100574,Candela Fortuny Jaén,2023-05-07,1,nuevo
104949,Teobaldo Caparrós Ballesteros,2020-06-09,1,nuevo
100069,Ciríaco Sala Galván,2023-09-16,1,nuevo
112590,Manuel del Cabo,2020-06-27,1,nuevo
110580,Jose Llorente-Navarrete,2021-08-12,1,nuevo
102456,Jesusa Caparrós Blanco,2024-01-21,1,nuevo
108171,Carla Socorro Pina Haro,2021-11-10,1,nuevo
110456,Araceli Gomila Camacho,2022-05-07,1,nuevo
104986,Manu Palma-Mateu,2023-09-18,1,nuevo
100246,Félix Bueno Frías,2021-02-13,1,nuevo
105454,Ani Jáuregui Agudo,2020-05-04,1,nuevo
104029,Álvaro Rodriguez,2023-12-08,1,nuevo
112175,Ricarda Pereira Marin,2021-04-09,1,nuevo
100674,Severo Leoncio Sastre Borrás,2023-05-12,1,nuevo
112827,Marco Torrent Pozo,2023-02-01,1,nuevo
103025,Crescencia Anguita Colom,2024-06-30,1,nuevo
112303,Jose Antonio Valle Mulet,2023-09-21,1,nuevo
102426,Gema de Mendez,2024-03-12,1,nuevo
112966,Julio César Macías-Morera,2020-12-28,1,nuevo
104399,Olalla Puig Valls,2023-08-10,1,nuevo
111118,Juan Pablo Perelló Chaparro,2023-11-10,1,nuevo
105387,Camilo Luís Chaparro Morell,2020-06-03,1,nuevo
106626,Salomón de Bello,2022-11-02,1,nuevo
113022,Ovidio Barón Gallo,2023-05-06,1,nuevo
107601,Josefina Durán Frías,2020-11-30,1,nuevo
111561,Herberto Chico Chico,2024-02-16,1,nuevo
104636,Manuela de Escrivá,2024-06-30,1,nuevo
101414,María José Gonzalez Barragán,2023-11-20,1,nuevo
100115,Eleuterio Girona Peláez,2023-11-13,1,nuevo
104442,Florentina Mora Calatayud,2021-09-17,1,nuevo
104126,Ascensión Perea Vilalta,2022-01-08,1,nuevo
101521,Trinidad Alberola Somoza,2022-05-20,1,nuevo
113900,Jaime del Botella,2022-11-01,1,nuevo
111747,Margarita Blanch Río,2022-11-22,1,nuevo
107891,Clementina del Vallés,2023-11-19,1,nuevo
110759,Petrona de Figuerola,2023-09-15,1,nuevo
111020,Benigna Alcaraz Jerez,2023-10-18,1,nuevo
103315,Amor Elorza,2022-12-24,1,nuevo
111188,Azahar Barrio Ramos,2023-03-24,1,nuevo
112585,Isaura Porras Millán,2024-06-19,1,nuevo
112585,Isaura Porras Millán,2024-06-19,1,nuevo
110813,Liliana Manzanares,2020-08-20,1,nuevo
108584,Renato Sainz,2023-06-02,1,nuevo
105533,Bautista Quesada-Paz,2021-06-23,1,nuevo
110390,Jafet del Doménech,2023-06-12,1,nuevo
115032,Eladio Aguilera Higueras,2022-04-17,1,nuevo
110445,Bautista Juárez Villegas,2024-03-11,1,nuevo
104562,Teresa Acosta Rico,2021-03-15,1,nuevo
105939,Azucena de Cordero,2020-12-13,1,nuevo
110476,Amado Coronado Briones,2022-03-09,1,nuevo
111170,Emperatriz Frías-Barros,2022-05-27,1,nuevo
113253,Lucho de Figuerola,2023-07-26,1,nuevo
106754,Rafa Bernad,2023-12-31,1,nuevo
103911,Laura Carlos Cases,2022-09-08,1,nuevo
109177,Baudelio Infante,2023-09-14,1,nuevo
106633,Julie Mora Ropero,2023-05-29,1,nuevo
114426,Jose Luis Revilla Martínez,2023-05-03,1,nuevo
112529,Reinaldo Benjamín Codina Rubio,2020-12-18,1,nuevo
104253,Félix Coca Peláez,2023-06-10,1,nuevo
107560,Aroa Baquero,2021-06-17,1,nuevo
110065,Rosario Crespi-Lledó,2021-05-18,1,nuevo
112771,Pacífica Obdulia Santamaria Aranda,2022-01-12,1,nuevo
110858,Paulino Roque Cifuentes Toledo,2023-11-24,1,nuevo
110714,Cesar Nazaret Cuevas Bolaños,2022-12-29,1,nuevo
106845,Ofelia Peralta-Sanchez,2023-10-16,1,nuevo
100304,Cándido Aramburu Garzón,2023-11-30,1,nuevo
108451,Valentina del Aguado,2023-10-14,1,nuevo
104251,Clemente Llorens-Buendía,2023-02-08,1,nuevo
113949,Jose Luis Torre Roma,2023-07-27,1,nuevo
105122,Héctor Marin-Agustín,2021-04-12,1,nuevo
114736,Eloísa Córdoba Carrasco,2022-03-09,1,nuevo
114243,Salud Garrido,2021-06-21,1,nuevo
113561,Modesto Cuadrado Gallart,2023-06-24,1,nuevo
102700,Amado Pombo,2023-02-03,1,nuevo
115086,Marina Ribas Canals,2020-08-14,1,nuevo
101069,Felix Terrón Cabeza,2023-06-01,1,nuevo
112768,Martín de Sola,2020-12-10,1,nuevo
103144,Marisa Ureña Armengol,2023-08-17,1,nuevo
102471,Rico Marin Vazquez,2021-09-30,1,nuevo
112035,Eduardo Mendez Sacristán,2024-07-30,1,nuevo
113423,Leopoldo Espiridión Villegas Sosa,2020-09-06,1,nuevo
108284,Federico Solano Corral,2022-04-11,1,nuevo
106292,Seve Berrocal Robles,2022-06-13,1,nuevo
102767,Ariel Salas León,2022-11-20,1,nuevo
109677,Nicolasa Zorrilla-Cardona,2022-05-23,1,nuevo
107249,Tomasa Bienvenida Cabañas Lucena,2022-10-16,1,nuevo
108141,Gisela Mancebo Benito,2021-06-21,1,nuevo
111734,Evelia Inmaculada Calderon Nevado,2023-02-13,1,nuevo
100421,Leoncio Toledo Azorin,2023-05-23,1,nuevo
112940,Rómulo Lago Almagro,2024-07-17,1,nuevo
102996,Eleuterio de Heras,2021-03-20,1,nuevo
101048,Gonzalo Blanes-Pereira,2022-04-25,1,nuevo
100857,Adrián de Salvador,2023-02-14,1,nuevo
110219,Ale de Carrera,2023-05-04,1,nuevo
104422,Julia Ibañez Fortuny,2024-04-29,1,nuevo
104422,Julia Ibañez Fortuny,2024-04-29,1,nuevo
108799,Joaquina Encarnita Cabrera Perez,2020-11-30,1,nuevo
107776,Donato Vallejo Pablo,2022-06-17,1,nuevo
113049,Viviana Plana Cepeda,2021-08-02,1,nuevo
113049,Viviana Plana Cepeda,2021-08-02,1,nuevo
104605,Juan Pablo Bas Sierra,2022-08-26,1,nuevo
102421,Berta Adadia Vigil,2023-11-07,1,nuevo
112818,Emperatriz Fábregas Borrell,2023-06-09,1,nuevo
109400,Gerónimo Echeverría-Andres,2022-05-04,1,nuevo
102389,Lino Ayala Terrón,2024-01-10,1,nuevo
106486,Azucena Agullo Alegria,2022-07-17,1,nuevo
108769,Olivia Gras Palacio,2023-05-23,1,nuevo
100511,Isabela de Abascal,2024-02-11,1,nuevo
103470,Alfonso Porcel Alonso,2023-12-15,1,nuevo
101278,Marcos Edu Bayona Sosa,2022-01-23,1,nuevo
100040,Adelia Córdoba-Sacristán,2020-09-29,1,nuevo
101892,Albino Carbonell Morales,2021-12-10,1,nuevo
103509,Carlito Morata Trujillo,2024-03-03,1,nuevo
109379,Calixto Herranz Company,2024-05-15,1,nuevo
109955,Felix Heras Cabanillas,2020-05-06,1,nuevo
105413,Leyre Frutos-Rubio,2021-06-20,1,nuevo
112507,Angelino Azcona Tormo,2020-08-10,1,nuevo
101304,Sebastián Galván Guillén,2024-03-31,1,nuevo
101511,Rosaura Font Segura,2024-01-16,1,nuevo
108052,Bernardo Marí Julián,2023-07-27,1,nuevo
111271,Lucio Cueto-Yáñez,2024-06-26,1,nuevo
100475,Jimena Pedraza Ayllón,2020-07-02,1,nuevo
107090,Salomón Marquez Bastida,2020-06-29,1,nuevo
101879,Gema Gascón Trujillo,2022-12-01,1,nuevo
107655,Benigna Sanabria Moles,2020-03-16,1,nuevo
108813,Valentina Infante Hervás,2020-03-26,1,nuevo
105362,Emiliano Escudero Diaz,2021-01-26,1,nuevo
100972,Salomón Sureda Ramis,2023-06-09,1,nuevo
103077,Fátima Armengol Garcés,2022-01-24,1,nuevo
107415,Ágata Lobo-Paniagua,2021-09-02,1,nuevo
104177,Cintia Montalbán Mínguez,2022-09-28,1,nuevo
107320,Xavier Alegria Mendoza,2022-03-19,1,nuevo
107624,Fabiola Andrés Mendoza,2024-04-13,1,nuevo
113330,Melisa Puerta Lucas,2024-08-29,1,nuevo
106342,Mauricio Carreño Izquierdo,2023-05-01,1,nuevo
103571,Valentín Cadenas Cózar,2021-03-31,1,nuevo
113506,Lina Manjón-Luna,2020-10-06,1,nuevo
103091,Agustín Téllez Colomer,2020-06-12,1,nuevo
101289,Ani Manuel-Godoy,2020-05-25,1,nuevo
102401,Porfirio Guadalupe Llorens Iglesia,2020-04-24,1,nuevo
115056,Heliodoro Salamanca Luna,2024-01-13,1,nuevo
104502,Benigna Río Gimenez,2022-05-01,1,nuevo
108356,Wilfredo Angelino Guzman Jove,2024-06-28,1,nuevo
105108,Flavia Vaquero Berrocal,2022-01-21,1,nuevo
106368,Andrés Montenegro Palma,2023-09-13,1,nuevo
114394,Benita Sastre Amor,2021-07-20,1,nuevo
114042,Eloy Baeza-Verdú,2021-04-15,1,nuevo
103376,Dan Guillén Vizcaíno,2020-04-13,1,nuevo
103376,Dan Guillén Vizcaíno,2020-04-13,1,nuevo
101951,Iván Morcillo Salmerón,2024-05-07,1,nuevo
104833,Tristán Campoy Cortina,2022-05-16,1,nuevo
114678,Emelina Menéndez-Lucas,2021-09-25,1,nuevo
101397,Gastón Vilanova-Matas,2020-06-24,1,nuevo
105866,Teresita Blanco Tejero,2021-11-17,1,nuevo
104837,Olegario Toledo Cabanillas,2022-06-17,1,nuevo
101671,Emelina Lucena Bolaños,2020-09-07,1,nuevo
108588,Piedad Collado Lladó,2023-05-19,1,nuevo
110291,Ale Sobrino Hernandez,2022-06-20,1,nuevo
111931,Francisco Chaparro Camacho,2020-09-18,1,nuevo
106352,Amada Fonseca Torrecilla,2020-07-03,1,nuevo
111178,Melchor del Rios,2021-04-25,1,nuevo
106087,Paca Capdevila Salamanca,2022-11-04,1,nuevo
106245,Faustino Luján Seco,2024-01-09,1,nuevo
114094,Yaiza Exposito Farré,2021-11-20,1,nuevo
100739,Yésica de Pérez,2020-07-08,1,nuevo
105045,Fanny Borrell Varela,2020-11-22,1,nuevo
111885,Lupe Higueras,2024-01-28,1,nuevo
110062,Arturo Moisés Cortés Lerma,2020-10-29,1,nuevo
110063,Gabriela de Bartolomé,2023-08-28,1,nuevo
106019,Marcela Girón Manjón,2021-08-19,1,nuevo
114783,Ramiro Múgica Gálvez,2020-07-14,1,nuevo
114728,Adalberto Leoncio Hervia Piñol,2020-06-25,1,nuevo
102330,Nieves Blanes,2023-02-16,1,nuevo
106734,Emiliana Pinto Palma,2023-03-10,1,nuevo
111741,Domitila Villar,2022-04-13,1,nuevo
107628,Cintia Azcona Campos,2023-12-30,1,nuevo
101276,Amanda Casas Ibarra,2022-12-03,1,nuevo
114840,Luisina Ibañez Macías,2020-03-13,1,nuevo
114840,Luisina Ibañez Macías,2020-03-13,1,nuevo
106928,Luis Miguel Marí Jimenez,2022-02-23,1,nuevo
106386,Melania Ayuso Lledó,2023-04-12,1,nuevo
108461,Dionisia Sales Villena,2024-04-30,1,nuevo
105951,Asdrubal Posada Sáez,2022-08-30,1,nuevo
104644,Anacleto Lobato Parra,2022-08-28,1,nuevo
103887,Leonel Riera Palomar,2022-09-27,1,nuevo
113969,Verónica Calixta Ramos Fuster,2022-03-18,1,nuevo
115142,Salud Cabeza Fabregat,2023-01-04,1,nuevo
105439,Teo Bayo-Hervia,2020-12-05,1,nuevo
108879,Cruz de Esteve,2021-09-15,1,nuevo
101982,Apolonia Oriana Gracia Calvo,2024-02-06,1,nuevo
111027,Sigfrido de Ripoll,2022-09-13,1,nuevo
104924,Haroldo Quintana Gutiérrez,2021-11-04,1,nuevo
105072,Paca Andres Casares,2023-06-17,1,nuevo
113350,Andrea Tejedor,2023-05-02,1,nuevo
110213,Victor Jose Angel Catalá Navarro,2023-11-26,1,nuevo
111411,Raquel Bosch Carretero,2021-09-21,1,nuevo
106267,Reyes Ocaña Francisco,2021-01-16,1,nuevo
104270,Leire Montaña Sanabria,2021-10-25,1,nuevo
100563,Eligia de Falcón,2022-09-30,1,nuevo
113911,Chus de Catalán,2023-06-03,1,nuevo
103858,René Estévez Solera,2020-10-01,1,nuevo
103612,Pastor Juárez,2022-01-05,1,nuevo
108298,Paulino Elorza Rey,2022-12-09,1,nuevo
115061,Leonel Prado Bonet,2021-08-17,1,nuevo
110013,Norberto Feliu,2020-08-08,1,nuevo
104193,Encarnacion Cortes Zabala,2022-07-18,1,nuevo
102743,Efraín Mateos Barral,2024-03-07,1,nuevo
105864,Felipa Ponce Rovira,2024-03-04,1,nuevo
105663,Onofre Pelayo Pallarès Jáuregui,2024-08-11,1,nuevo
106006,Pelayo Saez,2021-08-02,1,nuevo
110385,Ciro Marco Batlle,2022-02-27,1,nuevo
110926,Ruperta Pombo Alonso,2022-09-13,1,nuevo
109791,Marcela Solé Checa,2023-11-12,1,nuevo
109395,Vinicio Garay-González,2023-01-11,1,nuevo
101211,Belen Heras Palmer,2022-02-24,1,nuevo
104195,Adelia Rueda Torrent,2022-01-10,1,nuevo
102239,Nicolasa Barbero Gibert,2023-07-02,1,nuevo
107145,Geraldo Aguilera,2023-04-25,1,nuevo
109617,Maximino Sales Garcés,2020-10-01,1,nuevo
106551,Milagros Canals Mur,2024-03-31,1,nuevo
111675,Armando de Barrios,2022-09-25,1,nuevo
100190,Moisés Cosme Egea Ariza,2024-01-28,1,nuevo
107110,María Manuela Herrero Carnero,2022-07-19,1,nuevo
102778,Gala Mayoral López,2022-01-14,1,nuevo
105426,Noé Mariño Tenorio,2024-02-02,1,nuevo
113715,Eliseo Caballero-Acedo,2020-11-07,1,nuevo
111040,María Carmen Gallo,2024-05-09,1,nuevo
102699,Isabel de Rincón,2024-02-26,1,nuevo
115100,Gastón Agustí Parejo,2023-10-16,1,nuevo
103479,Joan Anglada-Llabrés,2022-09-11,1,nuevo
108658,Felipe Murillo Valenzuela,2022-01-20,1,nuevo
105422,Tomasa Serrano Andres,2024-03-13,1,nuevo
113510,Osvaldo Teruel,2023-03-17,1,nuevo
109565,Rosalía Soto Amorós,2020-04-18,1,nuevo
100950,Maribel Díez-Alberdi,2020-11-26,1,nuevo
109721,Celia Iris Garcés Roig,2021-11-14,1,nuevo
104955,Ximena Villalonga Pareja,2021-09-12,1,nuevo
103598,Matías del Bartolomé,2023-08-27,1,nuevo
114748,Andrés Valverde Verdú,2023-10-10,1,nuevo
108848,Rodrigo Moles Chacón,2022-06-09,1,nuevo
109175,Eligia Sebastián Jurado,2020-12-23,1,nuevo
101422,Irma Zamora Quirós,2020-04-06,1,nuevo
109897,Donato Vaquero-Carlos,2021-05-05,1,nuevo
104027,Régulo Giménez Franco,2020-09-13,1,nuevo
106848,Noé del Royo,2023-11-24,1,nuevo
100410,Aarón Coronado Carrillo,2021-11-14,1,nuevo
101286,Silvia Oliva,2021-04-23,1,nuevo
106455,Claudio Colom Calderon,2020-03-16,1,nuevo
110728,Olivia Ferrández Romeu,2020-11-24,1,nuevo
104150,Aurelia Morcillo-Giménez,2023-10-28,1,nuevo
108014,Ciríaco Leandro Corral Blanch,2020-03-07,1,nuevo
112576,Onofre Fabregat,2024-07-26,1,nuevo
114665,Marcio Casal Miranda,2020-06-06,1,nuevo
107414,Jovita del Escribano,2021-10-10,1,nuevo
111839,Jacinto Palacios Patiño,2020-08-04,1,nuevo
110576,Fanny Lerma Simó,2023-03-22,1,nuevo
101802,Onofre Abril,2022-11-05,1,nuevo
105351,Casemiro Pombo-Llanos,2024-04-20,1,nuevo
113029,Osvaldo Ródenas Cervera,2023-03-08,1,nuevo
114110,Lina Prada,2022-06-18,1,nuevo
101826,Remedios Roldan Alberola,2020-05-06,1,nuevo
103147,Petrona Soledad Casas Ugarte,2023-04-15,1,nuevo
109536,Donato Borrego Naranjo,2020-12-07,1,nuevo
108268,Carina Arnau Garay,2020-09-12,1,nuevo
112548,Anastasia Linares-Tejera,2023-12-23,1,nuevo
110447,Apolinar Tomé Balaguer,2022-11-20,1,nuevo
111589,Jerónimo Sáez Fernández,2022-11-16,1,nuevo
105272,Cornelio Botella Cantón,2023-04-17,1,nuevo
113726,Amaro Trillo Miralles,2023-01-24,1,nuevo
104703,Jesusa Martínez,2023-10-28,1,nuevo
108958,María Fernanda Correa Antúnez,2022-10-15,1,nuevo
105848,Begoña Vallejo Rosales,2021-09-01,1,nuevo
104550,Morena Alarcón Bayo,2023-11-30,1,nuevo
107080,Camilo Fuertes Alcaraz,2021-12-17,1,nuevo
107080,Camilo Fuertes Alcaraz,2021-12-17,1,nuevo
115091,Godofredo Fernandez Benavides,2021-10-29,1,nuevo
100533,,2020-12-07,1,nuevo
100473,Rosaura Alberola Cuevas,2021-01-10,1,nuevo
114129,Patricia Conde,2020-03-24,1,nuevo
112439,Reyna García Valentín,2021-09-06,1,nuevo
105278,Juanito Gaya,2024-03-03,1,nuevo
106078,Alberto Barreda Alvarez,2020-12-16,1,nuevo
104238,Ainara Ballester Chaves,2021-01-18,1,nuevo
105287,Manu Lledó Luz,2020-12-01,1,nuevo
103725,Roque Valero Leiva,2022-03-08,1,nuevo
101265,Marcelo Celestino Aliaga Soler,2023-12-09,1,nuevo
101273,Bernabé del Ureña,2022-07-31,1,nuevo
104088,Javiera Puente Cámara,2022-06-30,1,nuevo
101459,Espiridión Sanjuan Gabaldón,2020-07-06,1,nuevo
107672,Tomasa Estévez Molins,2022-11-22,1,nuevo
110938,Paulino Priego Rey,2024-01-23,1,nuevo
107026,Martina Calvet-Puerta,2021-06-25,1,nuevo
110521,Claudia Prado Flores,2023-06-01,1,nuevo
105845,Guiomar Dávila Madrid,2024-03-05,1,nuevo
109924,Sergio Guitart Contreras,2024-04-13,1,nuevo
111019,Elías Checa Amorós,2021-12-30,1,nuevo
109265,Humberto Galindo Lluch,2020-04-12,1,nuevo
113864,Victoriano Toni Cerdá Vallejo,2024-04-29,1,nuevo
114352,Calixta Puga,2023-01-30,1,nuevo
114047,Felicia Vélez Mercader,2021-08-18,1,nuevo
108363,David Benitez Salom,2023-03-24,1,nuevo
108363,David Benitez Salom,2023-03-24,1,nuevo
104337,Rafaela Jódar Santos,2020-08-14,1,nuevo
110429,Blanca de Cobo,2024-01-11,1,nuevo
100643,Chus Rojas-Alcalá,2021-05-12,1,nuevo
101464,Celso Beltrán-Huerta,2023-05-01,1,nuevo
108541,Montserrat Eva María Cabezas Gil,2022-11-28,1,nuevo
114842,Rosalva Galván,2023-12-09,1,nuevo
105567,Esperanza Cózar,2022-06-09,1,nuevo
106888,Carlito Prada,2024-07-23,1,nuevo
114029,Valentín Urrutia Caro,2021-06-28,1,nuevo
103752,Rafaela Hernando-Salas,2022-01-01,1,nuevo
107256,Ariel Roura Uribe,2020-10-10,1,nuevo
106591,Agustina Ferreras-Amat,2023-09-26,1,nuevo
112013,Rico Perez Mas,2023-05-06,1,nuevo
101375,Eugenio Calvet Calleja,2023-12-28,1,nuevo
109922,Iker Villalba Cuevas,2024-05-08,1,nuevo
110032,Adelaida Guerra Batalla,2022-01-17,1,nuevo
114063,Jennifer Valverde Conesa,2020-08-02,1,nuevo
106190,Tiburcio Solsona Saura,2024-03-18,1,nuevo
107972,Marina Lucila Mur Luque,2023-10-02,1,nuevo
106885,Isaac Lara Sosa,2022-01-06,1,nuevo
112372,Paloma Luís,2020-11-01,1,nuevo
101996,Chema Parejo Doménech,2023-10-21,1,nuevo
102953,Nicolás Sarabia-Franch,2021-09-26,1,nuevo
105358,Jovita Casanovas Gabaldón,2023-05-27,1,nuevo
108652,Alfonso de Cantón,2024-08-09,1,nuevo
112173,Abel Amaya,2020-05-21,1,nuevo
113098,Ofelia de Mínguez,2020-08-05,1,nuevo
109287,Sabina Nevado Miguel,2023-05-01,1,nuevo
113257,Teodoro Agullo Bou,2022-09-20,1,nuevo
108170,Ruperto Capdevila,2023-01-31,1,nuevo
100800,Coral Calvet Alfaro,2023-09-04,1,nuevo
100428,Lucas Natalio Montesinos Lamas,2020-04-08,1,nuevo
107909,Trini Escribano Palomo,2022-09-15,1,nuevo
108292,Clementina Rueda Crespo,2022-12-08,1,nuevo
109488,Jose Ramón Comas Godoy,2020-04-11,1,nuevo
114304,María Cristina Puga Nogués,2024-08-24,1,nuevo
107467,Jonatan Bonilla,2023-10-09,1,nuevo
106226,Julia Olmedo-Gálvez,2023-07-24,1,nuevo
103132,Violeta Girona Batlle,2023-04-07,1,nuevo
109831,Vera Barco-Carrera,2020-11-08,1,nuevo
105881,Margarita Zabaleta,2023-11-13,1,nuevo
112274,Claudia de Vidal,2020-04-24,1,nuevo
113241,Luis Miguel Bolaños Hoz,2021-10-03,1,nuevo
104097,Soraya Benavent Moliner,2023-12-24,1,nuevo
111409,Celestina Camacho Álvarez,2023-02-27,1,nuevo
103504,Cristóbal Valverde Folch,2023-12-11,1,nuevo
112397,Custodio Dávila Camino,2024-06-16,1,nuevo
106120,Natanael Nuñez Ramón,2023-05-25,1,nuevo
110704,Luciano Neira Hervás,2024-06-28,1,nuevo
110704,Luciano Neira Hervás,2024-06-28,1,nuevo
102019,Mariana de Roldan,2022-03-17,1,nuevo
110244,Concepción Prieto,2024-01-26,1,nuevo
104650,Telmo Fernández Acevedo,2021-01-24,1,nuevo
104338,Íñigo Bayona Vazquez,2020-08-04,1,nuevo
110336,Jose Ignacio Teruel-Perales,2023-05-29,1,nuevo
110924,Pía Sanchez Ortuño,2021-06-17,1,nuevo
113188,Candela Bermejo Sotelo,2024-03-17,1,nuevo
107059,Zacarías Marquez Almeida,2022-11-30,1,nuevo
100444,Sol Torrijos Requena,2021-04-02,1,nuevo
114297,Evelia Ros Escribano,2021-04-20,1,nuevo
107018,Rafa Sabater Calatayud,2024-04-09,1,nuevo
100578,Primitivo Guitart Sarabia,2020-04-14,1,nuevo
109857,Darío Berrocal,2020-03-30,1,nuevo
109413,Begoña Batalla Guerrero,2022-02-25,1,nuevo
109846,Mireia Pelayo,2023-03-16,1,nuevo
112993,Estela Matas Rosselló,2022-09-02,1,nuevo
101655,Valeria Leyre Salamanca Durán,2021-09-05,1,nuevo
111778,Ileana Elías Llabrés,2021-02-15,1,nuevo
112659,Teresa del Aroca,2020-10-11,1,nuevo
110331,Melisa Alegria-Cerdán,2023-12-27,1,nuevo
104631,Candelario Arcos Sastre,2020-06-12,1,nuevo
112563,Virgilio Guijarro Parejo,2023-01-27,1,nuevo
110408,Elisa de Exposito,2020-08-13,1,nuevo
109146,Esteban Gámez Alcolea,2020-06-10,1,nuevo
105964,Julieta Vega Alarcón,2022-02-27,1,nuevo
104803,Matías Ordóñez Conde,2021-12-05,1,nuevo
111399,Reyna del Falcón,2024-01-23,1,nuevo
108564,Juan Francisco de Villena,2021-07-19,1,nuevo
101330,Rubén Sanchez,2020-11-30,1,nuevo
105551,Gisela Tamarit-Torrents,2023-09-11,1,nuevo
105382,Pedro Eliseo Royo Teruel,2020-11-07,1,nuevo
113331,Miguel Ángel Mayol Campillo,2020-06-03,1,nuevo
111341,Ignacio Solsona Rebollo,2024-02-15,1,nuevo
109193,Desiderio Cáceres-Quero,2022-01-18,1,nuevo
101340,Joel Infante Beltrán,2020-07-06,1,nuevo
111627,Marcia Susana Alonso Urrutia,2022-10-03,1,nuevo
101502,Graciana Mercader Cobos,2022-12-12,1,nuevo
104520,Edu Mendizábal Infante,2022-12-14,1,nuevo
106665,Ignacio Manzano Carranza,2023-02-16,1,nuevo
112051,Maristela Bonilla-Puig,2023-03-01,1,nuevo
108332,Emilia Falcón Torrents,2024-04-19,1,nuevo
106801,Efraín Garay Medina,2023-01-19,1,nuevo
115192,Íñigo de Novoa,2020-12-19,1,nuevo
108927,Jeremías Ferrera,2021-04-15,1,nuevo
114203,Amanda Flavia Santamaría Ordóñez,2021-06-21,1,nuevo
112581,Prudencio Marc Peinado Madrigal,2022-06-12,1,nuevo
112321,Cayetana Villalobos Baquero,2020-05-27,1,nuevo
112429,Flor Peñas Dueñas,2021-06-25,1,nuevo
114602,Apolinar Atienza,2023-11-12,1,nuevo
113968,Mauricio Gaya Carlos,2021-12-13,1,nuevo
106254,Adalberto Tur-Reguera,2023-05-25,1,nuevo
108499,Victor Manuel Amorós-Nicolás,2021-12-02,1,nuevo
107458,Melchor Saez Mena,2023-06-07,1,nuevo
107515,Elvira Valentín Cornejo,2024-01-24,1,nuevo
102095,Yéssica Eva María Camacho Bastida,2020-07-04,1,nuevo
111147,Chus del Mateu,2021-04-06,1,nuevo
100266,Ibán Castillo Tamayo,2020-11-10,1,nuevo
104626,Baudelio Tamayo Padilla,2022-12-30,1,nuevo
106467,Cipriano Rincón Bayón,2020-04-23,1,nuevo
106803,Iris del Conesa,2024-04-07,1,nuevo
112803,Ulises Cervera Arce,2021-08-18,1,nuevo
103852,Sosimo Cabello-Romeu,2021-11-22,1,nuevo
110797,Eliana Nerea Llamas Alberola,2023-06-14,1,nuevo
104808,Miriam Goñi Haro,2022-09-13,1,nuevo
101504,Cristian Villa Riba,2023-06-15,1,nuevo
114468,Mirta Amo Ayala,2020-03-06,1,nuevo
103856,Eloísa Pozo,2021-08-19,1,nuevo
112307,Marcial Vinicio Carnero Barroso,2021-02-18,1,nuevo
111306,Calixto Sebastian Iriarte Cases,2023-01-04,1,nuevo
103095,Sosimo Molina Teruel,2024-02-14,1,nuevo
106492,Nicodemo Martorell Azcona,2023-11-23,1,nuevo
105146,Ester Barceló Barberá,2023-03-11,1,nuevo
103101,Carlota de Asenjo,2024-01-04,1,nuevo
110380,Teodosio Portero Pont,2020-06-08,1,nuevo
103564,Simón Soria Anguita,2024-02-15,1,nuevo
105759,Juana Gutiérrez Herrera,2022-08-26,1,nuevo
109705,Teodora Moraleda Bautista,2021-01-15,1,nuevo
102485,Eric del Vergara,2020-05-22,1,nuevo
110469,Cayetano Carrera Aguilera,2023-12-17,1,nuevo
112224,Cruz Porcel Elorza,2024-07-04,1,nuevo
105929,Aura de Sosa,2020-06-09,1,nuevo
101719,Violeta Cornejo Vilaplana,2024-02-26,1,nuevo
108507,Jose Miguel Vigil Pou,2021-05-16,1,nuevo
110467,Amanda Talavera,2024-04-18,1,nuevo
111559,Bernarda Mariscal Madrid,2020-03-30,1,nuevo
105166,Héctor Cabrero-Belmonte,2020-03-17,1,nuevo
114043,Martirio Canales Gelabert,2023-08-30,1,nuevo
103131,Juan Antonio Baños Muñoz,2023-02-02,1,nuevo
102240,Asunción Sierra-Solano,2023-04-08,1,nuevo
110770,Ruben Tamarit,2022-05-28,1,nuevo
103028,Etelvina Ortiz Fernandez,2023-01-07,1,nuevo
103028,Etelvina Ortiz Fernandez,2023-01-07,1,nuevo
101593,Angelino Cuesta Lopez,2024-01-12,1,nuevo
102392,Juan José Pou Caballero,2022-10-19,1,nuevo
109732,Agustín Manuel Puga Sobrino,2022-08-09,1,nuevo
102541,Marisela Saura-Manjón,2020-07-20,1,nuevo
104920,Marita Borrego Segovia,2024-03-04,1,nuevo
102355,Chuy Ayuso Antón,2023-04-01,1,nuevo
104748,Ascensión Molins Tejero,2024-02-18,1,nuevo
102577,Jennifer Fabiana Frutos Arana,2022-06-13,1,nuevo
105716,Lisandro Huertas,2023-02-14,1,nuevo
101282,Amalia Felicia Aranda Pizarro,2023-03-03,1,nuevo
106426,Fanny Cal Cuenca,2020-12-09,1,nuevo
111700,Jacobo Ferrer Pérez,2022-02-23,1,nuevo
111814,Wilfredo Palomar Giner,2021-08-03,1,nuevo
114437,Emilio Gutierrez Mascaró,2021-03-05,1,nuevo
110546,Gema Barranco Zaragoza,2023-01-22,1,nuevo
100416,Jose Luis Río-Macias,2021-11-11,1,nuevo
104915,César Reig Esteve,2024-08-28,1,nuevo
106919,Hermenegildo Leonardo Cabello Piñol,2023-12-02,1,nuevo
104504,Marco Gastón Ferrández Rozas,2022-12-18,1,nuevo
102894,Yéssica Luís Vizcaíno,2023-09-02,1,nuevo
102894,Yéssica Luís Vizcaíno,2023-09-02,1,nuevo
111926,Carmelita Torrijos,2023-06-13,1,nuevo
110112,Dafne Barranco Gargallo,2023-05-27,1,nuevo
113781,Amor del Prada,2022-03-28,1,nuevo
111431,Antonia Solano Cuevas,2022-08-03,1,nuevo
107517,Eva María Nicolau-Echevarría,2023-11-10,1,nuevo
111934,Alfredo Querol Bustamante,2020-10-08,1,nuevo
112906,Elisa Sainz Bauzà,2021-09-01,1,nuevo
100775,Tito Rios Ayuso,2020-09-01,1,nuevo
101632,Luz de Gutierrez,2022-06-27,1,nuevo
108630,Samanta Arnal,2023-12-27,1,nuevo
110087,Toribio Córdoba Álvaro,2024-07-22,1,nuevo
100599,Gala Millán Carreras,2021-01-30,1,nuevo
107488,Román Matas Machado,2021-01-28,1,nuevo
108514,Olivia Blanca Méndez Dueñas,2022-04-04,1,nuevo
107500,Chus Esparza-Garay,2021-06-12,1,nuevo
104660,Rosendo Boada-Morell,2022-02-11,1,nuevo
107991,Amancio Navarrete Ramis,2021-10-25,1,nuevo
104685,Modesta Manuel Mariscal,2022-12-20,1,nuevo
107727,Rufina Sastre Pulido,2022-03-11,1,nuevo
108013,Augusto Palomares-Cadenas,2020-11-19,1,nuevo
104820,Candelario Manu Llanos Pineda,2021-11-13,1,nuevo
108352,Sebastian Alfaro,2024-01-05,1,nuevo
105564,Pili Prada,2020-08-29,1,nuevo
103574,Javiera de Galan,2023-10-09,1,nuevo
114367,Lucio Tomé Moreno,2022-12-29,1,nuevo
103339,Duilio Alegre,2022-12-24,1,nuevo
104696,Mónica Rosselló Mosquera,2023-11-30,1,nuevo
110764,Emperatriz Miralles Cardona,2022-01-14,1,nuevo
107863,Eladio Benito Carro,2023-03-17,1,nuevo
107497,Odalys Macías Benavente,2022-09-29,1,nuevo
107921,Florina Vila Lumbreras,2024-03-29,1,nuevo
112118,Constanza Estévez-Sola,2022-09-17,1,nuevo
100501,Trinidad Mir Paniagua,2020-05-07,1,nuevo
106146,Custodio Nacio Iglesia Castañeda,2021-01-12,1,nuevo
113489,Eduardo Carbajo Gracia,2024-07-19,1,nuevo
107513,Samuel Casanovas Company,2023-03-18,1,nuevo
109573,Jennifer Anabel Aguilar Mesa,2023-02-05,1,nuevo
113465,Timoteo Clemente Mateos Acuña,2020-08-19,1,nuevo
108495,Ramiro Hervia Vallés,2021-04-26,1,nuevo
106984,Jose Guillen-Vaquero,2021-02-13,1,nuevo
106204,Flor Larrea Cabanillas,2022-03-14,1,nuevo
100778,Wálter del Niño,2023-02-09,1,nuevo
100052,Manu Iborra Busquets,2023-08-09,1,nuevo
102305,Vasco Aragón,2020-10-28,1,nuevo
115106,Adriana Porcel Pelayo,2023-02-22,1,nuevo
102983,Hipólito de Carmona,2021-12-31,1,nuevo
100657,Seve Malo Vallejo,2020-10-24,1,nuevo
104800,Custodia del Cañas,2022-02-01,1,nuevo
104800,Custodia del Cañas,2022-02-01,1,nuevo
114332,Benjamín Piquer Espada,2023-01-14,1,nuevo
103889,Ernesto Humberto Montesinos Piquer,2022-11-13,1,nuevo
101643,Aristides Valencia Cárdenas,2022-12-14,1,nuevo
106181,Manuelita Llamas Salgado,2024-01-25,1,nuevo
108978,Adelina Olivares Córdoba,2024-05-09,1,nuevo
108560,Sarita Cervera Muñoz,2024-03-08,1,nuevo
101150,Gloria Santamaria,2021-08-11,1,nuevo
112074,Samanta Padilla-Salamanca,2020-12-24,1,nuevo
108248,Teresa Gonzalez Royo,2023-04-17,1,nuevo
109758,Nadia Colom Cabrera,2023-06-07,1,nuevo
103027,Rico Castillo,2024-05-06,1,nuevo
105121,Pilar Mesa-Gibert,2020-05-01,1,nuevo
107020,Amanda Pazos Mendoza,2020-07-28,1,nuevo
114092,Soledad Pozo Infante,2021-03-08,1,nuevo
108219,Lino Roldan Acosta,2020-12-02,1,nuevo
110121,Benigno Valle-Valencia,2021-07-01,1,nuevo
113771,Elodia Sobrino,2022-04-07,1,nuevo
101445,Joel Marin Perez,2024-08-16,1,nuevo
113378,Samu del Galan,2023-10-31,1,nuevo
104218,Erasmo Roman Aranda,2022-01-24,1,nuevo
113904,Wálter Mulet Murcia,2020-12-07,1,nuevo
112252,Quirino Cordero Vélez,2020-10-15,1,nuevo
101579,Felisa Cortés-Herrero,2024-01-28,1,nuevo
106974,Juan José Pedraza-Lasa,2024-03-10,1,nuevo
104113,Chelo Benítez,2023-04-01,1,nuevo
101846,Adelia Ropero Aragón,2022-06-18,1,nuevo
109635,Patricio Maximino Pizarro Catalá,2021-02-17,1,nuevo
114867,Paz Julie Paniagua Cuevas,2020-10-16,1,nuevo
105615,Tiburcio Perelló Mateo,2024-04-08,1,nuevo
107982,Gil Román Moreno Manuel,2023-01-28,1,nuevo
110616,Belen Criado Cid,2021-04-24,1,nuevo
102109,Cosme Dominguez Mancebo,2024-05-22,1,nuevo
108926,Rómulo Aarón Figueras Mariscal,2020-08-25,1,nuevo
104697,Marco Calvet Estevez,2020-07-15,1,nuevo
114259,Maximiliano Muñoz Arteaga,2023-05-21,1,nuevo
104326,Chelo Calzada Miguel,2021-03-20,1,nuevo
114214,Luisa Sosa Bas,2022-07-20,1,nuevo
113443,Elisa Cándida Galiano Carro,2024-02-08,1,nuevo
101585,Jenny de Anglada,2021-10-26,1,nuevo
113294,Gonzalo Salom Querol,2021-06-21,1,nuevo
111653,Íñigo Arias Rosales,2021-07-27,1,nuevo
113137,Julio César Guardiola-Manuel,2022-02-23,1,nuevo
102841,Guadalupe Rius Chacón,2020-12-10,1,nuevo
108290,Perlita Ródenas-Moreno,2023-08-04,1,nuevo
114411,Nicolasa Durán Casares,2023-01-06,1,nuevo
112934,Carmen Mirta Rosado Acevedo,2024-02-22,1,nuevo
112780,Tito Hernando Torre,2024-01-09,1,nuevo
105220,Dionisia Tomas Bayón,2022-07-19,1,nuevo
109059,Matías Danilo Falcón Bou,2022-02-17,1,nuevo
114953,Florinda Lago Canet,2022-04-25,1,nuevo
104355,Dalila de Mendez,2022-05-14,1,nuevo
104355,Dalila de Mendez,2022-05-14,1,nuevo
102336,Ruth Pino,2023-03-03,1,nuevo
104421,Primitiva Bernat,2020-06-30,1,nuevo
107890,Eloy Andres Tejada,2022-03-16,1,nuevo
102246,Martin Andrade,2022-11-13,1,nuevo
106889,Jose Angel del Nogueira,2021-10-07,1,nuevo
104166,Cipriano Infante Carbajo,2021-05-08,1,nuevo
114968,Renato Cuervo,2020-04-12,1,nuevo
108984,Custodia del Hervia,2023-07-01,1,nuevo
105655,Eligia Calatayud,2022-03-17,1,nuevo
110127,Fabio Infante Cazorla,2022-09-16,1,nuevo
114856,Verónica Ródenas Baena,2022-07-03,1,nuevo
107615,Inés Violeta Exposito Iriarte,2022-05-17,1,nuevo
103728,María Izquierdo Armas,2024-08-28,1,nuevo
103728,María Izquierdo Armas,2024-08-28,1,nuevo
107461,Violeta Quiroga Tur,2021-01-25,1,nuevo
114524,Modesto Barrena Gargallo,2021-08-11,1,nuevo
112069,Benjamín Cánovas Cerdá,2021-12-11,1,nuevo
108575,Isaac Dan Neira Barrera,2024-03-31,1,nuevo
112353,Gil Valverde Juliá,2021-04-18,1,nuevo
105352,Filomena Ponce Cortina,2022-07-28,1,nuevo
115202,Rosalina Albero-Garay,2023-09-28,1,nuevo
105831,Pacífica Blanca Perez,2023-09-28,1,nuevo
112738,Domitila Valenzuela-Pintor,2023-12-18,1,nuevo
105169,Sabas Raya-Cárdenas,2022-04-18,1,nuevo
107014,María Dolores del Álamo,2020-11-03,1,nuevo
101363,Delia Sarmiento-Calleja,2022-09-02,1,nuevo
104455,Cristóbal Mínguez Mendez,2021-08-09,1,nuevo
102378,Chita Claudia Azorin Gómez,2023-08-02,1,nuevo
111371,Dorotea Tello Menéndez,2024-07-25,1,nuevo
108525,Julián Dalmau Manuel,2024-01-24,1,nuevo
106128,Cloe Ojeda,2022-05-12,1,nuevo
111542,Cornelio Garcia-Fuster,2020-03-01,1,nuevo
105873,Luisina Álvarez Rodrigo,2022-10-27,1,nuevo
108494,Vicente Rios Verdejo,2021-10-24,1,nuevo
107511,Benigno Fiol Estévez,2024-04-29,1,nuevo
106076,Ainoa Corbacho-Barrio,2021-01-13,1,nuevo
113334,Juliana Meléndez Orozco,2021-02-18,1,nuevo
108970,Emelina Iniesta Zamorano,2021-01-21,1,nuevo
105763,Jordán Gelabert Manjón,2022-01-26,1,nuevo
114199,Zoraida Landa Martinez,2020-04-29,1,nuevo
108375,Hermenegildo de Perales,2023-03-08,1,nuevo
108375,Hermenegildo de Perales,2023-03-08,1,nuevo
113602,Haydée Torrents Torrents,2023-03-17,1,nuevo
105513,Isaura Nogués Rios,2020-05-27,1,nuevo
100107,Mariana de Peñas,2022-05-28,1,nuevo
113662,Nacho Joaquín Ariño Landa,2023-07-18,1,nuevo
104831,Maximiano Luque Ballester,2023-06-04,1,nuevo
104606,Teófila Paola Bosch Soler,2023-01-12,1,nuevo
108374,Fernanda Valdés Acevedo,2023-07-08,1,nuevo
106463,Elba del Otero,2022-08-01,1,nuevo
100180,Anunciación Delfina Sureda Bermejo,2020-10-30,1,nuevo
112410,Casandra Amador,2023-05-27,1,nuevo
107733,Salud Ortega,2020-07-30,1,nuevo
111171,Pascuala Roda Iriarte,2023-12-18,1,nuevo
102802,Jose de Escrivá,2021-05-20,1,nuevo
108426,Cirino Molins Cerdán,2021-04-24,1,nuevo
101246,Edmundo Piña Acuña,2022-09-29,1,nuevo
107692,Ágata Codina Leon,2024-08-15,1,nuevo
107692,Ágata Codina Leon,2024-08-15,1,nuevo
113485,Felicidad del Mateo,2020-06-01,1,nuevo
111610,Hortensia Pintor Montoya,2020-07-30,1,nuevo
105924,Carmelita Florina Albero Gordillo,2022-04-19,1,nuevo
106500,Carlos Soto,2023-12-15,1,nuevo
113189,Alondra Alcázar Seco,2020-07-28,1,nuevo
110475,Yaiza de Valero,2024-06-20,1,nuevo
108049,Alejandra Milla Verdú,2023-03-24,1,nuevo
106862,Marc Cruz Olmedo,2021-01-18,1,nuevo
104300,Martirio Castillo Méndez,2021-11-24,1,nuevo
103654,Anunciación Casares Llorente,2020-04-24,1,nuevo
111948,Zaira Izquierdo Carreras,2024-03-03,1,nuevo
114030,Maricela Fonseca Alvarez,2023-01-07,1,nuevo
103266,Ambrosio Figueras Muñoz,2024-01-21,1,nuevo
112401,Aura Peral Dominguez,2021-11-20,1,nuevo
108766,Olga Zurita Arrieta,2021-01-26,1,nuevo
113450,León Farré Roman,2021-07-24,1,nuevo
100324,Maricruz Abellán Mercader,2021-03-31,1,nuevo
104458,Fabiana Sarmiento Grau,2024-08-14,1,nuevo
100910,Julie Mata-Coello,2022-09-29,1,nuevo
111584,Malena Albero Camino,2021-06-30,1,nuevo
103400,Carmelita Bello Palacio,2022-08-24,1,nuevo
109706,Sebastian Gordillo Lloret,2022-12-08,1,nuevo
113293,Eustaquio Vives,2021-11-23,1,nuevo
101196,Abel Expósito Morán,2022-09-16,1,nuevo
104954,Bartolomé Silva Prada,2024-04-19,1,nuevo
101424,Domitila María Luisa Navarro Malo,2022-02-06,1,nuevo
108901,Rafaela Gimeno Infante,2022-12-09,1,nuevo
110472,Edgardo Jódar Blazquez,2020-04-27,1,nuevo
104485,Calista Perales Rozas,2024-02-04,1,nuevo
106391,Aurora Gonzalo Carretero,2020-04-02,1,nuevo
101233,Nerea Gracia Pascual,2020-04-04,1,nuevo
106001,Ana Belén Pineda Sanmiguel,2023-05-13,1,nuevo
102676,Efraín Atilio Miguel Piña,2022-01-08,1,nuevo
107508,Juan José Nicolau Benítez,2023-12-14,1,nuevo
100268,Encarnación Perelló Mateos,2021-06-20,1,nuevo
111159,Hermenegildo Amaya Vera,2021-06-04,1,nuevo
107002,Agustín Larrea,2021-06-30,1,nuevo
113837,Prudencia de Arévalo,2023-09-15,1,nuevo
108204,Esperanza Rocamora-Hervia,2022-07-10,1,nuevo
101380,Irene Mónica Pedro Sevillano,2023-05-28,1,nuevo
105614,Begoña Ariño Mendez,2023-05-23,1,nuevo
111966,Loreto Mateu Martin,2020-03-13,1,nuevo
110843,Javiera de Santamaría,2020-04-20,1,nuevo
114967,Nerea Santos Benítez,2020-03-22,1,nuevo
103791,Miguela del Garriga,2023-04-10,1,nuevo
103474,Máximo Llopis Muñoz,2022-03-09,1,nuevo
110834,Adelia Cuevas-Cabañas,2022-02-02,1,nuevo
105020,Carlota Estrada Herranz,2022-02-10,1,nuevo
102517,Gisela Gibert Ballesteros,2023-02-10,1,nuevo
107935,Diego Cebrián Antúnez Pablo,2021-09-21,1,nuevo
107629,Erasmo Losada Garriga,2021-12-03,1,nuevo
103604,Eleuterio Giralt Rey,2023-09-22,1,nuevo
109309,Odalis del Acedo,2022-10-28,1,nuevo
101507,Fanny Almeida,2020-12-13,1,nuevo
113498,Amado Bernad-Nicolás,2020-10-15,1,nuevo
115177,Ema Larrea Carreño,2022-09-03,1,nuevo
105993,Seve Moles Bellido,2020-04-30,1,nuevo
101746,Camila Alvarez Mariscal,2022-09-05,1,nuevo
101746,Camila Alvarez Mariscal,2022-09-05,1,nuevo
103854,Cecilio Ayala Almeida,2022-03-03,1,nuevo
114109,Jordi Fernández Enríquez,2024-03-23,1,nuevo
105222,Gema Sancho Blasco,2021-02-05,1,nuevo
102710,Armida Esteban Cuadrado,2021-04-12,1,nuevo
105596,Adelardo Cerdán Coronado,2020-05-02,1,nuevo
108638,Silvio Seguí Anguita,2024-05-28,1,nuevo
101157,Sergio Alonso Daza Chaves,2024-08-17,1,nuevo
110507,Toño Perera,2024-05-22,1,nuevo
114052,Lola Chaves Barberá,2022-12-07,1,nuevo
109160,Gracia Benavent Marin,2023-11-19,1,nuevo
104024,Vito Gordillo-Aznar,2022-04-05,1,nuevo
112056,Cruz Diéguez Perea,2023-09-24,1,nuevo
100746,Enrique Cabo Bru,2021-01-17,1,nuevo
109624,Edmundo Fiol Villalonga,2021-12-09,1,nuevo
110980,Vanesa Egea Carro,2022-07-28,1,nuevo
103003,Reyna Olivé Izaguirre,2022-07-26,1,nuevo
101822,Primitiva Mariscal Corbacho,2023-12-17,1,nuevo
114588,Paulino Ruiz Orozco,2021-04-23,1,nuevo
107408,Eloísa Acosta-Olivé,2023-04-29,1,nuevo
100656,Alba Pacífica Conde Osuna,2020-08-25,1,nuevo
112510,Felipe Miguel Ángel Espejo Herrero,2023-08-22,1,nuevo
111227,Guadalupe Barco,2021-08-27,1,nuevo
114518,Francisco Jose Adadia Patiño,2021-03-09,1,nuevo
102200,Anastasio Valenciano Álvaro,2023-03-15,1,nuevo
102961,Aristides Moll Asenjo,2020-04-07,1,nuevo
109937,Luciana Gordillo Tomas,2021-09-16,1,nuevo
113548,Hortensia Carretero Higueras,2021-09-19,1,nuevo
108291,Kike Delgado Aranda,2023-07-24,1,nuevo
103917,Alejandro del Robledo,2022-04-14,1,nuevo
105196,Yaiza Recio Ávila,2024-06-15,1,nuevo
100436,Viviana Navarro Campos,2022-08-29,1,nuevo
113633,José Luis Lamas-Castañeda,2020-08-14,1,nuevo
104008,Delia Mora Cabanillas,2022-07-06,1,nuevo
107976,Tamara Abascal Jerez,2024-01-14,1,nuevo
104811,Feliciana de Pujadas,2023-01-25,1,nuevo
104950,Xavier Barco Jove,2022-02-10,1,nuevo
112949,Carmela Solera,2023-05-04,1,nuevo
105803,Narcisa Cabello,2023-07-28,1,nuevo
103353,Luz Arrieta-Roig,2020-10-01,1,nuevo
101438,Jonatan Valcárcel Parejo,2021-12-23,1,nuevo
104282,Ruperta Francisca Montes Berrocal,2022-07-01,1,nuevo
112402,Néstor Abellán Plana,2022-09-15,1,nuevo
107147,Vera Mariño Corbacho,2023-12-04,1,nuevo
104478,Serafina Ruiz Cuéllar,2024-04-15,1,nuevo
101891,Edelmiro Hurtado-Sastre,2021-04-23,1,nuevo
102998,Maribel del Sola,2023-06-12,1,nuevo
112453,Amílcar Casares Ferrera,2024-08-16,1,nuevo
110684,Eugenio Robledo,2021-06-24,1,nuevo
104825,Anabel Vicens Marí,2021-05-12,1,nuevo
112969,Nuria de Duarte,2023-06-16,1,nuevo
107294,Albino Conde Verdú,2023-11-23,1,nuevo
107291,Calisto Iñiguez Múñiz,2021-07-16,1,nuevo
112032,Amalia Sacristán Torrents,2024-05-21,1,nuevo
108700,Sosimo Dionisio Montesinos Higueras,2020-04-16,1,nuevo
107961,Rosa María de Pineda,2021-12-22,1,nuevo
105863,Alejandro Pont Olmedo,2020-07-02,1,nuevo
104241,Jorge Saavedra Ferrando,2022-10-31,1,nuevo
113936,Ángeles Manjón Ballesteros,2022-03-02,1,nuevo
103140,Valentín de Codina,2024-06-01,1,nuevo
114387,Eligio Poncio Ojeda Valero,2022-11-01,1,nuevo
114970,Otilia de Peña,2024-04-07,1,nuevo
100789,Pablo Calderón Hervás,2024-05-26,1,nuevo
108962,Virgilio Pinedo Roselló,2024-08-17,1,nuevo
110561,Esteban de Araujo,2024-06-11,1,nuevo
113953,Fidel del Carrasco,2024-07-07,1,nuevo
105445,Alicia Bou Morata,2021-08-31,1,nuevo
101781,Socorro Evangelina Pozuelo Quero,2022-11-15,1,nuevo
111104,Araceli Mas Donaire,2021-01-28,1,nuevo
114928,Ambrosio Andrés Felipe Herrero Pavón,2020-10-03,1,nuevo
100982,María Fernanda Calatayud Julián,2024-04-14,1,nuevo
103459,Amancio Agustín Barón,2022-06-29,1,nuevo
106370,Lupita Gomis Sanchez,2024-06-05,1,nuevo
112358,Jennifer Robles Piñeiro,2021-03-11,1,nuevo
108388,Nilda Arroyo Aranda,2023-01-29,1,nuevo
101834,Samuel Perera Rivero,2021-12-11,1,nuevo
109919,Gustavo Leoncio Caro Román,2022-03-14,1,nuevo
109249,Aroa Bermejo Sandoval,2023-11-03,1,nuevo
113083,Eligio Múgica Juárez,2022-10-24,1,nuevo
114335,Juan Carlos Cornelio Hoz Casals,2023-09-18,1,nuevo
112761,Cecilio Villa Téllez,2022-05-21,1,nuevo
112225,Alonso Conesa Viñas,2021-05-01,1,nuevo
109381,Renata Mayo Carranza,2020-06-10,1,nuevo
104642,Palmira Celia Torre Hervia,2023-06-10,1,nuevo
102153,Andrea Escobar Álamo,2022-03-12,1,nuevo
108440,Buenaventura Durán Mora,2022-10-08,1,nuevo
102948,Toni Vicente Gordillo Borrell,2021-12-02,1,nuevo
107742,Lisandro Diez Tormo,2022-06-30,1,nuevo
112361,Azahar Valero-Ángel,2022-04-01,1,nuevo
106766,Demetrio Palmer Moreno,2022-04-04,1,nuevo
106071,Florencia Jaume Macias,2020-07-15,1,nuevo
107714,Loreto Collado Baquero,2023-03-21,1,nuevo
107338,Chucho Acosta Catalán,2021-08-24,1,nuevo
104321,Jorge Villanueva Valenzuela,2022-05-08,1,nuevo
100921,Ernesto Marco Vaquero,2022-01-20,1,nuevo
100921,Ernesto Marco Vaquero,2022-01-20,1,nuevo
102108,Adelardo Evaristo Infante Sarmiento,2020-03-04,1,nuevo
110110,Febe Nilda Valero Pulido,2023-11-24,1,nuevo
108019,Agustina Iris Asensio Rosado,2023-01-05,1,nuevo
103287,Elba Riquelme Clemente,2024-02-27,1,nuevo
102368,Ale Figueras Gallardo,2022-05-04,1,nuevo
100441,Patricio Vázquez Moll,2020-06-28,1,nuevo
113121,Teófila Seco Bastida,2021-12-23,1,nuevo
112521,Cebrián Rubio Valdés,2023-01-09,1,nuevo
113939,Guiomar Patiño Martin,2022-09-25,1,nuevo
103248,José Fuertes Quintana,2023-07-04,1,nuevo
102813,María Manuela Valderrama Villalonga,2023-03-11,1,nuevo
113087,Angelita Santamaría Borrás,2020-04-18,1,nuevo
108553,Cristina Páez-Mateu,2023-08-14,1,nuevo
107268,Rolando del Tormo,2023-03-01,1,nuevo
102250,Lucas Cózar,2020-04-22,1,nuevo
108442,Calista Aragonés-Moreno,2020-12-20,1,nuevo
111877,Jaime Figueras,2021-11-07,1,nuevo
103650,Marisa Marin Porras,2020-08-18,1,nuevo
100487,Germán Pulido Vidal,2023-07-21,1,nuevo
110316,Juan Pablo Serra,2020-03-21,1,nuevo
108020,Flor de Estevez,2023-10-21,1,nuevo
100784,Wilfredo Salgado Carbó,2020-05-16,1,nuevo
108474,Hipólito Llobet-Velázquez,2022-08-16,1,nuevo
110484,Mariano Valle,2021-10-16,1,nuevo
109913,Lilia Sanmartín Gallo,2021-10-17,1,nuevo
114462,Alma Hernández Capdevila,2021-12-27,1,nuevo
114462,Alma Hernández Capdevila,2021-12-27,1,nuevo
108872,Alba del Carpio,2020-04-13,1,nuevo
109554,Desiderio Guillermo Hidalgo Mascaró,2023-05-21,1,nuevo
108711,José Aroca Heras,2023-04-30,1,nuevo
109892,Seve Quirós Vara,2022-08-12,1,nuevo
100743,Irma Irene Valencia Reguera,2022-06-30,1,nuevo
114391,Cándida Anguita-Estévez,2024-03-23,1,nuevo
103443,Pancho Acosta Malo,2024-04-26,1,nuevo
104522,Quique Reinaldo Lopez Domínguez,2021-07-22,1,nuevo
112674,Feliciano del Rosselló,2020-09-09,1,nuevo
105415,Dionisia Alberola Díez,2020-06-12,1,nuevo
111074,Griselda Diaz Salinas,2023-05-03,1,nuevo
101835,Amelia Galan Berenguer,2021-08-24,1,nuevo
113070,Herminia Concepción Boada Iniesta,2023-05-09,1,nuevo
107476,Paula Gargallo,2022-01-23,1,nuevo
110320,Ruy de Figuerola,2021-06-11,1,nuevo
106129,Paola Cerezo Iborra,2021-05-30,1,nuevo
110502,Obdulia Florentina Uría Huertas,2021-09-05,1,nuevo
103004,Marta Vicente,2022-05-30,1,nuevo
100024,Carmen Puig Montaña,2021-11-15,1,nuevo
105390,Chuy Gomis Colom,2021-11-19,1,nuevo
106109,Eloy Tovar Rivas,2022-06-21,1,nuevo
103476,Vito Domingo-Maestre,2023-12-16,1,nuevo
100790,Gisela Báez Gomez,2024-01-19,1,nuevo
104906,Iker del Montalbán,2021-08-15,1,nuevo
109064,Luz Pineda Navarrete,2021-01-15,1,nuevo
114868,Mercedes Socorro Aller Uría,2024-03-22,1,nuevo
106444,Clarisa Parra Caparrós,2021-10-13,1,nuevo
105007,Jordana Donaire-Ribas,2020-12-26,1,nuevo
114732,Ileana Teodora Garcés Barón,2020-11-26,1,nuevo
105258,Félix Piña-Trujillo,2021-07-04,1,nuevo
107529,Isidoro Ripoll,2020-05-03,1,nuevo
105741,Sandalio Córdoba Chico,2021-06-27,1,nuevo
108132,Bonifacio Valls Clavero,2024-05-20,1,nuevo
111317,Iris Alvarez Galvez,2023-07-29,1,nuevo
100713,Herminia Soriano-Blanch,2021-10-31,1,nuevo
110822,Juliana Cañete Artigas,2024-06-03,1,nuevo
109773,Eva María Pedrero Arranz,2021-04-09,1,nuevo
107049,Isidro Larrea Mir,2023-06-19,1,nuevo
112665,Juan Luis Mariscal Luque,2023-04-12,1,nuevo
104835,Celestino Fiol Duran,2024-05-11,1,nuevo
102099,Tito Montesinos Ferrer,2020-06-21,1,nuevo
100434,Sarita Casares-Hierro,2023-09-23,1,nuevo
108974,Arsenio Bayona Cánovas,2023-10-29,1,nuevo
106915,Fulgencio Pazos Jaume,2020-09-24,1,nuevo
112481,Calista Moles Pedraza,2022-09-29,1,nuevo
113376,Nazario Cuéllar Hidalgo,2023-04-07,1,nuevo
113913,Poncio Mena-Enríquez,2020-04-22,1,nuevo
112829,Eva María Pomares Perelló,2022-04-27,1,nuevo
107626,Pilar Daza Posada,2020-07-12,1,nuevo
100057,Amaro Guerrero Gilabert,2024-05-02,1,nuevo
102856,Amarilis Zorrilla Ropero,2022-11-21,1,nuevo
106970,Primitiva del Cervera,2023-10-29,1,nuevo
104573,Pastor Carbajo Domingo,2023-07-24,1,nuevo
106474,Paulino Jover Chacón,2020-10-08,1,nuevo
110849,Felicia Santamaria,2023-12-26,1,nuevo
106673,Cándida Carreño Robledo,2021-11-07,1,nuevo
112240,Alejandra Pastor-Soriano,2020-08-03,1,nuevo
104723,Julia Calderon Polo,2023-05-19,1,nuevo
104473,Dionisia Escalona-Acedo,2022-03-26,1,nuevo
102189,Rafaela Yaiza León Cáceres,2023-04-15,1,nuevo
108125,Mohamed del Olivares,2021-10-14,1,nuevo
105782,Elvira del Ayuso,2020-10-29,1,nuevo
104050,Eduardo Hidalgo Garrido,2023-02-10,1,nuevo
103545,Nacio de Llanos,2021-01-30,1,nuevo
104509,Carina Arteaga-Vilalta,2023-05-17,1,nuevo
107454,Dan Pereira Segura,2024-01-30,1,nuevo
100228,Felipa Requena Ortega,2020-12-28,1,nuevo
100666,Arcelia Serrano Valle,2024-05-22,1,nuevo
110753,Eutropio Suarez-Murcia,2023-08-04,1,nuevo
101700,Belen Molina Lladó,2021-08-30,1,nuevo
113907,Constanza Daza Almagro,2020-12-12,1,nuevo
107421,Pacífica de Fonseca,2021-04-04,1,nuevo
114113,Bernarda Pulido Camino,2024-06-22,1,nuevo
114113,Bernarda Pulido Camino,2024-06-22,1,nuevo
105273,Alejandra Cano Salvà,2022-11-03,1,nuevo
109317,Arcelia Sebastián Cabeza,2022-06-26,1,nuevo
112114,Nayara Casanova Clavero,2023-05-20,1,nuevo
101350,Águeda Coronado Medina,2024-06-01,1,nuevo
107734,Gerónimo del Benitez,2022-04-12,1,nuevo
103778,Pío Bustos-Ribes,2023-08-12,1,nuevo
111501,Marcio Castro Arnau,2022-08-22,1,nuevo
114554,Dolores Laguna Anaya,2020-08-27,1,nuevo
111849,Eleuterio de Gargallo,2023-11-11,1,nuevo
108206,Dionisia María Cristina Olmedo Otero,2023-04-25,1,nuevo
106884,Severo Estrada-Atienza,2022-08-24,1,nuevo
105063,Eva Bayo Romero,2021-08-04,1,nuevo
111491,Plácido Carnero Lozano,2021-02-01,1,nuevo
101021,Milagros Reina,2021-06-22,1,nuevo
106873,Jerónimo del Mármol,2022-08-29,1,nuevo
101867,Rosalva Lozano Agustí,2022-12-08,1,nuevo
107116,Palmira Zamora Escobar,2021-01-03,1,nuevo
107116,Palmira Zamora Escobar,2021-01-03,1,nuevo
102957,Josep Vidal Guitart,2021-09-20,1,nuevo
101420,Pepe Codina,2020-06-02,1,nuevo
108389,Valerio Pacheco Pedraza,2024-01-22,1,nuevo
109547,Ramón Fuentes-Echevarría,2021-07-18,1,nuevo
111176,Gregorio Blanes,2020-03-22,1,nuevo
107792,Narciso Peñas Caballero,2021-12-09,1,nuevo
112671,Isidora Ropero Nieto,2023-07-07,1,nuevo
112468,Macaria Badía Saura,2024-06-16,1,nuevo
110943,Berto Monreal-Escobar,2021-11-15,1,nuevo
107691,Gil Javi Morata Sevilla,2022-12-14,1,nuevo
101536,Elodia Acosta-Trillo,2021-05-22,1,nuevo
101319,Odalis Coll,2020-06-08,1,nuevo
104880,Cruz Montero Blanch,2024-07-08,1,nuevo
110821,Venceslás Gascón Pinto,2024-01-08,1,nuevo
111848,Marisela Rubio Corbacho,2024-06-04,1,nuevo
102229,Jose Ramón Solé Soria,2023-10-27,1,nuevo
108370,Dani Pascual Mulet,2020-03-03,1,nuevo
107406,Galo Zorrilla Baños,2023-03-26,1,nuevo
108447,Cirino Bolaños Navarro,2021-05-24,1,nuevo
112005,Macaria del Durán,2024-06-13,1,nuevo
111809,Lina Olimpia Pla Valle,2024-08-18,1,nuevo
104254,Baudelio Céspedes Aller,2022-11-14,1,nuevo
106530,Leire de Lago,2022-12-25,1,nuevo
102749,Marcia Trujillo Murcia,2022-06-21,1,nuevo
103062,Marisa Abella Ferreras,2022-04-07,1,nuevo
106689,Julio Pablo Domínguez,2024-03-11,1,nuevo
114250,Juana Donoso Aragonés,2023-12-28,1,nuevo
110152,Azahar Cepeda,2020-11-21,1,nuevo
107574,Aroa Torrens Esteve,2023-05-04,1,nuevo
110466,Julia de Valbuena,2023-05-06,1,nuevo
100604,Aitana Hervás Barón,2023-05-23,1,nuevo
100844,Adán Mayoral Bartolomé,2020-10-20,1,nuevo
106516,Daniel Enríquez Abellán,2022-07-23,1,nuevo
104990,Eusebio Ríos Roda,2023-04-01,1,nuevo
113731,Estefanía Pou-Bayo,2021-08-25,1,nuevo
106917,Marita Castrillo Mir,2022-06-13,1,nuevo
104614,Nacho Pastor Casal Ballester,2022-02-19,1,nuevo
114239,Eutropio Carmona Berrocal,2020-10-04,1,nuevo
107785,Marcos del Puig,2022-07-18,1,nuevo
103404,Nieves Carpio Meléndez,2024-02-17,1,nuevo
108904,Eusebio de Calatayud,2023-07-26,1,nuevo
101574,Valentina Duarte Verdejo,2021-12-01,1,nuevo
114532,César Estrada Garriga,2021-02-09,1,nuevo
109685,Nadia Rueda Alemán,2021-01-08,1,nuevo
103549,Montserrat Cornejo,2020-06-22,1,nuevo
111731,María Cristina Roma Vicens,2024-06-18,1,nuevo
111837,Ignacio Zurita Oliveras,2022-09-19,1,nuevo
100810,Encarnación de Morante,2022-11-05,1,nuevo
114119,Rufina del Jove,2022-09-10,1,nuevo
109793,Águeda Barrena Velázquez,2024-05-13,1,nuevo
106638,Carmela María Manuela Carmona Berrocal,2024-05-24,1,nuevo
106638,Carmela María Manuela Carmona Berrocal,2024-05-24,1,nuevo
113434,Máxima Paulina Elías Ramis,2024-07-24,1,nuevo
101703,Clímaco Osuna Marín,2020-11-25,1,nuevo
112413,Eligio Santamaria,2020-05-16,1,nuevo
112795,Amado Lázaro Alarcón Alegria,2023-10-19,1,nuevo
112104,Teodora Eulalia Roselló Vicente,2023-04-28,1,nuevo
111567,Maximiano Trujillo Huerta,2022-09-26,1,nuevo
113532,Eugenia Ferrándiz-Carrera,2020-11-15,1,nuevo
110264,Danilo Gonzalez Vizcaíno,2022-10-25,1,nuevo
101737,Teresita Almagro,2020-12-26,1,nuevo
101569,Ariadna Viana Casanovas,2023-05-22,1,nuevo
100463,Josefa Boix Sierra,2023-02-23,1,nuevo
110195,Curro Ripoll Esparza,2022-11-30,1,nuevo
100626,Maximiano Palomo Novoa,2020-06-28,1,nuevo
109495,Sofía Luna Mercader,2020-12-25,1,nuevo
105495,Íngrid Domínguez-Pizarro,2024-04-02,1,nuevo
101005,César de Cobo,2023-11-04,1,nuevo
104450,Prudencia Mur Prada,2021-12-17,1,nuevo
100457,Jordán Abad Morales,2021-05-30,1,nuevo
109560,Cayetano Muñoz Baeza,2022-02-02,1,nuevo
104336,Adalberto Caro Hervia,2021-10-17,1,nuevo
114994,Nazaret Amores Montes,2021-11-18,1,nuevo
111199,Manuel Marcos Arribas Merino,2024-06-12,1,nuevo
115213,Francisca Fuente Neira,2023-08-07,1,nuevo
113035,Pacífica del Peñalver,2022-10-07,1,nuevo
109385,Dani Galo Gomez Cabrera,2020-03-24,1,nuevo
106408,Maximiano de Borja,2021-06-03,1,nuevo
112635,Melisa Viana Pérez,2023-01-27,1,nuevo
101470,Bautista Narváez Mendez,2024-02-19,1,nuevo
105131,Carmela Vizcaíno,2024-04-06,1,nuevo
111776,Ciro Leonardo Nieto Samper,2020-03-13,1,nuevo
114916,Dora Tormo Salazar,2021-07-16,1,nuevo
101416,Heraclio Raya,2023-03-18,1,nuevo
106761,Elisa Aguilar Prat,2022-09-18,1,nuevo
111967,Nicolasa Rubio Vilar,2024-03-14,1,nuevo
112624,Vanesa Cuéllar,2024-03-24,1,nuevo
102826,Flor Romero Batlle,2024-02-19,1,nuevo
109676,Vasco Barriga Aramburu,2021-03-30,1,nuevo
101722,Mariano Narváez-Flores,2021-01-17,1,nuevo
115027,Javier Gibert Vara,2021-05-05,1,nuevo
107609,Ramiro Lladó Valbuena,2022-07-13,1,nuevo
112517,María José Octavia Casanovas Marcos,2022-04-30,1,nuevo
109756,Abigaíl Mas Machado,2021-05-13,1,nuevo
101919,Donato Roldán Rozas Pino,2020-05-15,1,nuevo
101832,Amaya de Talavera,2022-06-12,1,nuevo
101243,Jessica Pedraza,2020-05-17,1,nuevo
111729,Apolinar Cuenca,2020-10-13,1,nuevo
112826,Lorena Morales-Valenzuela,2021-12-07,1,nuevo
112352,José Ángel Iglesias Moll,2023-10-13,1,nuevo
109644,Íñigo Cabrero Rodrigo,2020-05-21,1,nuevo
109850,Ambrosio Verdejo Palomino,2021-01-22,1,nuevo
110058,Máxima Moll-Valbuena,2021-01-03,1,nuevo
112111,Manuela Riera Sanz,2021-10-19,1,nuevo
100749,Dominga Mayoral Pedrero,2020-07-25,1,nuevo
104719,Jordana Gutierrez Garmendia,2022-09-10,1,nuevo
100712,Anabel Oliver Cánovas,2022-11-22,1,nuevo
114222,María Jesús Mora Becerra,2023-08-17,1,nuevo
108328,Adriana Bastida Alberto,2021-12-07,1,nuevo
113657,Milagros del Nevado,2020-08-19,1,nuevo
108814,Julie Vigil Valverde,2022-05-16,1,nuevo
110428,Vera Mendoza Aliaga,2023-06-13,1,nuevo
114808,Amaro Gomila Santamaria,2021-01-07,1,nuevo
102387,Edelmiro Tudela Alberto,2022-05-27,1,nuevo
104848,Bienvenida Dulce Catalá Zaragoza,2021-08-08,1,nuevo
107273,Adora Bas Cervera,2021-07-15,1,nuevo
105838,Lourdes Royo Oliva,2022-04-28,1,nuevo
113611,Florentino Gimeno Antón,2022-12-18,1,nuevo
101659,Ricardo Badía-Exposito,2020-07-16,1,nuevo
105887,Paula Durán Arranz,2023-01-30,1,nuevo
104420,Natalia Dionisia Chacón Carranza,2024-07-25,1,nuevo
101360,Federico de Sainz,2022-05-12,1,nuevo
102167,Lupe Pellicer Duque,2021-05-12,1,nuevo
103111,Vidal de Hurtado,2022-01-08,1,nuevo
105710,Rosario Pozo-Merino,2020-10-14,1,nuevo
107823,Antonio del Díez,2023-10-21,1,nuevo
108680,Brígida Guijarro-Mariño,2021-01-10,1,nuevo
114565,Calixto Azcona Lago,2022-07-15,1,nuevo
110459,Baldomero de Jordán,2021-08-07,1,nuevo
102415,Bernardita Santiago Soria,2022-08-29,1,nuevo
101766,Merche Ayllón-Rodriguez,2023-10-18,1,nuevo
104582,Victor Ruano Roig,2021-07-12,1,nuevo
101486,Adela Alonso Manzano,2020-12-16,1,nuevo
106207,Florencio Castejón-Seguí,2023-07-10,1,nuevo
114666,Damián Menendez Alcalde,2023-03-30,1,nuevo
104382,Otilia Artigas,2022-05-08,1,nuevo
111348,Raúl Morán-Vega,2020-06-09,1,nuevo
108690,Bernardino del Pinilla,2023-07-17,1,nuevo
115095,Elodia Manzano Fuertes,2023-10-17,1,nuevo
107925,Nicanor Cabo Toledo,2022-03-13,1,nuevo
106685,Claudia Hortensia Palomo Roig,2022-01-01,1,nuevo
114766,Laura del Adán,2023-02-14,1,nuevo
115088,Demetrio Bravo Giralt,2022-11-05,1,nuevo
112115,Heliodoro Rivero,2021-01-19,1,nuevo
111968,Susanita de Rosa,2022-12-17,1,nuevo
108521,Pastor Juanito Boix Gárate,2022-01-04,1,nuevo
114892,Susana del Cabeza,2022-03-14,1,nuevo
101314,Salvador del Royo,2024-08-03,1,nuevo
107667,Amelia Pellicer Poza,2022-08-29,1,nuevo
103334,Zaira Andres Gárate,2020-12-20,1,nuevo
111717,Maximiliano Bonilla Segovia,2024-07-26,1,nuevo
110191,Emperatriz Gutierrez Prada,2023-08-31,1,nuevo
114085,Marc de Sanz,2022-02-19,1,nuevo
109432,Ignacio Macias Blazquez,2021-04-21,1,nuevo
101542,Lalo Angelino Collado Sierra,2023-04-05,1,nuevo
106625,Violeta Sonia Fonseca Canet,2023-10-04,1,nuevo
110973,Teófilo Romeu,2022-09-09,1,nuevo
111225,Amaya Fortuny-Coloma,2023-07-19,1,nuevo
114692,Paula de Alegre,2024-04-03,1,nuevo
111453,Jessica Lozano Guijarro,2022-12-13,1,nuevo
101093,Segismundo Montesinos Tapia,2021-07-11,1,nuevo
108702,Valentín Norberto Piñol Serrano,2022-08-26,1,nuevo
109414,Tiburcio Torre Caballero,2020-05-30,1,nuevo
109283,Camila Riquelme Reguera,2023-11-01,1,nuevo
101727,Marcelo Puerta-Cornejo,2021-08-06,1,nuevo
110681,Octavia Barral Neira,2020-10-13,1,nuevo
110401,Clementina Castelló Llamas,2022-09-11,1,nuevo
108080,Victoria Suarez Abella,2022-06-16,1,nuevo
114333,Edelmira del Cobo,2023-11-20,1,nuevo
114333,Edelmira del Cobo,2023-11-20,1,nuevo
102931,Araceli Amorós Bartolomé,2022-07-21,1,nuevo
105722,José María Abraham Baeza Carvajal,2023-03-19,1,nuevo
105722,José María Abraham Baeza Carvajal,2023-03-19,1,nuevo
111979,Diana Rosselló Sola,2024-07-01,1,nuevo
113435,Agustina Santamaría Pinedo,2021-08-04,1,nuevo
107579,Marciano Pedraza Luís,2023-01-07,1,nuevo
113359,Anastasia de Guardiola,2020-10-16,1,nuevo
114573,Luis Ángel Borja Marquez Fonseca,2021-08-13,1,nuevo
115236,Bárbara Muro,2022-02-20,1,nuevo
104695,Abraham Gutiérrez Jove,2022-02-02,1,nuevo
107797,Lourdes Santamaría-Juan,2022-03-28,1,nuevo
103871,Mario Matas Galán,2024-03-27,1,nuevo
103871,Mario Matas Galán,2024-03-27,1,nuevo
111181,Amor del Aramburu,2021-05-26,1,nuevo
110159,Telmo del Rivera,2022-09-19,1,nuevo
103539,Flora Peralta,2021-08-17,1,nuevo
114353,Ulises Torralba Bueno,2021-08-14,1,nuevo
100916,Florentino de Carreras,2023-11-20,1,nuevo
112197,María Dolores Ochoa-Zaragoza,2020-05-15,1,nuevo
110512,Manu Vicente Campo,2020-05-19,1,nuevo
101818,Fabricio Rueda Jurado,2024-04-18,1,nuevo
115196,Telmo Cruz Aguado,2022-12-05,1,nuevo
103950,Tecla Gordillo Gomez,2021-09-15,1,nuevo
100338,Ezequiel de Mayoral,2023-10-21,1,nuevo
106432,Salomón Gámez Lorenzo,2021-03-13,1,nuevo
110921,Teófila Boada-Redondo,2020-07-14,1,nuevo
109125,Felipe Casals Cortes,2023-11-26,1,nuevo
106376,Poncio de Bustamante,2023-10-06,1,nuevo
114662,Silvestre Aramburu,2022-03-12,1,nuevo
108234,Lupita Pastora Guerra Ochoa,2022-12-03,1,nuevo
101145,Edu de Soto,2022-03-09,1,nuevo
101222,Florentina Pellicer Bayona,2020-09-17,1,nuevo
108404,Hugo Pablo Castilla,2023-07-28,1,nuevo
110712,Rufino Dionisio Francisco Mora,2023-03-31,1,nuevo
104533,Guiomar Galan Guillen,2022-06-10,1,nuevo
106890,Lupe Montesinos Murillo,2020-12-29,1,nuevo
107343,Manolo Uriarte,2020-09-09,1,nuevo
112545,Jonatan Rodrigo Muñoz,2022-04-08,1,nuevo
103762,Ruben Planas-Llopis,2024-03-07,1,nuevo
111677,Lino Monreal Huguet,2021-02-27,1,nuevo
107309,Marc Vazquez Belmonte,2023-12-08,1,nuevo
105114,Roberta de Blanco,2022-09-27,1,nuevo
104688,Vicenta Bolaños-Zorrilla,2022-09-28,1,nuevo
110432,Máximo Falcó,2020-10-28,1,nuevo
112747,Prudencia Naranjo Varela,2022-07-30,1,nuevo
104440,Crescencia Molins Gabaldón,2021-03-22,1,nuevo
111284,Jenaro Sedano Marquez,2022-12-07,1,nuevo
108829,Jaime Boada Royo,2023-04-13,1,nuevo
108829,Jaime Boada Royo,2023-04-13,1,nuevo
114420,Daniela Laguna,2024-07-02,1,nuevo
111993,Claudia Ferrera Torrents,2023-01-05,1,nuevo
100995,Angelina Mascaró Alegre,2020-04-12,1,nuevo
101974,Severino Machado Salcedo,2021-12-29,1,nuevo
111327,Magdalena Borrell Oliveras,2022-10-14,1,nuevo
102446,Mirta Armida Nevado Vázquez,2020-08-30,1,nuevo
110238,Adalberto Abel Montesinos Arenas,2020-04-01,1,nuevo
105895,Augusto Hermenegildo Carrión Puga,2020-04-15,1,nuevo
104242,Jose Antonio Hernando Llorens,2023-09-24,1,nuevo
105425,Rosario Sebastián,2022-07-05,1,nuevo
103402,Isidoro Leon Alberola,2023-12-10,1,nuevo
104081,Cayetano Duarte Rodriguez,2023-05-21,1,nuevo
112271,Antonia Vallejo,2024-03-06,1,nuevo
112271,Antonia Vallejo,2024-03-06,1,nuevo
110906,Pascual Barreda Iborra,2024-02-09,1,nuevo
104367,Reina Marqués Gaya,2021-08-10,1,nuevo
104367,Reina Marqués Gaya,2021-08-10,1,nuevo
104976,Candela Bernat Sandoval,2022-06-23,1,nuevo
113494,Josep Montesinos Cañizares,2022-02-10,1,nuevo
108280,Vito Mena Román,2020-12-24,1,nuevo
113018,Brígida Olivares-Tejedor,2021-04-08,1,nuevo
106344,Marcia Flor Borrego,2021-01-16,1,nuevo
111366,Yago Valderrama Gascón,2023-10-16,1,nuevo
103544,Germán Blanca Vilanova,2024-05-10,1,nuevo
108050,Inés de Cabanillas,2022-07-13,1,nuevo
101439,Leandra Bueno Diéguez,2020-10-15,1,nuevo
102869,Nayara Arellano Cabrera,2020-11-15,1,nuevo
102435,Azeneth Mendez Segura,2020-12-18,1,nuevo
106799,Obdulia Manrique Duarte,2022-04-03,1,nuevo
112558,Georgina Chaparro Cuevas,2022-09-27,1,nuevo
109250,Nicolasa Roselló Silva,2021-07-20,1,nuevo
100819,Juan Luis Cuevas Sevillano,2023-02-20,1,nuevo
115082,Julio César Elías-Barberá,2024-06-24,1,nuevo
101657,Cristian Ramón Asenjo Belda,2023-06-06,1,nuevo
114921,Juan Pablo Lucena Espejo,2023-03-27,1,nuevo
105140,Jimena Arrieta Catalá,2023-08-11,1,nuevo
107234,Mayte Escamilla Carvajal,2020-03-02,1,nuevo
111976,Perlita Agustí Morera,2023-03-29,1,nuevo
112695,Hortensia Valle-Gárate,2021-12-24,1,nuevo
110079,Aureliano del Sevillano,2022-08-25,1,nuevo
106259,Anabel Tejero,2023-07-07,1,nuevo
114822,Juliana Vall Busquets,2023-10-18,1,nuevo
105467,Clarisa Zamorano-Alcalá,2023-02-11,1,nuevo
113186,Rosario Peral Pinedo,2024-03-06,1,nuevo
101109,Felipa Vázquez Franch,2024-02-29,1,nuevo
111840,Rogelio Cipriano Galván Castro,2020-03-22,1,nuevo
102554,Ale del Valverde,2023-04-01,1,nuevo
106878,Clara Escudero-Pons,2022-09-15,1,nuevo
100556,Eliseo Ariel Sandoval Blazquez,2021-10-21,1,nuevo
103072,María Dolores Azcona Pareja,2024-04-01,1,nuevo
112094,Cristóbal Pancho Granados Suárez,2021-06-12,1,nuevo
107948,Olimpia Valentín Vendrell,2020-06-16,1,nuevo
104857,Fanny Bernat Verdejo,2023-07-17,1,nuevo
102854,Eufemia Gomila,2020-04-02,1,nuevo
111831,Adelardo Raya,2022-09-25,1,nuevo
111078,Herminia Balaguer Girón,2020-11-13,1,nuevo
114578,Leocadio Ferrero Sabater,2021-09-14,1,nuevo
104930,Genoveva Rios-Canet,2024-05-26,1,nuevo
110006,Cebrián Infante Ferrández,2023-07-08,1,nuevo
102112,Miguel Ángel Torres Báez,2022-03-03,1,nuevo
107709,Simón Bellido Arteaga,2020-07-23,1,nuevo
114086,Fortunato de Francisco,2022-10-31,1,nuevo
111662,Selena Sonia Ferreras Pascual,2021-05-04,1,nuevo
110598,Jessica Castells Fernandez,2022-12-12,1,nuevo
100356,Blas Hurtado Blanes,2020-04-12,1,nuevo
101430,María Pilar Gargallo Vaquero,2023-08-05,1,nuevo
112054,Marciano Barrio Arroyo,2023-05-08,1,nuevo
105644,Eloy Escobar Ordóñez,2021-05-12,1,nuevo
113927,Odalys Maite Castelló Robles,2023-03-13,1,nuevo
100965,Rico Baños Quesada,2021-11-30,1,nuevo
100121,Consuela Castellanos Balaguer,2024-07-06,1,nuevo
104931,Marina Molins,2024-02-15,1,nuevo
107364,Domingo Viñas-Rincón,2021-03-16,1,nuevo
107845,Gerardo Montero Cabello,2022-07-16,1,nuevo
107845,Gerardo Montero Cabello,2022-07-16,1,nuevo
105523,Diego Miranda Vicens,2023-04-20,1,nuevo
102886,Florencia Gimeno Folch,2022-07-23,1,nuevo
110425,Judith Chaparro Lillo,2021-02-26,1,nuevo
102179,Fabio Alemany Mas,2023-11-03,1,nuevo
112157,Roxana Saura,2023-07-01,1,nuevo
104899,Maribel Lilia Sanmartín Andrade,2022-02-11,1,nuevo
103124,Anna Requena Bayona,2023-11-13,1,nuevo
112473,Josué Arana Gual,2022-12-08,1,nuevo
100946,Rosa María de Escribano,2022-11-24,1,nuevo
104551,Margarita Macias Jimenez,2023-06-09,1,nuevo
112684,Aura Cózar Quero,2022-02-14,1,nuevo
112586,Mayte Noa Calatayud Cañas,2023-04-20,1,nuevo
112034,Adelaida Carreras Fajardo,2022-12-16,1,nuevo
106214,Blanca Peinado Chico,2021-01-18,1,nuevo
104542,Darío del Bustos,2021-03-29,1,nuevo
108205,Mercedes Sanjuan-Murillo,2024-04-22,1,nuevo
103288,Edgardo Sierra Luna,2024-05-19,1,nuevo
102606,Amílcar Capdevila Salmerón,2020-11-01,1,nuevo
101778,Jordi Cordero-Bosch,2024-05-24,1,nuevo
104114,Julián Valle Criado,2022-12-29,1,nuevo
101771,Pía Villanueva,2024-08-19,1,nuevo
114176,Haydée de Salas,2021-12-11,1,nuevo
103023,Héctor Teo Fuertes Blanca,2023-09-17,1,nuevo
114326,Prudencia Tormo Lloret,2020-09-26,1,nuevo
106876,Raquel Morell-Perea,2020-09-04,1,nuevo
112727,Nando Vera Batlle,2020-11-27,1,nuevo
104620,Amílcar de Moles,2021-12-26,1,nuevo
108569,Leyre Rubio Niño,2023-08-25,1,nuevo
110314,Bernardo Mateu Rosa,2022-09-10,1,nuevo
106099,Jesusa del Plana,2020-12-11,1,nuevo
101920,Gaspar Fuertes Torralba,2023-09-06,1,nuevo
100702,Evita Terrón Aragón,2021-12-08,1,nuevo
109768,Tiburcio Busquets,2023-04-23,1,nuevo
105019,Feliciana Ramón Sarmiento,2024-04-08,1,nuevo
113653,Casemiro Salinas Amorós,2024-01-03,1,nuevo
104869,Marcia Casares Comas,2024-05-23,1,nuevo
109514,Omar Aristides Piña Valcárcel,2021-02-06,1,nuevo
112083,Kike Araujo Sainz,2023-10-05,1,nuevo
101288,Maristela Gallardo-Valcárcel,2020-06-22,1,nuevo
111727,Jose Miguel Castelló,2024-08-17,1,nuevo
109005,Rosa María Arjona Mariscal,2022-09-20,1,nuevo
112414,Ariel Ramos Gomis,2022-10-10,1,nuevo
110839,Narcisa Rivera Porta,2020-12-08,1,nuevo
105474,Ágata Diéguez Pou,2022-04-13,1,nuevo
107311,Lucila Fajardo Moll,2023-04-06,1,nuevo
101478,Juanita Soria Francisco,2022-05-25,1,nuevo
103143,Apolonia Quirós Seco,2022-02-10,1,nuevo
108666,Cándido Pascual Comas,2024-08-10,1,nuevo
111910,Samanta Portero Llorens,2020-12-23,1,nuevo
100058,Ofelia Priego Cabrero,2023-04-08,1,nuevo
102400,Inmaculada Bermejo Villar,2021-08-26,1,nuevo
108743,Odalis Puga Barragán,2023-02-24,1,nuevo
109640,Gervasio Blasco Rico,2024-01-06,1,nuevo
101469,Dani Nicolás Durán Barceló,2021-09-14,1,nuevo
101417,Ciro Navas Galiano,2022-01-10,1,nuevo
106887,Concha Brunilda Gárate Arco,2023-01-16,1,nuevo
107718,Eugenio Castell,2023-08-26,1,nuevo
104526,Ramón Tolosa Campos,2024-06-05,1,nuevo
112546,Benigna Sarmiento González,2023-08-21,1,nuevo
110953,Piedad Carballo Segarra,2022-11-08,1,nuevo
104675,Ibán Casares Sarmiento,2024-02-14,1,nuevo
108159,Gloria Villa Anguita,2020-11-24,1,nuevo
108241,Claudio Porta Rosa,2024-01-02,1,nuevo
106380,Raimundo Toro Alvarez,2021-08-13,1,nuevo
111686,Melchor Talavera Llorens,2022-12-14,1,nuevo
101076,Griselda Domingo Fernandez,2021-05-12,1,nuevo
103937,Daniel Ferrero Leon,2023-07-02,1,nuevo
106714,Dominga Montenegro Roselló,2022-11-25,1,nuevo
106399,Alejandra Torres Frías,2022-05-23,1,nuevo
112280,Milagros Espinosa,2023-05-28,1,nuevo
102150,Patricio Menéndez Castilla,2023-12-15,1,nuevo
104970,Noelia Cobo Oliveras,2024-04-12,1,nuevo
106770,Manuelita Cadenas Madrigal,2024-01-19,1,nuevo
113843,Flor Acero Casanovas,2023-09-02,1,nuevo
110011,Toni Artigas Verdejo,2021-03-11,1,nuevo
112560,Aránzazu Pina-Tolosa,2020-12-06,1,nuevo
108028,Adolfo Gracia Francisco,2020-11-21,1,nuevo
114701,Yésica del Losa,2023-11-05,1,nuevo
106479,Pastor de Villa,2021-08-18,1,nuevo
106301,Ramón de Isern,2022-04-02,1,nuevo
112789,José Mari Sanmartín Navarrete,2021-03-29,1,nuevo
108048,Emilia Ferrando Sarabia,2021-03-28,1,nuevo
101682,Anita Robledo Ribera,2023-04-08,1,nuevo
104068,Rita del Miralles,2024-03-18,1,nuevo
101457,Eutropio Marcelo Valderrama Pastor,2022-09-26,1,nuevo
106820,Heliodoro de Armas,2022-10-26,1,nuevo
106820,Heliodoro de Armas,2022-10-26,1,nuevo
113174,Toño Adán Poza,2022-05-16,1,nuevo
103146,Ángela Carbajo Castellanos,2022-09-19,1,nuevo
110748,Xavier Soto Figuerola,2021-12-03,1,nuevo
112443,Sara del Ureña,2021-04-01,1,nuevo
113882,Vilma Sotelo Catalá,2020-04-15,1,nuevo
102004,Corona Córdoba Tamarit,2023-05-16,1,nuevo
106074,Manuelita Celia Fabregat Sáez,2021-10-15,1,nuevo
105219,Bernarda Coello,2022-08-24,1,nuevo
107054,Jeremías Linares,2023-08-11,1,nuevo
104272,Ámbar Villanueva Bello,2023-10-09,1,nuevo
105876,Ángeles del Sans,2024-08-26,1,nuevo
111223,Paca Macías-Boix,2024-03-30,1,nuevo
100602,David Cabrera,2023-06-15,1,nuevo
106183,Gabriela del Requena,2020-03-16,1,nuevo
102432,Melisa Almansa Falcó,2021-11-02,1,nuevo
108855,León Serrano Zurita,2022-01-28,1,nuevo
101488,Roberto Villalba,2024-04-19,1,nuevo
114327,Margarita Teodora Ródenas Barriga,2020-05-01,1,nuevo
113838,Urbano Coloma Pombo,2021-06-12,1,nuevo
108413,Pacífica Pavón,2020-04-30,1,nuevo
100619,Flavio Pellicer Carrasco,2023-09-08,1,nuevo
101601,Espiridión Llano Vidal,2021-05-05,1,nuevo
113531,Marciano Téllez Barragán,2024-04-04,1,nuevo
101753,Eva María Gibert-Bautista,2024-08-05,1,nuevo
109941,Mamen Blazquez Castelló,2022-02-22,1,nuevo
113881,Alfonso Calvo Mariscal,2022-10-22,1,nuevo
105148,Raúl Ramírez Palacios,2020-07-04,1,nuevo
112863,Adelardo Atienza,2022-06-25,1,nuevo
102546,Emilio Gisbert Borja,2022-10-06,1,nuevo
104372,Edelmiro Rozas-Revilla,2023-12-29,1,nuevo
104000,Araceli Graciela Caro Tomas,2022-04-22,1,nuevo
114789,Leocadia Alcántara,2020-04-06,1,nuevo
100176,Rosalina Mayo-Royo,2022-11-09,1,nuevo
102209,Silvio Pareja Carretero,2022-04-01,1,nuevo
103788,Basilio Luna-Barrena,2021-11-17,1,nuevo
111012,Josué Páez Benet,2022-02-19,1,nuevo
101127,Adelina Ferreras,2023-12-10,1,nuevo
108740,Timoteo Ordóñez-Redondo,2021-11-03,1,nuevo
114823,Claudia Campillo,2023-02-04,1,nuevo
101323,Eusebia Fuentes Carbó,2022-07-02,1,nuevo
113416,Mar Iñiguez Pujadas,2020-07-25,1,nuevo
101295,Ulises Vallejo Casanova,2024-01-11,1,nuevo
105008,Bienvenida Baeza Cuenca,2023-08-23,1,nuevo
114562,Nicodemo del Méndez,2024-01-10,1,nuevo
104072,Dulce Galvez Jimenez,2024-07-02,1,nuevo
101560,Coral Arias Llopis,2022-07-11,1,nuevo
109470,Patricio Barroso,2020-07-17,1,nuevo
108669,Ignacia Guardiola González,2023-10-25,1,nuevo
101355,Adolfo Perales Asensio,2023-03-31,1,nuevo
108201,Juan Pablo Barroso Ramos,2023-01-13,1,nuevo
106261,Paola del Ibáñez,2023-02-27,1,nuevo
106907,Valeria Cabello Bernat,2020-03-03,1,nuevo
103281,Marciano de Blanes,2022-10-27,1,nuevo
106721,Isaías Carlos Casas,2021-01-30,1,nuevo
106603,Paulino Torres Roig,2020-06-21,1,nuevo
106603,Paulino Torres Roig,2020-06-21,1,nuevo
102252,Sancho Adán Crespo Guardiola,2023-07-02,1,nuevo
112110,María Del Carmen Costa Perez,2020-06-27,1,nuevo
114845,Epifanio Esparza Monreal,2022-09-20,1,nuevo
107568,David Valbuena Poza,2020-10-19,1,nuevo
108903,Belen Pi,2023-07-19,1,nuevo
110660,Bonifacio Oliva Baquero,2023-09-29,1,nuevo
112002,Sara Amador Figueras,2020-06-26,1,nuevo
110565,Jordán Roman Alsina,2021-07-15,1,nuevo
107483,Lupita Cornejo Royo,2022-08-28,1,nuevo
111681,Elisa Cecilia Benet Goicoechea,2020-08-04,1,nuevo
101841,Estrella Esmeralda Moll Baeza,2023-08-26,1,nuevo
114161,Pánfilo Macías Ariño,2020-06-27,1,nuevo
114522,Flavio Expósito Ribera,2020-07-27,1,nuevo
103321,Javier de Barrena,2022-08-21,1,nuevo
105193,Elena Esteban Jaén,2023-11-13,1,nuevo
102273,Eufemia Valeria Cuesta Galindo,2022-02-24,1,nuevo
106158,Valentina Blázquez,2023-06-20,1,nuevo
104255,Nilda Nidia Galán Ripoll,2022-06-25,1,nuevo
111160,Paz Vilalta Barreda,2021-09-20,1,nuevo
104710,Ambrosio Canals Bonet,2023-02-03,1,nuevo
105462,Adelardo Pereira Asenjo,2021-08-05,1,nuevo
112602,Fermín Izaguirre Lasa,2022-07-28,1,nuevo
101418,Vicente de Casals,2021-11-04,1,nuevo
100605,Camila Domingo Gilabert,2023-04-13,1,nuevo
109723,Itziar Yuste Bou,2020-07-13,1,nuevo
113832,Magdalena Santamaria Franco,2022-08-11,1,nuevo
102312,Concepción Hierro Perera,2022-04-22,1,nuevo
109419,Samanta Alberola Viana,2022-09-24,1,nuevo
101472,Máxima Rodrigo Orozco,2024-05-01,1,nuevo
110772,Albert Sanmartín Tejera,2024-03-27,1,nuevo
100200,Manolo Sáenz,2024-08-08,1,nuevo
106976,Aristides Sedano Somoza,2022-10-20,1,nuevo
104725,Alejo Quevedo Núñez,2022-04-27,1,nuevo
102824,Gala Aranda Barbero,2022-09-20,1,nuevo
110605,Aristides Vazquez Blázquez,2021-05-27,1,nuevo
105818,Eufemia del Pla,2021-10-14,1,nuevo
102203,María Saura Andrés,2023-02-01,1,nuevo
102795,Tristán Mármol Benitez,2024-03-18,1,nuevo
111270,Zoraida Maura Cantón Robledo,2024-05-11,1,nuevo
110735,Priscila Quirós,2021-09-22,1,nuevo
100948,Agapito Verdejo Larrea,2021-04-24,1,nuevo
109151,Moreno Manuel Cuervo Naranjo,2024-06-21,1,nuevo
101281,Jose Carlos Vilanova Zamorano,2022-01-02,1,nuevo
109586,Petrona Castro Jover,2024-06-26,1,nuevo
112045,Edelmiro Cazorla Gordillo,2021-11-05,1,nuevo
112750,Quirino Bernal,2020-06-06,1,nuevo
111683,Wilfredo de Sanz,2022-07-07,1,nuevo
109776,Aurelia Prada-Molins,2023-11-11,1,nuevo
105821,Toño Jover,2024-06-28,1,nuevo
101006,Teodora Martina Estévez Jordá,2024-01-29,1,nuevo
113842,Victoria Daza Muro,2024-06-02,1,nuevo
102133,Maximino Feliu-Martí,2021-06-10,1,nuevo
100502,Severo Álvaro Barrena,2023-07-15,1,nuevo
103186,Elodia Tello Benet,2020-03-06,1,nuevo
106154,Angelita Nicolás-Hoz,2022-10-05,1,nuevo
104002,Samanta Barrena Saavedra,2023-06-30,1,nuevo
114747,Alma Catalá Olmo,2021-08-17,1,nuevo
109533,Ciriaco Álvaro Lopez,2020-12-18,1,nuevo
109533,Ciriaco Álvaro Lopez,2020-12-18,1,nuevo
102751,Rolando Lledó,2024-06-13,1,nuevo
107211,Gala Tejera Milla,2020-07-09,1,nuevo
104377,Edmundo de Aragonés,2022-08-16,1,nuevo
106759,Soraya Cueto Aliaga,2020-07-22,1,nuevo
114456,Severo Martinez Colom,2020-04-06,1,nuevo
102719,Poncio Alvarez-Moreno,2024-06-15,1,nuevo
115198,Aurora Guillen Bautista,2020-12-19,1,nuevo
105231,Maite Calatayud Andrade,2021-04-10,1,nuevo
106747,Aura Vallejo Fabregat,2020-06-20,1,nuevo
112811,Ruth de Carballo,2022-03-08,1,nuevo
113799,Dionisia Eligia Barragán Gallo,2023-10-20,1,nuevo
113268,Luna Torrens Zaragoza,2021-08-05,1,nuevo
104868,Apolinar Lerma Plana,2024-05-16,1,nuevo
108373,Chus Escobar Amor,2021-07-14,1,nuevo
113487,Águeda Canet Donoso,2024-04-26,1,nuevo
113287,Regina Collado Arjona,2021-02-17,1,nuevo
106031,Adora Miguela Flor Bautista,2020-04-08,1,nuevo
102176,Lucio Márquez-Castillo,2021-03-07,1,nuevo
109456,Nilo Gastón Elías Mármol,2024-02-03,1,nuevo
104980,Cornelio Castilla Vera,2022-07-03,1,nuevo
104980,Cornelio Castilla Vera,2022-07-03,1,nuevo
102708,Aurora Diego Arribas,2021-01-03,1,nuevo
115134,Rubén Chus Sevilla Pont,2022-07-17,1,nuevo
114009,Melania Morán Gisbert,2024-04-19,1,nuevo
103536,Isidora Pozuelo,2020-07-22,1,nuevo
110036,Daniela Fuente Morcillo,2023-07-31,1,nuevo
112153,Vicente Uriarte Peñalver,2022-05-09,1,nuevo
102064,Aureliano Cañellas Salgado,2024-04-11,1,nuevo
114429,Abril Garay Alonso,2021-04-30,1,nuevo
103827,Alonso Pallarès Solé,2022-05-02,1,nuevo
111136,Luciano de Durán,2020-11-05,1,nuevo
101398,Fabio Pomares Anguita,2023-05-29,1,nuevo
110934,Aurelio Mauricio Baquero Ballester,2022-10-25,1,nuevo
114481,Moisés Navarro Dueñas,2022-02-06,1,nuevo
109351,Clementina Prada-Huguet,2021-05-26,1,nuevo
111896,Lope Ariño Parra,2022-04-03,1,nuevo
111879,Leticia Roldán,2020-07-10,1,nuevo
114015,Celestina Donaire Mateos,2021-02-01,1,nuevo
106358,Trinidad Cuervo-Barrios,2023-01-01,1,nuevo
104096,Lázaro Velázquez Gallego,2023-03-03,1,nuevo
102690,Josep Arteaga,2023-12-16,1,nuevo
110025,Diego Calisto Alvarado Perez,2023-04-07,1,nuevo
106608,Visitación Gargallo Almazán,2021-09-24,1,nuevo
110123,Régulo Curro Fajardo Ramos,2023-08-06,1,nuevo
102489,Cayetano Guillermo Marqués Molins,2020-07-07,1,nuevo
102580,Fernando del Recio,2024-04-02,1,nuevo
110155,Anastasio Prado-Palomo,2022-12-27,1,nuevo
112605,Marta Fernández Boix,2022-09-26,1,nuevo
110070,Máximo Francisco Gámez Sánchez,2020-05-27,1,nuevo
108325,Maite de Cortina,2021-06-08,1,nuevo
100517,Amador Pérez-Martin,2023-10-09,1,nuevo
105667,Candelario Vera Maestre,2022-06-09,1,nuevo
100640,Hermenegildo Feijoo Isern,2024-05-25,1,nuevo
108197,Marisol de Salvador,2022-03-06,1,nuevo
108242,Amado Asenjo-Araujo,2020-09-05,1,nuevo
109200,Odalys Almagro,2021-01-20,1,nuevo
110043,Hermenegildo Anguita Álvaro,2023-02-13,1,nuevo
115093,Teresita de Ros,2020-04-28,1,nuevo
110599,José Mari Salas Aragón,2023-11-14,1,nuevo
113740,Armida Pavón Ramis,2020-12-22,1,nuevo
112870,Lilia Bueno Querol,2023-03-22,1,nuevo
101165,Consuela Ferreras Robles,2021-08-16,1,nuevo
104569,Mar Lloret Zamora,2020-03-06,1,nuevo
100310,Mayte Aguado Barón,2022-11-25,1,nuevo
113265,Ámbar Toro Monreal,2021-03-05,1,nuevo
110325,Edu Florencio Tejada Cánovas,2022-03-22,1,nuevo
108524,Ester Flora Cózar Grau,2023-02-02,1,nuevo
102771,Lino Roig Sureda,2020-04-03,1,nuevo
114305,Víctor Nebot Rocamora,2022-08-20,1,nuevo
105088,Francisco Jose Verdugo Gascón,2020-08-02,1,nuevo
105172,Oriana Coral Catalá Peláez,2021-11-21,1,nuevo
105649,Cecilio Edgardo Fuentes Beltrán,2024-05-01,1,nuevo
105639,Lupita Armas Bou,2021-09-21,1,nuevo
109241,José Antonio Carbonell Ferrán,2022-12-17,1,nuevo
103635,Leire Alcalde-Boada,2020-06-11,1,nuevo
106659,Susana Alma Arce Acero,2020-03-27,1,nuevo
109126,Odalis Milagros Armas Agustí,2022-10-21,1,nuevo
100710,Zoraida de Castrillo,2021-05-04,1,nuevo
104599,Apolonia Clemente Estrada,2021-01-28,1,nuevo
106131,Febe Tapia Catalán,2021-01-11,1,nuevo
113499,Flor Mulet Salmerón,2021-06-07,1,nuevo
114993,Victoria Quevedo Mateos,2020-03-07,1,nuevo
105228,Nicolasa Trinidad Lamas Gibert,2020-11-26,1,nuevo
106607,Máxima Hernando Velasco,2023-04-26,1,nuevo
105004,Virginia Jordán Miró,2021-03-22,1,nuevo
105740,Asdrubal Pardo,2021-11-02,1,nuevo
113086,Pili Figueras Rubio,2022-04-30,1,nuevo
109464,Carlito Cordero-Andreu,2021-05-24,1,nuevo
114971,Ramona Montserrat,2020-11-07,1,nuevo
101159,Florinda Ponce Vicens,2022-04-17,1,nuevo
111378,Jordana Palomino Iniesta,2020-06-11,1,nuevo
109234,Milagros de Alcázar,2024-06-01,1,nuevo
103351,Ciriaco Narváez Comas,2022-01-18,1,nuevo
113654,Elisabet Ros,2022-03-21,1,nuevo
102242,Custodia Barriga Serrano,2022-05-29,1,nuevo
108139,Albert Casal Verdejo,2022-05-05,1,nuevo
110216,Candelas de Belda,2020-12-16,1,nuevo
115103,Eduardo Rincón Alberola,2024-05-07,1,nuevo
103804,Celia Peñalver Julián,2021-03-16,1,nuevo
104690,Morena de Cardona,2021-02-02,1,nuevo
106857,Teobaldo Bosch Canet,2021-07-16,1,nuevo
110053,Aitana Ana Catalá Zamorano,2024-06-14,1,nuevo
106655,Camilo del Ayuso,2023-05-31,1,nuevo
106075,Ramón del Sureda,2022-12-25,1,nuevo
109567,Nacio Mínguez,2023-04-29,1,nuevo
115160,Jose Francisco Sobrino Matas,2021-07-02,1,nuevo
114134,Virginia Calzada Tejero,2021-02-12,1,nuevo
106065,Adoración Perera Barberá,2024-08-20,1,nuevo
110812,Edgardo Hervia Carpio,2024-05-07,1,nuevo
105266,Oriana Domingo-Cabanillas,2022-10-23,1,nuevo
105054,Natividad Guijarro Aguiló,2021-11-01,1,nuevo
101851,Paulina de Prada,2020-05-20,1,nuevo
111685,Mirta Peñas Bueno,2021-01-03,1,nuevo
112945,Lara Sarabia Saez,2023-05-20,1,nuevo
105485,Javier Campillo,2021-01-30,1,nuevo
109212,Cayetana Maxi Tudela Donoso,2024-02-02,1,nuevo
109512,Anunciación Cecilia Busquets Abad,2022-11-12,1,nuevo
115220,Emperatriz Bolaños Giralt,2022-11-25,1,nuevo
100209,Calixta Acosta Vera,2021-05-26,1,nuevo
109049,Cruz Viana Cerro,2022-05-10,1,nuevo
108542,Elvira Morillo Ortuño,2020-04-30,1,nuevo
115121,Calisto Barba,2022-06-24,1,nuevo
100529,Olga Tamarit,2021-04-05,1,nuevo
114379,Ramiro del Carbó,2022-10-08,1,nuevo
109878,Jose Manuel Trillo,2020-09-30,1,nuevo
101993,Corona Luís Torrents,2023-06-05,1,nuevo
102333,Augusto Villaverde Armengol,2021-08-11,1,nuevo
110293,Miguel Ángel Salvador,2024-03-18,1,nuevo
108841,Urbano Iglesia,2022-03-18,1,nuevo
103460,Selena Zabala Doménech,2023-08-04,1,nuevo
108198,Omar Hidalgo,2023-02-22,1,nuevo
113777,Duilio Gregorio Solís Gomis,2023-05-23,1,nuevo
114223,Elisa Galan Carrasco,2023-09-02,1,nuevo
112975,Samanta Pintor Giralt,2022-11-16,1,nuevo
112423,Tamara Uribe Acedo,2021-08-13,1,nuevo
106932,Jose Manuel Sandoval Tudela,2022-10-12,1,nuevo
113757,Lucila Mata,2021-12-11,1,nuevo
100703,Jacinta Sainz Marco,2024-05-31,1,nuevo
100504,Saturnina Gema Alfonso Aguirre,2022-08-30,1,nuevo
111036,Javi Company,2020-08-22,1,nuevo
105304,Socorro Torrents Jáuregui,2024-05-17,1,nuevo
106253,Dimas Barranco Guerra,2023-01-08,1,nuevo
111143,Susana de Olivera,2022-09-13,1,nuevo
112702,Juanito de Bejarano,2022-06-09,1,nuevo
104373,Evangelina Bonilla Barranco,2021-09-05,1,nuevo
108409,Darío Mateu,2023-11-09,1,nuevo
108256,Purificación Folch Ruano,2023-12-04,1,nuevo
108061,Gracia Córdoba Villalonga,2024-07-28,1,nuevo
101408,Graciano Bilbao-Calderón,2023-07-30,1,nuevo
112958,Anabel Jurado Rivero,2024-06-24,1,nuevo
105177,Renata Morales Mate,2020-08-13,1,nuevo
106063,Claudio Río Roca,2022-09-06,1,nuevo
111908,Josefa Ayuso Martorell,2020-12-26,1,nuevo
100983,Irene Mínguez,2023-08-23,1,nuevo
100262,Gracia Córdoba Roura,2020-11-19,1,nuevo
110167,Ascensión Abellán Manrique,2023-06-14,1,nuevo
103627,Encarna Estrada Morales,2023-10-20,1,nuevo
109521,Gonzalo Barrena-Carreras,2022-06-30,1,nuevo
100446,Ana Belén de Villena,2022-12-31,1,nuevo
105966,Leonel Soriano Guitart,2021-07-01,1,nuevo
107841,Fernando Otero Gelabert,2020-09-29,1,nuevo
103556,Emigdio Acevedo-Albero,2022-12-02,1,nuevo
102195,Isa Maza-Bermejo,2023-08-04,1,nuevo
107339,Alex Bolaños,2023-06-22,1,nuevo
113311,Ximena Porcel Alegria,2023-01-09,1,nuevo
102868,Adelia Mateo Ramón,2022-04-29,1,nuevo
105150,Graciela Burgos Azorin,2021-09-19,1,nuevo
105150,Graciela Burgos Azorin,2021-09-19,1,nuevo
103150,Pancho Ramis Cifuentes,2020-06-25,1,nuevo
100881,Crescencia Molins-Galván,2021-02-24,1,nuevo
114876,Leonardo Dani Rosales Aguado,2022-09-20,1,nuevo
105642,Leonor Bonet Luna,2024-02-22,1,nuevo
104327,Nicanor Rico Alemán Alfonso,2023-07-28,1,nuevo
104045,Angelita Pont Nadal,2020-03-28,1,nuevo
104138,Francisco Javier Pellicer Salom,2021-12-10,1,nuevo
103040,Ascensión Castell,2022-02-26,1,nuevo
109444,Mireia Guerrero,2020-03-05,1,nuevo
113786,Ciro Montesinos Cabeza,2021-03-08,1,nuevo
105591,Octavia Pla-Tirado,2023-07-09,1,nuevo
105591,Octavia Pla-Tirado,2023-07-09,1,nuevo
105826,Anita Guerrero Valbuena,2021-06-21,1,nuevo
108296,Olegario Escribano,2021-03-08,1,nuevo
105237,Candelario Fernandez Morera,2022-11-01,1,nuevo
111952,Carolina Merino Aguado,2021-07-19,1,nuevo
111451,Dorita García-Carrillo,2023-08-27,1,nuevo
112391,Noa Alonso Macias,2022-01-05,1,nuevo
109526,Ximena Toledo Miró,2022-10-21,1,nuevo
113550,Maribel Córdoba Cueto,2021-01-30,1,nuevo
111632,Felipe Ribes Domingo,2020-12-26,1,nuevo
109523,Andrés Felipe Batlle Mascaró,2023-05-01,1,nuevo
113914,Soledad Montoya Tovar,2022-09-10,1,nuevo
107583,Valeria Somoza Rocha,2022-11-30,1,nuevo
111942,Ramiro Almansa Paredes,2022-10-07,1,nuevo
100754,Juliana Cañas Tello,2020-09-06,1,nuevo
106998,Benigna de Carreño,2022-01-22,1,nuevo
109602,Edu Arana Arranz,2022-04-11,1,nuevo
100707,Fermín Espada Duque,2021-09-30,1,nuevo
114083,Yolanda Francisco,2021-07-01,1,nuevo
107055,Modesto Uriarte Corral,2023-12-02,1,nuevo
105581,Marino de Luz,2022-01-24,1,nuevo
106841,Alexandra Ferrero Rosa,2021-06-23,1,nuevo
114918,Benigna de Canales,2022-10-24,1,nuevo
114574,Nicolasa Manzanares Blasco,2021-05-06,1,nuevo
101075,Abilio del Verdú,2022-07-01,1,nuevo
110403,Efraín Rosales Camino,2021-06-05,1,nuevo
114505,Reyna Cuervo Sanmiguel,2023-04-28,1,nuevo
100247,Marta Camino Morales,2021-03-15,1,nuevo
103816,Hortensia Giralt Girona,2020-11-28,1,nuevo
111115,Alonso Ferreras Ayuso,2023-12-24,1,nuevo
102247,Jose Angel de Anaya,2022-11-26,1,nuevo
100433,Daniela Paredes Gual,2022-08-28,1,nuevo
106438,Maxi Girón Ballester,2023-07-04,1,nuevo
109627,Eusebio Castelló-Palomar,2021-06-06,1,nuevo
107926,Tamara Cervantes Saavedra,2024-08-03,1,nuevo
110260,Tatiana Escolano Real,2023-06-03,1,nuevo
100251,Álvaro Arrieta Vilanova,2020-07-27,1,nuevo
108232,Juliana Salamanca,2021-01-27,1,nuevo
107953,Buenaventura Raúl Moles Cano,2022-05-31,1,nuevo
113278,Azahar Manzano,2020-05-01,1,nuevo
103408,Amor Fabregat,2023-05-15,1,nuevo
110948,Jose Francisco Teodosio Bárcena Paniagua,2021-04-24,1,nuevo
104003,Octavia Borrás Gomis,2022-10-08,1,nuevo
112954,Mauricio Tomas Pomares,2023-01-20,1,nuevo
104197,Tatiana Villa Pi,2024-04-23,1,nuevo
103682,Rosaura Boix-España,2023-03-10,1,nuevo
103020,Manu Jara Fuster,2021-04-06,1,nuevo
107449,Filomena Tamara Roca León,2021-10-22,1,nuevo
104278,Emigdio Camino Borja,2022-08-05,1,nuevo
103667,Severiano Vives Millán,2020-06-30,1,nuevo
111242,José Manuel Ferrández-Gilabert,2023-09-26,1,nuevo
111242,José Manuel Ferrández-Gilabert,2023-09-26,1,nuevo
106822,Ildefonso Victoriano Revilla Pinedo,2021-05-23,1,nuevo
100545,Octavio Bas Redondo,2022-11-12,1,nuevo
112953,Fortunato Silva Amorós,2024-04-03,1,nuevo
113584,Ignacia Gual Borja,2022-07-04,1,nuevo
107689,Julia Gaya Checa,2022-08-20,1,nuevo
102683,Julio César Riquelme Lumbreras,2023-07-21,1,nuevo
106640,Sergio Ordóñez Cañellas,2024-03-06,1,nuevo
113045,Gerónimo Lozano Pavón,2024-01-02,1,nuevo
101877,Teresa Valderrama Alcántara,2021-02-15,1,nuevo
105263,Aura Ayala Valderrama,2023-09-24,1,nuevo
105160,Candelario Bermudez,2020-06-30,1,nuevo
105482,Ignacio Losada Jáuregui,2021-04-16,1,nuevo
105813,Silvia Peiró Posada,2021-03-27,1,nuevo
103045,Febe Gordillo-Marqués,2020-09-16,1,nuevo
110566,Luisa Ramona Sosa Pedro,2021-07-28,1,nuevo
107319,Amado Tormo Leon,2021-10-15,1,nuevo
105093,Leyre Casanova Morante,2021-02-22,1,nuevo
102664,Socorro del Castillo,2021-02-04,1,nuevo
114995,Chuy Belda Soriano,2022-03-17,1,nuevo
108391,Javiera Lara Cózar Peñas,2024-02-06,1,nuevo
109691,Severo Gascón Bonet,2020-06-05,1,nuevo
111502,Nieves Guillen,2022-06-13,1,nuevo
106728,Leoncio Urrutia-Sebastián,2023-12-29,1,nuevo
102136,Milagros Céspedes Alegre,2023-06-11,1,nuevo
108993,Ramiro Abril Huertas,2021-05-02,1,nuevo
112734,Susanita Crescencia Mercader Calderon,2024-06-24,1,nuevo
107394,Ascensión Mármol-Alvarado,2024-08-10,1,nuevo
100232,Germán Sevillano,2020-09-03,1,nuevo
108344,Yaiza Arteaga Cabrero,2022-07-16,1,nuevo
100738,,2021-03-23,1,nuevo
114966,Dani Soto Jódar,2022-10-09,1,nuevo
105706,Adela Bilbao Cobo,2023-08-23,1,nuevo
108810,Jaime Zurita Artigas,2020-11-04,1,nuevo
105936,Valerio Campo Castejón,2022-12-09,1,nuevo
106496,Nazario Gallego Peñalver,2024-05-18,1,nuevo
108539,Loreto Carro Serrano,2020-10-08,1,nuevo
107869,Goyo Villalobos,2022-12-26,1,nuevo
109165,Maxi de Llamas,2021-06-19,1,nuevo
102284,Ciro Maestre Taboada,2022-07-03,1,nuevo
108777,Rosalva Santamaria Calleja,2020-08-18,1,nuevo
105128,Juan Pablo Reyes Toledo,2020-04-30,1,nuevo
101546,Omar Ureña Coca,2023-04-25,1,nuevo
113146,Julieta Galvez Sala,2021-04-22,1,nuevo
100642,Cecilia Herrero Trillo,2021-12-03,1,nuevo
107289,José Gabaldón Rosselló,2023-05-02,1,nuevo
105205,Teodosio del Mendizábal,2022-09-02,1,nuevo
101309,Andrea Segura Fernández,2023-10-09,1,nuevo
101309,Andrea Segura Fernández,2023-10-09,1,nuevo
111527,Clotilde Lupe Tejedor Prieto,2021-03-11,1,nuevo
113646,Bruno Maximino Cervantes Vera,2022-09-13,1,nuevo
103724,Josefa Lopez Andrés,2021-03-01,1,nuevo
107671,Gertrudis Sierra Recio,2021-10-19,1,nuevo
113691,Rosalía Porcel Dalmau,2020-03-02,1,nuevo
106086,Aitor Gerardo Caballero Robles,2021-09-25,1,nuevo
114167,Febe Batalla Mendizábal,2021-09-23,1,nuevo
101411,Soledad Almazán-Salvador,2024-03-07,1,nuevo
106501,Rodrigo Somoza Morera,2022-08-26,1,nuevo
107728,María Teresa Valencia Morcillo,2020-04-11,1,nuevo
104576,Maximiano Rodriguez Feliu,2021-08-04,1,nuevo
103123,Verónica Pedraza Antón,2021-01-20,1,nuevo
114317,Mateo Gual Soto,2022-12-05,1,nuevo
109981,Jose Antonio Soto Girona,2023-11-21,1,nuevo
102832,Jose Antonio de Izquierdo,2023-06-22,1,nuevo
108270,Fabricio Lluch-Amor,2020-06-02,1,nuevo
114291,Florencio Cid Torres,2020-11-01,1,nuevo
114973,Guiomar de Falcón,2022-01-14,1,nuevo
106274,Miguel Ángel de Llorens,2022-11-08,1,nuevo
105500,Primitiva Chaparro Riera,2023-08-26,1,nuevo
109582,Chus Canales Gargallo,2021-08-30,1,nuevo
112466,Amor Aragón Capdevila,2022-03-07,1,nuevo
101481,Mauricio Quiroga Parra,2020-09-22,1,nuevo
100301,Zaida Español Bustos,2023-11-03,1,nuevo
113077,Manuelita del Losa,2023-08-29,1,nuevo
114181,Paulino Barranco,2021-01-12,1,nuevo
109484,Saturnina Llorens-Palomo,2021-09-09,1,nuevo
111174,Olivia Pinto,2021-04-19,1,nuevo
112615,Angelita Rovira,2023-04-15,1,nuevo
107217,Dan Aguilera Juliá,2022-06-01,1,nuevo
104273,Jenaro Fidel Osuna Aguilera,2022-05-10,1,nuevo
110710,Rodrigo Ochoa-Galván,2020-11-11,1,nuevo
107854,Jimena del Campillo,2022-05-19,1,nuevo
113768,Socorro Grau Perera,2023-10-02,1,nuevo
104627,Basilio Baeza Cordero,2023-12-16,1,nuevo
100997,Fortunato Cruz-Folch,2020-05-12,1,nuevo
111645,Poncio Vara Rivas,2023-01-12,1,nuevo
100157,Ágata Amelia Villanueva Cisneros,2023-10-04,1,nuevo
103086,Pía Mármol-Berrocal,2021-08-08,1,nuevo
112256,Heliodoro Boada Vilaplana,2021-04-30,1,nuevo
109124,Godofredo de Rebollo,2022-12-02,1,nuevo
111207,Horacio Comas Losada,2021-02-04,1,nuevo
103002,Claudia Suarez Alcaraz,2020-05-21,1,nuevo
114041,Carlito Huerta,2021-09-06,1,nuevo
103721,Aurelia Chico Seguí,2020-09-02,1,nuevo
104824,Moreno Garcés Baquero,2024-08-13,1,nuevo
104705,Magdalena Agustí Piñol,2023-07-04,1,nuevo
104137,Brunilda Campos Lucena,2023-04-13,1,nuevo
103189,Íñigo Castelló,2023-04-07,1,nuevo
102122,Che Malo-Morcillo,2023-10-10,1,nuevo
112683,Marcelino Comas Roldán,2022-07-13,1,nuevo
104735,Bernardita Zapata Pujadas,2024-01-06,1,nuevo
113116,Edelmira Blázquez-Plana,2023-01-08,1,nuevo
105841,Julio Montesinos Sacristán,2020-06-11,1,nuevo
113935,Serafina Rebeca Velasco Morell,2021-05-01,1,nuevo
109113,Milagros Nebot Casares,2023-01-18,1,nuevo
113259,Abril Vega,2021-08-08,1,nuevo
110552,Felix Adelardo Puente Noriega,2023-02-16,1,nuevo
112823,Juan Francisco Cuervo Saavedra,2021-07-11,1,nuevo
110275,Nuria Saldaña Palacios,2024-03-21,1,nuevo
101358,Fabiana Valderrama Borrego,2020-03-15,1,nuevo
109938,Mauricio Vilar-España,2021-01-15,1,nuevo
112006,Jordana Sureda Pellicer,2024-07-16,1,nuevo
101591,Natanael Ferrer-Marqués,2024-04-22,1,nuevo
115114,Juan Bautista Ariel Isern Coca,2023-09-12,1,nuevo
107119,Lope Duilio Vilalta Casares,2024-02-15,1,nuevo
103919,María Barrena Leal,2021-03-31,1,nuevo
114753,José Mari Royo Rozas,2024-02-03,1,nuevo
114180,Juan Pablo Cañete Tomás,2020-11-19,1,nuevo
110841,Maura Collado Colomer,2021-05-30,1,nuevo
108317,Vicente Sanmartín Malo,2024-01-12,1,nuevo
108519,Benita Ramirez Chaparro,2022-06-17,1,nuevo
108519,Benita Ramirez Chaparro,2022-06-17,1,nuevo
104012,Faustino Llorens Torrijos,2022-02-15,1,nuevo
100535,María Arias Carreño,2021-06-06,1,nuevo
111025,Jordana Cornejo Domínguez,2022-01-29,1,nuevo
113977,Febe Cabo Losa,2022-10-02,1,nuevo
108888,Dafne de Seco,2021-08-04,1,nuevo
112194,Nazaret Elorza Cadenas,2023-12-22,1,nuevo
108108,Celestina Ortuño Luna,2022-10-23,1,nuevo
101911,Vidal Carrasco Mosquera,2020-07-27,1,nuevo
101134,Morena Romeu Riquelme,2020-09-20,1,nuevo
111592,Eleuterio Nevado Casares,2023-05-27,1,nuevo
108314,Benjamín Palacios Posada,2021-02-07,1,nuevo
108982,Bruno Roselló Calleja,2023-07-14,1,nuevo
107326,Jesusa Nilda Ribera Llamas,2022-03-27,1,nuevo
107996,Camila Pina Solsona,2022-01-13,1,nuevo
100241,Ernesto Urrutia-Piña,2021-11-22,1,nuevo
108748,Juan Pablo Tejero,2021-06-20,1,nuevo
107603,Palmira de Ojeda,2022-07-11,1,nuevo
101868,Amaya del Tejero,2023-02-18,1,nuevo
110256,Lidia Barberá Guillen,2024-05-15,1,nuevo
101821,Candela Sanmiguel Huertas,2021-06-14,1,nuevo
108244,Sarita Jara-Páez,2023-03-03,1,nuevo
105188,Nayara Berrocal Uriarte,2022-01-12,1,nuevo
104566,Urbano Carballo Malo,2022-05-04,1,nuevo
112813,Nicolás Bartolomé Prado,2022-08-25,1,nuevo
102119,Belén Gomila Espada,2021-09-27,1,nuevo
104962,Claudia Jerez-Terrón,2022-02-21,1,nuevo
102810,Agustina Leire Arévalo Lillo,2021-02-20,1,nuevo
104285,Calisto Bernad Ugarte,2022-04-03,1,nuevo
110578,Silvestre Ferrando Porras,2023-08-31,1,nuevo
100229,Agustín Soria-Alonso,2024-07-17,1,nuevo
115052,Cristina Cardona Torre,2024-06-27,1,nuevo
102742,Santiago de Viana,2021-01-09,1,nuevo
103154,Florina Maza Armengol,2020-07-12,1,nuevo
106241,Julieta Correa Ríos,2023-02-15,1,nuevo
107105,Maite Pedraza Ariza,2021-08-26,1,nuevo
107894,Ciro Amat Quero,2021-08-26,1,nuevo
112368,Belen Tapia-Puig,2024-01-19,1,nuevo
110491,Julia Gracia Berrocal,2024-04-17,1,nuevo
102551,Porfirio Valenzuela,2023-06-02,1,nuevo
113849,Martina del Abascal,2023-01-05,1,nuevo
106769,Cornelio Manzano Arce,2023-04-04,1,nuevo
112711,María Cristina Benet Ruiz,2020-12-08,1,nuevo
114017,Joaquina Yáñez,2022-11-29,1,nuevo
112511,Chucho Rincón,2022-02-11,1,nuevo
112970,Aurelio Atienza Manrique,2024-06-06,1,nuevo
108544,Belen del Villar,2021-07-31,1,nuevo
100984,Ariadna Alberto Azorin,2022-11-06,1,nuevo
104798,Borja Valls Cano,2020-10-26,1,nuevo
114334,Adora Salmerón-Quintana,2023-10-06,1,nuevo
105970,Osvaldo de Sanchez,2024-05-03,1,nuevo
113669,Inmaculada Fabiana Pujadas Ródenas,2024-02-13,1,nuevo
106147,Tania Baños Carreño,2024-08-13,1,nuevo
101413,Fernanda Llorente Borrás,2023-10-18,1,nuevo
102257,Casemiro Rosado Garmendia,2022-12-11,1,nuevo
111150,Celia Narváez-Miguel,2021-12-06,1,nuevo
105604,Ignacio del Sevillano,2024-02-09,1,nuevo
106005,Fabiana Carbó Castellanos,2023-04-18,1,nuevo
105418,Samuel Santos Antúnez Gimenez,2020-10-16,1,nuevo
109574,Seve Dimas Rodrigo Cerezo,2020-10-24,1,nuevo
106381,Fortunato Morillo Casals,2023-09-17,1,nuevo
103830,Aníbal del Sevillano,2022-02-02,1,nuevo
101336,Íñigo del Murcia,2024-06-24,1,nuevo
109576,Aurora Manjón Ordóñez,2021-08-09,1,nuevo
104662,Natanael Barragán Giralt,2022-06-21,1,nuevo
110066,Vito Armengol Rius,2021-04-05,1,nuevo
107091,Gabino Espejo Acevedo,2021-12-15,1,nuevo
111496,Sabas Cabañas-Piñol,2024-05-05,1,nuevo
113204,Eligia Mora Bastida,2021-09-18,1,nuevo
101031,Sarita Gallo Vega,2023-06-27,1,nuevo
112037,Narcisa Carreras Jáuregui,2021-05-02,1,nuevo
113308,Visitación Prat Alegre,2022-06-24,1,nuevo
108303,Yéssica Ripoll Llopis,2023-03-24,1,nuevo
114771,Eli Bayona Tovar,2024-01-21,1,nuevo
105732,Belén Blanca Ruano Palomar,2020-06-28,1,nuevo
101516,Evaristo Bayona Barón,2020-05-16,1,nuevo
114721,Marianela Caballero Pellicer,2020-11-06,1,nuevo
114118,Juan José Roma,2023-08-01,1,nuevo
113952,Pascuala Valera-Moles,2022-12-25,1,nuevo
102264,Blas Mulet Llorens,2022-11-05,1,nuevo
114312,Santiago Juan Cabezas,2020-10-18,1,nuevo
104589,Aureliano Ródenas-Vergara,2020-11-16,1,nuevo
109017,Consuelo Carretero Iglesias,2023-11-13,1,nuevo
112492,José Chacón Mariño,2021-05-16,1,nuevo
104713,Anabel Fernanda Cabezas Aguirre,2020-09-22,1,nuevo
110554,Patricio Gisbert Diéguez,2020-10-03,1,nuevo
102573,Feliciana Etelvina Laguna Pedraza,2021-04-16,1,nuevo
110633,Adriana Manrique Montaña,2024-08-25,1,nuevo
103333,Conrado Tomas Escolano,2021-06-04,1,nuevo
109026,Javier Vendrell-Cervantes,2023-01-29,1,nuevo
112756,Anita Elías Zabala,2024-08-18,1,nuevo
106900,Eleuterio Matas Gonzalo,2021-07-21,1,nuevo
105754,Rafael Nadal,2024-03-17,1,nuevo
113395,Gonzalo Benavente Bautista,2021-11-18,1,nuevo
101463,Tristán Porcel Gutierrez,2021-09-15,1,nuevo
107916,Maristela Elías Caparrós,2021-01-07,1,nuevo
113985,Simón Ávila,2022-04-25,1,nuevo
104624,Dorita Batlle Solana,2024-02-02,1,nuevo
114899,Simón Cabañas Comas,2022-07-24,1,nuevo
114719,Faustino Pizarro-Simó,2023-12-17,1,nuevo
102477,Flora Cózar Espejo,2020-06-23,1,nuevo
111884,Melania Pardo Hernandez,2020-09-27,1,nuevo
108053,Herminio Heraclio Sáez Toledo,2021-04-23,1,nuevo
114311,Evelia del Calzada,2023-04-11,1,nuevo
101678,Gil Doménech Mateo,2020-06-02,1,nuevo
114835,Hilario Botella-Palomino,2023-09-22,1,nuevo
102297,Eugenio Donaire Aroca,2021-07-30,1,nuevo
108489,Bartolomé Iglesia Marti,2023-07-07,1,nuevo
112300,Olga Romero Lledó,2023-10-03,1,nuevo
114768,Bienvenida Ponce Hidalgo,2023-06-11,1,nuevo
109708,Emilio Quintero Cabo,2020-08-27,1,nuevo
109708,Emilio Quintero Cabo,2020-08-27,1,nuevo
105255,Noé Egea Mena,2024-03-31,1,nuevo
111293,Pastor Codina-Álamo,2022-04-15,1,nuevo
104909,Wálter Diego Andrade,2021-11-24,1,nuevo
109907,Buenaventura Jiménez,2022-05-26,1,nuevo
103730,Manuelita Mendez Parra,2022-05-24,1,nuevo
111893,Luisa Sanmartín,2022-09-05,1,nuevo
106454,Anunciación del Iriarte,2021-03-06,1,nuevo
114742,Luciana Suárez Narváez,2023-04-29,1,nuevo
105297,Anacleto Maxi Batalla Borja,2021-06-09,1,nuevo
110747,Rosendo Ibarra Giménez,2021-10-23,1,nuevo
102939,Mar Ruperta Rocamora Almazán,2020-11-12,1,nuevo
107608,Gaspar Zorrilla Cortina,2022-04-16,1,nuevo
112476,Hilario Poza Patiño,2022-07-22,1,nuevo
111651,Amelia de Reguera,2022-09-08,1,nuevo
105429,Gerardo Vera Bayona,2021-09-07,1,nuevo
112938,Selena Rios Ballesteros,2022-02-24,1,nuevo
113552,Marisa Pulido Acosta,2022-07-04,1,nuevo
111621,Amada Estrada Solera,2021-05-29,1,nuevo
102937,Sancho Gordillo Campos,2023-02-14,1,nuevo
104057,Zoraida Micaela Juárez Campillo,2023-12-26,1,nuevo
101232,Claudio Arévalo-Solé,2020-03-23,1,nuevo
102314,Iris Crescencia Angulo Pomares,2020-07-15,1,nuevo
113284,Martina Baena Manuel,2023-01-10,1,nuevo
104775,Josep Vicente Pons,2021-07-27,1,nuevo
104775,Josep Vicente Pons,2021-07-27,1,nuevo
103900,Felix Milla Niño,2022-12-26,1,nuevo
103568,Juan Carlos Cerdán Enríquez,2023-04-13,1,nuevo
108023,Moreno Yuste Valentín,2022-11-24,1,nuevo
112312,Mateo Tristán Vallejo Ródenas,2021-01-20,1,nuevo
104087,Felicia Colom Ariza,2023-07-31,1,nuevo
100589,Roxana Carmona Cadenas,2022-02-09,1,nuevo
102671,Florina Mateu,2023-08-17,1,nuevo
113398,Asdrubal Castejón,2024-05-08,1,nuevo
114609,Hipólito del Uriarte,2020-10-13,1,nuevo
108135,Jose Antonio Ribas Arnau,2023-12-15,1,nuevo
115007,Clementina Prieto Porta,2020-03-05,1,nuevo
105983,Selena del Oliveras,2023-07-01,1,nuevo
105883,Vicente Terrón Serra,2021-11-09,1,nuevo
112128,María Andrade-Abellán,2020-03-10,1,nuevo
111606,Zoraida Duran,2024-05-26,1,nuevo
101474,Rosenda Olmedo Losa,2020-05-23,1,nuevo
106104,Joel Fulgencio Alsina Urrutia,2024-08-03,1,nuevo
109695,Alcides Heredia,2024-03-27,1,nuevo
100422,Macario Agustín Gordillo,2022-03-10,1,nuevo
102307,Concepción Catalán,2020-08-19,1,nuevo
114395,Celso Cabrera Álvarez,2023-10-19,1,nuevo
108463,Tatiana Ibarra Ortega,2024-03-07,1,nuevo
101726,Irene Carina Múñiz Arroyo,2021-07-04,1,nuevo
108939,Eulalia Escamilla Pardo,2021-03-21,1,nuevo
110603,Eusebio Jódar Guerrero,2022-03-06,1,nuevo
115129,Sabina Iglesia,2020-04-01,1,nuevo
109435,Alexandra Torrents,2023-04-02,1,nuevo
108347,Edelmiro Fernández Garriga,2021-03-24,1,nuevo
110587,Marcela Pavón Prado,2023-03-12,1,nuevo
107798,Dominga Ros Robles,2023-06-05,1,nuevo
107397,María Cristina Burgos Noguera,2022-04-14,1,nuevo
107397,María Cristina Burgos Noguera,2022-04-14,1,nuevo
112999,Hortensia Martí Ferrándiz,2022-12-18,1,nuevo
107929,Tania del Feijoo,2022-12-29,1,nuevo
111064,María Jesús Lupe Mateu Fabra,2023-11-23,1,nuevo
104678,Santos Gálvez Oliver,2023-02-22,1,nuevo
105210,Paloma del Molina,2023-08-27,1,nuevo
112230,Alexandra Pagès Poza,2022-12-29,1,nuevo
112461,Juliana Ledesma Gargallo,2023-11-29,1,nuevo
107838,Itziar de Feliu,2024-04-27,1,nuevo
107355,Belen Burgos Salas,2021-08-15,1,nuevo
112784,Patricia Varela Saavedra,2024-05-07,1,nuevo
111972,Sofía Perales Almansa,2024-07-01,1,nuevo
109961,Iris Rosalinda Cánovas Cobos,2023-12-22,1,nuevo
109122,Benjamín Mate Aliaga,2022-10-31,1,nuevo
101212,Fortunata Company Diaz,2023-09-07,1,nuevo
108865,Evelia Lladó,2024-01-20,1,nuevo
113698,Modesta Noemí Gallardo Villar,2021-07-04,1,nuevo
106361,Sofía Mármol-Pareja,2022-07-22,1,nuevo
100507,Herminia Feijoo Gallo,2023-03-19,1,nuevo
109986,Martina Verdejo Cañas,2021-12-09,1,nuevo
114595,Daniela Busquets-Perales,2021-12-18,1,nuevo
103619,Rafa Rosa Segovia,2020-09-05,1,nuevo
108505,Nando Franco Robles,2023-09-06,1,nuevo
112594,Clarisa Arenas,2024-05-29,1,nuevo
108573,Rafael del Pintor,2020-10-18,1,nuevo
100600,Florentino Lluch Luís,2020-09-03,1,nuevo
101894,Adrián Abad-Ricart,2021-07-05,1,nuevo
106503,Berta Morillo Juliá,2021-10-10,1,nuevo
115209,Vicente del Goicoechea,2021-06-07,1,nuevo
100376,Palmira Acevedo,2023-08-15,1,nuevo
109491,Evelia Mascaró López,2022-04-14,1,nuevo
103347,Cloe Anna Vidal Rosell,2023-03-15,1,nuevo
110183,Zoraida Huguet-Alvarez,2021-06-03,1,nuevo
111266,Amor Tormo Rosales,2023-05-31,1,nuevo
100299,Guiomar Fábregas Castillo,2023-09-21,1,nuevo
103824,Ramona de Sabater,2020-10-02,1,nuevo
104040,Odalis Carreras Montalbán,2020-11-16,1,nuevo
111998,José María Ángel Vara,2021-07-03,1,nuevo
106829,Adoración Romeu Blanca,2021-12-17,1,nuevo
111447,Sofía Beltrán Caballero,2024-07-01,1,nuevo
109543,Jose Angel Urrutia Andreu,2024-01-19,1,nuevo
113533,Calixta Torrecilla Folch,2024-02-17,1,nuevo
101645,Merche Llano Taboada,2020-09-16,1,nuevo
109819,Sara Diaz,2020-06-28,1,nuevo
102077,Morena Canales-Antúnez,2021-01-15,1,nuevo
105969,Daniela Yáñez Gonzalo,2022-09-24,1,nuevo
109459,Noé Sebastián Hernández,2021-07-09,1,nuevo
102779,Gloria Benítez Rebollo,2021-02-02,1,nuevo
101986,Camila Arce Lumbreras,2024-05-17,1,nuevo
103862,Erasmo Carnero Calzada,2022-12-03,1,nuevo
114612,Begoña Mínguez Cortes,2021-12-25,1,nuevo
102238,Marcial del Casas,2022-06-23,1,nuevo
105230,Clarisa Costa Sancho,2023-09-16,1,nuevo
107455,Leonor Arranz,2022-05-25,1,nuevo
101269,Dorita Corral Aparicio,2021-05-05,1,nuevo
106912,Socorro Carretero Vicente,2024-08-03,1,nuevo
106999,Leoncio Ramirez Peralta,2022-06-21,1,nuevo
107941,Cosme del Uría,2024-04-08,1,nuevo
111361,Gabino Valenzuela Company,2021-01-27,1,nuevo
105061,Ana Sofía Montaña Taboada,2022-01-16,1,nuevo
110591,Luisina Agullo Exposito,2021-02-02,1,nuevo
105574,Felicidad Quesada-Alberdi,2023-06-18,1,nuevo
104428,Rómulo Zorrilla Navas,2022-04-02,1,nuevo
114103,Enrique Arellano Nieto,2024-04-07,1,nuevo
100280,Verónica del Abril,2022-04-25,1,nuevo
114836,Amador Valverde Navarro,2023-12-03,1,nuevo
108719,Gerardo Salas Arjona,2020-09-21,1,nuevo
104884,Jeremías Onofre Alegre Calderon,2023-08-29,1,nuevo
103810,Francisca Mariscal Silva,2022-07-21,1,nuevo
108714,Domingo Moliner Santamaria,2021-07-17,1,nuevo
110581,Evaristo Nieto Rosales,2021-06-28,1,nuevo
109738,Norberto Pascual Guillen,2023-07-09,1,nuevo
100298,Conrado Baños Polo,2024-04-27,1,nuevo
104643,Fabio Rafa Querol Montaña,2021-05-21,1,nuevo
104643,Fabio Rafa Querol Montaña,2021-05-21,1,nuevo
109736,Isidro Parra Pinedo,2021-10-23,1,nuevo
102843,Gabriela Goicoechea Galindo,2023-03-18,1,nuevo
105301,Anabel Lloret Vila,2023-11-08,1,nuevo
107136,Galo Cervera Araujo,2021-06-22,1,nuevo
101372,Bienvenida Ángel Sevillano,2023-01-14,1,nuevo
111958,Claudio Colom Peláez,2021-04-23,1,nuevo
111958,Claudio Colom Peláez,2021-04-23,1,nuevo
109100,Jose Francisco Jaume Martinez,2020-07-31,1,nuevo
110874,Modesta Piñol Lerma,2021-11-20,1,nuevo
108533,Bernardo Bustamante-Romeu,2024-03-10,1,nuevo
114658,Cleto Grande Sala,2022-10-12,1,nuevo
114640,Abigaíl Narváez Doménech,2023-10-26,1,nuevo
108208,Luciano Abad Palmer,2021-03-06,1,nuevo
105954,Martina Salom-Alcántara,2022-03-30,1,nuevo
114653,Maribel Alemán Criado,2023-11-26,1,nuevo
109542,Clarisa Morante,2024-07-16,1,nuevo
101860,Vera Alcántara Alcántara,2020-06-05,1,nuevo
110290,Ana Belén Coloma Gonzalez,2020-07-16,1,nuevo
106782,Bartolomé Escalona,2023-05-11,1,nuevo
107911,Gustavo Sanmartín Cuervo,2022-12-16,1,nuevo
100932,Silvio Quintero-Guerrero,2021-02-18,1,nuevo
110288,Pili del Gargallo,2023-01-04,1,nuevo
101910,Verónica Azcona Miranda,2022-08-02,1,nuevo
109022,Pánfilo Valcárcel-Tamarit,2023-12-01,1,nuevo
113889,Isa del Pomares,2024-08-20,1,nuevo
103970,Berta de Diéguez,2024-08-29,1,nuevo
109380,Felisa Cueto,2022-04-18,1,nuevo
106309,Estrella Calvo,2022-05-03,1,nuevo
104160,Teresita de Campo,2021-01-25,1,nuevo
106941,Bibiana Ugarte Almeida,2023-07-16,1,nuevo
103196,Bonifacio de Nevado,2020-08-22,1,nuevo
109808,Marina Nerea Rivas Sans,2022-11-25,1,nuevo
110657,Santos Sevillano Calderon,2022-01-05,1,nuevo
110122,Evaristo Pedrero Serrano,2024-07-14,1,nuevo
109118,Bibiana Polo Cobos,2022-01-06,1,nuevo
112418,Amada Echevarría Rivero,2022-01-17,1,nuevo
112497,Aureliano Sosa Castejón,2021-02-21,1,nuevo
101790,Jose Coloma,2023-08-21,1,nuevo
102060,Melisa Losa Torrijos,2024-02-01,1,nuevo
107144,Dorotea del Sanz,2023-11-16,1,nuevo
102346,Ágata Romeu-Gilabert,2023-09-21,1,nuevo
106448,Íngrid Téllez Solís,2021-09-08,1,nuevo
104587,Merche Fábregas Tur,2022-04-29,1,nuevo
110030,Amílcar Canals Palomo,2023-05-17,1,nuevo
112692,Marcela Valbuena Jerez,2021-01-29,1,nuevo
114019,Fabio Corral Mora,2023-10-02,1,nuevo
105696,Íngrid Flores-Conesa,2022-06-27,1,nuevo
107906,Miguel Pérez Miralles,2022-11-22,1,nuevo
113678,Calista Carranza,2022-10-12,1,nuevo
110904,Belén Vallés Tena,2024-04-01,1,nuevo
102018,Encarnita Vara Murcia,2022-08-03,1,nuevo
102972,Espiridión Márquez Estevez,2020-04-25,1,nuevo
100125,Chita Maricruz Díaz Luís,2023-02-24,1,nuevo
101107,Esther Ortuño Vega,2024-03-22,1,nuevo
101815,Leopoldo Barreda Vega,2022-07-19,1,nuevo
102124,Jordana de Royo,2022-07-24,1,nuevo
110886,Priscila Sarmiento,2021-02-08,1,nuevo
100809,Segismundo Nebot Galván,2020-08-25,1,nuevo
110989,Bernardita Alberto Artigas,2022-09-06,1,nuevo
103963,Cristian Araujo Pons,2023-07-05,1,nuevo
102672,Marisa Mesa Costa,2024-05-06,1,nuevo
109428,Manuelita del Palau,2024-02-20,1,nuevo
100608,Visitación Barberá,2020-05-04,1,nuevo
103218,José del Rey,2020-06-07,1,nuevo
105738,Toribio Carreras Coello,2020-03-30,1,nuevo
110910,Dionisio Gomis Arrieta,2021-06-11,1,nuevo
113852,Severo Riquelme Lastra,2024-05-19,1,nuevo
106716,Lara Miguel Company,2021-04-17,1,nuevo
100423,Julia Carvajal Benítez,2021-04-08,1,nuevo
109674,Marina Tania Andrés Nadal,2022-08-24,1,nuevo
104067,Melchor Roselló,2024-02-04,1,nuevo
113720,Chita de Quero,2023-01-07,1,nuevo
105245,Miriam Serra Solano,2020-10-13,1,nuevo
103576,Delfina Iniesta-Quintero,2021-01-11,1,nuevo
106727,Víctor Ibañez Pascual,2021-10-09,1,nuevo
103848,Vasco Bermúdez,2024-01-10,1,nuevo
110837,Fanny Arnal Izquierdo,2024-04-28,1,nuevo
100758,Esmeralda Real Molina,2021-05-04,1,nuevo
105314,Ambrosio Mercader Cervantes,2024-07-25,1,nuevo
113791,Roxana Roda Valencia,2023-01-20,1,nuevo
107024,Pepito Morata-Sevilla,2022-03-13,1,nuevo
109344,Fabiola del Garrido,2022-11-12,1,nuevo
106525,Cornelio Catalá-Acedo,2021-07-28,1,nuevo
107659,Eutropio Egea Martínez,2023-02-08,1,nuevo
107567,Marisol Corbacho Muro,2021-07-06,1,nuevo
106290,Pascuala de Colom,2021-05-04,1,nuevo
111337,Octavia Elba Pedrosa Arco,2021-11-04,1,nuevo
114064,Felicia Bernarda Montesinos Verdú,2022-07-20,1,nuevo
114225,Vidal Viana-Benavente,2023-09-14,1,nuevo
100269,Lorenzo Jaime Nebot Pi,2024-04-03,1,nuevo
103581,Josué Ferreras Uría,2021-05-07,1,nuevo
100072,Rosenda Encarnación Llopis Roda,2022-01-25,1,nuevo
102822,Adolfo Renato Acevedo Camps,2020-12-03,1,nuevo
100590,Anabel Bas Bonet,2023-11-16,1,nuevo
103759,Albert Armengol Muro,2021-04-04,1,nuevo
106846,Abilio Barberá Falcó,2021-07-10,1,nuevo
102029,Wilfredo Hernando Sandoval,2021-05-04,1,nuevo
112390,Ramona Rozas Pelayo,2023-04-09,1,nuevo
108470,Georgina Alberola Ramis,2020-05-30,1,nuevo
112814,Remigio del Pla,2021-03-08,1,nuevo
101720,Asdrubal de Cabañas,2022-01-21,1,nuevo
100891,Rosa María Caparrós Valcárcel,2022-07-16,1,nuevo
104007,Maite Rocha Leal,2023-05-24,1,nuevo
114817,Hernando Vilalta Palacio,2020-10-09,1,nuevo
112424,Hipólito Remigio Gracia Carreras,2024-08-14,1,nuevo
103784,Marianela Martin,2021-10-16,1,nuevo
107348,Aarón de Castell,2020-05-16,1,nuevo
108384,Chuy Barrera Montenegro,2021-02-12,1,nuevo
110500,Ambrosio Conesa Criado,2020-09-29,1,nuevo
104060,Luciana Llabrés,2023-02-04,1,nuevo
100091,María Cristina Vila Martínez,2021-04-19,1,nuevo
112166,José Manuel de Marin,2023-04-28,1,nuevo
107280,Macario Vallejo Frutos,2024-05-09,1,nuevo
113519,Florentino Medina,2024-01-13,1,nuevo
114777,Edmundo Miguel Palmer,2021-09-25,1,nuevo
109518,Rufina Benitez Escalona,2023-06-05,1,nuevo
113517,Noa Camila Colom Cervera,2023-05-17,1,nuevo
102926,Natividad de Valenciano,2021-04-14,1,nuevo
110363,Gaspar de Zorrilla,2021-08-11,1,nuevo
111793,Gil Portero Aliaga,2020-05-08,1,nuevo
100628,Sebastian Grande Izquierdo,2022-09-19,1,nuevo
110114,Macarena Cantero Almagro,2024-07-14,1,nuevo
104766,Óscar Lerma Alberto,2022-11-02,1,nuevo
114770,Narcisa Martinez Silva,2020-09-13,1,nuevo
106996,Natividad Guzmán Acero,2022-07-17,1,nuevo
113948,Matías Vigil Bárcena,2020-09-20,1,nuevo
110915,Mohamed Cerdán Criado,2023-06-30,1,nuevo
114872,Bonifacio Cepeda-Toro,2022-07-23,1,nuevo
110384,Raimundo Codina Cid,2023-10-01,1,nuevo
106616,Ángel Barberá Peláez,2023-04-21,1,nuevo
112302,Haydée Terrón Avilés,2020-06-04,1,nuevo
111706,Feliciano Silvio Torrens Cañete,2021-05-12,1,nuevo
108465,Florencia Hoyos Maza,2021-01-07,1,nuevo
101875,Teófilo Soriano-Fuster,2023-09-20,1,nuevo
107283,Begoña Caballero,2021-04-08,1,nuevo
105832,Godofredo Tamarit Cortes,2021-08-24,1,nuevo
111490,Víctor Peñalver,2022-02-02,1,nuevo
112577,Isidora Herrera Becerra,2020-08-19,1,nuevo
101691,Rafael Novoa-Cases,2021-11-15,1,nuevo
110298,Alondra Felisa Vall Jove,2020-10-02,1,nuevo
104513,Lola Benavente-Agudo,2024-07-27,1,nuevo
106623,Josefina Morillo Solano,2022-04-21,1,nuevo
110537,Reyna Sanz,2024-06-11,1,nuevo
112598,Margarita Posada Falcó,2022-03-23,1,nuevo
101757,Balduino Guzman Bayona,2020-06-27,1,nuevo
100871,Calixto Bellido Sainz,2021-02-09,1,nuevo
107679,Palmira de Garrido,2023-11-20,1,nuevo
100722,Toño Campoy Noriega,2021-06-04,1,nuevo
100887,Régulo Calixto Esteve Manjón,2020-10-29,1,nuevo
114948,Hilario Leonel Tamarit Frutos,2022-05-24,1,nuevo
112935,Sarita Sierra-Samper,2022-10-12,1,nuevo
109713,Constanza Jove Mora,2022-03-28,1,nuevo
112830,Severo Benito Montaña,2020-05-13,1,nuevo
111625,Roberta Duarte Guardiola,2021-03-27,1,nuevo
105851,Flor Olivera Alcalá,2024-06-01,1,nuevo
101997,Atilio Pont Huertas,2022-06-05,1,nuevo
111546,Juan Bautista Silva Vargas,2023-03-02,1,nuevo
112297,Ariadna Arellano Mulet,2020-10-31,1,nuevo
104621,Juan Manuel Alba Espada,2024-01-21,1,nuevo
114197,Gema Cases Abellán,2021-02-27,1,nuevo
103417,Dolores Portero,2022-08-21,1,nuevo
106620,Clementina María Fernanda Pavón Quevedo,2023-03-16,1,nuevo
106620,Clementina María Fernanda Pavón Quevedo,2023-03-16,1,nuevo
100349,Azeneth Alondra Farré Ferrando,2021-01-25,1,nuevo
107244,Herberto Pozo,2024-08-07,1,nuevo
104483,Urbano del Arcos,2023-12-21,1,nuevo
105571,Goyo Cáceres Pacheco,2023-01-08,1,nuevo
110346,Melisa Catalá Fonseca,2023-06-21,1,nuevo
101696,Lisandro Morán Gras,2023-09-11,1,nuevo
105075,Galo Montero Diéguez,2024-06-21,1,nuevo
113751,Úrsula Pedro Aller,2024-03-17,1,nuevo
109041,Lucio Ortega Castañeda,2021-06-14,1,nuevo
111060,Belén Castell Lago,2023-10-26,1,nuevo
100187,Emiliano Barrios Piñeiro,2022-05-09,1,nuevo
107186,Celestino del Grau,2020-05-01,1,nuevo
114404,Melisa Luís,2024-04-26,1,nuevo
101235,Teresa Encarnación Prado Montalbán,2022-12-31,1,nuevo
110880,Jacobo Bayona Baquero,2020-07-30,1,nuevo
103104,Adelina Román Cuéllar,2023-01-17,1,nuevo
106975,Óscar Aguilera Cabanillas,2020-11-20,1,nuevo
106095,Judith Palau Aguilar,2023-11-12,1,nuevo
109487,Cándido Sanchez Montesinos,2020-09-12,1,nuevo
105519,Lino Alberola,2022-06-18,1,nuevo
112472,Ainara Roura Hernández,2023-03-06,1,nuevo
108418,Odalis Cornejo-Lladó,2024-02-17,1,nuevo
114477,Salomón Lozano,2021-05-07,1,nuevo
110979,Tania Agullo Cabeza,2023-02-17,1,nuevo
103137,Milagros Santamaría Sierra,2022-09-14,1,nuevo
105463,Xiomara Pombo Cerdá,2021-06-10,1,nuevo
107523,Gloria Ordóñez-Gonzalez,2024-03-04,1,nuevo
112357,Eladio Inocencio Campos Roselló,2021-11-08,1,nuevo
103200,Jose Antonio Aramburu Marin,2020-09-19,1,nuevo
111782,Olivia Santamaría Alba,2024-05-18,1,nuevo
111579,Encarnación Parra Riba,2022-07-31,1,nuevo
107543,Andrés del Medina,2021-12-30,1,nuevo
113228,Sigfrido Ocaña,2024-03-14,1,nuevo
105458,Ale Enríquez Cañas,2020-09-12,1,nuevo
104135,Marita Cornejo Zamora,2024-04-12,1,nuevo
109276,Nilda Cánovas Peña,2023-12-05,1,nuevo
108302,Albina Matas Casado,2021-05-12,1,nuevo
104332,Amor Capdevila Manzano,2020-06-05,1,nuevo
108776,Pastor Jaume Rebollo,2020-09-25,1,nuevo
101547,Esther de Gimenez,2022-02-25,1,nuevo
104590,Sabas Miguel Guzman,2023-04-07,1,nuevo
106035,Víctor Nando Soler Mayo,2020-03-24,1,nuevo
106954,Dalila del Plaza,2024-04-01,1,nuevo
103857,Luciano Acosta Vazquez,2021-02-28,1,nuevo
113578,Filomena Roman Aparicio,2021-11-09,1,nuevo
110300,Celestina Fonseca Abad,2022-10-18,1,nuevo
106775,Natalio Camps Espada,2022-07-22,1,nuevo
102260,Hilda Palma Morales,2022-10-25,1,nuevo
106232,Lorenzo Erasmo Angulo Porcel,2024-05-23,1,nuevo
101263,Lorenzo Rosell Valderrama,2023-04-08,1,nuevo
107213,Maricruz Amo Villalba,2024-07-16,1,nuevo
111141,Clímaco Saturnino Montero Marín,2024-07-01,1,nuevo
109134,Ester Zorrilla Flores,2023-09-28,1,nuevo
103883,Hernán de Donaire,2020-05-29,1,nuevo
111087,Roldán de Águila,2023-12-22,1,nuevo
114659,Armida Pujol Arce,2024-08-07,1,nuevo
108282,Dafne del Cortes,2022-02-10,1,nuevo
114309,Abilio Pina Ródenas,2022-11-17,1,nuevo
104750,Teófilo de Julián,2022-11-14,1,nuevo
110746,Gil Sola Dueñas,2023-02-23,1,nuevo
110746,Gil Sola Dueñas,2023-02-23,1,nuevo
106983,Ricarda Rosell Llorente,2021-09-12,1,nuevo
100571,Fabiana Baños Ugarte,2023-01-15,1,nuevo
101449,Primitivo Casals Agudo,2022-03-23,1,nuevo
111196,Rosalinda Cañizares Huguet,2023-07-14,1,nuevo
103227,Samuel Zamora-Tejero,2024-02-08,1,nuevo
104384,Elodia Felipa Valbuena Castell,2023-07-03,1,nuevo
109230,Edu Pagès Molina,2021-10-01,1,nuevo
111231,Guillermo Pineda Barreda,2024-01-11,1,nuevo
105742,Leyre Sobrino Salamanca,2024-01-18,1,nuevo
102259,Alejandra Marisela Mateu Martinez,2021-08-14,1,nuevo
113606,María Teresa Belen Grau Bayón,2020-05-08,1,nuevo
112091,Guiomar Ramirez-Francisco,2024-02-21,1,nuevo
104479,Amaro Calvo Daza,2022-04-09,1,nuevo
105661,Felicidad Vilalta,2023-03-13,1,nuevo
100068,Vilma Muñoz Gámez,2023-08-01,1,nuevo
107610,Yésica Murcia Barreda,2021-08-09,1,nuevo
101259,Kike Velázquez Agudo,2021-10-26,1,nuevo
108306,Rafaela Sanjuan Tapia,2021-09-12,1,nuevo
100920,Simón Ramos Martí,2022-11-25,1,nuevo
100166,Agustina de Mármol,2022-11-06,1,nuevo
110257,Loreto Gallo Duque,2022-05-20,1,nuevo
113307,Javier Cruz Quero,2021-05-15,1,nuevo
102851,Aníbal Emilio Escribano Gisbert,2024-07-05,1,nuevo
102736,Dulce Amaya,2021-08-28,1,nuevo
108093,Alejandra Ocaña Mercader,2020-11-21,1,nuevo
112447,Nacho de Montserrat,2022-06-11,1,nuevo
102104,Geraldo Borja Leiva,2022-12-23,1,nuevo
102104,Geraldo Borja Leiva,2022-12-23,1,nuevo
112131,Melchor Baró Aguilar,2022-01-25,1,nuevo
101838,Perlita Roda Almeida,2023-07-16,1,nuevo
105711,Severo Medina Arranz,2022-01-11,1,nuevo
108800,Abril Ropero Mendez,2021-11-30,1,nuevo
104934,Hilda Amat Salmerón,2021-10-07,1,nuevo
114145,Palmira Casas Vallés,2021-10-13,1,nuevo
106112,Teo de Flor,2024-02-02,1,nuevo
104335,Fabián Rojas Ferreras,2022-04-20,1,nuevo
100384,Cruz Rivas Perez,2024-04-20,1,nuevo
107486,Moreno Puga,2020-11-13,1,nuevo
100371,Néstor Reyes Velasco,2022-10-31,1,nuevo
106540,Itziar Dávila Mariño,2022-05-17,1,nuevo
110600,Estrella Rosaura Morata Diego,2023-01-02,1,nuevo
111791,Maricruz Tejada-Ribes,2024-04-14,1,nuevo
114117,Gervasio Solera Lucena,2023-02-13,1,nuevo
110435,Carmina de Gimenez,2022-04-09,1,nuevo
114336,Ricardo Taboada-Manuel,2022-12-23,1,nuevo
111514,Leticia Mur Yuste,2022-01-08,1,nuevo
108996,Emilio Benito Pol,2022-02-25,1,nuevo
110787,Azahar Ballesteros Ramón,2023-04-08,1,nuevo
108412,Anna Estévez,2020-03-10,1,nuevo
104679,Abel Ibáñez Domínguez,2022-03-25,1,nuevo
114531,Bruno de Lerma,2020-09-16,1,nuevo
105168,Teófila Bauzà Mendoza,2022-06-04,1,nuevo
101506,Felicidad Ferrando Iglesias,2021-01-28,1,nuevo
100671,Chucho Gil Izquierdo,2022-11-21,1,nuevo
111807,Charo Angulo Prats,2021-01-08,1,nuevo
106004,Nilo Campoy Colomer,2022-11-04,1,nuevo
113244,Guadalupe Hernandez Badía,2022-12-07,1,nuevo
100532,Pastora Carreras Mármol,2020-05-31,1,nuevo
114870,Atilio Rueda-Martin,2020-08-23,1,nuevo
113202,Ibán Villalba-Agustí,2023-01-09,1,nuevo
105992,Juliana Soto Segovia,2023-01-16,1,nuevo
110771,Catalina Bustamante Solana,2022-12-11,1,nuevo
114486,Itziar Bosch Aller,2021-01-23,1,nuevo
105058,Valeria Paloma Romeu Tamarit,2023-08-06,1,nuevo
103817,Ceferino Victor Manuel Feijoo Company,2024-05-31,1,nuevo
109814,Manola Antón Pizarro,2024-08-25,1,nuevo
107261,Yésica Maite Cardona Enríquez,2021-10-20,1,nuevo
103905,Abel Pellicer Gil,2023-12-07,1,nuevo
109289,Mireia Palmer Catalá,2020-04-20,1,nuevo
111210,Alejandro Giralt Mena,2023-08-20,1,nuevo
103701,Urbano Alejo Martín Villa,2023-07-30,1,nuevo
103646,Vanesa Hidalgo Heras,2022-08-10,1,nuevo
109013,Danilo Arcos,2021-04-22,1,nuevo
110653,Flora Ricarda Cabrera Soria,2022-01-09,1,nuevo
105389,Fátima Escamilla Alberto,2021-03-16,1,nuevo
110702,Reyes Garmendia Olivera,2022-11-21,1,nuevo
104391,Hernando de Rosell,2024-06-23,1,nuevo
106902,Federico Bonilla Ochoa,2022-12-26,1,nuevo
111375,Dominga Falcón Agullo,2022-01-25,1,nuevo
109138,Jose Manuel Narváez Iniesta,2023-05-23,1,nuevo
103553,Florina Donaire Pulido,2024-05-13,1,nuevo
108329,Julie Lucas Frutos,2020-03-20,1,nuevo
105629,Clotilde Soriano Bertrán,2023-10-10,1,nuevo
107752,Pepito Zabala Salas,2021-06-18,1,nuevo
104508,Águeda Fiol Losada,2022-10-29,1,nuevo
100147,Ileana Pavón Olivé,2021-02-13,1,nuevo
102295,Teobaldo Victor Pozuelo Navarro,2021-07-10,1,nuevo
109929,Sofía Pedrosa Vives,2021-11-29,1,nuevo
111184,Lourdes Viña,2020-04-08,1,nuevo
104385,Lope Simó Carballo,2021-04-05,1,nuevo
110665,Amparo Gibert Diego,2022-01-27,1,nuevo
112019,Pepita Julián,2020-05-21,1,nuevo
100597,Marisa Viña Durán,2021-11-26,1,nuevo
110945,Victoriano Campoy Ayllón,2024-05-09,1,nuevo
105165,Chus del Carpio,2020-05-24,1,nuevo
101701,Andrés Felipe Baquero Arana,2020-04-10,1,nuevo
100087,Aurelio Quintanilla Revilla,2021-03-04,1,nuevo
112730,Roberto Santamaría Herrero,2023-07-21,1,nuevo
102855,Obdulia Bernal-Gonzalo,2022-12-18,1,nuevo
101201,Amílcar Montes Godoy,2023-04-01,1,nuevo
108469,Loreto Ródenas Bayona,2022-02-14,1,nuevo
102188,Encarnita Cabezas,2021-10-19,1,nuevo
100803,Édgar Cornejo Tomás,2020-07-20,1,nuevo
102669,Jorge de Nicolás,2024-05-08,1,nuevo
113634,Filomena Mendoza Rocha,2022-04-13,1,nuevo
100645,Edmundo Sandalio Hidalgo España,2021-01-27,1,nuevo
109117,Cecilio Sanz Egea,2022-11-27,1,nuevo
109015,Hortensia Valdés Navas,2021-07-20,1,nuevo
107297,Isidoro Requena,2022-11-01,1,nuevo
104971,Mirta de Varela,2023-11-11,1,nuevo
108327,Román Hernández Valero,2021-11-18,1,nuevo
112364,Fernando Gordillo-Gómez,2023-08-03,1,nuevo
115171,Noemí Josefina Amigó Abella,2021-10-08,1,nuevo
103259,Xiomara del Carretero,2022-04-09,1,nuevo
113454,Rufina del Gaya,2023-01-14,1,nuevo
108025,Ángela Nevado Álamo,2024-08-27,1,nuevo
108686,Raquel Reig Quesada,2020-06-01,1,nuevo
100603,María Manuela Pons,2020-05-04,1,nuevo
110559,Olimpia Aragón Berenguer,2022-08-11,1,nuevo
107611,María Manuela Prats Núñez,2021-03-14,1,nuevo
105284,Lourdes Valera Mascaró,2022-08-06,1,nuevo
104371,Rosaura Barrena Coca,2023-04-27,1,nuevo
111772,Manola Arteaga,2020-06-15,1,nuevo
112984,Noemí Viñas Barral,2023-04-06,1,nuevo
105040,Encarna Adán Marí,2020-06-26,1,nuevo
114470,Elisabet Baños Monreal,2021-09-17,1,nuevo
105167,Santos Tirado Pino,2023-06-07,1,nuevo
110452,Gustavo del Herrero,2020-12-24,1,nuevo
104018,Fulgencio Escudero Vila,2023-01-27,1,nuevo
100860,María Jesús Rubio Tejedor,2021-02-26,1,nuevo
102963,Mauricio Pla Cabrero,2021-03-12,1,nuevo
108090,Matías Josep Pagès Calvet,2023-10-01,1,nuevo
112031,Samuel Real Lucena,2020-06-04,1,nuevo
113772,Haroldo Iglesia Marí,2020-03-20,1,nuevo
100370,Andrés Felipe Escamilla Serna,2023-04-03,1,nuevo
104938,Santos Giner Fábregas,2022-02-06,1,nuevo
108368,Eligia Dafne Sebastián Borrell,2023-12-23,1,nuevo
112616,Concepción Marqués Peñas,2020-05-25,1,nuevo
101272,Calixto Alcázar,2020-07-11,1,nuevo
108752,Irene Barceló Amores,2022-05-24,1,nuevo
108752,Irene Barceló Amores,2022-05-24,1,nuevo
111851,Norberto Zabala Clavero,2021-08-18,1,nuevo
106410,César Elorza Gallart,2024-07-27,1,nuevo
109281,Jose Ignacio Baquero,2022-07-02,1,nuevo
113643,Eugenia de Donoso,2022-01-04,1,nuevo
102196,Ismael Carbajo Camino,2024-06-20,1,nuevo
106164,José Carvajal Planas,2020-04-21,1,nuevo
114500,Geraldo Valle Peñalver,2020-07-18,1,nuevo
110627,Anselmo Carreño Zamorano,2024-05-21,1,nuevo
109534,Olivia Ramis Espada,2024-01-12,1,nuevo
100518,Jose Angel Cueto Herrera,2023-08-27,1,nuevo
110562,Martín Girona Royo,2021-02-08,1,nuevo
114150,Visitación Clavero,2021-05-10,1,nuevo
108387,Félix Fortunato Vigil Alcántara,2021-08-20,1,nuevo
108387,Félix Fortunato Vigil Alcántara,2021-08-20,1,nuevo
109608,Baudelio Prats,2024-08-23,1,nuevo
104457,Bautista Ballesteros Gordillo,2024-06-13,1,nuevo
102762,Isabel Ojeda Pla,2023-10-11,1,nuevo
106548,Dora Juan Vilaplana,2023-02-08,1,nuevo
107645,Cruz Parejo Rozas,2020-03-29,1,nuevo
115077,Telmo Roberto Roman Alvarado,2024-02-18,1,nuevo
108644,Sarita Lago Ibáñez,2022-05-27,1,nuevo
113089,Carmina Amo Ferrán,2023-03-05,1,nuevo
113983,Íñigo Bas Lopez,2023-02-07,1,nuevo
104822,Tadeo Tejera Muro,2020-03-07,1,nuevo
100050,Odalis Morera Monreal,2022-05-20,1,nuevo
100888,Concepción Ayllón Taboada,2021-01-03,1,nuevo
106262,Benigno Río Jove,2021-03-10,1,nuevo
108709,Aarón Enríquez Uribe,2020-08-06,1,nuevo
103169,Danilo de Cámara,2024-02-23,1,nuevo
102950,Agapito Bonilla Bosch,2023-04-30,1,nuevo
110571,Segismundo Reguera Romero,2022-02-03,1,nuevo
105132,Narcisa Amores Soto,2022-10-06,1,nuevo
113518,Modesta Villalobos,2020-10-26,1,nuevo
104560,Hernando Vaquero Verdejo,2024-04-30,1,nuevo
104596,Silvia Bou Coca,2022-05-18,1,nuevo
103278,Cruz Valls,2023-06-10,1,nuevo
112381,Albert Cabezas Benítez,2022-05-05,1,nuevo
109730,Etelvina Calatayud Valenciano,2023-03-11,1,nuevo
110668,Benigna del Arenas,2020-08-07,1,nuevo
107263,Rosendo Chaves-Gargallo,2022-03-16,1,nuevo
104987,Sara Galiano,2024-01-28,1,nuevo
108851,Candelario Segura-Echevarría,2023-04-30,1,nuevo
101856,Jordán Moya Expósito,2020-08-05,1,nuevo
100390,Carlota Morillo Piñol,2021-03-06,1,nuevo
101477,Florencio Collado Baeza,2024-03-14,1,nuevo
102241,Jerónimo Carmona Ruiz,2024-05-24,1,nuevo
108113,Raúl Peinado,2022-04-22,1,nuevo
100993,Rosalva Cuenca Collado,2020-06-09,1,nuevo
103923,Alberto Salgado Riera,2021-09-26,1,nuevo
106872,Claudio Arroyo Reig,2021-12-24,1,nuevo
111735,Ariel Saez Correa,2023-09-07,1,nuevo
104770,Silvia Camps Leiva,2021-07-01,1,nuevo
101294,Daniel Beltrán Canet,2022-09-19,1,nuevo
114589,Venceslás Sabas Romero Palomar,2022-11-08,1,nuevo
104174,Rosalinda Buendía,2021-06-26,1,nuevo
102536,Iker Caro Olivé,2022-04-17,1,nuevo
101908,Manuelita Sierra Fuente,2020-04-26,1,nuevo
112905,Rodolfo Barrio Iriarte,2022-08-09,1,nuevo
106034,Hernán Crespi Mate,2023-05-23,1,nuevo
107620,Carlito Erasmo Valcárcel Salvà,2023-12-11,1,nuevo
101152,Abel Cabello Gutierrez,2022-10-21,1,nuevo
101568,Candelaria Luque-Solera,2023-08-08,1,nuevo
104161,Martin del Ferrán,2022-09-23,1,nuevo
100175,Marcelino Camps Pinilla,2022-10-14,1,nuevo
103409,Ciro Bello Bautista,2024-08-02,1,nuevo
101539,Fidel Rosa Montenegro,2023-01-23,1,nuevo
109524,Maximino Barba-Caballero,2022-08-17,1,nuevo
111808,Corona Segura Bernat,2023-08-09,1,nuevo
100681,Ambrosio Sanchez Chaves,2022-07-23,1,nuevo
100509,María Pilar Ribera Criado,2021-12-12,1,nuevo
112896,Azeneth Chus Ortuño Montalbán,2024-07-16,1,nuevo
107366,Bernardino Real Luque,2021-04-11,1,nuevo
112190,Yaiza Juliá Alcaraz,2022-04-19,1,nuevo
100153,Prudencio Andreu Montalbán,2021-09-24,1,nuevo
103552,Encarnación Mercader Blázquez,2023-01-29,1,nuevo
111460,Marisol Amat Arévalo,2021-10-31,1,nuevo
113312,Fabián Álamo Valentín,2020-07-22,1,nuevo
110744,Agustina Escalona,2022-09-22,1,nuevo
100206,Úrsula de Sáez,2023-09-16,1,nuevo
109328,Constanza Monreal Llabrés,2021-05-24,1,nuevo
102750,Roberto Gomez Gabaldón,2021-06-15,1,nuevo
108498,Ariel Montero-Calzada,2022-08-05,1,nuevo
110181,Sandra Cisneros Arévalo,2023-11-24,1,nuevo
103241,Jaime Oliveras-Antúnez,2024-03-24,1,nuevo
105811,Ezequiel Orozco Cózar,2020-03-10,1,nuevo
105635,Narcisa Duran España,2023-04-28,1,nuevo
106535,Espiridión Valdés Alcántara,2020-06-20,1,nuevo
115237,Gonzalo Carlos Ramos,2024-08-25,1,nuevo
103833,Fermín Gargallo Rincón,2020-08-05,1,nuevo
104277,Casandra Ortuño Márquez,2020-10-04,1,nuevo
107416,Caridad Salvador Angulo,2024-02-07,1,nuevo
103253,Flora Franco,2022-03-28,1,nuevo
110673,Nazaret Vega Barbero,2021-12-04,1,nuevo
115004,Zaira del Luján,2023-07-02,1,nuevo
109583,Tatiana de Diaz,2024-04-05,1,nuevo
104571,Angelino Sastre Madrid,2021-08-26,1,nuevo
106697,Juan Pablo Aller Lopez,2020-07-06,1,nuevo
104317,Azahar Pons,2023-10-04,1,nuevo
108276,Leonel Zurita Company,2020-05-28,1,nuevo
104558,Erasmo Carbajo Barriga,2024-05-02,1,nuevo
111389,Gracia Armengol,2021-04-18,1,nuevo
103274,Alicia Puga Codina,2023-11-16,1,nuevo
103274,Alicia Puga Codina,2023-11-16,1,nuevo
110643,Andrés Felipe Clímaco Valverde Reyes,2022-07-27,1,nuevo
110828,Amalia Vilar Exposito,2021-02-01,1,nuevo
113182,Isaías del Prada,2024-06-17,1,nuevo
105521,Claudia Ureña Oliver,2022-11-16,1,nuevo
113558,Abigaíl Cantón Pou,2020-11-16,1,nuevo
114832,Toni Borrego Leon,2022-08-02,1,nuevo
103787,Marcelo Múñiz Martínez,2020-05-06,1,nuevo
108346,Luis Miguel Aristides Luís Morante,2022-04-11,1,nuevo
103009,Yésica Ureña Ribas,2020-06-08,1,nuevo
107779,Bruno Enrique Chico Cánovas,2020-05-04,1,nuevo
111240,Alonso Figueroa Rocamora,2021-03-28,1,nuevo
100629,Rodrigo Marcelo Azcona Valdés,2020-04-20,1,nuevo
102452,Marcelino Yuste Torres,2021-04-25,1,nuevo
103744,Gerardo Pintor Olmedo,2021-11-06,1,nuevo
108859,Humberto Amorós Cantero,2023-12-15,1,nuevo
109654,Che Gimeno Gámez,2022-12-20,1,nuevo
103948,Samanta Figuerola Toledo,2022-04-25,1,nuevo
107619,Camilo Severiano Toledo Patiño,2023-04-22,1,nuevo
110696,Adela de Julián,2023-12-30,1,nuevo
102370,Gerardo Garriga Torre,2022-02-06,1,nuevo
103327,Martirio Anselma Martinez Guardiola,2024-04-03,1,nuevo
108278,Loreto Vara Viana,2023-01-24,1,nuevo
113181,Joan Llorente Díez,2023-04-17,1,nuevo
105974,Leonor Carrasco,2024-07-19,1,nuevo
110212,Celso de Cantón,2024-02-16,1,nuevo
103424,Merche Sánchez,2021-09-26,1,nuevo
110718,Armida Muñoz-Losada,2021-10-06,1,nuevo
103213,Cruz Campillo Cabrero,2023-07-02,1,nuevo
113631,Sancho Chico-Gomis,2020-08-02,1,nuevo
114355,Visitación Gabriela Aguado Conde,2020-11-30,1,nuevo
105452,Jordán Serrano Segarra,2024-08-12,1,nuevo
110686,Ángel de Castañeda,2020-05-30,1,nuevo
107867,Tristán Rocha Melero,2024-04-14,1,nuevo
102744,Armida Bibiana Serna Tomé,2020-05-19,1,nuevo
109798,Leonel Eduardo Garay Fonseca,2020-09-27,1,nuevo
112797,Juan Lara Araujo,2020-08-16,1,nuevo
108812,Rufina Aroca Goicoechea,2022-05-24,1,nuevo
100493,Américo Cristóbal Goñi Hervás,2021-04-16,1,nuevo
101117,Aurora Blanch-Mulet,2023-01-04,1,nuevo
105638,Jose Angel del Garcia,2024-04-16,1,nuevo
114097,Marisa Calzada Mas,2023-02-19,1,nuevo
105242,Leandro Llopis Lillo,2021-05-03,1,nuevo
102784,Asunción Bernat Toledo,2023-08-22,1,nuevo
102296,Isidro Cuervo,2021-07-06,1,nuevo
110245,Jose Ramón Guardia Casal,2023-12-16,1,nuevo
106708,Flavia Delia Pinto Sancho,2023-02-27,1,nuevo
107007,Paz Vives,2022-04-06,1,nuevo
106600,Marcos Sales Rueda,2021-08-14,1,nuevo
106600,Marcos Sales Rueda,2021-08-14,1,nuevo
114546,Xavier Marí Coello,2021-02-20,1,nuevo
111784,Emilia Pareja,2023-10-14,1,nuevo
100026,Odalys Blázquez Canales,2020-06-23,1,nuevo
113581,Primitivo Arce Sáez,2020-07-16,1,nuevo
110040,Arcelia Nadal,2024-02-22,1,nuevo
112805,Sol Andrés-Peñalver,2023-10-14,1,nuevo
112011,Marisa Gargallo Bonet,2023-04-18,1,nuevo
111935,Pili del Solano,2020-12-29,1,nuevo
115025,Francisco Amores Segovia,2023-04-29,1,nuevo
105346,Santiago Cortes Vall,2024-03-03,1,nuevo
112241,Pío de Diez,2021-05-27,1,nuevo
112241,Pío de Diez,2021-05-27,1,nuevo
104580,María Fernanda Liliana Adán Navarro,2023-08-18,1,nuevo
106517,Gastón Marí Piña,2024-05-01,1,nuevo
100720,María Anacleto Peláez Salas,2023-04-20,1,nuevo
106156,Primitiva Llopis Marí,2023-09-07,1,nuevo
102567,Inés Jerez Casas,2020-08-20,1,nuevo
104064,Julie Beltran Salcedo,2020-10-10,1,nuevo
103867,Trinidad Dalmau Vendrell,2021-05-16,1,nuevo
104215,Ámbar Marquez-Arco,2023-03-08,1,nuevo
113448,Ruperto Valenzuela,2021-06-13,1,nuevo
108089,Eloísa Pía Vilaplana Valencia,2023-09-14,1,nuevo
112962,Encarnación Álamo Alfaro,2020-08-18,1,nuevo
111316,Hermenegildo Sabas Vall Lago,2022-12-02,1,nuevo
101549,Mamen del Lumbreras,2023-05-09,1,nuevo
111576,Román Moraleda Solsona,2023-06-18,1,nuevo
108354,Maxi Castillo Peralta,2022-08-16,1,nuevo
109389,Tere Barranco Flores,2020-12-31,1,nuevo
110071,Timoteo Torrecilla,2022-01-16,1,nuevo
110861,Telmo Abellán Clavero,2024-04-22,1,nuevo
110271,Candela Iniesta,2023-02-03,1,nuevo
108589,Osvaldo Marino Valera Simó,2023-11-04,1,nuevo
102258,Jose Ignacio Macias Rios,2021-08-24,1,nuevo
108419,Ruperta Zoraida Juan Oliver,2023-05-01,1,nuevo
115215,Perla Ballesteros Juliá,2020-07-19,1,nuevo
112725,Pablo Rodríguez Feijoo,2022-12-08,1,nuevo
105673,Paloma Valero Segarra,2021-09-24,1,nuevo
109216,Félix Conde Escolano,2024-04-26,1,nuevo
115200,Maximino Pastor Ortiz Ramón,2022-06-27,1,nuevo
112278,Dolores Bilbao-Pinilla,2024-01-29,1,nuevo
111050,Viviana Belmonte Cueto,2021-12-21,1,nuevo
105843,Aristides Bru Olivares,2022-08-06,1,nuevo
107123,Luis Miguel del Colom,2021-03-05,1,nuevo
109121,Severiano Carbó Castilla,2020-09-27,1,nuevo
100235,Rolando Millán Mur,2022-03-10,1,nuevo
103797,Alejandro Téllez Fuertes,2020-09-08,1,nuevo
112213,Lorenza Acuña Álamo,2024-06-01,1,nuevo
114093,Salud Carranza Rueda,2020-10-09,1,nuevo
102625,Toni Nicolás Sureda,2024-03-12,1,nuevo
108860,Ruperta Serra Taboada,2020-08-03,1,nuevo
109081,Leandro de Pascual,2023-08-02,1,nuevo
111572,Duilio Amaya Barbero,2022-07-10,1,nuevo
109010,Reinaldo Puerta Poza,2021-07-15,1,nuevo
109457,Teodoro Bellido Andrés,2020-07-18,1,nuevo
105087,Rogelio Oliveras Valera,2023-09-30,1,nuevo
107017,Celestino Galindo Ariza,2021-01-05,1,nuevo
106047,Chus Falcó Zabaleta,2022-06-08,1,nuevo
114535,Amado Bas Salvador,2021-12-29,1,nuevo
106920,Trinidad Murcia Colom,2024-06-02,1,nuevo
112036,Valentín Sierra-Domingo,2023-03-16,1,nuevo
108852,Marino Isidro Larrañaga Blanco,2020-12-27,1,nuevo
109780,Feliciano Solís Andrés,2020-07-31,1,nuevo
101590,Belen Salinas Enríquez,2022-08-22,1,nuevo
102829,Luis Valencia-Vilaplana,2023-12-12,1,nuevo
112701,Estela Recio Martinez,2023-02-05,1,nuevo
103966,Lorenzo Borrego Martínez,2024-03-07,1,nuevo
110535,Apolonia de Bautista,2021-02-23,1,nuevo
107824,Ariel Chaparro Batlle,2021-09-24,1,nuevo
107548,Fermín Otero Aroca,2022-09-20,1,nuevo
110615,María Arteaga Jordán,2023-12-08,1,nuevo
105243,Toni Pazos-Ángel,2023-03-29,1,nuevo
100188,Yago Sala Jove,2022-01-08,1,nuevo
111652,Pastor Montes Rocamora,2021-02-16,1,nuevo
103656,Aitana Godoy Martín,2023-01-27,1,nuevo
103427,Clotilde del Posada,2023-11-06,1,nuevo
101382,Arturo Marí Perelló,2020-09-25,1,nuevo
114945,Maite Canales Gordillo,2023-06-16,1,nuevo
104898,Haydée Daza,2023-06-15,1,nuevo
112562,Modesto Vera Montalbán,2022-04-23,1,nuevo
109960,Lola Mayol Carrión,2020-09-14,1,nuevo
111540,Elodia Sanabria Roda,2020-12-03,1,nuevo
101089,Eutropio Palma Aguilera,2021-07-01,1,nuevo
110887,Reyes Cortés,2021-02-13,1,nuevo
108734,Feliciana Concha Morán Palau,2023-07-21,1,nuevo
114519,Adoración Cordero-Ibarra,2023-09-10,1,nuevo
109502,Áurea Villalba-Exposito,2020-10-16,1,nuevo
114303,Guiomar Marquez Aranda,2021-07-12,1,nuevo
102000,Edgardo Gómez Álvaro,2023-01-05,1,nuevo
103638,Emigdio León,2021-04-10,1,nuevo
104779,Humberto Santamaria Alcázar,2020-06-20,1,nuevo
111786,Marianela de Molina,2024-02-23,1,nuevo
108183,Paulina Jove Lobo,2024-08-21,1,nuevo
115071,Paola Palma Moliner,2024-04-01,1,nuevo
102385,Urbano Arnaiz Farré,2022-01-31,1,nuevo
108017,Clímaco de Vázquez,2024-06-22,1,nuevo
107085,Elba Canales Arellano,2020-12-18,1,nuevo
110751,Jessica Coloma Lerma,2024-01-23,1,nuevo
113178,Fernanda Nadal Pedrero,2023-05-12,1,nuevo
111860,Lina Estrada Blazquez,2024-06-25,1,nuevo
114159,Juan Antonio Alcaraz Lorenzo,2021-01-10,1,nuevo
103803,Ezequiel Cuéllar Riba,2021-01-19,1,nuevo
112138,Alexandra Calderon Segarra,2022-10-30,1,nuevo
107930,Sigfrido Cánovas Roldan,2020-12-11,1,nuevo
100883,Cosme Mayol Galindo,2022-06-20,1,nuevo
101208,Maxi Pablo Rosado,2020-12-17,1,nuevo
111789,Eugenio Cabañas-Frías,2023-10-06,1,nuevo
109703,Urbano Torralba,2022-01-25,1,nuevo
110486,Blas Rocamora Cid,2024-05-15,1,nuevo
101709,Ramona Elías Padilla,2022-02-10,1,nuevo
110102,Máximo Sanmiguel Casanova,2023-03-05,1,nuevo
112020,Édgar Larrea Tenorio,2021-11-02,1,nuevo
109496,Diego Mateos Córdoba,2020-08-03,1,nuevo
101628,Esmeralda Noemí Girona Rosado,2023-07-02,1,nuevo
111182,Sandra Abad Ortiz,2023-05-22,1,nuevo
113847,Victorino Bermudez Bernad,2023-10-09,1,nuevo
101440,Rebeca Valbuena,2023-03-15,1,nuevo
105499,Georgina Rincón Macías,2022-11-08,1,nuevo
114780,Máximo Bermúdez Garmendia,2021-09-30,1,nuevo
109494,Zaida Galindo Verdugo,2023-06-04,1,nuevo
112879,Primitivo Echevarría Ripoll,2020-12-18,1,nuevo
114341,Delia Ribes-Solé,2022-09-07,1,nuevo
101937,Lupita del Nuñez,2023-02-28,1,nuevo
106140,Nazario Ojeda Peiró,2022-07-09,1,nuevo
111351,Jonatan Gracia Manrique,2020-03-31,1,nuevo
108037,Dimas Cruz Luís,2022-11-06,1,nuevo
114741,Agustín de Roldán,2020-05-03,1,nuevo
102173,Saturnina Carmelita Larrea Salvador,2020-10-24,1,nuevo
102170,Emperatriz Quintanilla Sanmartín,2021-01-06,1,nuevo
104010,Samanta Casanovas Quevedo,2022-01-11,1,nuevo
106592,Marcos Maza-Abad,2024-04-01,1,nuevo
107598,Samu Vizcaíno Adán,2024-07-19,1,nuevo
109371,Miriam Recio-Teruel,2022-07-15,1,nuevo
114543,Haydée Cal Riba,2020-05-15,1,nuevo
106219,Fausto Silva Tenorio,2023-11-26,1,nuevo
100443,Laura Poza Palau,2022-02-19,1,nuevo
113589,Nélida del Rosado,2022-03-23,1,nuevo
108768,Genoveva Isern-Llanos,2024-05-25,1,nuevo
101830,Jose Manuel Eric Vilanova Morera,2020-03-23,1,nuevo
114283,Germán Barrios Quero,2020-04-09,1,nuevo
114168,Concepción Marí Guitart,2021-01-21,1,nuevo
112030,Chelo Gual Calderon,2021-09-15,1,nuevo
106565,Ema Arjona Fuente,2024-05-26,1,nuevo
111173,Melisa Ramón,2024-02-14,1,nuevo
106584,Cristóbal Gerónimo Galán Huertas,2022-09-23,1,nuevo
112130,Rosalinda Costa Araujo,2020-07-29,1,nuevo
113596,Dionisia Esparza Rosselló,2021-01-27,1,nuevo
113596,Dionisia Esparza Rosselló,2021-01-27,1,nuevo
100360,Pascuala Lopez Coca,2021-02-15,1,nuevo
106991,Santos Sobrino,2021-12-14,1,nuevo
113375,Lourdes Llano Poza,2020-10-25,1,nuevo
110082,Melisa Jurado Martin,2022-12-23,1,nuevo
104021,Cecilia Font Amo,2023-08-23,1,nuevo
113765,Luciana Olalla Zapata Oller,2020-07-10,1,nuevo
108567,Sergio Cruz Guardiola Doménech,2021-06-09,1,nuevo
114314,Nadia Tovar Peralta,2021-02-25,1,nuevo
107462,Eli Alcalá Sanmartín,2020-11-27,1,nuevo
104319,Óscar Romeu Soto,2021-07-03,1,nuevo
104670,Baldomero Carballo-Serrano,2022-06-12,1,nuevo
113670,Concha Martina Espejo Daza,2024-02-24,1,nuevo
113554,Vera del Montaña,2023-04-03,1,nuevo
104009,Julio Carpio Catalá,2023-05-07,1,nuevo
114527,Manuelita Ariño,2021-12-14,1,nuevo
107719,Marcela Gema Montaña Gutierrez,2023-10-28,1,nuevo
109102,Eugenia Fanny Maza Beltrán,2023-09-17,1,nuevo
102498,Eloy del Arregui,2021-12-10,1,nuevo
105890,Mariano de Uría,2021-09-19,1,nuevo
102703,Dimas Garmendia Moll,2020-04-16,1,nuevo
100936,Consuela Oliveras Asenjo,2021-03-02,1,nuevo
112244,Florencia del Girón,2021-02-03,1,nuevo
105444,Albino Gargallo,2021-03-06,1,nuevo
106994,Félix Salvà Salas,2022-10-30,1,nuevo
106575,Fidel Camino Baños,2021-10-22,1,nuevo
113463,Tristán Luz Hervás,2021-06-30,1,nuevo
103322,Javier Velázquez Agullo,2021-07-13,1,nuevo
113143,Cesar Osorio-Rey,2024-06-02,1,nuevo
106247,Jenny Aranda Montenegro,2023-09-06,1,nuevo
111565,Bibiana Amador Perales,2023-12-09,1,nuevo
112102,Cristian del Lamas,2023-01-14,1,nuevo
114613,Custodio Asdrubal Solís Viñas,2020-03-30,1,nuevo
110367,Claudia Cortés,2022-12-01,1,nuevo
101357,Reyes Galván Saez,2022-08-01,1,nuevo
104913,Hermenegildo Mauricio Urrutia Ballesteros,2021-02-17,1,nuevo
113304,Lupe del Caballero,2021-02-16,1,nuevo
112977,Mercedes Marqués Puerta,2023-09-03,1,nuevo
101969,Melisa Acosta,2020-12-09,1,nuevo
112968,Domitila Expósito-Barrio,2024-08-15,1,nuevo
101160,Rosario Carballo Diez,2021-09-14,1,nuevo
114816,Guillermo Duarte Calvo,2022-08-11,1,nuevo
110289,Crescencia Miró,2020-04-06,1,nuevo
112389,Quique Noguera Amorós,2023-10-17,1,nuevo
102801,Marisa Estévez Molina,2023-04-05,1,nuevo
109837,María Luisa Mateo Cortés,2023-11-30,1,nuevo
104379,Plinio José Ángel Sabater Beltrán,2022-04-01,1,nuevo
103737,Débora Capdevila Rey,2022-09-17,1,nuevo
102262,Griselda Agudo Porta,2022-09-17,1,nuevo
111191,Andrea Doménech Aramburu,2023-04-05,1,nuevo
100194,Bonifacio Cabo Peñalver,2022-03-27,1,nuevo
101479,Hernando Angulo Estevez,2023-02-02,1,nuevo
114853,Teobaldo Guillén Ricart,2023-08-23,1,nuevo
110266,Rosa Llobet Samper,2021-01-18,1,nuevo
110089,Samanta Adelina Palomar Núñez,2023-11-18,1,nuevo
113319,Adelia Terrón Santamaría,2020-09-16,1,nuevo
110572,Rolando del Palacios,2020-04-14,1,nuevo
114587,Gema Manso Roldan,2020-11-17,1,nuevo
110720,Isidro Alvarez-Nogués,2022-09-24,1,nuevo
104578,Melania Boada Galvez,2024-02-19,1,nuevo
109169,Oriana del Hoyos,2021-09-03,1,nuevo
107852,Lola Juliá Moll,2022-07-20,1,nuevo
105155,Coral Nogueira,2021-06-16,1,nuevo
113197,Sofía Arnaiz Morell,2024-03-10,1,nuevo
105375,Sandra Iglesia Castells,2020-10-23,1,nuevo
103199,Américo Sarmiento Cabeza,2022-09-08,1,nuevo
105718,Matilde Cal-Crespo,2024-04-29,1,nuevo
108260,Alondra Arias-Sales,2023-10-28,1,nuevo
110462,María Del Carmen Frías Pozo,2021-12-26,1,nuevo
113775,Eliana Baró Mármol,2022-04-20,1,nuevo
111640,María Manuela Perelló Colomer,2022-01-21,1,nuevo
110560,Gracia del Bayona,2023-12-02,1,nuevo
110705,Sancho Escobar Naranjo,2020-12-28,1,nuevo
114371,Adelia Lerma,2020-03-13,1,nuevo
110524,José Evaristo Ferrera Agullo,2023-05-01,1,nuevo
107881,Amalia España,2020-04-28,1,nuevo
113321,Ildefonso Reguera Velázquez,2021-05-12,1,nuevo
107000,Micaela Marcos Sabater,2020-07-04,1,nuevo
110097,Evita de Nicolás,2021-01-08,1,nuevo
105662,Inés Cárdenas Roldán,2024-06-26,1,nuevo
104597,Encarna de Prats,2023-09-24,1,nuevo
106702,Adela Batalla Marcos,2021-09-26,1,nuevo
114593,Amada Ariel Cózar Bustamante,2020-05-25,1,nuevo
101139,Basilio Cisneros Haro,2021-10-06,1,nuevo
110450,Esther Anglada Salcedo,2020-12-06,1,nuevo
107375,María Fernanda Gomis,2023-09-25,1,nuevo
100460,Miguel Ángel Tejero-Puig,2020-06-13,1,nuevo
111566,Azeneth Lloret Saez,2023-12-11,1,nuevo
107359,Nazaret Nogués-Alcaraz,2024-05-18,1,nuevo
106660,Micaela Patiño Barrios,2020-04-03,1,nuevo
103831,Isabel Alcaraz Cerezo,2020-05-25,1,nuevo
115179,Loreto Pacheco,2022-06-22,1,nuevo
101959,Lorena del Somoza,2024-07-12,1,nuevo
110488,Saturnina Lladó Leon,2023-04-17,1,nuevo
104579,Jerónimo Blazquez-Baquero,2021-09-28,1,nuevo
111133,Guillermo Ojeda Pera,2020-06-28,1,nuevo
109123,Florencio Moles Giner,2023-04-22,1,nuevo
106417,Juan Luis Camacho Aragón,2020-05-01,1,nuevo
107097,Amalia Borrell Jiménez,2021-05-31,1,nuevo
113377,Soledad María Fernanda Llorente Cobos,2022-09-28,1,nuevo
101716,Bárbara Rosa,2021-11-21,1,nuevo
109891,Artemio Almansa,2021-03-13,1,nuevo
109173,Leoncio Ferrer Baños,2021-05-30,1,nuevo
106300,Nicolasa Campoy Miralles,2023-07-20,1,nuevo
109347,Ainara Saez-Vaquero,2021-08-02,1,nuevo
102991,Heliodoro Font Mosquera,2021-11-16,1,nuevo
102991,Heliodoro Font Mosquera,2021-11-16,1,nuevo
114466,Ainara Ana Sofía Quintana Almeida,2023-07-27,1,nuevo
111740,Hilario Morera Oller,2023-12-20,1,nuevo
112270,Maximiliano Milla Collado,2022-02-19,1,nuevo
106789,Rufina Eufemia Rosado Coello,2020-06-08,1,nuevo
103712,Fabio Navas Valero,2020-07-16,1,nuevo
109787,Emperatriz Gonzalo Lozano,2021-08-22,1,nuevo
107330,Ildefonso Antúnez Perales,2021-08-18,1,nuevo
105249,Federico Valero Arranz,2021-04-21,1,nuevo
109974,Felix Vallés Acedo,2021-10-18,1,nuevo
111206,Valentina Castañeda-Fernandez,2020-06-16,1,nuevo
108805,Visitación Rico Porta,2023-12-19,1,nuevo
103691,María Bueno Boix,2023-10-07,1,nuevo
111169,Victor Herberto Miralles Berenguer,2021-03-31,1,nuevo
106630,Dolores Casares Mercader,2023-03-01,1,nuevo
104136,Andrés Felipe Cal Linares,2022-12-09,1,nuevo
104944,Nélida Criado Roma,2023-09-18,1,nuevo
103526,Judith Machado Bellido,2021-12-20,1,nuevo
102286,Elisa Rosalía Peiró Cabo,2020-11-28,1,nuevo
104655,Marcela Soraya Bastida Paredes,2020-06-21,1,nuevo
105001,Lupe Robles Aragonés,2022-11-16,1,nuevo
108677,Isabela Marqués Barberá,2023-05-28,1,nuevo
105417,David Amaya Cañas,2022-06-11,1,nuevo
100476,Juan Pablo Prieto Ibarra,2021-02-10,1,nuevo
114281,Víctor Lastra Canales,2023-01-12,1,nuevo
105547,Toribio Cerezo Egea,2021-06-10,1,nuevo
106745,Mayte Alcalde Cervera,2020-06-04,1,nuevo
114992,Ramón Gelabert-Román,2022-09-03,1,nuevo
102275,Ariel del Jaume,2024-05-03,1,nuevo
101750,Ciro de Godoy,2022-12-30,1,nuevo
110984,Gabriela Luján,2022-06-05,1,nuevo
109370,Marisa Romeu Vara,2020-09-23,1,nuevo
114053,Tomasa Montesinos Barceló,2024-02-21,1,nuevo
103649,Leonor Baeza Barco,2020-05-22,1,nuevo
107098,Norberto Barral Pont,2024-04-01,1,nuevo
100598,Andrea Dolores Casanova Peñas,2021-05-29,1,nuevo
114693,Guiomar Montoya Expósito,2023-07-14,1,nuevo
107876,Ariel Catalán Valdés,2021-11-22,1,nuevo
112494,Victoria Tejero Pavón,2023-10-18,1,nuevo
113071,Eliana Menendez Vizcaíno,2021-10-10,1,nuevo
108101,Ligia Alicia Gimenez Armengol,2021-07-27,1,nuevo
101754,Angélica Montero Comas,2023-07-16,1,nuevo
104261,Vicenta Checa Ropero,2022-07-26,1,nuevo
113714,Jose Antonio Sanz Miró,2023-05-15,1,nuevo
101172,Guiomar Orozco Bou,2020-03-23,1,nuevo
112526,Venceslás Puerta-Adán,2020-06-08,1,nuevo
102298,María Ángeles Torralba,2021-10-09,1,nuevo
111446,Sara Vega-Castell,2020-03-11,1,nuevo
100632,Xavier Boix Barroso,2022-04-17,1,nuevo
100163,Rocío Olalla Madrigal Roldán,2024-04-11,1,nuevo
113645,Noemí Boada Campo,2020-08-06,1,nuevo
101432,María Ángeles Manso Pizarro,2022-12-21,1,nuevo
106869,Édgar Sancho Núñez,2020-03-06,1,nuevo
114238,Miguel Ángel Tirado Casas,2022-11-11,1,nuevo
111049,Jennifer Azucena Vergara Osuna,2024-08-08,1,nuevo
107463,Eliseo Neira,2024-07-23,1,nuevo
110596,Amparo Aparicio,2021-09-14,1,nuevo
106405,Cipriano Ariza Aznar,2023-11-13,1,nuevo
102097,Calixta Isabel Cabezas Jordá,2024-08-01,1,nuevo
105018,Elba Pereira Sierra,2023-05-31,1,nuevo
101450,Marta Corbacho Mateu,2024-02-15,1,nuevo
109029,Tiburcio Custodio Palomar Guzmán,2020-06-21,1,nuevo
102172,Natalio Quintanilla Ferrera,2024-06-25,1,nuevo
102011,Juan Blázquez Falcón,2021-10-28,1,nuevo
115240,Cristina Alberdi Casanovas,2024-07-18,1,nuevo
114954,Sebastián Bautista Escolano Muro,2021-05-28,1,nuevo
101020,Abilio Calixto Franch Fortuny,2024-03-07,1,nuevo
109519,Juan José del Díez,2021-07-27,1,nuevo
108668,Ani Quevedo Flores,2023-09-22,1,nuevo
102811,Feliciano Cuéllar Leiva,2024-07-26,1,nuevo
113449,Florencio Antón-Mur,2020-11-25,1,nuevo
106257,Dionisia Piñol Chaves,2021-04-23,1,nuevo
100868,Leonor Bonilla Tello,2022-08-26,1,nuevo
101078,Ángeles Coello Cózar,2021-10-25,1,nuevo
101078,Ángeles Coello Cózar,2021-10-25,1,nuevo
112508,Renato Guillén Castelló,2022-01-04,1,nuevo
110776,Abilio Cañellas Mateos,2023-11-15,1,nuevo
102564,Mayte Pavón Sáenz,2022-10-01,1,nuevo
110823,Lino Cortes Abella,2020-08-06,1,nuevo
113888,Godofredo Parejo Andrés,2021-02-02,1,nuevo
105037,Matías Roig Sancho,2020-09-19,1,nuevo
105892,Carmelo Camacho Puente,2022-12-11,1,nuevo
105892,Carmelo Camacho Puente,2022-12-11,1,nuevo
107910,Jenny Lilia Torrent Vazquez,2022-08-07,1,nuevo
107322,Yésica del Peral,2021-04-02,1,nuevo
101930,Candelas Ríos,2021-01-18,1,nuevo
112398,Petrona del Pou,2022-03-03,1,nuevo
107545,Ramón Espinosa Acedo,2022-09-09,1,nuevo
107605,Aitana Mateos Viñas,2020-03-25,1,nuevo
110449,Faustino Tur-Guitart,2020-09-19,1,nuevo
108506,Jose Miguel Ros Villalba,2023-10-20,1,nuevo
110474,Asunción Carrión Rovira,2023-06-19,1,nuevo
102548,Elpidio Pedraza,2020-07-05,1,nuevo
112440,Toribio Ribas,2023-02-15,1,nuevo
107354,Coral del Camino,2023-11-01,1,nuevo
109497,Javiera Hidalgo Villalobos,2022-06-13,1,nuevo
106252,Rufina Llorens Ochoa,2023-04-01,1,nuevo
102067,Nando del Andrés,2021-07-14,1,nuevo
101654,Luisina del Escobar,2020-11-07,1,nuevo
108707,Anastasia Valls Gonzalo,2022-04-28,1,nuevo
110936,Lara Valderrama Madrid,2022-03-04,1,nuevo
104184,Ester del Gilabert,2021-01-06,1,nuevo
108475,Nieves Blanca Sancho,2021-05-03,1,nuevo
103538,Leticia Marco Zabala,2021-03-27,1,nuevo
113032,David García Montes,2022-02-17,1,nuevo
109561,Mar Adriana Barbero Vilanova,2021-08-05,1,nuevo
113170,Anita Daza Manso,2020-09-02,1,nuevo
109952,Bárbara Hurtado Duran,2022-08-27,1,nuevo
106382,Esteban Santos Múgica,2022-10-12,1,nuevo
112408,Dionisio de Álvarez,2021-10-13,1,nuevo
111183,Melania Cazorla,2020-09-08,1,nuevo
113382,Ezequiel de Valls,2023-02-20,1,nuevo
112181,Marcos Colomer Barón,2023-03-09,1,nuevo
100686,Eladio Vives,2021-01-12,1,nuevo
112396,Salomón Ropero,2020-06-25,1,nuevo
107129,Armando del Barco,2022-11-27,1,nuevo
105785,Teodoro del Acosta,2022-01-10,1,nuevo
107570,Alejandro Duran Puga,2021-05-18,1,nuevo
113921,Ruth Alegre Vall,2023-01-05,1,nuevo
113479,Espiridión Jaime Cerezo Leiva,2023-03-31,1,nuevo
108844,Onofre Osorio Barreda,2024-02-23,1,nuevo
108562,Aureliano Cirino Martín Coello,2023-03-26,1,nuevo
108570,Azucena Uriarte Estévez,2021-02-12,1,nuevo
106980,Olga Barberá Tolosa,2024-02-13,1,nuevo
109155,Jorge Bravo Martín,2023-09-18,1,nuevo
114739,Susana Gilabert-Narváez,2022-01-31,1,nuevo
115062,Jimena Barroso Chamorro,2023-01-16,1,nuevo
103840,Heriberto Reinaldo Gallardo Flores,2022-05-08,1,nuevo
106512,Áurea Bernad Diez,2020-12-11,1,nuevo
111887,Custodio del Francisco,2020-10-02,1,nuevo
110230,José María Amaya Montserrat,2023-11-16,1,nuevo
114407,Nicanor Santamaria Tur,2020-05-29,1,nuevo
111755,Teodora Girón Palau,2020-09-15,1,nuevo
114860,Nicolasa Conesa Almansa,2021-12-07,1,nuevo
104532,Marco Berrocal-Collado,2024-02-13,1,nuevo
112588,Herminio Matas Santiago,2021-04-12,1,nuevo
100148,Domingo Coloma Maestre,2020-11-22,1,nuevo
113784,Poncio de Sevillano,2022-08-14,1,nuevo
103457,Reinaldo Madrid Lillo,2022-10-28,1,nuevo
112375,Graciano Cantón,2023-04-07,1,nuevo
111769,Angelita Oliver Benavente,2020-07-12,1,nuevo
109224,Íngrid Pinto Viñas,2020-05-26,1,nuevo
103927,Benita Samper Antúnez,2023-02-15,1,nuevo
108081,Manu Álvaro Bilbao,2023-04-21,1,nuevo
107089,Omar Ibáñez Cano,2022-06-17,1,nuevo
113360,Isidora Herranz Briones,2021-03-18,1,nuevo
108124,Edmundo Cerro Correa,2021-10-20,1,nuevo
103898,Fidel del Morales,2021-06-22,1,nuevo
107178,Amada Puga Ribes,2021-06-11,1,nuevo
100393,Óscar Cervera Serna,2023-05-24,1,nuevo
114360,Encarnación Vila Figueroa,2023-07-21,1,nuevo
103494,Cándido Bermejo Morillo,2024-03-25,1,nuevo
109652,Ángela Bilbao Alcaraz,2021-12-17,1,nuevo
107395,Ámbar Carbajo Morera,2020-10-21,1,nuevo
104840,Reyna Pombo Herrero,2023-05-31,1,nuevo
108738,Pepito del Higueras,2020-06-30,1,nuevo
105828,Catalina Cisneros Viñas,2022-11-05,1,nuevo
110750,Heraclio Ros Real,2022-04-26,1,nuevo
107962,Mauricio Aguiló Barreda,2022-03-22,1,nuevo
110635,Ale Andrade-Vizcaíno,2022-05-25,1,nuevo
100164,Maura Carranza Galan,2021-03-03,1,nuevo
107381,Ofelia Murillo-Palomino,2021-11-16,1,nuevo
104838,Jovita Manjón Rico,2021-12-22,1,nuevo
110838,Clara Gimenez Morante,2023-05-10,1,nuevo
109957,Vanesa Porras,2021-11-08,1,nuevo
100768,Bernarda Flores-Arranz,2023-11-29,1,nuevo
107858,Tristán Acosta,2020-09-26,1,nuevo
112412,Jimena Baena Fabregat,2022-01-02,1,nuevo
114144,Simón Corominas Barriga,2020-03-11,1,nuevo
112566,Florinda del Castilla,2021-05-16,1,nuevo
112566,Florinda del Castilla,2021-05-16,1,nuevo
103293,Artemio Serna Molins,2022-10-25,1,nuevo
109012,Isabel de Bustos,2023-08-05,1,nuevo
101404,Marisol Espinosa Guillén,2022-08-02,1,nuevo
101639,Fanny Manrique-Daza,2023-11-17,1,nuevo
115247,Osvaldo Rómulo Bas Chaparro,2022-03-10,1,nuevo
106908,Gala Blanca Reig,2022-03-05,1,nuevo
106908,Gala Blanca Reig,2022-03-05,1,nuevo
108592,Emigdio Bautista Moya,2023-02-16,1,nuevo
112834,José María Lamas Manzano,2024-08-09,1,nuevo
106526,Emiliana Nebot Marín,2020-09-03,1,nuevo
106489,Paula Gallo,2022-09-26,1,nuevo
110146,Arsenio Eduardo Bou Baños,2021-08-16,1,nuevo
104350,Nereida Eva María Hervia Escalona,2023-05-06,1,nuevo
113466,Yésica Elías,2022-12-29,1,nuevo
105948,Carlos Barral Rosado,2023-08-09,1,nuevo
111917,Rodolfo Ribes-Barroso,2023-03-08,1,nuevo
113212,Damián de Enríquez,2022-05-10,1,nuevo
107138,Marianela Eloísa Tapia Jáuregui,2024-01-10,1,nuevo
102965,Estela de Luna,2021-04-26,1,nuevo
102530,Baldomero Larrea-Salom,2020-05-27,1,nuevo
105773,Leopoldo Herminio Sancho Alsina,2022-01-19,1,nuevo
107046,Cipriano Amat Pavón,2023-12-17,1,nuevo
108430,Conrado Aranda Rincón,2022-07-12,1,nuevo
104918,Patricia Tomas Mur,2023-01-18,1,nuevo
107374,Violeta Jaén Nevado,2022-10-12,1,nuevo
102979,Segismundo Norberto Ferrando Francisco,2020-03-02,1,nuevo
106722,Juliana del Castelló,2024-04-08,1,nuevo
107843,María Carmen de Murcia,2022-04-27,1,nuevo
108326,José Luis Mayol Tapia,2021-10-05,1,nuevo
112266,Josué Daza Lucas,2023-10-14,1,nuevo
108786,Albert Casal,2022-12-05,1,nuevo
112330,Mirta Valdés Gámez,2022-11-15,1,nuevo
100561,Estefanía Falcón Gracia,2022-09-19,1,nuevo
104407,Cruz Tamayo Amorós,2022-10-25,1,nuevo
109918,Arsenio Español Verdugo,2020-03-02,1,nuevo
102497,Dorotea Feijoo Salvà,2021-02-04,1,nuevo
109794,Ángela Jove,2020-06-13,1,nuevo
103726,Berta Moles Cerdá,2022-02-26,1,nuevo
102786,Anacleto Rey,2021-12-07,1,nuevo
108556,Jordán Saura Alonso,2020-09-15,1,nuevo
107447,Inés Cantero-Bas,2020-10-05,1,nuevo
100237,Adelia Pozo Jaume,2022-03-05,1,nuevo
114937,Prudencio Dalmau Malo,2023-12-03,1,nuevo
114883,Iván de Valero,2020-11-30,1,nuevo
110295,Judith Peral Antúnez,2024-02-24,1,nuevo
110527,Victor Manuel Carmona Correa,2022-03-05,1,nuevo
113190,Gilberto Agudo Esteban,2024-05-21,1,nuevo
104212,José María Bauzà Hernando,2020-04-30,1,nuevo
109687,Ileana Mar Cortes Prado,2020-06-16,1,nuevo
109425,Antonio Paredes-Arroyo,2023-01-27,1,nuevo
110854,Cecilia Catalina Velázquez Tur,2023-11-16,1,nuevo
113995,Anastasio Nico Tirado Olivera,2021-04-20,1,nuevo
107427,Ester Álvaro Vilanova,2023-05-20,1,nuevo
111254,Abilio Escobar Cervera,2024-07-21,1,nuevo
109778,Isidoro Gabaldón Nebot,2020-11-17,1,nuevo
107398,Roldán Crespi-Saldaña,2023-10-04,1,nuevo
113991,Plácido Prat Asenjo,2020-12-20,1,nuevo
105473,Marcos Aliaga Garrido,2024-04-21,1,nuevo
106765,Enrique Suarez Castilla,2021-09-08,1,nuevo
114706,Jacinto Márquez Alfaro,2022-03-20,1,nuevo
112201,Delia de Cózar,2021-08-24,1,nuevo
112099,Palmira Avilés-Cañas,2022-02-01,1,nuevo
111922,Lucio Alvarez Bolaños,2023-11-29,1,nuevo
104359,Tania Solsona Olmedo,2020-07-02,1,nuevo
114912,Remedios Barroso Vilar,2022-09-13,1,nuevo
108842,María Del Carmen Leal Durán,2022-12-24,1,nuevo
107623,Celso Mariscal,2020-11-02,1,nuevo
108854,Alberto Prado Fuster,2023-05-09,1,nuevo
100483,Prudencia Simó Macías,2022-01-29,1,nuevo
107001,Susana Pedrosa Sastre,2021-03-21,1,nuevo
103684,Maximiano Serra Calderon,2020-12-04,1,nuevo
106675,Manu Joel Amigó Carrera,2022-04-01,1,nuevo
112338,Benita Uriarte,2020-07-31,1,nuevo
115153,Blanca Ribera Gómez,2023-10-27,1,nuevo
110618,Itziar Garcés-Carnero,2020-07-22,1,nuevo
114247,Felipa Paniagua Niño,2023-02-18,1,nuevo
103098,Bernabé Anaya Merino,2022-03-10,1,nuevo
112169,Candelas Clavero Mesa,2020-04-13,1,nuevo
114700,Crescencia Solana Uribe,2020-12-25,1,nuevo
101301,Juan Bautista Heraclio Simó Mas,2022-07-21,1,nuevo
113113,Ernesto Pascual Crespo,2021-10-21,1,nuevo
113817,Eusebio Albero Giménez,2020-09-27,1,nuevo
105292,Ezequiel Castrillo Castrillo,2024-01-30,1,nuevo
101799,Guiomar Amores Valero,2023-11-19,1,nuevo
109668,Maite Tenorio Pérez,2022-10-15,1,nuevo
105204,Mamen Peña Lago,2022-11-23,1,nuevo
105048,Sabina Tejedor,2024-05-16,1,nuevo
101287,Gilberto Luna Terrón,2021-07-13,1,nuevo
114217,Isabela Revilla Agudo,2024-02-22,1,nuevo
109885,Hilda Múgica Cabello,2024-08-15,1,nuevo
113341,Julie Barriga,2020-06-05,1,nuevo
111828,Gastón Vega Mercader,2022-06-08,1,nuevo
106013,Raquel Josefa Girona Álvarez,2024-02-05,1,nuevo
115135,Wilfredo Renato Báez Llabrés,2021-11-16,1,nuevo
100141,Leonardo Querol Vargas,2021-01-18,1,nuevo
112047,Macaria Adán Heredia,2021-02-14,1,nuevo
104432,Nidia Sevillano Estévez,2021-07-13,1,nuevo
113010,Glauco Guzmán,2022-02-09,1,nuevo
110604,Venceslás Campos Nuñez,2022-07-19,1,nuevo
110583,Olga Maxi Larrañaga Arnaiz,2024-06-09,1,nuevo
111215,Bartolomé Lucena-Viña,2021-12-10,1,nuevo
111557,Fátima Téllez Catalá,2020-11-21,1,nuevo
104400,Clementina Amorós-Hoyos,2020-03-22,1,nuevo
112058,Pascuala Castrillo-Mateu,2022-09-27,1,nuevo
102990,Antonia Bartolomé-Arnau,2023-04-06,1,nuevo
111208,Corona Espinosa Mur,2022-02-09,1,nuevo
107011,Jacinta Álamo Cámara,2022-10-12,1,nuevo
113326,Liliana Sáez Segarra,2020-09-05,1,nuevo
108928,Natanael del Toro,2023-06-05,1,nuevo
112179,Ovidio Rico Balaguer Cruz,2024-02-09,1,nuevo
114740,Nico Roldan Calatayud,2021-06-17,1,nuevo
103727,Maxi Vives Pareja,2024-06-21,1,nuevo
102773,Bernardita Alegre Corbacho,2023-09-27,1,nuevo
101389,Ema Araujo Montesinos,2024-06-20,1,nuevo
109540,Samu Giménez,2022-12-04,1,nuevo
100489,Pepito Cebrián Mayol Talavera,2023-04-01,1,nuevo
113482,Espiridión Muñoz Montesinos,2024-01-25,1,nuevo
100704,Bernardino Folch Clemente,2021-10-13,1,nuevo
113859,Rómulo Torralba Sanabria,2020-10-24,1,nuevo
103292,Benjamín Segovia Álamo,2022-04-14,1,nuevo
109520,Miguela Company Alegria,2024-04-18,1,nuevo
108429,Lupita María Luisa Chamorro Jaén,2020-10-18,1,nuevo
108429,Lupita María Luisa Chamorro Jaén,2020-10-18,1,nuevo
113831,Teodosio Giralt Pedrero,2021-10-27,1,nuevo
114120,Arsenio Rebollo,2020-09-15,1,nuevo
112066,Eleuterio Robles Roselló,2020-03-09,1,nuevo
109992,Lorenzo Rios Santana,2023-04-25,1,nuevo
109557,Bárbara Castillo-Gracia,2024-06-13,1,nuevo
100892,Moisés Puerta Alcántara,2023-03-26,1,nuevo
110986,Rita Pedraza Ferrando,2024-07-17,1,nuevo
106528,Ciríaco José Ángel Dalmau Roldan,2024-08-12,1,nuevo
106295,Verónica de Naranjo,2021-01-20,1,nuevo
107596,Clotilde Acero Palomino,2023-07-15,1,nuevo
109401,Matías de Montenegro,2021-10-15,1,nuevo
112505,Cruz Montesinos León,2021-10-23,1,nuevo
102290,Jonatan Cánovas Lucas,2024-06-11,1,nuevo
102741,Manuelita Constanza Robles Mateo,2022-11-18,1,nuevo
108468,Jose Luis Rufino Olivé Gallo,2024-06-03,1,nuevo
104586,Lorenzo de Vilalta,2022-09-26,1,nuevo
106981,Jose Luis Barrena Peláez,2020-10-19,1,nuevo
110725,Margarita Mateos Cisneros,2022-09-03,1,nuevo
106263,Salomón Reyes Paredes,2020-09-28,1,nuevo
111037,Rosaura Andres Río,2022-03-13,1,nuevo
110574,Elisabet Feijoo,2024-05-17,1,nuevo
103954,Jose Francisco Pazos Andrade,2024-05-05,1,nuevo
102204,Maristela Echevarría Camps,2024-03-02,1,nuevo
110545,Víctor Casal Donoso,2024-05-16,1,nuevo
103193,Bárbara Peñalver Chico,2022-10-07,1,nuevo
107030,Úrsula Palomares Mir,2023-07-08,1,nuevo
106657,Juanita Rocamora,2023-07-11,1,nuevo
113999,Clímaco Matas Reig,2020-12-23,1,nuevo
100270,Mohamed Borrego-Daza,2020-07-21,1,nuevo
100270,Mohamed Borrego-Daza,2020-07-21,1,nuevo
111971,Juan Bautista de Crespi,2024-08-28,1,nuevo
106431,Feliciano de Mariño,2020-10-16,1,nuevo
112589,Edelmira Cabeza-Sanz,2023-09-04,1,nuevo
110239,Rolando Rios-Redondo,2024-05-13,1,nuevo
104357,Jeremías Bonifacio Sanz Carnero,2022-01-29,1,nuevo
114202,Abigaíl Román Gracia,2023-08-28,1,nuevo
102114,Poncio Múñiz Rocha,2024-04-16,1,nuevo
108220,Camilo Fernandez Paredes,2021-12-21,1,nuevo
101526,María Dolores Gómez Pereira,2022-07-25,1,nuevo
102366,Chelo Ferrández,2021-11-21,1,nuevo
110533,Abigaíl Fanny Leal Alfonso,2020-05-23,1,nuevo
100375,Lupe Cuevas Rueda,2023-09-24,1,nuevo
113267,Maite Macías Puerta,2023-02-05,1,nuevo
109132,Luciano Bernad Salvador,2022-06-27,1,nuevo
113800,Trini Nogués Guitart,2021-03-13,1,nuevo
100530,Jacinta de Olivera,2021-08-15,1,nuevo
109462,Flavio Sanjuan Marqués,2021-01-25,1,nuevo
112202,Olalla Juliá Navarrete,2023-05-19,1,nuevo
112004,Zaira Osuna Llopis,2022-05-05,1,nuevo
104704,Melania Cárdenas Cervera,2020-06-19,1,nuevo
108596,Sandra Luque-Córdoba,2020-08-23,1,nuevo
110170,Salud Pardo Sastre,2022-04-14,1,nuevo
107006,Amaya Nicolau Martin,2023-04-14,1,nuevo
106237,René Tena,2020-08-01,1,nuevo
112733,Epifanio Agustín Villena,2023-09-16,1,nuevo
104645,Josué Narváez Esparza,2023-03-21,1,nuevo
100662,Emelina Porta Crespi,2024-02-04,1,nuevo
107058,Samanta de Roig,2021-02-10,1,nuevo
110182,Aitor Bermúdez Galiano,2022-04-03,1,nuevo
103666,Paulino Quevedo Cobos,2021-07-27,1,nuevo
107980,Albano de Cerro,2023-08-06,1,nuevo
110528,León Aller Márquez,2022-04-17,1,nuevo
111895,Lucio Marcelino Lopez Velasco,2020-04-01,1,nuevo
108942,Clotilde Salamanca Román,2023-09-08,1,nuevo
103639,Trini Cantero-Rodríguez,2020-12-30,1,nuevo
114608,Rolando Yuste,2024-01-17,1,nuevo
110327,Odalys Paredes Guillén,2022-02-10,1,nuevo
113162,Pedro del Coll,2022-12-08,1,nuevo
108602,Dionisio Omar Macías Ballester,2020-08-30,1,nuevo
111578,Augusto Rosado Soler,2020-10-26,1,nuevo
108443,Soledad Franch Mendez,2024-03-15,1,nuevo
109300,Alex Vilanova,2023-06-29,1,nuevo
103390,Cornelio del Abad,2023-04-10,1,nuevo
109906,Octavia del Múgica,2021-09-01,1,nuevo
105384,Rosalina Cuenca Durán,2021-02-07,1,nuevo
112431,Jacinto Fuster-Paniagua,2022-04-14,1,nuevo
100918,Sabas Madrid Alcolea,2021-01-24,1,nuevo
107834,Fabio Hilario Andreu Roma,2023-09-29,1,nuevo
106369,Asunción Farré Gimenez,2021-07-14,1,nuevo
108033,Severino Carro Rosales,2023-07-07,1,nuevo
112530,Clotilde de Villalobos,2023-10-05,1,nuevo
109128,Rosario del Perales,2020-09-17,1,nuevo
102721,Priscila Portillo Feijoo,2022-11-25,1,nuevo
110641,Sabas Amor Bru Plaza,2023-05-31,1,nuevo
103763,Ruy Coello Carrión,2022-04-24,1,nuevo
113746,Gilberto Adelardo Navarro Rodrigo,2020-07-22,1,nuevo
108921,Ernesto Bello Navarro,2024-06-14,1,nuevo
105421,Jose Carlos del Lasa,2021-03-23,1,nuevo
106155,Mirta Benítez Samper,2023-10-10,1,nuevo
111759,Nadia Hernández Francisco,2023-03-23,1,nuevo
101764,Mariano Ocaña,2021-03-17,1,nuevo
112158,Antonio Lerma Bárcena,2021-05-10,1,nuevo
111537,Florentina Riquelme-Navas,2020-05-10,1,nuevo
110446,Matilde Oliver Torrijos,2023-11-07,1,nuevo
112092,Wilfredo Vicente,2022-12-26,1,nuevo
106060,Bruno Busquets Sandoval,2022-03-10,1,nuevo
106343,Eli del Cabañas,2023-06-19,1,nuevo
103634,Abraham Galán Almeida,2021-11-01,1,nuevo
108712,Ainoa Vilanova-Villaverde,2022-10-30,1,nuevo
106574,Cosme Guijarro Muro,2021-04-04,1,nuevo
105180,Benito Arana Múgica,2021-07-14,1,nuevo
101608,Zaira Rosales Huertas,2023-02-18,1,nuevo
103057,Plinio Campos Montalbán,2021-05-19,1,nuevo
110048,Leocadia Feijoo Montalbán,2021-01-29,1,nuevo
101981,Demetrio José María Martinez Hernandez,2024-06-14,1,nuevo
103599,Domingo Lucena Gallart,2024-05-07,1,nuevo
112156,Angelina Miranda Zorrilla,2020-09-22,1,nuevo
113391,Celestino Bernad Contreras,2021-05-17,1,nuevo
106447,Nélida Cerdá Fabra,2021-04-06,1,nuevo
111704,Claudio Duque Barrio,2024-06-08,1,nuevo
111723,Hermenegildo Acevedo Camacho,2021-02-04,1,nuevo
101099,Loreto Riquelme Morillo,2023-09-06,1,nuevo
102845,Jose Antonio Echevarría Torre,2022-08-09,1,nuevo
103343,Vilma Castrillo Sanjuan,2021-10-01,1,nuevo
100039,Adelia Aguiló Nuñez,2022-02-01,1,nuevo
106541,Chuy Jose Ignacio Gimenez Matas,2021-05-05,1,nuevo
114569,Paca Haydée Fonseca Pintor,2023-07-10,1,nuevo
112858,Yaiza Adelaida Otero Ballester,2024-04-10,1,nuevo
107814,Marcela Reig Sáenz,2021-03-05,1,nuevo
110700,Baudelio Aller Gil,2023-11-29,1,nuevo
108955,Fausto Cardona Badía,2021-08-01,1,nuevo
108477,Asdrubal Ricardo Bauzà Osuna,2020-04-04,1,nuevo
102753,Purificación Eusebia Garay Bermúdez,2021-01-22,1,nuevo
109078,Rosalinda Santamaría Pina,2023-01-05,1,nuevo
109110,Gervasio Ledesma Gomis,2023-04-14,1,nuevo
112772,Nicodemo Ferrán Pablo,2023-08-23,1,nuevo
114443,Susana Ibañez,2023-11-08,1,nuevo
100278,Iván Agustí,2024-02-06,1,nuevo
110277,Mariana Planas,2020-09-26,1,nuevo
101436,Azeneth Bustamante Girón,2020-06-21,1,nuevo
113282,Ceferino Quintero Vázquez,2024-03-14,1,nuevo
112874,Serafina Falcó Segarra,2021-01-14,1,nuevo
111719,Nuria Emma Paredes Luna,2020-04-24,1,nuevo
105446,Pánfilo Prieto Pozuelo,2020-11-11,1,nuevo
112988,Vinicio de Cuéllar,2021-03-11,1,nuevo
102065,Aurora Belmonte Alberola,2024-04-12,1,nuevo
100295,Jonatan Vila Company,2023-08-13,1,nuevo
108781,Eduardo Armengol Peinado,2021-08-20,1,nuevo
111522,Lorenzo Bautista Beltran,2020-12-28,1,nuevo
110322,Soraya Donoso Zorrilla,2023-03-28,1,nuevo
103999,Aránzazu Roselló Tomé,2024-03-20,1,nuevo
112714,Alejo Garrido-Sebastián,2023-12-03,1,nuevo
102809,Adelardo Carrasco Roldán,2024-08-15,1,nuevo
100557,Casemiro Serna Muro,2023-01-24,1,nuevo
103739,Goyo del Ricart,2023-11-16,1,nuevo
109909,Iván Reyes-Diéguez,2023-09-30,1,nuevo
101705,Juan Luis Cabo Vicens,2022-08-19,1,nuevo
103240,Leocadia Fernandez-Iglesia,2024-01-20,1,nuevo
104312,Paula Soler Pacheco,2024-08-19,1,nuevo
114688,Juana Tomas Conesa,2023-12-19,1,nuevo
106184,Victor Hierro Tejero,2022-12-21,1,nuevo
114947,Silvia Royo-Boada,2021-04-12,1,nuevo
101592,Angelita Pili Boix Ballester,2023-12-18,1,nuevo
102163,Ramona de Mata,2022-05-16,1,nuevo
102397,Amanda Pintor Infante,2020-11-26,1,nuevo
100318,Gonzalo Casanovas Lloret,2020-11-03,1,nuevo
109517,Demetrio Pérez Morera,2021-04-17,1,nuevo
105069,Clotilde Cadenas Cámara,2024-03-04,1,nuevo
109904,Nereida Ojeda Ribera,2024-02-20,1,nuevo
111580,Melisa Alcolea Granados,2023-11-03,1,nuevo
108229,Venceslás Anacleto Yáñez Ariza,2023-11-09,1,nuevo
112742,Silvio Peral-Macias,2024-03-28,1,nuevo
109106,Dominga Tomás Coloma,2021-05-24,1,nuevo
104134,Cecilio Mateos Lozano,2021-09-22,1,nuevo
109176,Atilio Caballero Artigas,2024-06-21,1,nuevo
109611,Carmelita Santamaría Aller,2023-04-28,1,nuevo
109753,Maxi Checa Hernández,2021-05-16,1,nuevo
113861,Inocencio Martinez Carrión,2021-03-04,1,nuevo
115143,Sol Alba Cordero,2023-09-17,1,nuevo
109180,Juliana Peña Guillen,2021-08-05,1,nuevo
111874,Salomón Cámara Malo,2024-07-22,1,nuevo
114234,Estrella Moliner Uriarte,2023-02-16,1,nuevo
111353,Jacinta del Llorente,2022-07-03,1,nuevo
110223,Cosme Carbajo Avilés,2021-12-10,1,nuevo
107907,Charo Inés Cardona Moliner,2024-03-19,1,nuevo
112448,Rafa del Zamorano,2020-11-02,1,nuevo
108195,Manolo Garrido Hervás,2023-04-14,1,nuevo
110107,Nazaret Sanjuan,2022-10-09,1,nuevo
111363,Maxi Francisco Escolano,2022-03-03,1,nuevo
100727,Conrado Sierra Saavedra,2022-01-24,1,nuevo
108246,Ariel Amat Barrio,2020-08-30,1,nuevo
100937,Pilar Maura Pereira Alvarado,2024-04-29,1,nuevo
100825,Mamen Martín Fajardo,2022-05-21,1,nuevo
107275,Zaida Rosalía Pardo Castell,2021-12-03,1,nuevo
105430,Leoncio Sanabria Puente,2021-02-02,1,nuevo
107828,María Noemí Santos Goñi,2022-03-06,1,nuevo
105691,Íngrid de Cifuentes,2022-08-17,1,nuevo
111608,Samu Granados Arce,2020-03-10,1,nuevo
100807,Jose Luis Casanovas Costa,2020-06-28,1,nuevo
110427,Abilio Serna Alfonso,2022-05-22,1,nuevo
109156,Federico Izquierdo Cañizares,2020-10-20,1,nuevo
113869,León Sanmiguel Morell,2021-03-30,1,nuevo
107833,Paula Falcón Alemán,2023-01-20,1,nuevo
104389,Olivia Feliu Soria,2020-04-08,1,nuevo
100146,Leyre Rovira Castrillo,2022-05-25,1,nuevo
114218,Augusto Luz,2020-10-11,1,nuevo
111693,Silvia Rosado Huertas,2023-12-14,1,nuevo
110817,Arcelia Solsona Carranza,2022-11-09,1,nuevo
113656,Febe Llopis Chaves,2021-01-07,1,nuevo
110617,Saturnino Fortuny Feliu,2023-12-17,1,nuevo
100272,Augusto Diéguez Machado,2022-05-09,1,nuevo
102033,Elba Viñas Roldan,2023-06-21,1,nuevo
109006,Amaya Álamo,2021-09-20,1,nuevo
109997,Noa Higueras Vigil,2022-12-27,1,nuevo
114300,Plinio Mateos Benitez,2020-11-13,1,nuevo
109324,Augusto Sanchez Cases,2023-03-18,1,nuevo
107565,Gema Fuster Atienza,2024-08-24,1,nuevo
112152,Ximena del Verdejo,2024-06-10,1,nuevo
107695,Azahara Capdevila,2021-04-15,1,nuevo
108231,Íngrid Catalina Arrieta Lucena,2022-07-03,1,nuevo
112652,Eligia Arce Torres,2020-08-07,1,nuevo
107127,Octavia Roma,2021-12-12,1,nuevo
102984,Maxi de Pozo,2022-10-18,1,nuevo
107981,Ani Barberá Palomar,2020-11-24,1,nuevo
102668,Liliana Sofía Ferrer Daza,2023-09-25,1,nuevo
107694,Tecla Alexandra Infante Fonseca,2022-04-02,1,nuevo
100615,Constanza Arnaiz Arregui,2023-06-06,1,nuevo
101467,Epifanio Ciriaco Flor Rey,2024-08-20,1,nuevo
105086,Marianela Almansa Iniesta,2020-03-12,1,nuevo
103295,Fortunata Vila Ortiz,2023-11-02,1,nuevo
106738,Purificación Dueñas,2021-09-11,1,nuevo
113015,Lope de Manrique,2023-05-25,1,nuevo
101522,Sofía Acero Bayo,2020-05-21,1,nuevo
111123,Valentín Iglesias,2023-10-13,1,nuevo
100391,Paloma Mascaró Llobet,2024-02-28,1,nuevo
107125,Lola del Palma,2020-09-23,1,nuevo
105914,Alfonso Escudero-Borja,2023-11-06,1,nuevo
113951,Rufina Llopis Aguilar,2021-12-31,1,nuevo
114873,Segismundo Serrano Bello,2023-03-24,1,nuevo
113401,Amanda Botella Nevado,2023-09-21,1,nuevo
105320,Florencia Montaña Anguita,2020-03-24,1,nuevo
105605,Celso Aguado Caro,2024-07-05,1,nuevo
114048,Julián de Castrillo,2023-01-31,1,nuevo
100339,Lola Casanovas Ramirez,2021-04-28,1,nuevo
108408,Mamen Suárez Cerro,2022-09-04,1,nuevo
113763,Nacio de Carballo,2024-07-08,1,nuevo
106961,Adán Garcés Crespi,2020-04-02,1,nuevo
109829,Juanito Saturnino Torre Amador,2023-03-04,1,nuevo
102323,Raúl Barriga Segarra,2022-10-18,1,nuevo
103550,Donato Conde Rebollo,2020-08-16,1,nuevo
108364,Fito de Valverde,2022-09-01,1,nuevo
111762,Custodia Claudia Villaverde Peñas,2020-12-14,1,nuevo
112419,Ismael del Pastor,2024-06-16,1,nuevo
113351,Rita Cal Sáez,2021-03-08,1,nuevo
101241,Mireia Alcántara Grande,2020-06-12,1,nuevo
105761,Juan Carlos Manzanares Corbacho,2022-12-11,1,nuevo
102121,Carmina Mateos Bellido,2023-04-18,1,nuevo
100482,Concha Galván Cano,2021-03-19,1,nuevo
106123,Bonifacio Víctor Oller Borrego,2024-05-24,1,nuevo
107102,Leonel Matas Benet,2020-05-31,1,nuevo
109978,Emilia Andrade,2024-05-28,1,nuevo
114149,Encarnita Santamaria Verdejo,2023-11-12,1,nuevo
104854,Celso de Nicolás,2020-07-01,1,nuevo
102712,Guillermo Guerrero Lopez,2024-07-04,1,nuevo
101334,Maristela Luís Martinez,2024-03-01,1,nuevo
111047,Regina de Torralba,2022-05-27,1,nuevo
114629,Hernando Quintanilla Juan,2022-02-09,1,nuevo
115107,Pastor Puente-Gual,2022-03-01,1,nuevo
114211,Lucio Galvez Montesinos,2023-10-21,1,nuevo
103851,Catalina Garmendia Acero,2023-03-08,1,nuevo
108341,Olalla Carnero Orozco,2024-08-04,1,nuevo
104789,Montserrat Montserrat-Domínguez,2023-08-21,1,nuevo
111969,Carlito Hurtado Rivero,2024-02-17,1,nuevo
101387,Lucila María Cristina Ayuso Álvarez,2020-06-15,1,nuevo
114115,Adelardo Galan Roldán,2021-08-17,1,nuevo
103630,Odalys del Zabaleta,2021-12-12,1,nuevo
114737,Casandra Azorin Balaguer,2020-04-19,1,nuevo
102970,Fabián Sanz Arranz,2022-04-10,1,nuevo
111665,Amaya Bautista Lillo,2021-10-13,1,nuevo
106137,Valentina Pozuelo-Escrivá,2021-06-01,1,nuevo
104264,Octavia Gascón García,2024-06-20,1,nuevo
113019,Guiomar Pozuelo,2023-11-11,1,nuevo
100646,Mauricio Quesada,2022-06-23,1,nuevo
108042,Ana Arias Atienza,2020-06-29,1,nuevo
113690,Valentín Valls Martinez,2024-05-26,1,nuevo
108233,Obdulia Redondo,2021-01-05,1,nuevo
101305,Elías Velázquez Valbuena,2022-09-29,1,nuevo
103187,María Hurtado,2022-11-03,1,nuevo
104224,Gracia Gonzalo-Parra,2022-01-30,1,nuevo
102107,Dorita de Ródenas,2024-08-20,1,nuevo
112881,Emperatriz Rodriguez Ariza,2024-03-12,1,nuevo
114784,Eusebio Oliver Guillén,2021-11-25,1,nuevo
113193,Clotilde Vigil,2020-07-21,1,nuevo
104842,Aarón Higueras Galvez,2022-01-25,1,nuevo
106036,Rogelio Galvez Badía,2023-11-18,1,nuevo
110113,Juan Pablo Sala Santana,2024-07-20,1,nuevo
109107,Aureliano Jurado Lledó,2021-01-13,1,nuevo
103453,Rolando Romeu Delgado,2022-07-10,1,nuevo
111349,Delia Guzmán Nadal,2023-12-17,1,nuevo
100944,Candela Leiva-Miró,2020-03-15,1,nuevo
112470,Heriberto Conde Madrid,2023-01-15,1,nuevo
104548,Débora Herrero Montes,2021-11-06,1,nuevo
114039,Demetrio Camino Mateos,2023-12-01,1,nuevo
107777,Oriana Arévalo Machado,2022-01-26,1,nuevo
103301,Germán Sedano Valcárcel,2022-06-23,1,nuevo
107222,Rafaela Verdejo-Román,2020-09-08,1,nuevo
108520,Nico Samu Ripoll Isern,2021-07-24,1,nuevo
105955,Amador de Guzmán,2021-04-03,1,nuevo
107644,Gertrudis Font Macías,2020-09-05,1,nuevo
100055,Lidia Montoya-Pont,2024-04-14,1,nuevo
112257,Ema Checa Echevarría,2023-02-02,1,nuevo
106306,Gerónimo Rodríguez Peñas,2024-02-25,1,nuevo
110094,José Mari Domingo Navarro,2022-05-06,1,nuevo
113088,Priscila Olmedo Garay,2022-07-30,1,nuevo
108039,Adora Corral Baquero,2021-08-26,1,nuevo
103336,Luis Cabezas Pla,2021-08-07,1,nuevo
106017,Celestino Trujillo Arribas,2022-07-27,1,nuevo
109139,Rosario Gisbert Blasco,2022-03-15,1,nuevo
114798,Obdulia Cabeza Costa,2021-12-22,1,nuevo
111688,Clotilde Tur Berenguer,2021-12-28,1,nuevo
107312,Eustaquio Tapia Isern,2023-01-31,1,nuevo
102718,Jorge Marco Andrade,2022-05-22,1,nuevo
102080,Segismundo Ricart Montaña,2022-04-22,1,nuevo
111582,Ignacia Pont Estevez,2020-08-08,1,nuevo
108915,Heliodoro Marín Puerta,2022-11-28,1,nuevo
100952,Ovidio Artigas Rivas,2022-01-20,1,nuevo
111405,Jeremías Luque Tejedor,2022-02-11,1,nuevo
101760,Mariana Prieto,2022-09-29,1,nuevo
106705,Cleto Baró Alba,2024-05-11,1,nuevo
113396,Antonio Baquero Saez,2023-07-18,1,nuevo
115108,Rosa Alegre Azcona,2020-06-09,1,nuevo
114775,Eduardo Querol Frías,2022-03-23,1,nuevo
110396,Josefa Albero Poza,2021-08-11,1,nuevo
114866,Rita Huguet González,2024-08-21,1,nuevo
112313,Celestina Calvo Huguet,2020-12-26,1,nuevo
113227,Jose Miguel Morales Bautista,2024-05-07,1,nuevo
106784,Camilo del Figueras,2024-06-21,1,nuevo
103601,Sebastian Duran Casado,2023-09-09,1,nuevo
108610,Emperatriz Guardiola Arellano,2023-03-28,1,nuevo
101626,Martín Fonseca Pardo,2021-05-18,1,nuevo
108767,Macarena de Soler,2021-07-20,1,nuevo
104213,Jesusa Giralt Bejarano,2022-04-01,1,nuevo
102709,Teófilo Sainz Hernández,2022-01-14,1,nuevo
106515,Caridad Araceli Cerdán Esparza,2022-03-05,1,nuevo
104022,Modesta Millán Bermejo,2021-03-22,1,nuevo
114690,Horacio Erasmo Sans Tejero,2021-12-27,1,nuevo
101646,Aitana Encarnita Martorell Bernat,2020-08-22,1,nuevo
103418,Alfonso Cervera Vigil,2021-03-07,1,nuevo
114874,José María Bayón Vizcaíno,2024-08-18,1,nuevo
111054,Maite de Torrijos,2023-10-19,1,nuevo
101793,Lucila Olmo,2023-12-01,1,nuevo
115017,Juan José Urbano Cañellas Aranda,2020-11-08,1,nuevo
111642,Luis Miguel Peñas Saavedra,2022-03-24,1,nuevo
111249,Enrique Matías Capdevila Bosch,2022-06-20,1,nuevo
113636,Abel Álvarez Armas,2020-06-21,1,nuevo
104452,Febe Chaves Méndez,2020-07-14,1,nuevo
103532,Marcio Martin Laguna Salas,2021-08-20,1,nuevo
107784,Micaela Ordóñez Maldonado,2024-03-29,1,nuevo
100815,Apolonia Mayte Piña Mulet,2021-11-21,1,nuevo
106167,Fernanda Luz-Guardia,2024-06-29,1,nuevo
113000,Montserrat Zapata Abellán,2021-04-12,1,nuevo
111398,Abel Blasco Marí,2023-08-27,1,nuevo
115221,Evita de Guerrero,2022-10-18,1,nuevo
111518,Rogelio Patiño Tena,2022-09-10,1,nuevo
106360,Luna Chaparro Novoa,2020-10-20,1,nuevo
114338,Evaristo Fiol Salgado,2021-01-11,1,nuevo
111046,Cristina Saura Marquez,2021-01-25,1,nuevo
113430,Otilia Abad,2020-08-23,1,nuevo
111105,Reina Malo Fabra,2021-09-23,1,nuevo
110050,Belén Juárez,2021-02-02,1,nuevo
102646,Leoncio Ildefonso Mir Marí,2020-09-04,1,nuevo
105374,Amaya Pérez-Álvarez,2020-07-30,1,nuevo
100923,Salud Rodriguez,2021-06-27,1,nuevo
109447,Consuelo Espada-Caballero,2023-08-07,1,nuevo
108670,Ligia Cervantes Perelló,2024-04-14,1,nuevo
105743,Candelario Lalo Vara Almansa,2023-08-31,1,nuevo
101203,Aitor Rius Calvo,2020-11-10,1,nuevo
110819,Ainara Morán Bautista,2022-08-05,1,nuevo
101971,Vicenta Rosell-Moreno,2023-02-19,1,nuevo
110344,Aitor Tamayo,2022-04-30,1,nuevo
103688,Baudelio Barriga-Espinosa,2020-09-20,1,nuevo
102193,Teodoro Bas-Gimenez,2020-09-04,1,nuevo
102713,Teófila Fabregat Guardia,2022-04-19,1,nuevo
106566,Manuelita Beltrán Bayón,2023-05-27,1,nuevo
111955,Eliseo de Pinto,2023-07-10,1,nuevo
106944,Arturo Sotelo Molins,2021-07-11,1,nuevo
109511,Florentina Codina Barriga,2024-04-04,1,nuevo
101066,Seve Lara Borrego,2021-01-06,1,nuevo
100601,Lucho Lerma Torre,2020-04-24,1,nuevo
104228,Reyes de Larrea,2021-09-15,1,nuevo
114498,Marino Plana Valenzuela,2021-01-25,1,nuevo
108163,Andrés Barreda Posada,2023-09-13,1,nuevo
108568,Ariel Tomas Sotelo,2020-09-25,1,nuevo
112622,Zoraida Santana Sacristán,2022-07-06,1,nuevo
114438,Violeta Moya Uriarte,2024-07-16,1,nuevo
100236,Juanita Hoz Lobato,2022-11-09,1,nuevo
112220,Fabio Perez Exposito,2020-12-31,1,nuevo
107985,Samu Alarcón,2023-09-26,1,nuevo
109311,Alberto Milla-Doménech,2023-11-05,1,nuevo
111870,Adolfo Rincón Laguna,2021-08-02,1,nuevo
111151,Iker Galan Aguado,2022-11-27,1,nuevo
108513,Ángel Higueras Carrasco,2023-12-06,1,nuevo
110232,Laura Aramburu-Carrillo,2023-08-16,1,nuevo
101829,Jonatan de Balaguer,2020-07-09,1,nuevo
110003,María Teresa Jover Valverde,2022-01-05,1,nuevo
114672,Débora Expósito Parra,2021-01-25,1,nuevo
115145,Pepe Verdugo Díez,2022-01-07,1,nuevo
110955,Jose Francisco del Zorrilla,2020-07-24,1,nuevo
100847,Ana América Sanmartín Puig,2021-08-14,1,nuevo
104290,Benito Coloma Vazquez,2021-06-20,1,nuevo
105561,Araceli Mir Perez,2020-06-09,1,nuevo
113918,Édgar Rovira Elías,2021-08-09,1,nuevo
111121,Ramiro Canet Moles,2022-07-06,1,nuevo
100118,Ruth del Salas,2024-07-12,1,nuevo
108838,Mireia Fiol Tamarit,2022-10-06,1,nuevo
100006,Porfirio Aitor Priego Iñiguez,2024-02-05,1,nuevo
105343,Prudencia Reina Querol,2022-06-11,1,nuevo
110788,María Pilar Palau,2023-10-15,1,nuevo
104325,Alicia Trillo Salvador,2020-11-14,1,nuevo
101064,Odalys Piñol Manzano,2021-09-15,1,nuevo
113047,Jose Luna Sanjuan,2021-08-04,1,nuevo
113919,Baltasar Canals Landa,2023-04-26,1,nuevo
110590,Gonzalo Busquets Suárez,2022-01-10,1,nuevo
110756,Francisco Javier Zabaleta Sandoval,2024-08-14,1,nuevo
101606,Édgar Caparrós Verdugo,2020-05-01,1,nuevo
109505,Manuel Cabezas,2020-03-14,1,nuevo
111641,Guiomar Carranza Calderón,2023-11-06,1,nuevo
110555,Pía Díez Lamas,2022-08-22,1,nuevo
102473,Leonardo Solera Terrón,2022-12-09,1,nuevo
112200,Emperatriz Roldán-Castell,2021-03-20,1,nuevo
110351,Alejo Salgado Sarabia,2021-02-24,1,nuevo
109362,Azucena del Téllez,2021-07-18,1,nuevo
110268,Renata Fiol Moya,2023-02-06,1,nuevo
112773,Kike del Sanjuan,2022-11-21,1,nuevo
105751,Ágata Guerra Arcos,2020-09-10,1,nuevo
102798,Plinio Páez Rosales,2022-05-01,1,nuevo
105123,Olalla Berrocal Robledo,2020-11-03,1,nuevo
113171,Gervasio Campos Palomo,2022-09-01,1,nuevo
104622,Adrián Jódar,2021-06-03,1,nuevo
102126,Omar Bellido,2021-08-09,1,nuevo
100303,Leocadio Herrera Río,2024-02-02,1,nuevo
112913,Felicidad de Marín,2020-09-24,1,nuevo
110248,Lázaro Campillo Quintana,2021-09-12,1,nuevo
113569,Verónica Baeza-Ripoll,2021-04-22,1,nuevo
102879,Feliciana Fuente Sebastián,2022-02-03,1,nuevo
110479,Rafa Mora,2024-03-17,1,nuevo
105241,Teo Sainz Gilabert,2020-04-18,1,nuevo
114657,Amelia Suarez,2022-11-13,1,nuevo
107241,Estefanía Valbuena Blanch,2023-07-19,1,nuevo
102594,Norberto Jerónimo Barrera Dueñas,2022-07-01,1,nuevo
106377,Heliodoro Pérez-Santamaría,2024-07-13,1,nuevo
106982,Lázaro Núñez Pons,2020-10-30,1,nuevo
106678,Josué Samu Balaguer Padilla,2020-05-04,1,nuevo
115005,Isidoro Lozano Porcel,2021-01-14,1,nuevo
112892,Lorena Tormo Arana,2020-05-18,1,nuevo
107957,Blas Torrents Tamayo,2021-04-05,1,nuevo
107571,Adelina Esteve Rosselló,2024-05-14,1,nuevo
110162,Rafa de Arana,2021-03-01,1,nuevo
104189,Cirino Valencia Mesa,2020-06-16,1,nuevo
111459,Adán Adán Alemán,2020-05-20,1,nuevo
109912,Irene Nebot Valbuena,2021-03-21,1,nuevo
111140,Eutropio Camino Donoso,2020-12-31,1,nuevo
107688,Fortunata Matas,2023-09-11,1,nuevo
106091,Jenny Bernat,2020-12-26,1,nuevo
106239,Florina Montoya,2020-03-03,1,nuevo
107351,María José Ocaña,2020-03-01,1,nuevo
112016,María Fernanda Planas Casanova,2021-02-09,1,nuevo
104301,Victor Jaume Prado,2020-05-02,1,nuevo
105570,Godofredo Coll-Batalla,2020-05-19,1,nuevo
103580,Judith Sala Crespi,2024-04-29,1,nuevo
104893,Heriberto Alfonso Almansa,2023-10-19,1,nuevo
107731,Narcisa de Gascón,2020-03-12,1,nuevo
103178,Jorge Llabrés Calderon,2020-08-24,1,nuevo
107649,Valerio Jove Portero,2022-05-10,1,nuevo
104262,José Luis Alvarado Portero,2024-05-30,1,nuevo
101332,Olegario Valcárcel Lucas,2024-07-21,1,nuevo
107003,Eutropio Prats Roman,2021-09-07,1,nuevo
108018,Juana Roma-Castells,2023-04-13,1,nuevo
106242,Cristian Barreda-Escobar,2022-12-16,1,nuevo
106882,Carla Conde Valdés,2020-10-28,1,nuevo
112174,Carlos Folch Mate,2023-07-23,1,nuevo
106997,Gloria Villaverde Luján,2023-06-18,1,nuevo
108428,Leticia Vazquez Izquierdo,2020-06-12,1,nuevo
112155,Guiomar Frutos Morell,2023-02-05,1,nuevo
108866,Azeneth Tirado Ayala,2023-05-11,1,nuevo
100250,Nicolasa Gomez Cortina,2024-07-12,1,nuevo
103420,Gertrudis Valcárcel-Rovira,2024-03-27,1,nuevo
104545,Fabián Canales Miranda,2023-02-10,1,nuevo
107940,Alejandra Griselda Luz Gabaldón,2020-05-03,1,nuevo
100717,Darío Santiago Carrasco,2024-05-21,1,nuevo
112339,María Dolores Vicente Barco,2021-04-13,1,nuevo
102049,Maximiliano Gallart-Estrada,2020-06-26,1,nuevo
107141,Florentina Cañete-Asenjo,2021-06-23,1,nuevo
101461,Rico Sacristán-Cañellas,2024-04-02,1,nuevo
109861,Piedad Moya Perera,2023-10-04,1,nuevo
112806,Desiderio Taboada-Barco,2023-04-16,1,nuevo
100385,Benjamín Fernández-Andreu,2021-07-06,1,nuevo
110345,Segismundo Barón Coll,2021-01-18,1,nuevo
114878,Martina Marín Navarrete,2022-08-03,1,nuevo
113773,Alonso Casanova Juan,2020-06-24,1,nuevo
103926,Hortensia Palomar Cuenca,2023-01-19,1,nuevo
113529,Borja Lago Expósito,2023-06-22,1,nuevo
104159,Águeda Ruano,2021-10-21,1,nuevo
113551,Che Lucas Mercader,2021-04-18,1,nuevo
102194,Bernardita Pepita Cañas Tejera,2023-04-28,1,nuevo
112662,José Luis Ballesteros Roig,2021-10-16,1,nuevo
107419,Aureliano Hervia Arnaiz,2023-08-15,1,nuevo
100010,Marta de Roldán,2022-07-03,1,nuevo
110137,Juana Ugarte Quiroga,2020-03-25,1,nuevo
107027,Teófila Benet Bautista,2022-10-14,1,nuevo
105714,Martin Ballester Roselló,2023-11-24,1,nuevo
103325,Amaya Jaume Bonet,2021-03-20,1,nuevo
111149,Isaías Castejón-Bautista,2023-02-05,1,nuevo
100925,Ana Sofía Sala Cal,2021-05-14,1,nuevo
102780,Corona Alegria Santamaria,2020-12-24,1,nuevo
113217,Clotilde Múñiz-Peláez,2020-11-03,1,nuevo
107313,Ileana Blanco Fuente,2023-06-26,1,nuevo
107103,Baldomero Pérez Armas,2021-10-18,1,nuevo
103776,Cornelio Uriarte Fernández,2022-10-12,1,nuevo
104836,Filomena Araujo Baeza,2020-12-11,1,nuevo
104965,Mercedes Múgica-Cano,2024-04-23,1,nuevo
100540,Carmen Porta Gracia,2020-03-15,1,nuevo
113660,Edgardo Villalba Fonseca,2023-11-20,1,nuevo
100668,Eloísa Camps-Manzano,2021-03-18,1,nuevo
107576,Lorena Lara Borrell Cerezo,2024-01-30,1,nuevo
108550,Calista Alcántara-Pina,2024-05-02,1,nuevo
105064,Berta Hoz,2022-12-12,1,nuevo
111024,Melchor Rico Jordá Amores,2020-03-28,1,nuevo
102704,Goyo Cabo Mesa,2020-06-19,1,nuevo
109589,Matilde Bárcena,2022-05-29,1,nuevo
103377,René Molins Anaya,2022-12-31,1,nuevo
111705,Adora Landa Milla,2022-08-09,1,nuevo
109443,Lucio Pintor Mendoza,2022-01-20,1,nuevo
113988,Rafa Bernat-Romeu,2024-06-18,1,nuevo
111004,Prudencia Gallardo Comas,2024-05-17,1,nuevo
111126,Adán Arranz Vallejo,2021-11-14,1,nuevo
113461,Diego Guzman Folch,2024-02-22,1,nuevo
112478,María Dolores Naranjo Marí,2024-04-21,1,nuevo
114684,Bautista Cadenas,2022-08-24,1,nuevo
110189,Bernarda Ródenas,2022-05-31,1,nuevo
113972,Imelda Artigas Alberdi,2022-01-25,1,nuevo
109274,Pastora Rodríguez Vaquero,2023-08-27,1,nuevo
104749,Eligio Hidalgo Font,2020-09-25,1,nuevo
112327,Jose Miguel Ripoll,2023-12-21,1,nuevo
110407,Esmeralda Delgado Pelayo,2022-11-09,1,nuevo
107420,Martina Gutiérrez Barriga,2022-11-20,1,nuevo
103142,Ambrosio Salomón Puga Iborra,2021-10-04,1,nuevo
109348,Dan España Camps,2020-08-22,1,nuevo
107495,Oriana Boada Nebot,2022-02-22,1,nuevo
111912,Lina Garriga Canales,2020-05-07,1,nuevo
111429,Angelina Piedad Talavera Ibañez,2020-10-23,1,nuevo
113705,Marcelo Diego Hoz,2024-08-22,1,nuevo
113965,Encarna Silvia Abella Expósito,2022-12-31,1,nuevo
100954,Modesto Jove Luna,2023-08-27,1,nuevo
106732,Elvira Arranz Pedraza,2024-08-10,1,nuevo
104847,Cosme Falcó,2021-05-06,1,nuevo
108925,Priscila Pons Ojeda,2023-03-25,1,nuevo
107331,Sandalio Sobrino Adadia,2022-01-24,1,nuevo
109349,Jovita Rueda Torrent,2020-07-15,1,nuevo
111487,Renato Tudela Suarez,2024-06-14,1,nuevo
111175,Goyo Herrera,2022-04-15,1,nuevo
102157,Anabel Juliá Portillo,2020-09-03,1,nuevo
101168,Dionisia del Guillen,2021-12-06,1,nuevo
111415,Nazaret Ribera-Mendizábal,2021-10-27,1,nuevo
111131,Chus Cuevas Rubio,2023-08-03,1,nuevo
107193,Anacleto Pellicer-Ballesteros,2022-09-21,1,nuevo
111333,Abel del Manuel,2021-11-08,1,nuevo
104981,Tito Martin Puente,2021-12-25,1,nuevo
111770,Zoraida Carretero,2023-12-29,1,nuevo
113924,Florencio Soriano Herranz,2021-11-27,1,nuevo
107187,Miriam Laguna,2022-03-30,1,nuevo
104493,Elba Flores Barragán,2024-01-15,1,nuevo
114192,Pánfilo Ricart Cabezas,2022-05-04,1,nuevo
108788,Socorro Rozas Montero,2021-12-30,1,nuevo
112145,Ciriaco Valenzuela,2023-05-31,1,nuevo
113585,Prudencia Torralba,2020-11-27,1,nuevo
104969,Soledad Cantón Pablo,2020-09-11,1,nuevo
102915,Roldán de Oller,2022-05-03,1,nuevo
103441,Herberto Cabañas Torrens,2021-12-27,1,nuevo
112325,Olegario Gras Ferreras,2023-06-30,1,nuevo
102144,Santos Quirós Agustí,2022-03-14,1,nuevo
101123,Amador del Giménez,2020-08-05,1,nuevo
111658,Ofelia Sureda Galan,2022-08-22,1,nuevo
107165,Catalina Villalonga Escamilla,2020-05-28,1,nuevo
107588,Paco de Álvarez,2020-12-27,1,nuevo
107544,Jacinto Bernad Borrell,2021-08-21,1,nuevo
100413,Clementina Oller,2023-03-17,1,nuevo
103268,Gilberto Ferrera Novoa,2021-11-12,1,nuevo
100418,Josep Gual Aznar,2022-09-13,1,nuevo
108968,Cipriano Río Llorente,2020-03-28,1,nuevo
108946,Agapito Victor Manuel Barreda León,2021-06-01,1,nuevo
112162,Eligio Ferrera Gomis,2021-04-25,1,nuevo
103374,José Ángel Romeu-Velasco,2022-05-02,1,nuevo
101067,Amado Mesa Cuéllar,2020-11-13,1,nuevo
113480,Bernardino Bosch Narváez,2020-06-28,1,nuevo
109761,Alejandra Donaire Arias,2020-04-15,1,nuevo
101688,Belen Grande Noguera,2023-05-28,1,nuevo
111739,Godofredo Gerónimo Ramos Guzmán,2020-03-24,1,nuevo
109088,Paca Ruiz Batalla,2023-11-02,1,nuevo
108528,Osvaldo de Corral,2023-05-03,1,nuevo
102840,Basilio Cerdá Pino,2020-06-18,1,nuevo
109541,Américo Cuéllar Aparicio,2023-11-01,1,nuevo
109208,Heliodoro Mínguez Carballo,2022-12-16,1,nuevo
111923,Efraín Miguel Ángel Peral Patiño,2023-07-19,1,nuevo
106906,Manolo Lopez Perelló,2022-11-22,1,nuevo
107391,Anunciación Abril Cortés Andrés,2022-08-13,1,nuevo
111444,Paca Checa Santos,2021-08-24,1,nuevo
114070,Nicanor Martinez Fabra,2020-04-06,1,nuevo
106666,Juan Francisco Estrada Valverde,2021-12-16,1,nuevo
110263,Macaria Martinez Contreras,2022-11-19,1,nuevo
110458,Ruben Tejedor-Pozuelo,2024-06-28,1,nuevo
113516,Eugenia Quero,2021-09-21,1,nuevo
111252,Nazario Simó Contreras,2020-06-22,1,nuevo
102142,Lupe Barral,2023-07-07,1,nuevo
105189,Manuelita Morante Rios,2020-08-22,1,nuevo
102745,David Vilaplana,2024-02-06,1,nuevo
107254,Simón Ríos Céspedes,2020-04-11,1,nuevo
113285,Severo del Silva,2020-05-13,1,nuevo
103148,Apolinar Cañellas Portillo,2021-03-01,1,nuevo
108131,Leire Canet Lago,2020-10-04,1,nuevo
100581,Antonia Isern Cervantes,2023-08-20,1,nuevo
112992,Benigna Barranco Carbajo,2021-01-24,1,nuevo
100513,Luis Miguel Aramburu Plaza,2023-05-09,1,nuevo
105950,Azahar Maza Acero,2021-12-28,1,nuevo
108933,Ángeles Cases Maldonado,2020-05-26,1,nuevo
114099,Consuela Calzada Neira,2022-12-20,1,nuevo
100636,Asdrubal Lamas Múgica,2021-01-06,1,nuevo
106967,Santiago Ibañez Acevedo,2024-02-20,1,nuevo
104143,Victor Crespi Molins,2024-06-10,1,nuevo
105223,Cándido Rius Sobrino,2022-03-26,1,nuevo
104778,Baudelio Madrid,2023-02-03,1,nuevo
101149,Amaro Izquierdo,2020-11-07,1,nuevo
100854,Joaquina Herrera Malo,2022-09-26,1,nuevo
110175,Macaria Jaén-Duran,2021-03-22,1,nuevo
105920,Febe Santamaria Canet,2020-04-04,1,nuevo
109359,Palmira Belda Castells,2023-05-25,1,nuevo
106615,Leyre Mármol,2020-05-28,1,nuevo
112040,Aurora Botella Guillén,2021-09-30,1,nuevo
112308,Trinidad Gómez Antón,2020-07-30,1,nuevo
104781,Yésica Zabala-Catalán,2021-04-13,1,nuevo
112324,Rafael Chamorro Casas,2020-09-28,1,nuevo
102951,Zaida de Vaquero,2022-05-05,1,nuevo
105626,Eutropio Daza,2023-12-04,1,nuevo
106972,Dani Ugarte Antón,2022-08-20,1,nuevo
100538,Rogelio Octavio Ballesteros Álamo,2022-10-07,1,nuevo
102807,Zoraida Bartolomé Agustí,2024-06-20,1,nuevo
105597,Anna Cisneros Sedano,2024-01-10,1,nuevo
112534,Tomasa Rubio-Rocamora,2023-11-19,1,nuevo
108097,Emelina Luís Carbó,2021-05-30,1,nuevo
101410,Guiomar Aliaga Colomer,2023-08-24,1,nuevo
100155,Reyes Fuente,2022-01-21,1,nuevo
101687,María Teresa Mancebo Delgado,2024-01-12,1,nuevo
111094,Clarisa Valcárcel Campo,2021-06-26,1,nuevo
103864,Antonia Puga Azorin,2024-03-07,1,nuevo
101896,Isa Hilda Ayala Morán,2024-05-15,1,nuevo
108320,Rosalina del Girona,2020-09-25,1,nuevo
100981,Benigna Aparicio Royo,2021-06-17,1,nuevo
110493,Rafaela Campos Ballesteros,2023-09-15,1,nuevo
100191,Milagros del Valero,2023-06-21,1,nuevo
109332,Evaristo Aramburu-Río,2021-05-13,1,nuevo
105089,Ana Sofía Pol-Aranda,2021-08-09,1,nuevo
103421,Virgilio Llamas Vendrell,2022-08-09,1,nuevo
114057,Ruperta Cortes Jove,2022-11-15,1,nuevo
102206,Alondra Seco Cáceres,2022-08-26,1,nuevo
109436,Noemí Águila Pardo,2022-08-26,1,nuevo
107680,Cecilia Ramos Diego,2020-08-23,1,nuevo
107997,Santiago Sala Pacheco,2024-08-19,1,nuevo
111260,Herberto Sastre Carrillo,2021-05-03,1,nuevo
100226,Jimena Araujo Aparicio,2022-11-03,1,nuevo
105896,Jacobo Nieto Coello,2021-08-05,1,nuevo
109147,Rosendo Franch Somoza,2024-03-14,1,nuevo
110928,Gabriel Ródenas Carbajo,2020-10-22,1,nuevo
111297,René Vendrell-Alcolea,2020-03-04,1,nuevo
106016,Amaro Escobar Batalla,2022-11-04,1,nuevo
100957,Josué Porcel,2023-01-06,1,nuevo
111984,Ana Belén Eulalia Cabeza Soria,2022-05-21,1,nuevo
104974,Luz Barreda Pallarès,2021-10-23,1,nuevo
114173,Gisela Taboada Pera,2021-04-19,1,nuevo
100099,Iris Molina Alegria,2024-01-01,1,nuevo
111376,Adelina Chelo Naranjo Jaume,2022-03-31,1,nuevo
109638,Joaquín Saldaña,2022-02-24,1,nuevo
112184,Borja Pardo Murillo,2020-06-04,1,nuevo
104500,Anna Bayón-Torre,2023-06-26,1,nuevo
115152,Feliciana Arjona Ugarte,2024-04-15,1,nuevo
107401,Hipólito Barón Moliner,2023-05-09,1,nuevo
107159,Candelaria Mena-Tapia,2020-09-03,1,nuevo
112283,Luis Ángel Ropero,2023-10-31,1,nuevo
114590,Itziar Bárcena,2020-05-05,1,nuevo
102050,Silvestre de Herrero,2023-12-06,1,nuevo
113169,Alejandro Belda Arjona,2023-02-27,1,nuevo
108816,Evita Jaume,2023-09-06,1,nuevo
100263,Milagros Fuertes Salamanca,2021-05-31,1,nuevo
113923,Adalberto Águila,2020-06-14,1,nuevo
111562,Teodosio Castelló Saura,2021-08-17,1,nuevo
104062,Trinidad Cabello Garcia,2024-05-26,1,nuevo
102977,Yésica Reguera Gimenez,2022-09-06,1,nuevo
101735,Pastor Toni Andrés Buendía,2024-02-22,1,nuevo
100660,Beatriz Ángel,2022-04-25,1,nuevo
111590,Regina Haro Cifuentes,2023-03-07,1,nuevo
111182,Sandra Abad Ortiz,2023-05-22,1,nuevo
110071,Timoteo Torrecilla,2022-01-16,1,nuevo
110955,Jose Francisco del Zorrilla,2020-07-24,1,nuevo
111522,Lorenzo Bautista Beltran,2020-12-28,1,nuevo
107828,María Noemí Santos Goñi,2022-03-06,1,nuevo
110336,Jose Ignacio Teruel-Perales,2023-05-29,1,nuevo
107940,Alejandra Griselda Luz Gabaldón,2020-05-03,1,nuevo
100502,Severo Álvaro Barrena,2023-07-15,1,nuevo
108816,Evita Jaume,2023-09-06,1,nuevo
107626,Pilar Daza Posada,2020-07-12,1,nuevo
110887,Reyes Cortés,2021-02-13,1,nuevo
104621,Juan Manuel Alba Espada,2024-01-21,1,nuevo
101304,Sebastián Galván Guillén,2024-03-31,1,nuevo
102477,Flora Cózar Espejo,2020-06-23,1,nuevo
101099,Loreto Riquelme Morillo,2023-09-06,1,nuevo
111050,Viviana Belmonte Cueto,2021-12-21,1,nuevo
108204,Esperanza Rocamora-Hervia,2022-07-10,1,nuevo
104589,Aureliano Ródenas-Vergara,2020-11-16,1,nuevo
113757,Lucila Mata,2021-12-11,1,nuevo
114336,Ricardo Taboada-Manuel,2022-12-23,1,nuevo
108242,Amado Asenjo-Araujo,2020-09-05,1,nuevo
102209,Silvio Pareja Carretero,2022-04-01,1,nuevo
100860,María Jesús Rubio Tejedor,2021-02-26,1,nuevo
107523,Gloria Ordóñez-Gonzalez,2024-03-04,1,nuevo
100686,Eladio Vives,2021-01-12,1,nuevo
104833,Tristán Campoy Cortina,2022-05-16,1,nuevo
101117,Aurora Blanch-Mulet,2023-01-04,1,nuevo
112671,Isidora Ropero Nieto,2023-07-07,1,nuevo
108013,Augusto Palomares-Cadenas,2020-11-19,1,nuevo
100642,Cecilia Herrero Trillo,2021-12-03,1,nuevo
112389,Quique Noguera Amorós,2023-10-17,1,nuevo
103649,Leonor Baeza Barco,2020-05-22,1,nuevo
108562,Aureliano Cirino Martín Coello,2023-03-26,1,nuevo
104385,Lope Simó Carballo,2021-04-05,1,nuevo
102780,Corona Alegria Santamaria,2020-12-24,1,nuevo
113995,Anastasio Nico Tirado Olivera,2021-04-20,1,nuevo
108955,Fausto Cardona Badía,2021-08-01,1,nuevo
109543,Jose Angel Urrutia Andreu,2024-01-19,1,nuevo
100857,Adrián de Salvador,2023-02-14,1,nuevo
105160,Candelario Bermudez,2020-06-30,1,nuevo
105500,Primitiva Chaparro Riera,2023-08-26,1,nuevo
113927,Odalys Maite Castelló Robles,2023-03-13,1,nuevo
102851,Aníbal Emilio Escribano Gisbert,2024-07-05,1,nuevo
103547,Kike del Bellido,2023-07-06,1,nuevo
106259,Anabel Tejero,2023-07-07,1,nuevo
102121,Carmina Mateos Bellido,2023-04-18,1,nuevo
107692,Ágata Codina Leon,2024-08-15,1,nuevo
107692,Ágata Codina Leon,2024-08-15,1,nuevo
104326,Chelo Calzada Miguel,2021-03-20,1,nuevo
110066,Vito Armengol Rius,2021-04-05,1,nuevo
101375,Eugenio Calvet Calleja,2023-12-28,1,nuevo
111064,María Jesús Lupe Mateu Fabra,2023-11-23,1,nuevo
102196,Ismael Carbajo Camino,2024-06-20,1,nuevo
103630,Odalys del Zabaleta,2021-12-12,1,nuevo
112896,Azeneth Chus Ortuño Montalbán,2024-07-16,1,nuevo
108328,Adriana Bastida Alberto,2021-12-07,1,nuevo
110759,Petrona de Figuerola,2023-09-15,1,nuevo
107217,Dan Aguilera Juliá,2022-06-01,1,nuevo
111642,Luis Miguel Peñas Saavedra,2022-03-24,1,nuevo
113991,Plácido Prat Asenjo,2020-12-20,1,nuevo
104379,Plinio José Ángel Sabater Beltrán,2022-04-01,1,nuevo
102822,Adolfo Renato Acevedo Camps,2020-12-03,1,nuevo
114311,Evelia del Calzada,2023-04-11,1,nuevo
111681,Elisa Cecilia Benet Goicoechea,2020-08-04,1,nuevo
102683,Julio César Riquelme Lumbreras,2023-07-21,1,nuevo
106292,Seve Berrocal Robles,2022-06-13,1,nuevo
100206,Úrsula de Sáez,2023-09-16,1,nuevo
107881,Amalia España,2020-04-28,1,nuevo
107330,Ildefonso Antúnez Perales,2021-08-18,1,nuevo
103200,Jose Antonio Aramburu Marin,2020-09-19,1,nuevo
106799,Obdulia Manrique Duarte,2022-04-03,1,nuevo
109949,Lorena Almeida-Vargas,2020-04-01,0,nuevo
109982,Esmeralda Valero,2024-08-22,0,nuevo
102992,Olga Isern,2024-04-15,0,nuevo
105014,Ani Benavides Cervera,2023-08-17,0,nuevo
104872,Hipólito Guerra Marín,2021-07-24,0,nuevo
104861,Albert Rozas-Capdevila,2022-12-04,0,nuevo
102068,Jose Francisco Xavier Tur Corbacho,2020-08-28,0,nuevo
101509,Juan Luis Lastra Olmedo,2021-03-30,0,nuevo
109614,Lilia Martinez Aranda,2022-10-05,0,nuevo
100322,Azahar Toledo Hernando,2024-02-19,0,nuevo
114863,Lina Anguita-Quirós,2020-05-01,0,nuevo
109884,Odalys Pont Poza,2021-10-20,0,nuevo
109330,Marianela Marcos,2022-05-09,0,nuevo
106830,Alejandro Gutierrez Palau,2023-02-20,0,nuevo
110647,Laura Borrell Feijoo,2022-10-25,0,nuevo
104752,Marcelino Llobet Zaragoza,2020-12-23,0,nuevo
113729,Ignacio Dalmau Solé,2024-02-12,0,nuevo
108882,María Cristina Chaves Riba,2024-06-16,0,nuevo
111470,Eutropio Arranz Mayoral,2021-04-22,0,nuevo
112394,Fabián Cabello Yáñez,2022-01-20,0,nuevo
110638,Pilar Vilma Martin Ropero,2021-03-30,0,nuevo
114013,Claudia Alba Marin,2022-06-01,0,nuevo
102754,Elpidio Domingo Garcia,2024-08-01,0,nuevo
107496,Calixta Oliver Pol,2023-08-01,0,nuevo
107700,Juliana Perelló Durán,2020-11-22,0,nuevo
114695,Brígida Goicoechea Peña,2023-12-27,0,nuevo
105187,Graciela Valencia Campillo,2021-06-19,0,nuevo
100132,Juanito Alonso Estevez,2020-04-30,0,nuevo
107656,Georgina Rivero-Piñol,2024-01-03,0,nuevo
107203,Emilia Marí Sola,2021-12-26,0,nuevo
104075,Nazaret Vara Mayo,2020-05-01,0,nuevo
106324,Rosalía Rojas Vizcaíno,2024-05-31,0,nuevo
102620,Aurelia del Rovira,2022-01-05,0,nuevo
105479,Hugo Ibañez-Jaén,2024-08-06,0,nuevo
112075,Jordán de Arnal,2020-07-14,0,nuevo
108999,Víctor Pascual Izaguirre Villanueva,2024-02-28,0,nuevo
111822,Eligia Pou Paniagua,2022-02-20,0,nuevo
112337,María Dolores Gracia Manjón,2022-11-02,0,nuevo
110308,Rubén Herrera Ruano,2022-11-19,0,nuevo
100111,María Carmen Alma Vaquero Carpio,2021-09-03,0,nuevo
102443,Elisa Laguna,2020-03-19,0,nuevo
102523,Amando Salom Mariño,2023-07-25,0,nuevo
103563,Mateo Maza-Ugarte,2022-01-19,0,nuevo
113296,Nicodemo Morell Caballero,2022-11-26,0,nuevo
111116,Marisol Cervantes Juliá,2020-12-09,0,nuevo
110209,Juan Pablo Riquelme,2022-06-01,0,nuevo
107820,Juan Soler Grande,2021-01-18,0,nuevo
101946,Martín Royo,2021-07-20,0,nuevo
100096,Vasco de Mármol,2020-12-11,0,nuevo
102612,José Antonio Artigas Zaragoza,2022-02-09,0,nuevo
100220,Pepito Feliu,2020-04-13,0,nuevo
107697,Olimpia Ramón Roldan,2023-10-12,0,nuevo
100060,Edelmiro Bauzà,2020-04-05,0,nuevo
112305,Osvaldo Benítez Peinado,2023-06-29,0,nuevo
112305,Osvaldo Benítez Peinado,2023-06-29,0,nuevo
102458,Sebastián Iriarte Fuente,2024-07-22,0,nuevo
106940,Cristian Daza Guillen,2024-01-31,0,nuevo
104731,Gustavo Cabezas Ferrero,2021-04-21,0,nuevo
107472,Casandra Bonilla Lledó,2020-08-31,0,nuevo
100462,Hilda Barriga Bas,2020-04-14,0,nuevo
111124,Baltasar José Mari Segovia Iborra,2023-09-25,0,nuevo
111124,Baltasar José Mari Segovia Iborra,2023-09-25,0,nuevo
106303,Virginia Anita Pereira Saavedra,2021-01-09,0,nuevo
111393,Felicia de Valentín,2021-02-28,0,nuevo
105156,Jordana Ramis Martí,2021-08-22,0,nuevo
100399,Rubén Frutos Olivera,2024-05-17,0,nuevo
110118,Charo Barriga-Roldán,2023-11-11,0,nuevo
102376,Lorena Bejarano Cortina,2020-03-31,0,nuevo
103102,Corona Millán Cuadrado,2023-09-25,0,nuevo
105157,Soraya Roma-Muro,2022-11-13,0,nuevo
101787,Jose Carlos Cayetano Reguera Zorrilla,2023-02-23,0,nuevo
101695,Martirio Olivares Páez,2020-12-06,0,nuevo
103291,Nico Ribas Arrieta,2020-06-03,0,nuevo
103847,Encarnación Cazorla,2024-03-16,0,nuevo
109098,Irma Olivera Bolaños,2020-07-14,0,nuevo
106825,Amancio Rodolfo Pinilla Cervantes,2021-01-10,0,nuevo
110679,Alicia Cuéllar,2024-02-13,0,nuevo
108247,Elba Torres Figuerola,2021-04-11,0,nuevo
113403,Ceferino Sureda Andrade,2023-12-29,0,nuevo
104827,Marcos Briones Lerma,2020-05-02,0,nuevo
105602,Darío Agustí Calzada,2020-12-03,0,nuevo
111670,Petrona Salazar Pintor,2021-01-05,0,nuevo
104853,Jose Miguel Gelabert,2024-06-17,0,nuevo
110492,Cándido Machado Elorza,2023-11-19,0,nuevo
108760,Lázaro Bayona,2020-10-03,0,nuevo
112208,Eloísa Mayo Gárate,2024-02-26,0,nuevo
105130,Melchor Juan Carlos Carvajal Carranza,2023-09-27,0,nuevo
104398,Ligia del Barriga,2020-04-02,0,nuevo
103718,Rosa María del Madrid,2020-05-05,0,nuevo
108249,Víctor del Quintanilla,2022-11-29,0,nuevo
104101,Candela Cruz Ariza,2022-06-03,0,nuevo
113896,Florentina Carranza,2020-10-30,0,nuevo
113798,Valerio Campoy Amorós,2021-04-24,0,nuevo
103019,Dorita Pedraza Ribera,2023-10-08,0,nuevo
102693,Pascual Quiroga,2024-01-16,0,nuevo
103572,Lucas Lasa Guerra,2022-10-30,0,nuevo
104601,Camila Flores Morante,2022-09-17,0,nuevo
104786,Diego Torrents-Figuerola,2022-10-30,0,nuevo
102665,Natividad Villaverde Lluch,2022-04-17,0,nuevo
105310,Juan Pablo Caballero-Cañizares,2023-03-26,0,nuevo
104873,Ana Sofía Gomila Castilla,2020-08-29,0,nuevo
108603,Jaime Perea Valcárcel,2023-06-09,0,nuevo
101732,Martirio Galvez,2021-10-21,0,nuevo
102623,Rosario del Capdevila,2024-04-21,0,nuevo
102319,Demetrio Soler,2020-03-03,0,nuevo
113481,Concepción de Adadia,2021-12-14,0,nuevo
109697,Mateo Cámara Montoya,2022-06-03,0,nuevo
101167,Vanesa de Izquierdo,2021-09-24,0,nuevo
101452,Clímaco Uribe Company,2024-08-10,0,nuevo
101452,Clímaco Uribe Company,2024-08-10,0,nuevo
111083,Otilia del Zabaleta,2024-08-25,0,nuevo
107200,Vanesa Escribano Ayllón,2022-06-17,0,nuevo
104547,Teresita Rodríguez,2021-06-11,0,nuevo
105665,Prudencio Portero Oliveras,2021-07-14,0,nuevo
104904,Sabas Borrás-Camps,2021-05-23,0,nuevo
112535,Julie Company Coca,2021-04-22,0,nuevo
103261,Constanza Xiomara Flor Guzmán,2024-04-04,0,nuevo
101944,Mercedes Sarmiento Azorin,2022-01-05,0,nuevo
113156,Noelia Cortes Osuna,2021-03-23,0,nuevo
106671,Corona Casals Carbonell,2021-10-13,0,nuevo
111323,Eva María Esteban,2021-11-24,0,nuevo
101348,Flavia Vaquero Morante,2023-09-14,0,nuevo
105338,Emma Íngrid Jara Neira,2021-11-21,0,nuevo
108662,Encarnacion Cañas Llanos,2021-01-10,0,nuevo
101209,Venceslás Cervera Alvarado,2020-08-11,0,nuevo
102993,Florentino Alvarado-Nogués,2022-05-27,0,nuevo
101955,Ariel Roberto Barral Nebot,2024-03-20,0,nuevo
108222,Benita Cervantes-Bolaños,2023-12-20,0,nuevo
109609,Saturnino Santamaria Melero,2020-03-08,0,nuevo
101512,Tatiana Aroca Echevarría,2023-08-30,0,nuevo
109067,Irma Rosalina Bárcena Terrón,2022-06-07,0,nuevo
101514,Ariel Yáñez Bravo,2020-10-23,0,nuevo
107443,Cruz Jordi Bartolomé Mariscal,2021-01-18,0,nuevo
102597,Eligio Macías Sarmiento,2024-01-22,0,nuevo
106084,Begoña Pastor Carreras,2020-03-11,0,nuevo
112050,Feliciana Montero Carvajal,2022-12-18,0,nuevo
106046,Silvestre Solana,2020-04-17,0,nuevo
114575,Valentín Solera Rebollo,2022-02-16,0,nuevo
114841,Bartolomé de Barros,2023-10-11,0,nuevo
113577,Mónica Ramis Adán,2022-10-26,0,nuevo
103845,Carmelo Carreño Sanz,2023-10-08,0,nuevo
106367,Valerio Coca Roselló,2021-06-15,0,nuevo
113389,Jessica Leal,2021-07-15,0,nuevo
109089,Miguel Ángel Ayuso-Carmona,2024-08-19,0,nuevo
104082,Rosa María Tamarit Llorente,2024-08-04,0,nuevo
104510,Calisto Chacón Herrera,2022-10-11,0,nuevo
112638,Victor Manuel Casas,2021-11-19,0,nuevo
105658,Timoteo Cayetano Solano Duque,2020-03-26,0,nuevo
104591,Laura Nieto-Valls,2021-09-23,0,nuevo
111682,Teodosio del Linares,2021-12-07,0,nuevo
106271,Leandra Mayol Ropero,2021-06-02,0,nuevo
104247,Nayara Monreal Perez,2022-12-29,0,nuevo
104463,Santiago Calderon Manzano,2024-03-31,0,nuevo
104817,Alonso Hernando Gabaldón Vilanova,2022-01-05,0,nuevo
104210,Ágata Santamaria Osorio,2023-05-20,0,nuevo
104014,Aránzazu Iñiguez,2021-04-14,0,nuevo
109070,Florencio de Uría,2021-01-27,0,nuevo
105666,Paulino Solsona Leiva,2020-07-21,0,nuevo
114186,Tadeo de Jara,2021-12-26,0,nuevo
103345,Emelina del Durán,2021-05-25,0,nuevo
108162,Ámbar Pascual Múgica,2022-11-13,0,nuevo
111937,Obdulia Alcolea Reig,2024-03-06,0,nuevo
107541,Alejo Agullo Pablo,2022-04-08,0,nuevo
110840,Bautista de Mariño,2022-02-13,0,nuevo
112467,Leonardo de Martí,2023-09-22,0,nuevo
111760,Emiliana Tapia,2021-05-12,0,nuevo
108909,Elodia Salamanca-Acevedo,2023-01-13,0,nuevo
113735,Irene Acedo Bosch,2024-04-22,0,nuevo
104411,Oriana Martinez Coll,2023-08-25,0,nuevo
108819,Máxima Porta Miralles,2020-03-08,0,nuevo
102518,Abril Machado Puerta,2024-05-07,0,nuevo
107188,Manolo Rivera Arrieta,2024-04-25,0,nuevo
109367,Ovidio Bauzà Cid,2022-04-12,0,nuevo
111581,Fabio Cerezo Chico,2021-07-20,0,nuevo
102037,Rolando Nilo Prado Hierro,2024-03-25,0,nuevo
103066,Angelina Cuervo Bermúdez,2023-04-03,0,nuevo
112334,Leonor del Naranjo,2021-08-10,0,nuevo
110784,Malena del Pacheco,2024-07-28,0,nuevo
105341,Lourdes Carlos Gisbert,2020-08-30,0,nuevo
101428,Pili Tudela Huerta,2020-04-14,0,nuevo
104107,Edelmira Mayoral Castelló,2021-08-27,0,nuevo
101042,Julio Quirós Malo,2021-04-04,0,nuevo
112781,Martín Olivé-Mur,2023-01-06,0,nuevo
105724,Celso de Moreno,2023-04-23,0,nuevo
104340,Edelmira de Capdevila,2023-04-11,0,nuevo
105024,Vanesa Alberto Vicens,2024-01-04,0,nuevo
108310,Salomé Acosta Montero,2020-11-17,0,nuevo
105050,Ovidio Soto Balaguer,2024-03-09,0,nuevo
114983,Ulises Cañas Calatayud,2021-11-20,0,nuevo
100215,Elías Paniagua Rivas,2023-03-16,0,nuevo
103426,Humberto Bustamante Carbajo,2021-09-23,0,nuevo
114646,Galo del Marquez,2021-11-22,0,nuevo
107106,Eligio Torres,2023-03-03,0,nuevo
102488,Jenaro Valentín Estrada,2023-09-03,0,nuevo
108445,Leticia Borrego Águila,2024-03-07,0,nuevo
103249,Reynaldo Ruano Borrego,2021-12-19,0,nuevo
112073,Ana Sofía Dueñas,2022-11-19,0,nuevo
102183,Jesusa Bermejo,2024-01-19,0,nuevo
113756,Amílcar Peñalver Solsona,2020-05-11,0,nuevo
103419,Primitivo Sierra Acevedo,2023-05-05,0,nuevo
103690,Sabina Rodrigo Guillen,2022-08-20,0,nuevo
113612,Esperanza Cal Cervantes,2020-04-25,0,nuevo
103116,Santos Zaragoza Manzano,2022-07-02,0,nuevo
112965,Aureliano del Meléndez,2022-12-21,0,nuevo
111246,Dolores Pedrero Abellán,2022-10-19,0,nuevo
107839,Saturnina Montes Crespo,2022-04-13,0,nuevo
101499,Lino Galván Álvarez,2024-07-29,0,nuevo
107064,Sergio Hernán Calatayud Rivas,2021-05-01,0,nuevo
109888,Vito Amaya Arnau,2020-06-02,0,nuevo
104302,Petrona Cañellas Villena,2023-07-09,0,nuevo
105376,Pascuala Fabregat,2020-07-24,0,nuevo
110619,Verónica Barroso Godoy,2023-09-18,0,nuevo
102056,Lalo Huguet Camino,2023-04-14,0,nuevo
102059,Nacio Bustamante Sastre,2024-03-03,0,nuevo
104044,Graciano Anselmo Benavente Millán,2021-01-17,0,nuevo
104788,Eulalia Guadalupe Tovar Palomo,2020-07-13,0,nuevo
108957,Luz Folch Escolano,2020-11-12,0,nuevo
113917,Ismael Poza Gonzalez,2020-06-27,0,nuevo
105853,Paola Ugarte Aparicio,2023-10-21,0,nuevo
109801,Rosendo Miralles,2020-06-27,0,nuevo
103899,Maribel Cervera Noguera,2020-04-27,0,nuevo
108607,Magdalena Silva Nicolau,2021-03-25,0,nuevo
113446,Cintia Luz Agullo Alonso,2020-12-21,0,nuevo
112908,Samanta Landa Mosquera,2023-07-06,0,nuevo
111264,Pancho Tadeo Pomares Gonzalez,2021-01-23,0,nuevo
105119,Javier Calzada Villa,2022-12-27,0,nuevo
102985,Valero Luna Castillo,2023-05-12,0,nuevo
112133,Agapito Arias Casanova,2023-08-02,0,nuevo
103080,Albino Giménez Trillo,2024-06-27,0,nuevo
103324,Sancho Gálvez Vergara,2024-02-10,0,nuevo
102047,Ricarda Palmira Oller Santos,2021-02-01,0,nuevo
104348,Victor Tamarit Barón,2023-01-30,0,nuevo
112295,Manola Capdevila-Cervera,2023-06-11,0,nuevo
113623,Roldán Recio Sáez,2022-02-07,0,nuevo
105293,Zoraida Andrade Barragán,2020-07-19,0,nuevo
114974,Arsenio Pujol,2021-12-20,0,nuevo
102348,Ale Infante Franco,2022-10-24,0,nuevo
110724,Arturo Nevado,2023-09-04,0,nuevo
106067,Sabas Tirado Rodrigo,2024-06-01,0,nuevo
106224,Feliciana Izaguirre Frías,2022-11-08,0,nuevo
106224,Feliciana Izaguirre Frías,2022-11-08,0,nuevo
100669,Eli Naranjo Nebot,2020-10-15,0,nuevo
106122,Alba Villegas Gallardo,2022-10-16,0,nuevo
106122,Alba Villegas Gallardo,2022-10-16,0,nuevo
103034,Hortensia Cuéllar Serra,2020-09-05,0,nuevo
109368,Che Rueda,2023-05-04,0,nuevo
102486,Otilia Royo Teruel,2022-05-10,0,nuevo
111798,Regina Polo Pou,2023-03-18,0,nuevo
113594,Jenny Montserrat Lillo,2022-08-30,0,nuevo
104128,Laura Nuñez,2022-10-05,0,nuevo
106390,Sabina Garrido Corral,2023-07-21,0,nuevo
101043,Haydée Rozas Bermejo,2021-03-18,0,nuevo
107542,Reina Collado-Sandoval,2020-04-09,0,nuevo
103207,Alonso Porta Luna,2021-03-15,0,nuevo
111810,Magdalena Fortunata Bermúdez Lillo,2020-12-01,0,nuevo
113567,Alfonso Pol-Solera,2024-04-27,0,nuevo
111292,Belén Palacio Criado,2022-10-13,0,nuevo
104437,Tania Marco,2022-03-03,0,nuevo
108027,Hermenegildo Sala Amat,2023-04-07,0,nuevo
108027,Hermenegildo Sala Amat,2023-04-07,0,nuevo
110761,Donato Rosa-Uriarte,2021-05-02,0,nuevo
106209,Adoración España Bonilla,2022-09-21,0,nuevo
110551,Isaías Jimenez Salinas,2022-11-18,0,nuevo
100734,Venceslás Robles Luna,2021-09-16,0,nuevo
106760,Bernardita Tapia Carreño,2020-07-27,0,nuevo
106152,José Mari Palomar Tomé,2020-11-22,0,nuevo
114829,Tania Arnaiz Mateo,2023-03-16,0,nuevo
100554,Susanita Iriarte Fernandez,2023-09-19,0,nuevo
103039,Amelia de Benavente,2021-06-21,0,nuevo
106815,Eli Pujol Elías,2023-05-15,0,nuevo
112670,Febe Bellido Briones,2022-07-19,0,nuevo
112582,Dan Puga Cueto,2020-08-13,0,nuevo
113570,Claudia España Baró,2020-11-25,0,nuevo
109752,Heliodoro Rosario Barral Bonilla,2023-11-05,0,nuevo
110042,María Cueto Mur,2023-09-27,0,nuevo
105577,Candelario Roldán Pont Blanca,2022-04-02,0,nuevo
105435,Nicodemo Valbuena,2022-03-22,0,nuevo
105153,Valeria Rosa Pedro,2020-11-10,0,nuevo
101497,Fátima de Herrera,2022-01-23,0,nuevo
111251,Luis Miguel Haro Sastre,2022-12-22,0,nuevo
113101,Juan del Roldán,2020-03-15,0,nuevo
114237,María Carmen Heras Barrios,2023-04-03,0,nuevo
109675,Yolanda de Benito,2020-08-07,0,nuevo
104149,Carolina Hernández Hervás,2022-04-10,0,nuevo
103860,Luisa Barrio Segura,2021-06-06,0,nuevo
106028,Benjamín Galán-Font,2022-12-26,0,nuevo
108485,Prudencia Batlle,2020-04-01,0,nuevo
114601,Luis Fernández Briones,2022-06-26,0,nuevo
103188,Emperatriz Zabala Zamora,2021-05-20,0,nuevo
109965,Marco Pedrosa,2022-09-30,0,nuevo
100821,Lucio del Redondo,2023-12-31,0,nuevo
101644,Amílcar Ferrando Jaume,2020-12-05,0,nuevo
110440,Rómulo Sanmartín Pino,2024-06-24,0,nuevo
102632,Sofía Bertrán,2024-03-21,0,nuevo
100108,Darío Benítez Vilar,2021-05-06,0,nuevo
100368,Carlos Sierra Bermúdez,2020-06-25,0,nuevo
100417,Leonor Falcón,2023-01-23,0,nuevo
106511,Begoña Bonilla Guijarro,2021-11-11,0,nuevo
103922,Nélida Valenciano Garay,2024-02-14,0,nuevo
112442,Calisto Andreu Requena,2021-10-19,0,nuevo
106238,Charo del Cuevas,2023-10-10,0,nuevo
106694,Jennifer Calatayud Dávila,2021-08-05,0,nuevo
108140,Catalina Mancebo-Lerma,2023-02-12,0,nuevo
105517,Nilo Fiol Fábregas,2023-06-22,0,nuevo
111897,Gustavo Heredia Mate,2024-01-26,0,nuevo
110217,Nélida Arcelia Carrión Cobos,2024-07-28,0,nuevo
111690,Ramiro Leal Valverde,2023-01-25,0,nuevo
105573,Dominga de Adadia,2022-11-04,0,nuevo
108016,Aránzazu Calderón Pazos,2020-03-05,0,nuevo
105490,Alba de Bastida,2024-08-29,0,nuevo
105279,Nicodemo Fortuny,2020-03-29,0,nuevo
112723,Bárbara Ros Duque,2020-08-26,0,nuevo
107202,Alicia Griselda Ruano Segarra,2021-10-20,0,nuevo
109245,Carolina Riquelme-Domínguez,2020-03-13,0,nuevo
102981,Gregorio del Nieto,2023-07-18,0,nuevo
100382,Calista Amorós-Bermúdez,2023-11-20,0,nuevo
110299,Gracia Porta Benavent,2023-06-23,0,nuevo
108523,Ani Sotelo Carbonell,2022-12-07,0,nuevo
100347,Evaristo Canet Leon,2023-10-18,0,nuevo
110120,Mónica Gelabert Estévez,2024-06-26,0,nuevo
104756,Zaida Lladó Durán,2021-12-25,0,nuevo
100323,Trini Goicoechea Barón,2024-05-07,0,nuevo
106312,Moreno Juárez Caparrós,2024-07-01,0,nuevo
110867,Calixto Hoz,2024-04-17,0,nuevo
102755,Maribel Ayuso Maza,2024-07-15,0,nuevo
104818,Valero Duarte Trillo,2021-03-06,0,nuevo
107334,Cintia Alcázar Viña,2024-01-12,0,nuevo
108789,Marina Font Sales,2024-04-04,0,nuevo
107793,Lorenza Sanmartín Quintana,2020-10-09,0,nuevo
103329,Isa Huertas Mateos,2023-12-26,0,nuevo
107223,Valerio Sanmartín Puig,2023-11-28,0,nuevo
109358,Amelia Campillo,2021-07-23,0,nuevo
106596,Fulgencio Dávila,2022-06-13,0,nuevo
101202,Griselda Rosell Gámez,2022-10-29,0,nuevo
102728,Albano Losada Noguera,2024-03-28,0,nuevo
113541,María Carmen del Tamarit,2023-03-29,0,nuevo
110530,Carlos Angulo Navarrete,2022-07-19,0,nuevo
100037,Sara Galán Uría,2023-07-19,0,nuevo
106508,Rubén Cardona Hernandez,2021-08-30,0,nuevo
105810,Marcos Mario Vilaplana Peiró,2020-06-29,0,nuevo
107135,Diego Vigil Sáez,2021-05-23,0,nuevo
105529,Ágata Contreras Checa,2021-10-17,0,nuevo
110888,Eliana del Meléndez,2020-03-04,0,nuevo
107475,Jose Guerra-Serna,2020-06-13,0,nuevo
114348,Visitación Hernández-Rozas,2022-11-27,0,nuevo
110229,Rosario Guillermo Arellano Muro,2024-01-31,0,nuevo
107933,Emilio Roselló Lucas,2020-10-02,0,nuevo
110785,Paulina Rodrigo Hervia,2021-10-06,0,nuevo
112710,Carla del Herrera,2024-08-27,0,nuevo
103032,Ale Benito-Fuertes,2023-11-13,0,nuevo
114198,León Giner Álamo,2021-09-12,0,nuevo
102978,Adolfo Navarrete Cuevas,2024-06-20,0,nuevo
109943,María Fernanda Ferrández Gascón,2022-09-13,0,nuevo
101747,Esmeralda Robledo,2020-09-24,0,nuevo
110304,Efraín Gutiérrez,2022-06-20,0,nuevo
107761,Elvira Lara Antón,2024-01-02,0,nuevo
103406,Encarnacion Reguera,2024-04-11,0,nuevo
111213,Beatriz Castañeda,2021-04-11,0,nuevo
104739,Rosalía Villalobos Milla,2020-06-22,0,nuevo
112366,Nélida Carrera Castilla,2022-06-14,0,nuevo
107771,Visitación Campo Valcárcel,2024-06-05,0,nuevo
102508,Jaime Salas Velasco,2021-10-01,0,nuevo
102508,Jaime Salas Velasco,2021-10-01,0,nuevo
108122,Olegario Cabello-Cerdán,2021-05-06,0,nuevo
107647,Silvia Salmerón Borrás,2020-09-18,0,nuevo
100211,Gisela Coloma Roma,2024-07-07,0,nuevo
113671,Manu Sevilla-Ugarte,2021-11-06,0,nuevo
114485,Raquel Linares Berrocal,2021-02-06,0,nuevo
107308,Fidela Bilbao,2022-08-13,0,nuevo
102616,Susanita Sotelo Guzmán,2020-05-12,0,nuevo
110802,Fidel Acuña Andres,2022-08-14,0,nuevo
103496,Flora Alegre Goicoechea,2022-10-12,0,nuevo
108773,Santos del Duque,2021-08-05,0,nuevo
108773,Santos del Duque,2021-08-05,0,nuevo
101953,Nacho Rovira Santamaría,2020-06-03,0,nuevo
101444,Yésica Rosa Escamilla,2023-03-21,0,nuevo
105021,Marcelino Roma Garzón,2020-03-25,0,nuevo
102938,Antonio Calleja Villalonga,2021-06-15,0,nuevo
111282,Augusto Meléndez,2023-11-10,0,nuevo
111059,Aura Bravo Valenzuela,2023-12-11,0,nuevo
114473,Germán Cañizares Alegria,2020-06-26,0,nuevo
112660,Calista González Castrillo,2024-04-13,0,nuevo
113128,Leonor Serrano Feliu,2023-08-10,0,nuevo
108372,Renata Pujol,2022-12-13,0,nuevo
100485,Olivia Folch Mora,2022-03-14,0,nuevo
104490,Narciso Revilla Alberto,2023-07-07,0,nuevo
100899,Gregorio Cornejo Gutierrez,2020-05-11,0,nuevo
101733,Benigna Ros Riquelme,2024-04-10,0,nuevo
106096,Angelino Ropero Delgado,2023-07-14,0,nuevo
102641,Adelia Sarmiento Francisco,2021-02-27,0,nuevo
101251,Adelina Roura Pinilla,2023-02-17,0,nuevo
110592,Nazaret Casanovas Valcárcel,2021-10-22,0,nuevo
101780,Ciriaco Pinedo Borja,2022-06-11,0,nuevo
101780,Ciriaco Pinedo Borja,2022-06-11,0,nuevo
113870,Carmelita Cruz Prado,2020-04-05,0,nuevo
108192,Daniela Reguera,2022-12-13,0,nuevo
108951,Luciano de Madrigal,2021-12-07,0,nuevo
102304,Selena Malo-Belda,2024-04-07,0,nuevo
105982,Fausto Rivera-Prieto,2022-11-21,0,nuevo
112873,Ildefonso Mate Rivero,2020-03-01,0,nuevo
100583,Daniel Santiago Cortés,2023-08-20,0,nuevo
111978,Onofre Vidal Suárez Mayol,2021-08-19,0,nuevo
100719,Tito Lucena Campo,2022-02-07,0,nuevo
107440,Ibán Valls Millán,2021-12-06,0,nuevo
104085,Dora Borrell,2020-11-25,0,nuevo
101871,Fabio Hernandez Camps,2022-12-20,0,nuevo
113062,María Atienza Collado,2023-05-25,0,nuevo
106552,Rafaela Ruiz Casas,2021-01-03,0,nuevo
105124,Jafet Girona Guerrero,2021-01-06,0,nuevo
103546,Lorenza Encarnita Gómez Peñalver,2024-05-28,0,nuevo
105013,Gilberto Casanovas Morera,2020-04-26,0,nuevo
115072,Jenaro Franco Garmendia,2022-03-25,0,nuevo
105149,María Teresa Torrents,2020-10-02,0,nuevo
111068,María Belén Rivera Galan,2023-01-26,0,nuevo
111068,María Belén Rivera Galan,2023-01-26,0,nuevo
100751,Edu Mulet Ferreras,2023-06-16,0,nuevo
103450,Marino del Páez,2022-06-09,0,nuevo
110188,Faustino de Gilabert,2020-10-18,0,nuevo
101840,Ceferino Jódar-Carmona,2020-12-16,0,nuevo
110499,Leandro del Giner,2022-08-06,0,nuevo
105563,Américo Miranda-Duarte,2020-05-08,0,nuevo
114449,Sofía Conde,2024-02-16,0,nuevo
108695,Martín Cabañas Tomás,2020-06-30,0,nuevo
109357,Tania Alvarado,2021-04-28,0,nuevo
101537,Tamara Benítez,2022-04-16,0,nuevo
107307,Leyre Lorenzo-Doménech,2024-02-04,0,nuevo
101370,Alondra Molina-Llamas,2023-05-29,0,nuevo
100741,Delia Pizarro Arribas,2020-08-30,0,nuevo
110703,Gloria Pozo Piñol,2020-09-26,0,nuevo
109864,Cándido Bermúdez-Palomo,2020-08-14,0,nuevo
101189,Ignacia Solera Pacheco,2021-06-10,0,nuevo
108479,Chucho del Moll,2024-07-31,0,nuevo
112675,Otilia Frías-Jiménez,2024-02-26,0,nuevo
107333,Teodoro Pagès Macias,2023-01-31,0,nuevo
102528,Aurelia de Domínguez,2022-03-13,0,nuevo
102128,Eliseo Carmona Landa,2023-03-17,0,nuevo
110457,Ainara Córdoba Ribas,2021-12-12,0,nuevo
102765,Edu Cózar Daza,2022-04-14,0,nuevo
113288,José Antonio Angulo Guerrero,2023-04-25,0,nuevo
106249,Morena Pedrero-Huguet,2021-10-31,0,nuevo
113908,Olivia Alcolea Paredes,2021-05-06,0,nuevo
106909,Sosimo Capdevila Canals,2023-09-12,0,nuevo
110415,María Pilar Amalia Portero Gascón,2024-03-03,0,nuevo
102058,Ana Ropero Santos,2023-05-28,0,nuevo
105693,Nacio Riba Palomo,2023-03-27,0,nuevo
108274,Estela Piquer Bautista,2020-11-12,0,nuevo
112149,Marc Solano,2024-06-23,0,nuevo
103489,Baltasar Carrión Amat,2020-06-13,0,nuevo
113373,Oriana Armas Barba,2022-02-13,0,nuevo
113373,Oriana Armas Barba,2022-02-13,0,nuevo
111529,Mayte Carmona Camacho,2022-07-31,0,nuevo
114253,José Manuel de Noguera,2022-01-11,0,nuevo
109623,Gala del Martín,2022-04-16,0,nuevo
107174,Fermín Guardiola Vara,2020-06-16,0,nuevo
108385,Valero Crespo Campillo,2023-03-25,0,nuevo
101711,Efraín del Morales,2020-09-27,0,nuevo
113770,Albert Adadia Acevedo,2022-06-12,0,nuevo
112961,Ambrosio Sureda-Roda,2020-12-27,0,nuevo
112642,Toni Leiva Tomás,2021-05-18,0,nuevo
103001,Valentín Miguel Hoz,2021-07-11,0,nuevo
103703,Esmeralda Salinas Esparza,2021-01-21,0,nuevo
109034,Desiderio Taboada Villa,2023-06-06,0,nuevo
102408,Amparo Gallo Bernat,2023-10-07,0,nuevo
113054,Abigaíl Páez Llano,2021-05-16,0,nuevo
113819,Albino Castellanos Roselló,2021-12-09,0,nuevo
102911,Fernando de Suarez,2023-04-24,0,nuevo
110330,Luis Miguel Dávila Benitez,2023-08-24,0,nuevo
100762,Cándida Begoña Alonso Bonet,2023-05-16,0,nuevo
100762,Cándida Begoña Alonso Bonet,2023-05-16,0,nuevo
115043,Isidora Dulce Capdevila Blanes,2022-09-16,0,nuevo
111577,Ruben Fernando Bayo Serna,2020-09-26,0,nuevo
105937,Isabela Hernandez-Vazquez,2020-08-23,0,nuevo
102929,Anastasio Ruiz Jara,2024-03-14,0,nuevo
103167,Ángela Buendía Paredes,2024-02-19,0,nuevo
104654,Alicia Dueñas-Yáñez,2020-07-05,0,nuevo
100181,Dorita Barriga-Sáenz,2022-10-01,0,nuevo
112387,Etelvina Salom Rebollo,2022-01-01,0,nuevo
104926,Tristán Molina Garzón,2022-08-19,0,nuevo
102219,Susanita Capdevila Ortiz,2024-07-06,0,nuevo
114290,Atilio Escolano Corral,2020-03-04,0,nuevo
101956,Constanza Sevillano Gimeno,2020-12-29,0,nuevo
101058,Eliseo Suárez Peiró,2023-09-15,0,nuevo
109308,Elpidio Montaña Uriarte,2021-04-23,0,nuevo
104661,Angélica Chico Quevedo,2023-10-13,0,nuevo
101400,Arturo Riba Cervantes,2020-03-22,0,nuevo
109936,Rita Ayala,2024-01-19,0,nuevo
107337,Amada Bustos Mármol,2024-05-13,0,nuevo
109508,Angelino Mariño Isern,2022-10-18,0,nuevo
103069,Jordán Criado-Saura,2023-11-13,0,nuevo
106741,Reyes Zamorano-Dominguez,2023-06-11,0,nuevo
112223,Juan Pablo Américo Querol Coello,2024-06-03,0,nuevo
110835,Marina Nayara Vera Corral,2023-05-22,0,nuevo
111162,Paca Cuesta Río,2021-03-01,0,nuevo
102949,Petrona Viñas Montero,2020-07-29,0,nuevo
112221,Silvia Hervia Meléndez,2024-06-21,0,nuevo
110855,Anastasio Gil Benavente Blanco,2023-12-20,0,nuevo
114844,Matías Antón,2020-12-26,0,nuevo
110769,Xavier Balaguer Córdoba,2023-11-25,0,nuevo
103818,María Dolores Durán Cámara,2021-03-01,0,nuevo
106631,Aristides del Noriega,2023-03-07,0,nuevo
104768,Filomena Paredes Alvarez,2023-01-09,0,nuevo
111827,Omar Alcalde Malo,2021-02-13,0,nuevo
102301,Eugenia Barrio,2024-05-16,0,nuevo
108210,Feliciana del Seguí,2022-12-08,0,nuevo
109578,Inés Rueda Morera,2023-05-19,0,nuevo
113828,Liliana Cabello-Oller,2023-11-01,0,nuevo
111026,Pelayo Bermudez Conesa,2022-06-20,0,nuevo
114881,Adriana Donoso Mendez,2023-10-06,0,nuevo
114735,Vidal Alarcón Casas,2023-10-23,0,nuevo
108864,Martín Egea Morales,2020-07-12,0,nuevo
108864,Martín Egea Morales,2020-07-12,0,nuevo
106811,Pastor Ribera Pla,2021-02-09,0,nuevo
115212,Carolina Palau Toledo,2024-02-16,0,nuevo
101085,Plácido Muro Nogués,2021-03-27,0,nuevo
112739,Mamen Salvà,2020-09-29,0,nuevo
106134,Rafaela Gelabert,2023-07-14,0,nuevo
100429,Carolina Jordá Llorente,2022-11-01,0,nuevo
111300,Herminio Bárcena,2022-07-16,0,nuevo
106581,Susana Trujillo Roca,2020-06-20,0,nuevo
111960,Hugo Morera Exposito,2021-06-03,0,nuevo
105339,Carmela del Gonzalez,2024-02-23,0,nuevo
105339,Carmela del Gonzalez,2024-02-23,0,nuevo
107640,Domingo Jaén Zorrilla,2023-01-21,0,nuevo
100409,Segismundo Manso Tirado,2023-01-01,0,nuevo
111663,Serafina Moliner Murcia,2024-01-26,0,nuevo
108100,Fabricio Luján Matas,2020-04-07,0,nuevo
114729,Martirio Segarra-Zapata,2020-03-18,0,nuevo
101609,Tito Rodriguez-Medina,2023-11-03,0,nuevo
112794,Goyo Mulet Cobos,2021-05-07,0,nuevo
107705,Nayara de Cámara,2021-08-16,0,nuevo
110192,Luciana de Sebastián,2023-09-22,0,nuevo
104046,Simón Rosselló Fuente,2023-06-24,0,nuevo
100427,Graciano Solsona Gárate,2024-07-30,0,nuevo
102866,Tania Carro,2021-12-29,0,nuevo
109363,Juan Bautista Berto Pozuelo Riera,2022-09-07,0,nuevo
109304,Ángela Quiroga,2020-04-27,0,nuevo
112433,Visitación Saturnina Fuente Acuña,2024-07-12,0,nuevo
111974,Gastón Olivé Abella,2023-04-09,0,nuevo
109670,Angelina Jordán Miranda,2020-10-12,0,nuevo
106612,Victoria Soriano Costa,2024-01-18,0,nuevo
115112,Jose Luis Cazorla Alsina,2022-11-27,0,nuevo
101692,Eulalia Cordero Luz,2021-03-26,0,nuevo
107206,Amada de Cámara,2021-09-20,0,nuevo
114340,Cosme Díaz Menendez,2021-08-09,0,nuevo
106736,Amaya Sevilla Espejo,2022-06-25,0,nuevo
103834,Nacho Cáceres,2020-07-18,0,nuevo
110762,Arturo Sevilla Caparrós,2024-07-21,0,nuevo
100820,Eustaquio del Juárez,2023-09-08,0,nuevo
100820,Eustaquio del Juárez,2023-09-08,0,nuevo
111861,Fito del Barriga,2020-05-26,0,nuevo
106642,Sara Amalia Cuéllar Cervantes,2020-03-15,0,nuevo
115228,Román Ortega Ribes,2021-07-31,0,nuevo
111647,Rosa Trujillo Ortega,2024-02-12,0,nuevo
112060,Dafne Pedrosa,2024-02-16,0,nuevo
107582,Magdalena Saavedra Araujo,2021-04-03,0,nuevo
103838,Cayetana Carbajo Bárcena,2024-06-06,0,nuevo
103956,Tania Jenny Feijoo Navas,2021-10-31,0,nuevo
104456,Virginia José Machado Ángel,2024-04-02,0,nuevo
109921,Edmundo Ropero,2024-05-15,0,nuevo
101942,Pepito Solsona Amor,2022-06-03,0,nuevo
100074,Paz Aranda Falcó,2023-09-22,0,nuevo
112319,Ligia Sierra Torrents,2022-10-23,0,nuevo
111655,Tadeo Garriga Pinto,2020-09-21,0,nuevo
111655,Tadeo Garriga Pinto,2020-09-21,0,nuevo
105538,Nicodemo Salom Bilbao,2024-02-21,0,nuevo
100292,Concha Maza Rodríguez,2024-01-04,0,nuevo
111618,Marisela de Álvarez,2023-04-15,0,nuevo
111911,Priscila Vilalta,2021-09-04,0,nuevo
110881,Valentina Jover,2021-10-02,0,nuevo
103579,Javier Franco Aguiló,2023-12-07,0,nuevo
111852,Tiburcio Julián Barceló Díaz,2022-08-06,0,nuevo
110897,Yaiza de Andres,2020-07-07,0,nuevo
114969,Eligio Alberola-Bonet,2022-08-22,0,nuevo
102090,Rosario Rodríguez-Ayuso,2021-05-06,0,nuevo
106418,Tomás Aguirre Comas,2021-02-28,0,nuevo
103964,Dalila Cervera Castillo,2023-08-03,0,nuevo
112277,Rosario Collado Tomás,2022-06-03,0,nuevo
101577,Albano Solé-Crespo,2020-05-08,0,nuevo
100319,Pía Larrañaga,2023-05-12,0,nuevo
106680,Dani Apolinar Elorza Sotelo,2022-10-27,0,nuevo
104106,Vinicio Blazquez Calvo,2023-12-19,0,nuevo
103412,Dorotea Arana Salvador,2022-12-04,0,nuevo
100145,Octavia Giner,2021-06-08,0,nuevo
109341,Isidora de Gómez,2023-07-21,0,nuevo
103515,Danilo Gutiérrez Jurado,2023-10-24,0,nuevo
106216,Yésica Pintor Frutos,2021-05-18,0,nuevo
110811,María Jesús Tamarit Busquets,2022-08-13,0,nuevo
112629,Marita Valera Sans,2022-06-28,0,nuevo
114033,Obdulia Moreno Valderrama,2023-04-27,0,nuevo
107721,Ruy Almansa Cózar,2020-04-20,0,nuevo
101831,Nazaret Díaz Mosquera,2021-04-25,0,nuevo
109310,Danilo Comas Cortes,2020-08-20,0,nuevo
100086,Remigio Tur Montes,2024-05-19,0,nuevo
112097,Salomón del Checa,2021-03-12,0,nuevo
109783,Aníbal Ugarte-Vilaplana,2021-08-05,0,nuevo
107887,Elías Esteban Villalba,2022-03-18,0,nuevo
108918,Marino Hilario García Canet,2020-12-07,0,nuevo
106248,José Ángel Acosta Cid,2020-11-29,0,nuevo
107114,Rosario Pablo,2020-07-18,0,nuevo
113123,Eusebio Belda Arias,2023-05-03,0,nuevo
111101,Lucas Piña,2023-07-20,0,nuevo
112716,Macarena Bustos Somoza,2022-09-12,0,nuevo
115110,Hernando Rosell Vélez,2023-04-21,0,nuevo
109454,Edmundo Armengol Plaza,2023-02-03,0,nuevo
104194,Marianela Apolonia Expósito Tejera,2022-02-22,0,nuevo
100959,Reyna Giménez-Tapia,2020-04-19,0,nuevo
102291,Felipa Campillo-Rojas,2024-05-10,0,nuevo
113017,Consuelo Briones-Lasa,2024-06-20,0,nuevo
110844,Patricio Arcos Pina,2024-02-10,0,nuevo
102900,Mayte Luque Padilla,2020-06-12,0,nuevo
114409,Fito Macías Fajardo,2020-11-28,0,nuevo
107637,Amaya Cerdán Higueras,2022-10-22,0,nuevo
114349,Rodolfo Bolaños Clemente,2021-02-26,0,nuevo
107572,Abril Santamaria Sastre,2020-10-29,0,nuevo
105386,Íñigo Abad-Tamarit,2023-02-08,0,nuevo
104686,Azahara Casanovas Gálvez,2023-10-06,0,nuevo
109244,Anna Valera Río,2022-06-09,0,nuevo
101898,Nazaret Murillo Pablo,2020-10-22,0,nuevo
112347,Luciana Cases Elorza,2021-03-01,0,nuevo
107612,Norberto Pera Ayllón,2023-11-27,0,nuevo
107612,Norberto Pera Ayllón,2023-11-27,0,nuevo
115243,Cecilia Barranco Pinedo,2024-02-22,0,nuevo
109810,Jeremías Amaya Campillo,2020-11-23,0,nuevo
113964,Lilia Castell-Manjón,2023-08-14,0,nuevo
103586,Chus Lasa-Diez,2024-06-25,0,nuevo
113237,Gracia Pareja,2024-01-19,0,nuevo
101119,Ángela Reyes,2023-06-08,0,nuevo
104716,José Morante Capdevila,2020-12-18,0,nuevo
109639,Elba Peralta Alarcón,2020-08-17,0,nuevo
102317,Ciríaco Andrés Anaya,2023-01-29,0,nuevo
106351,Seve Salcedo Herrera,2024-06-18,0,nuevo
104640,Narcisa de Segura,2020-05-31,0,nuevo
104565,Valentín Cámara-Anaya,2021-09-12,0,nuevo
101865,Eulalia Cañizares Amador,2022-11-24,0,nuevo
105345,Leopoldo de Calvet,2022-07-02,0,nuevo
101146,Moisés Martínez,2024-08-06,0,nuevo
109988,Humberto Victorino Tomé Alonso,2022-12-05,0,nuevo
110352,Leocadia Bonilla Llamas,2023-04-17,0,nuevo
104722,Baldomero Raya Gonzalo,2021-10-25,0,nuevo
106320,Águeda Laguna Millán,2021-10-14,0,nuevo
106170,Loida Gomila Posada,2023-02-03,0,nuevo
106170,Loida Gomila Posada,2023-02-03,0,nuevo
113384,José Ángel Maza Gallardo,2020-06-20,0,nuevo
100478,Ovidio de Perelló,2024-07-15,0,nuevo
105749,Pancho Frías-Crespi,2022-09-27,0,nuevo
108116,Ciriaco Andres Rodrigo,2024-07-17,0,nuevo
105043,Vasco Juliá Colom,2023-05-15,0,nuevo
110414,Gonzalo Olivé Esteve,2022-09-03,0,nuevo
101693,Haydée Ledesma Borrell,2024-02-19,0,nuevo
105181,Celia Encarnacion Vicens Pi,2021-12-06,0,nuevo
100494,Adelia Ropero-Cantón,2024-04-22,0,nuevo
108522,Antonia Carla Antúnez Montenegro,2024-04-01,0,nuevo
115181,Florinda Rosales-Bayo,2023-01-16,0,nuevo
102288,Candelario Emiliano Ferrández Antón,2021-12-31,0,nuevo
106331,Isidora Zamorano,2022-12-22,0,nuevo
111954,Mamen Conesa González,2020-06-13,0,nuevo
100966,Verónica Frías Guijarro,2023-09-22,0,nuevo
106662,Tomás Marcelo Roldán Amor,2022-11-08,0,nuevo
100439,Calisto Báez-Gabaldón,2022-02-18,0,nuevo
104451,Conrado Alvarez Plana,2023-11-01,0,nuevo
105184,Martin Salazar Rocha,2023-01-05,0,nuevo
104747,Jesús Julián Urrutia,2020-10-30,0,nuevo
104747,Jesús Julián Urrutia,2020-10-30,0,nuevo
113239,Ildefonso Rico Morante,2022-11-07,0,nuevo
104982,Bibiana Pérez Carbajo,2021-09-24,0,nuevo
104996,Martín Arroyo Peiró,2022-12-04,0,nuevo
102689,Natividad de Gallardo,2021-10-27,0,nuevo
105360,Bernardino Amaya-Fuster,2021-08-22,0,nuevo
111190,Tomás Palmer,2023-04-28,0,nuevo
115046,Teresita Abascal Téllez,2021-09-25,0,nuevo
104903,Prudencia Conesa Serrano,2023-12-03,0,nuevo
104903,Prudencia Conesa Serrano,2023-12-03,0,nuevo
112356,Elena Tormo Moles,2021-05-21,0,nuevo
102187,Aarón Benítez Baró,2020-11-29,0,nuevo
108744,Teo Hernando Torralba,2021-03-11,0,nuevo
101433,Santiago Neira Arregui,2021-09-30,0,nuevo
111283,Marcio Pulido-Osorio,2022-09-19,0,nuevo
107853,Felipe Sarmiento Velázquez,2021-09-26,0,nuevo
114056,Angelina Azorin,2020-11-30,0,nuevo
102103,Cristóbal Losada,2022-09-08,0,nuevo
107918,César Beltrán-Sobrino,2023-05-31,0,nuevo
113619,Ángela del Solera,2023-03-25,0,nuevo
114811,Manuelita Villena-Echeverría,2022-12-14,0,nuevo
104732,Margarita Sáez Martinez,2021-01-26,0,nuevo
107654,Jovita Morata,2021-09-26,0,nuevo
114552,Maura Valls-Guitart,2020-11-24,0,nuevo
114552,Maura Valls-Guitart,2020-11-24,0,nuevo
113767,Reyes Rodríguez Torralba,2023-05-01,0,nuevo
113783,Úrsula Busquets Pinto,2020-09-04,0,nuevo
107255,Cristian Piñeiro Checa,2024-04-13,0,nuevo
108189,Adelina Arévalo Peñas,2021-10-18,0,nuevo
111819,Vilma Valderrama Ureña,2021-07-25,0,nuevo
108831,Ruperto Bastida Camacho,2020-05-01,0,nuevo
109441,Genoveva Fabra Morell,2023-08-22,0,nuevo
100135,Hector Herrero Agullo,2022-07-06,0,nuevo
110001,Micaela Llano Gras,2024-04-08,0,nuevo
109775,Anselmo Vargas Arjona,2024-01-26,0,nuevo
101256,Iván del Mate,2020-03-21,0,nuevo
115105,Prudencia Bartolomé,2023-11-25,0,nuevo
109485,Caridad Linares Quintero,2022-07-13,0,nuevo
109485,Caridad Linares Quintero,2022-07-13,0,nuevo
101927,Duilio Ferrándiz-Cantero,2022-07-05,0,nuevo
112294,Lucho Conde Diaz,2024-08-20,0,nuevo
103038,Lara Dueñas Vallejo,2020-05-06,0,nuevo
109229,Adora Borrás Casares,2020-12-07,0,nuevo
112010,Martin Ochoa Jiménez,2024-08-02,0,nuevo
107016,Daniel Pérez Galindo,2023-08-27,0,nuevo
108625,Cloe Rufina Zurita Bernat,2021-03-17,0,nuevo
105708,Íngrid Loida Villegas Nebot,2021-06-11,0,nuevo
112154,Sabas Hurtado Barreda,2021-04-30,0,nuevo
113700,María Pilar Lastra Quesada,2022-04-14,0,nuevo
105850,Marcio Pina,2020-12-04,0,nuevo
111380,Timoteo Rubio Martín,2023-12-28,0,nuevo
106260,Yolanda Quero,2020-04-15,0,nuevo
102315,Segismundo Manuel Mosquera Jimenez,2021-03-18,0,nuevo
109628,Celestina Sarabia Sotelo,2021-10-21,0,nuevo
104801,Calixta Lamas Viana,2021-09-20,0,nuevo
113848,Jose Manuel Esteban Río,2021-04-25,0,nuevo
109387,Hermenegildo Giner Uriarte,2022-10-09,0,nuevo
110798,Luna León-Pont,2022-12-08,0,nuevo
103640,Joaquín Tapia,2023-04-16,0,nuevo
103640,Joaquín Tapia,2023-04-16,0,nuevo
108861,Berta Ocaña,2023-07-24,0,nuevo
109157,Cayetana Bayo Villalba,2021-06-05,0,nuevo
103449,Ramón Lopez Figueras,2021-12-29,0,nuevo
100044,María Fernanda Amor Mendoza Echevarría,2021-02-24,0,nuevo
100018,Curro del Linares,2024-08-27,0,nuevo
110145,Cayetano de Angulo,2021-11-30,0,nuevo
101884,Seve Rafa Alfaro Cid,2021-11-02,0,nuevo
110361,Natividad Jerez Girona,2023-10-19,0,nuevo
102373,Mohamed Millán-Alegre,2021-07-14,0,nuevo
112920,Herberto del Calzada,2022-04-21,0,nuevo
108194,Abel Morell Trujillo,2022-02-02,0,nuevo
109653,Adalberto Batlle-Pou,2023-12-24,0,nuevo
104095,Macarena Soriano Barragán,2024-04-27,0,nuevo
106951,Angelino Alemán Yáñez,2021-08-07,0,nuevo
106561,Maximiliano Ayllón Palacios,2024-05-21,0,nuevo
112479,Clementina Montenegro,2020-04-06,0,nuevo
114492,Mario del Bolaños,2020-09-02,0,nuevo
114492,Mario del Bolaños,2020-09-02,0,nuevo
103306,Graciela Sarmiento-Duque,2020-04-30,0,nuevo
102909,Pastora del Alonso,2022-02-10,0,nuevo
102909,Pastora del Alonso,2022-02-10,0,nuevo
113526,Adolfo Ortuño Herrera,2022-01-06,0,nuevo
104476,Francisco Jose Catalán Viana,2023-04-18,0,nuevo
110597,Roque Baquero Bilbao,2020-08-22,0,nuevo
113255,Trinidad Pou-Vilaplana,2023-10-02,0,nuevo
100431,Fernando Palomino Naranjo,2022-07-28,0,nuevo
100431,Fernando Palomino Naranjo,2022-07-28,0,nuevo
106868,Maura Eli Luque Lobato,2024-06-29,0,nuevo
102329,Sigfrido Lope Egea Casanova,2023-08-30,0,nuevo
105874,Isabela del Manrique,2022-09-24,0,nuevo
104234,Pastora Pou Llanos,2020-04-06,0,nuevo
100685,Clara Ibáñez Cal,2020-08-12,0,nuevo
114151,Trinidad Godoy,2024-04-01,0,nuevo
103786,Yaiza Beltrán Valentín,2023-01-13,0,nuevo
104673,Encarnita Cisneros Morata,2021-04-19,0,nuevo
108301,Natividad Vicente Barreda,2024-03-28,0,nuevo
100797,Flora Sureda Lillo,2023-03-26,0,nuevo
108689,Sebastian Guillén Vélez,2023-04-10,0,nuevo
107901,Tiburcio Escudero Lorenzo,2020-04-01,0,nuevo
112759,José María Gracia Beltrán,2024-07-10,0,nuevo
114226,Lola de Heredia,2021-03-08,0,nuevo
111964,Juan Manuel Goñi Morcillo,2020-04-03,0,nuevo
107908,Sebastián Prieto Belmonte,2021-05-20,0,nuevo
113699,Danilo Leal,2021-02-26,0,nuevo
111354,Fidel Lerma Arrieta,2022-02-02,0,nuevo
107757,Saturnino de Robles,2023-08-08,0,nuevo
111388,Inocencio de Barros,2022-07-25,0,nuevo
100592,Águeda Hervás Tenorio,2022-09-29,0,nuevo
107657,Marco Nicolau Alba,2022-01-02,0,nuevo
102393,Aurora Canales Saldaña,2021-11-02,0,nuevo
102222,Trini Vicente-Gargallo,2022-04-05,0,nuevo
104718,Rosalina Palmira Agullo Ureña,2022-08-24,0,nuevo
112767,Mariano Guzmán Sáez,2021-07-19,0,nuevo
112634,Maricruz Vall Valderrama,2021-01-04,0,nuevo
111458,Francisco Palma Barroso,2021-05-14,0,nuevo
111077,Octavio de Cuervo,2022-01-28,0,nuevo
108640,Gerardo Vizcaíno Vega,2024-07-11,0,nuevo
105768,Amado Corral Cabanillas,2024-08-14,0,nuevo
105586,León Niño Manrique,2023-06-26,0,nuevo
105586,León Niño Manrique,2023-06-26,0,nuevo
105726,José Antonio Salvador Chamorro Morillo,2020-11-03,0,nuevo
104639,Mohamed Izquierdo Cuenca,2021-05-12,0,nuevo
103541,Laura de Morán,2021-08-06,0,nuevo
113486,Hugo Recio,2020-09-22,0,nuevo
112579,María Vilalta Donoso,2023-07-16,0,nuevo
115087,Candelaria Blasco-Hernando,2022-09-30,0,nuevo
115087,Candelaria Blasco-Hernando,2022-09-30,0,nuevo
112286,Sancho Villaverde Cordero,2023-01-03,0,nuevo
107723,Viviana Palacios Céspedes,2022-02-28,0,nuevo
101887,Emperatriz Plaza,2021-07-08,0,nuevo
114082,Ruy Guijarro Miguel,2024-08-16,0,nuevo
109712,Yago Franch Olivares,2020-10-28,0,nuevo
109689,Eli Teruel Cobos,2021-11-30,0,nuevo
102533,Ismael Rodrigo Miguel,2022-07-28,0,nuevo
107781,Débora Amador Adán,2021-03-04,0,nuevo
112793,Roberto Sáenz Tovar,2022-11-14,0,nuevo
110412,Pascuala Rey Ariño,2024-06-05,0,nuevo
112096,María Carmen Molina Aranda,2020-03-25,0,nuevo
112890,Haydée Gibert Rivas,2022-06-11,0,nuevo
101473,Plinio Castilla Isern,2022-04-25,0,nuevo
100850,Duilio Benavides-Castejón,2024-08-10,0,nuevo
111892,Gustavo Hipólito Berenguer Osuna,2022-04-26,0,nuevo
113713,Anastasia Yaiza Vilaplana Oliveras,2021-01-01,0,nuevo
109252,Paulina Araujo Ferrero,2020-04-17,0,nuevo
102211,Úrsula Marcos Córdoba,2021-10-20,0,nuevo
110983,Lorenza Suarez Molina,2020-07-01,0,nuevo
103527,Anunciación González Aguirre,2020-12-28,0,nuevo
103203,Armida Collado Osorio,2022-07-04,0,nuevo
103425,Adelardo Llano-Valls,2020-09-19,0,nuevo
100415,Baldomero de Plana,2022-02-18,0,nuevo
112462,Dorotea Mar Baeza Rocamora,2021-12-19,0,nuevo
107259,Rita del Arjona,2020-10-29,0,nuevo
105378,Débora Asensio Sarabia,2023-11-25,0,nuevo
102341,Trini Rubio Navas,2021-01-28,0,nuevo
107370,Lucas Alemán,2021-10-18,0,nuevo
111875,Javier Gallart Oliver,2020-07-02,0,nuevo
111295,Benjamín Ferrer Neira,2024-08-01,0,nuevo
103543,Aurelio Gálvez Camacho,2023-02-07,0,nuevo
106805,Selena Prieto,2023-12-03,0,nuevo
115012,Georgina Sala Guillen,2021-03-07,0,nuevo
102143,Abigaíl Villegas Calvo,2021-11-18,0,nuevo
101083,Herminia Buendía Gisbert,2022-11-15,0,nuevo
101672,Paola Reyes Valenzuela,2022-03-17,0,nuevo
109647,Mamen Mir Bayona,2022-10-29,0,nuevo
113387,Miguel Gilabert Lladó,2021-03-23,0,nuevo
101972,Alfonso Jordán Cuervo Vives,2021-08-13,0,nuevo
113778,Reina de Barreda,2023-01-30,0,nuevo
103799,Mateo Camps Expósito,2023-06-19,0,nuevo
105932,Pancho Pérez Haro,2024-08-08,0,nuevo
106577,Julia Yáñez Diez,2022-08-17,0,nuevo
108969,Casemiro del Pera,2022-02-09,0,nuevo
108960,Segismundo de Tomás,2022-09-28,0,nuevo
113703,Hermenegildo Salmerón-Izquierdo,2022-10-28,0,nuevo
106828,Haydée de Almagro,2024-06-30,0,nuevo
106828,Haydée de Almagro,2024-06-30,0,nuevo
103245,Ruperto Palacio Morell,2022-10-11,0,nuevo
106456,Manuela Almansa Ramírez,2020-12-12,0,nuevo
111043,Aura Leonor Quiroga Falcó,2021-04-21,0,nuevo
111823,Cayetano Valdés Patiño,2024-08-14,0,nuevo
114525,Jerónimo Botella,2024-07-01,0,nuevo
113565,Albert Carvajal Baena,2021-04-03,0,nuevo
113234,Francisca Olivera Viana,2022-05-14,0,nuevo
109902,Ignacia Raya,2023-05-13,0,nuevo
114319,Agustín Agustí Andres,2021-07-10,0,nuevo
114215,Arsenio Sáez Avilés,2022-06-04,0,nuevo
112228,Severiano Sedano Ledesma,2024-01-23,0,nuevo
112285,Cesar Nicolás Esteve,2021-07-24,0,nuevo
105026,Luís Benjamín Gracia Fernández,2021-11-02,0,nuevo
103232,Ana Sofía de Sotelo,2020-07-08,0,nuevo
110360,Gabino de Palma,2020-07-17,0,nuevo
112063,Alberto Alcázar Jaume,2020-09-22,0,nuevo
111219,Xiomara Mármol-Vidal,2020-04-15,0,nuevo
100953,Oriana Otero,2022-01-08,0,nuevo
110621,Ainara Goñi Palomares,2022-05-04,0,nuevo
103410,Lorenza Mur Río,2023-01-09,0,nuevo
112048,Imelda del Crespi,2021-12-30,0,nuevo
110564,Clementina Ros,2022-04-21,0,nuevo
106139,Lina Bauzà Palomino,2020-06-25,0,nuevo
111244,Marciano Zapata Martinez,2022-01-01,0,nuevo
111193,Encarnación Arrieta Carrillo,2021-03-09,0,nuevo
102565,Nydia Ledesma Carvajal,2023-04-14,0,nuevo
101938,Mauricio de Uría,2022-02-16,0,nuevo
107457,Cándida Piñol,2021-09-11,0,nuevo
101032,Paz Borja Cabo,2021-02-19,0,nuevo
103885,Milagros Blasco Ferreras,2020-08-02,0,nuevo
108154,Loida Maxi Larrea Acuña,2020-07-14,0,nuevo
105397,Eutropio Llanos,2023-08-29,0,nuevo
108493,Tomasa Gomila Bermúdez,2022-12-06,0,nuevo
112143,Rolando Torrents Mateos,2020-07-09,0,nuevo
103859,Anunciación Mulet Perera,2021-08-22,0,nuevo
100097,Paloma del Amat,2023-06-12,0,nuevo
103932,Pía Dolores Teruel Aparicio,2020-10-19,0,nuevo
102628,Anastasia Macias Pagès,2020-04-16,0,nuevo
103774,Jeremías Botella Carrera,2022-10-01,0,nuevo
113912,Cesar Rozas Aragón,2023-09-30,0,nuevo
111738,Cleto Roman Barba,2022-02-02,0,nuevo
110613,Beatriz Alcalde Chaves,2022-10-17,0,nuevo
114444,Antonia Hoz-Valenzuela,2023-09-11,0,nuevo
108953,Maristela Nidia Vera Conde,2022-08-24,0,nuevo
102390,Javi Buendía Aranda,2023-01-24,0,nuevo
105606,Jordana de Garay,2022-12-13,0,nuevo
108938,Lucas Cuervo Taboada,2020-05-22,0,nuevo
108963,Salvador Grau,2021-06-23,0,nuevo
104823,Hector Domingo Cerro,2022-01-09,0,nuevo
108574,Eliseo Torrents Cabo,2020-05-09,0,nuevo
113818,Francisca Pons Soler,2023-05-08,0,nuevo
110267,Hernán Marqués Rozas,2023-10-18,0,nuevo
100870,Che Máximo Mariño Porta,2024-08-09,0,nuevo
100870,Che Máximo Mariño Porta,2024-08-09,0,nuevo
102902,Haroldo Riba Cases,2021-04-16,0,nuevo
112527,Alicia Anguita Ferrando,2021-09-27,0,nuevo
114105,Fausto Cerro,2023-05-18,0,nuevo
113325,Clarisa Lillo Cruz,2023-06-19,0,nuevo
115097,Joaquín Caro Rosa,2024-02-09,0,nuevo
106307,Juanita Vega Carnero,2022-04-27,0,nuevo
107589,Inocencio Ciriaco Piñol Guillen,2023-04-22,0,nuevo
112760,José Mari Ariño-Roda,2021-04-30,0,nuevo
104185,Alejandro Gárate Canals,2020-03-17,0,nuevo
113016,Blas Molina Osorio,2022-07-29,0,nuevo
107635,Julián Alberola Ávila,2020-06-05,0,nuevo
109956,Rafael Ortuño Roura,2023-11-06,0,nuevo
110417,Chema Maza-Anguita,2022-02-15,0,nuevo
110944,Teodora Cano Puga,2023-02-23,0,nuevo
108277,Vicente Padilla Múñiz,2023-06-25,0,nuevo
105195,Ángela Tomasa Contreras Romeu,2023-08-13,0,nuevo
106978,Albino Valcárcel Luque,2022-04-22,0,nuevo
113903,Adolfo Fabra-Ledesma,2021-07-16,0,nuevo
100711,Isabel Olmedo-Galvez,2024-06-12,0,nuevo
114564,Anacleto Lumbreras Salas,2024-07-19,0,nuevo
105704,Chelo Solsona Cabrera,2021-08-14,0,nuevo
113716,Bruno Juliá Sola,2020-12-11,0,nuevo
113716,Bruno Juliá Sola,2020-12-11,0,nuevo
111439,Félix Porras Mir,2021-09-11,0,nuevo
109011,José Martinez Montaña,2021-11-13,0,nuevo
109011,José Martinez Montaña,2021-11-13,0,nuevo
110585,Amor Ponce,2021-12-08,0,nuevo
104092,Eric Ferrán,2022-05-20,0,nuevo
113706,José Mari Carrasco-Porta,2020-09-25,0,nuevo
102889,Perla Graciela Escalona Vives,2020-12-29,0,nuevo
101524,Cintia Monreal Paredes,2020-05-27,0,nuevo
108721,Anacleto Luís Mercader,2020-11-20,0,nuevo
107736,Olegario Pareja Cardona,2023-05-04,0,nuevo
112775,Artemio Barrios Angulo,2022-04-26,0,nuevo
101407,Manuelita Castillo,2020-11-13,0,nuevo
113753,Brunilda Bermudez Mur,2022-11-12,0,nuevo
105047,Íngrid Gutierrez-Briones,2020-11-25,0,nuevo
111568,Florencio Ayala Gabaldón,2024-02-04,0,nuevo
110128,Luisina de Giralt,2024-05-10,0,nuevo
107557,Daniel Villaverde Palacio,2023-03-18,0,nuevo
109162,Víctor de Vilanova,2022-11-22,0,nuevo
104689,Primitiva Moliner Torralba,2020-05-06,0,nuevo
111959,Lisandro Perelló Cid,2022-06-11,0,nuevo
105461,Reinaldo Benavides Busquets,2021-02-11,0,nuevo
105860,Bernabé Zurita,2020-11-05,0,nuevo
106384,Anastasia Carreras Montesinos,2022-02-05,0,nuevo
100470,Candela Ocaña Cabo,2023-05-07,0,nuevo
113599,Ruy Ortuño,2021-02-26,0,nuevo
113252,Victor Manuel Cipriano Ropero Rey,2021-06-08,0,nuevo
112355,Adrián Cobos Tolosa,2022-01-23,0,nuevo
110099,Álvaro Núñez Fabra,2022-03-14,0,nuevo
114025,Roque del Novoa,2020-12-20,0,nuevo
104563,Isaura Aragonés Iñiguez,2022-04-12,0,nuevo
101906,Virgilio del Navas,2024-01-21,0,nuevo
105083,Araceli Caro-Villa,2022-02-14,0,nuevo
110382,Fortunato Gomila Gutierrez,2021-04-23,0,nuevo
107426,Felipe Marín,2023-12-31,0,nuevo
113379,Rafaela del Cañizares,2023-07-29,0,nuevo
108012,Felisa de Sacristán,2022-12-08,0,nuevo
105804,Lorenzo Seco,2021-08-20,0,nuevo
113658,Benita León-Solís,2020-05-15,0,nuevo
108078,Tamara del Hoz,2023-04-20,0,nuevo
113664,Edgardo Valero Murcia,2021-04-09,0,nuevo
114530,Ibán Márquez Pujol,2024-03-04,0,nuevo
109248,Cristina Morera Huertas,2022-06-24,0,nuevo
106861,Dionisia del Sevillano,2020-08-06,0,nuevo
108184,Cipriano Blanch,2020-03-30,0,nuevo
103219,Amancio Recio Corbacho,2023-06-12,0,nuevo
103133,Benigna Cabañas Ramirez,2021-08-29,0,nuevo
106823,Víctor Sanz Pulido,2022-04-30,0,nuevo
103521,Fidela Vallejo Bárcena,2021-05-23,0,nuevo
110620,Paloma Carreño Villar,2023-11-30,0,nuevo
103354,Máxima Sanjuan Castellanos,2023-04-08,0,nuevo
104309,Vidal Acosta Guillen,2022-02-11,0,nuevo
101759,Aníbal del Roselló,2020-03-02,0,nuevo
112059,Chema Soto Giralt,2023-09-05,0,nuevo
100853,Gertrudis Julieta Almeida Acevedo,2023-11-21,0,nuevo
101495,Dalila del Osuna,2023-04-07,0,nuevo
108774,Abilio Alberola-Duarte,2022-07-14,0,nuevo
108547,Lucas Monreal,2022-06-27,0,nuevo
113397,Carmen Amo-Peláez,2022-10-14,0,nuevo
111302,Borja Torres Borja,2022-07-11,0,nuevo
109423,Leire Flor Peinado,2021-09-22,0,nuevo
105997,Carlota Benito Moll,2021-11-15,0,nuevo
104609,Nadia Bonilla Oliver,2023-11-21,0,nuevo
109335,Encarna Fabra Barrena,2022-10-20,0,nuevo
113460,Lino Rosa Baeza,2022-08-02,0,nuevo
112350,Charo Villalobos Grande,2023-01-27,0,nuevo
108930,Graciana Becerra Córdoba,2022-03-08,0,nuevo
102634,Celso del Patiño,2023-09-08,0,nuevo
111841,Rebeca Galván Piquer,2023-02-10,0,nuevo
107915,Maximino Asensio Arcos,2023-05-22,0,nuevo
107915,Maximino Asensio Arcos,2023-05-22,0,nuevo
104937,Marc Pérez Pedrero,2020-04-15,0,nuevo
114195,Tiburcio Alvarez Gil,2020-03-31,0,nuevo
104020,Bartolomé Ribas Villalonga,2024-02-12,0,nuevo
101195,Cándido Borja Pont,2020-08-18,0,nuevo
112178,Sabina Gabriela Recio Quirós,2023-12-04,0,nuevo
104979,Gerardo Manuel Cáceres,2020-07-03,0,nuevo
109378,Andrés Felipe Lloret Barral,2021-10-27,0,nuevo
114667,María Belén Granados Gordillo,2023-05-15,0,nuevo
101114,Calisto Ferrer-Marquez,2020-07-28,0,nuevo
103255,Luís Ambrosio Font Izquierdo,2022-04-30,0,nuevo
101188,Moreno Dimas Machado Vallés,2022-06-25,0,nuevo
111635,Horacio Linares Grau,2020-09-10,0,nuevo
100566,Lina Bustos Plana,2024-02-28,0,nuevo
104119,Zaida Suárez,2021-02-20,0,nuevo
109471,Nicolás Burgos,2021-03-31,0,nuevo
100841,Tamara de Crespo,2022-06-25,0,nuevo
111909,Azahar Marti Leal,2021-10-23,0,nuevo
108808,Bruno del Reguera,2021-03-06,0,nuevo
102667,Aroa Aliaga Villena,2022-09-04,0,nuevo
101973,América Pedrero,2023-05-27,0,nuevo
104784,Patricia Azcona,2020-10-24,0,nuevo
104093,Raimundo Salgado Peñalver,2023-07-09,0,nuevo
109226,Plácido Rosales,2020-05-26,0,nuevo
100766,Carmen Vaquero Cánovas,2021-04-27,0,nuevo
105392,Julio Maza Álamo,2021-11-16,0,nuevo
108147,Renato Marcio Báez Aguilera,2023-11-10,0,nuevo
106409,Amancio Erasmo Urrutia Fabregat,2022-12-29,0,nuevo
103873,Malena Segura Perelló,2022-11-30,0,nuevo
112533,Maribel Rodrigo Clavero,2023-03-23,0,nuevo
110074,Albano del Caparrós,2023-11-21,0,nuevo
102621,Sabas Espejo Vall,2022-02-13,0,nuevo
104103,Cleto Chuy Asensio Moll,2021-01-28,0,nuevo
111684,Mar Montes Isern,2022-07-25,0,nuevo
106144,Loida Joaquina Rincón Amaya,2022-03-04,0,nuevo
108021,Gaspar Salmerón Conesa,2021-10-10,0,nuevo
102686,Lucila Méndez Gual,2024-01-12,0,nuevo
109744,Prudencio José Manuel Cadenas Sabater,2022-10-24,0,nuevo
107347,Nicodemo Verdejo Simó,2022-11-10,0,nuevo
100912,Daniel Florentino Madrigal Vall,2023-10-24,0,nuevo
113973,Consuela Jerez Ferrera,2020-05-21,0,nuevo
113226,Sandra Cuéllar Riba,2021-07-29,0,nuevo
101346,Consuelo Amat Tenorio,2020-03-08,0,nuevo
103500,Jose Llorente Correa,2020-11-28,0,nuevo
107318,Roque Pascual Ortega Mínguez,2022-04-15,0,nuevo
113119,Raúl Gisbert Cerdá,2020-11-10,0,nuevo
106217,Amarilis Expósito Espada,2021-02-25,0,nuevo
105303,Wálter Alvarado-Múgica,2022-10-31,0,nuevo
110865,Griselda Romero,2022-08-03,0,nuevo
105113,Luciana Borrell Calderon,2023-02-19,0,nuevo
105113,Luciana Borrell Calderon,2023-02-19,0,nuevo
105275,Ainoa de Iriarte,2024-07-02,0,nuevo
108371,Dafne Sabater León,2024-06-10,0,nuevo
104740,Jose Arregui,2022-03-14,0,nuevo
105291,Chita Campoy Sebastián,2022-09-23,0,nuevo
113497,Alma Clarisa Jódar Batlle,2023-05-05,0,nuevo
100880,Beatriz Arcos Fabregat,2022-06-04,0,nuevo
101897,Herminia Canals,2022-05-28,0,nuevo
107874,Roberta Echeverría Suárez,2020-08-17,0,nuevo
105319,Maristela Melisa Reina Báez,2023-01-30,0,nuevo
107133,Cintia Iriarte-Chacón,2024-06-17,0,nuevo
104743,Jose Ramón de Dominguez,2023-05-29,0,nuevo
101739,Leonardo Batlle Cobo,2024-03-22,0,nuevo
101739,Leonardo Batlle Cobo,2024-03-22,0,nuevo
112621,Curro Badía-Zabaleta,2022-12-11,0,nuevo
106282,Benita Anabel Valbuena Amigó,2024-04-29,0,nuevo
103615,Lino Avilés Ayuso,2020-12-03,0,nuevo
106715,Kike Valverde-Zapata,2020-11-07,0,nuevo
114183,Vinicio Viana Belda,2020-04-17,0,nuevo
108281,Marita Arenas-Cuéllar,2020-04-04,0,nuevo
109658,Eutropio Priego Almeida,2022-11-16,0,nuevo
111818,Alcides Piñeiro Redondo,2020-09-30,0,nuevo
113721,Lisandro Dalmau-Galindo,2023-12-05,0,nuevo
113346,Sol del Baena,2021-04-09,0,nuevo
107092,Jimena del Corominas,2024-06-15,0,nuevo
101194,Osvaldo de Acevedo,2021-07-23,0,nuevo
100046,Alonso del Pascual,2020-07-15,0,nuevo
114871,Griselda Juárez Milla,2023-12-26,0,nuevo
108736,Mariano Clavero Guardiola,2022-09-17,0,nuevo
102964,Ciriaco Domínguez Madrigal,2021-03-20,0,nuevo
114618,Abel Valle Vargas,2021-04-29,0,nuevo
104516,Ángela Elisabet Falcó Ordóñez,2022-01-28,0,nuevo
112196,Martín Duran Valdés,2020-08-31,0,nuevo
114942,Eloísa Gomila,2023-09-17,0,nuevo
104412,Laura Vargas-Jimenez,2023-10-14,0,nuevo
113358,Wilfredo Santiago-Barranco,2021-05-09,0,nuevo
107278,Abigaíl Guzman Roura,2024-01-26,0,nuevo
113145,Patricia Atienza,2024-05-05,0,nuevo
112127,Lino Basilio Sans Baena,2020-12-26,0,nuevo
105217,Aarón Casares-Orozco,2020-06-16,0,nuevo
111201,Yaiza Gordillo Pujadas,2023-04-04,0,nuevo
105203,Segismundo Tejedor-Lorenzo,2022-05-01,0,nuevo
115111,Lupita Rios Montero,2022-01-07,0,nuevo
113009,Serafina Céspedes-Salinas,2024-07-29,0,nuevo
109316,Paloma Cal Solís,2022-08-05,0,nuevo
104506,Leocadio Osuna Arnau,2024-07-05,0,nuevo
100577,Gerónimo Garrido Farré,2021-07-09,0,nuevo
103989,Emiliana Lara Vélez,2022-11-02,0,nuevo
100714,Regina Petrona Borrell Carmona,2020-08-14,0,nuevo
104900,Anna Martinez Pintor,2023-04-22,0,nuevo
109905,Tatiana Aura Arcos Torres,2024-02-24,0,nuevo
108395,Yaiza Castañeda Ávila,2023-05-04,0,nuevo
100882,Tristán Montero-Orozco,2024-01-11,0,nuevo
104901,Selena Mena Comas,2023-01-01,0,nuevo
100568,Ileana Alba Martí,2022-07-26,0,nuevo
113344,Gabriel Pi Pedraza,2020-11-12,0,nuevo
105225,Jenaro Monreal Luz,2021-09-14,0,nuevo
108456,María Ángeles Aparicio Calvo,2021-04-14,0,nuevo
114410,Elisabet Recio Losada,2023-05-15,0,nuevo
114005,Calixta Barco Sanmartín,2021-02-27,0,nuevo
107182,Juan José Piquer Rivera,2021-10-13,0,nuevo
101598,Ani Torrents-Mendizábal,2022-07-12,0,nuevo
111469,Zaida Baños-Olmo,2022-04-04,0,nuevo
109991,Benito Román Manjón Alfonso,2022-08-07,0,nuevo
101902,Vanesa de Adán,2021-02-08,0,nuevo
101181,Olegario Báez Planas,2024-06-17,0,nuevo
103007,Adelaida del Jove,2021-01-29,0,nuevo
109815,Macarena Cristina Almansa Ruiz,2020-11-19,0,nuevo
102782,Violeta Otero Olivera,2022-09-30,0,nuevo
110477,Remedios Calzada Mercader,2020-12-15,0,nuevo
108899,Hilario Sabas Guijarro Correa,2023-02-06,0,nuevo
114990,Irma Bustamante Mercader,2020-07-20,0,nuevo
102830,Leocadio del Castejón,2020-08-15,0,nuevo
109895,Lucila Duarte-Benítez,2021-08-09,0,nuevo
105702,Lucho Valenciano Priego,2023-04-30,0,nuevo
104220,Jordán Bellido Saavedra,2020-07-02,0,nuevo
113342,Araceli Landa Solano,2022-08-31,0,nuevo
113300,Fidela Moles Buendía,2022-08-09,0,nuevo
105872,Natalia Eli Boada Vizcaíno,2024-03-08,0,nuevo
100907,Victoriano Cobos Sabater,2022-10-06,0,nuevo
111461,Ramona Toledo Anglada,2021-09-24,0,nuevo
103694,Fulgencio Pi-Alcalá,2024-06-13,0,nuevo
113812,Magdalena Cañellas Yuste,2024-04-10,0,nuevo
106557,Miguel Piña Sobrino,2023-11-06,0,nuevo
107748,Loida Torrents-Daza,2020-10-31,0,nuevo
106806,Violeta Alicia Benitez Rebollo,2023-12-03,0,nuevo
109660,Santos Amador Berenguer Padilla,2021-01-16,0,nuevo
100296,Tamara Andrés Perera,2021-12-12,0,nuevo
106746,Sabas de Ricart,2020-06-23,0,nuevo
101786,Trinidad Ruiz Ferrero,2024-05-02,0,nuevo
104383,Eutropio Granados Baena,2021-02-10,0,nuevo
112383,Felipe Moreno Bustamante,2023-11-30,0,nuevo
107750,Geraldo Martí Castillo,2020-03-27,0,nuevo
111258,Iris Florentina Gomila Oliva,2022-04-29,0,nuevo
113163,María Cristina Adadia-Esteban,2024-01-17,0,nuevo
105478,Octavio Cabeza Pérez,2023-08-25,0,nuevo
105774,Roxana Mata Gilabert,2020-12-06,0,nuevo
113216,Bautista Maestre Agudo,2021-11-16,0,nuevo
103575,Odalys Benito Pablo,2023-02-02,0,nuevo
107108,Bernardo Espejo,2020-09-19,0,nuevo
104353,Ruben Sanchez,2020-07-13,0,nuevo
102649,Jeremías Melero Garzón,2021-12-23,0,nuevo
108823,Victor Manuel Llopis Valle,2022-06-06,0,nuevo
113591,Carolina Bastida Corral,2021-05-26,0,nuevo
103161,Tadeo Acevedo Cornejo,2023-07-01,0,nuevo
109254,María Jesús Canales Palomar,2020-04-19,0,nuevo
103183,Zaida Macías Quiroga,2021-03-14,0,nuevo
103481,Patricio Viñas Mariño,2021-09-13,0,nuevo
107478,Luciana Zorrilla-Vazquez,2023-05-16,0,nuevo
107507,Octavio Salgado Fabra,2023-09-23,0,nuevo
106142,Celso Carpio Bayón,2023-01-05,0,nuevo
112580,Odalis Sobrino Pellicer,2024-01-02,0,nuevo
114116,Florentina Aramburu Sedano,2021-10-10,0,nuevo
110611,María Belén Magdalena Guardia Laguna,2020-05-26,0,nuevo
110173,Kike Perelló Rivas,2024-01-06,0,nuevo
104956,Hernando Anguita Bayona,2023-04-16,0,nuevo
101614,Eligio Lerma Acosta,2024-02-15,0,nuevo
108490,Evelia del Lorenzo,2021-04-28,0,nuevo
102016,Delfina Robles Villalonga,2022-04-16,0,nuevo
107387,Anita Gabaldón Pi,2024-06-13,0,nuevo
114882,Manola de Avilés,2022-07-23,0,nuevo
102982,Fabricio del Font,2023-08-16,0,nuevo
102982,Fabricio del Font,2023-08-16,0,nuevo
109431,Anita de Montesinos,2024-08-13,0,nuevo
104879,Luz Lumbreras,2023-07-17,0,nuevo
114642,Caridad Camacho Navas,2020-10-22,0,nuevo
113769,Luciano Bas,2020-03-22,0,nuevo
114284,Angélica Vicente,2024-08-16,0,nuevo
113814,Griselda Busquets Ferrando,2022-06-05,0,nuevo
107402,Vilma Jáuregui,2021-04-30,0,nuevo
110261,Julia Roldán,2022-02-18,0,nuevo
105713,Juan Francisco Agudo Ledesma,2022-01-25,0,nuevo
103961,Juan Antonio Prada Pla,2021-05-01,0,nuevo
103874,Manola Cazorla Pablo,2022-02-14,0,nuevo
106867,Lalo Almazán Villalba,2023-05-06,0,nuevo
109190,Josefina Jaume Salvà,2020-03-12,0,nuevo
108551,Alcides Alonso Bravo Pazos,2021-01-19,0,nuevo
104794,Albert Benito Córdoba,2022-01-31,0,nuevo
111718,Lidia Correa-Caro,2021-06-26,0,nuevo
112915,Malena Cornejo Casal,2020-10-24,0,nuevo
100030,Jenaro Carbonell,2023-04-11,0,nuevo
102223,Marcelo Barrios Jódar,2024-06-20,0,nuevo
102223,Marcelo Barrios Jódar,2024-06-20,0,nuevo
105900,Perlita Montaña Mata,2023-05-28,0,nuevo
102923,Rita Trinidad Haro Coello,2024-06-21,0,nuevo
114509,Primitivo Rocha-Pla,2024-07-27,0,nuevo
104665,Itziar Luján Lara,2023-03-07,0,nuevo
113348,Ceferino Martin Gomis,2021-02-28,0,nuevo
113802,Clotilde Gisela Garay Domingo,2022-11-04,0,nuevo
104413,Itziar Torrents Valderrama,2024-06-21,0,nuevo
100109,Bernardo Cuevas Cañizares,2020-05-09,0,nuevo
113992,Calista del Cabeza,2022-09-27,0,nuevo
108058,Eliana Rivas Perelló,2022-01-10,0,nuevo
114632,Augusto Marí Narváez,2024-04-05,0,nuevo
109114,Gregorio Bayo-Flores,2022-08-14,0,nuevo
112918,Osvaldo Molins Riera,2020-11-29,0,nuevo
104349,María Teresa Arévalo Ferrer,2022-12-26,0,nuevo
107232,Leticia Nuñez-Pagès,2020-11-02,0,nuevo
115139,Kike Mulet Robles,2022-09-30,0,nuevo
113469,Graciano Mayoral Alvarado,2020-12-27,0,nuevo
107625,Ciro Villaverde-Yáñez,2021-01-27,0,nuevo
110081,África Solana Menendez,2023-03-14,0,nuevo
100974,Filomena Ibarra Agullo,2021-06-29,0,nuevo
105408,Gaspar Amador,2020-05-30,0,nuevo
113230,Félix Benavent Torrecilla,2024-02-22,0,nuevo
112607,Joan Puente Castrillo,2021-04-14,0,nuevo
107857,Vanesa Cerezo,2022-05-10,0,nuevo
103089,Adoración Acevedo,2020-04-28,0,nuevo
105901,Lalo Tejera Valencia,2021-02-11,0,nuevo
106115,Valerio Pinilla-Pareja,2022-05-22,0,nuevo
114504,Alejo Perera Tur,2022-04-13,0,nuevo
106519,Iker Robles Pizarro,2020-04-14,0,nuevo
100011,Lisandro Rey Riera,2021-05-23,0,nuevo
102648,Valentina Pastor Chamorro,2023-01-02,0,nuevo
113264,Toribio Ramirez Neira,2020-10-05,0,nuevo
112567,Alejo Díez-Gallart,2021-12-17,0,nuevo
114416,Fabiana del Alcaraz,2022-10-09,0,nuevo
104815,Ciríaco Fonseca,2024-03-18,0,nuevo
110024,María Ángeles Aguado Barral,2023-03-29,0,nuevo
101216,Isabela Ávila Roldán,2021-02-10,0,nuevo
114422,Saturnino Pastor Roca,2024-05-01,0,nuevo
113785,Abril Bello-Oliveras,2021-08-15,0,nuevo
113867,Dionisia Santamaría,2022-08-08,0,nuevo
108611,Ezequiel Roda Gordillo,2023-10-19,0,nuevo
101345,Isa Tamarit Céspedes,2022-10-18,0,nuevo
101345,Isa Tamarit Céspedes,2022-10-18,0,nuevo
106952,Basilio Cáceres-Márquez,2020-06-24,0,nuevo
110227,Vidal Valls Roig,2020-08-27,0,nuevo
113673,Ligia Rosado Cañas,2023-12-31,0,nuevo
107380,Judith Mena Neira,2020-05-07,0,nuevo
104366,Almudena Anglada-Cáceres,2022-10-26,0,nuevo
110752,Isa Baena Julián,2023-10-02,0,nuevo
114909,Eduardo Juan Luis Coll Rovira,2020-07-17,0,nuevo
105922,Saturnino Juan Luis Sanjuan Piña,2020-08-03,0,nuevo
109415,Carla del Bautista,2024-03-25,0,nuevo
100289,Xavier Cadenas-Almansa,2020-05-06,0,nuevo
106757,Claudia Escolano Prieto,2020-07-09,0,nuevo
106757,Claudia Escolano Prieto,2020-07-09,0,nuevo
110692,Salomón Hernández,2024-02-02,0,nuevo
108531,Roque Huertas Nicolau,2022-02-07,0,nuevo
114760,Héctor del Gibert,2023-10-29,0,nuevo
114413,Basilio de Manjón,2022-05-11,0,nuevo
101113,José Sarmiento Carmona,2024-04-12,0,nuevo
108411,Alfredo Esteban Tomas Perez,2023-04-08,0,nuevo
109227,América Arnaiz,2021-03-01,0,nuevo
103049,Ana Ródenas Martorell,2024-02-17,0,nuevo
115241,Felix Coll Chamorro,2020-09-19,0,nuevo
112597,Petrona Cano,2023-03-25,0,nuevo
107077,Abilio Gómez Borrego,2021-08-08,0,nuevo
100621,Alejo Blanca Ariza,2022-10-19,0,nuevo
100653,Virgilio Balaguer Gras,2021-02-22,0,nuevo
105684,Ricarda Madrigal Vélez,2021-02-18,0,nuevo
108421,Noelia Vazquez Garcia,2023-11-07,0,nuevo
112817,Fausto Pineda Priego,2022-04-26,0,nuevo
105441,Ruy Jimenez Peña,2023-06-05,0,nuevo
112204,Gisela Adán Pascual,2024-03-23,0,nuevo
111925,Manolo Ponce-Iñiguez,2021-12-22,0,nuevo
108543,Ángeles Molins,2024-08-12,0,nuevo
110283,Gracia Recio Pujadas,2020-06-06,0,nuevo
113008,Calisto Cardona-Chamorro,2023-02-06,0,nuevo
114791,Encarna Diego Ibarra,2021-11-22,0,nuevo
105903,Tito Talavera,2022-06-01,0,nuevo
106558,Jose Francisco Jose Vallés Gargallo,2024-06-01,0,nuevo
105689,Sebastián Juliá Menéndez,2021-01-14,0,nuevo
112072,Glauco de Quevedo,2022-01-15,0,nuevo
112857,Custodio Tejero Ripoll,2022-07-31,0,nuevo
104891,Ruth del Arévalo,2024-04-23,0,nuevo
100731,Úrsula Alberdi Duque,2024-06-22,0,nuevo
112831,Pablo Escamilla Escalona,2021-09-18,0,nuevo
114549,Judith Guerra Tapia,2024-03-03,0,nuevo
108863,Sandra Julie Bonilla Pozuelo,2021-09-07,0,nuevo
115186,Violeta Gargallo Castells,2022-04-02,0,nuevo
107299,Anselmo Benavides,2020-12-19,0,nuevo
112455,Édgar Quintero Muro,2022-05-09,0,nuevo
108920,Celestina Puente Rueda,2021-05-17,0,nuevo
113247,Jaime Victoriano Álvaro Somoza,2024-01-30,0,nuevo
113456,Teófila Santos Anaya,2024-08-15,0,nuevo
101337,Miguel Ángel Acedo Téllez,2022-11-08,0,nuevo
105788,Marino Prats,2024-08-18,0,nuevo
113337,Isabel Sosa Barco,2023-04-12,0,nuevo
107812,Palmira de Llano,2023-10-16,0,nuevo
111586,Socorro Zorrilla Canals,2020-08-09,0,nuevo
107439,Isaura Aparicio,2024-04-29,0,nuevo
102878,Lucho José Ángel Feliu Miró,2020-04-11,0,nuevo
105370,Elvira Machado Garriga,2020-03-25,0,nuevo
101742,Guiomar Zamora-Cuéllar,2024-04-19,0,nuevo
105504,Atilio Benet Pablo,2024-02-09,0,nuevo
109035,Saturnino Garrido Lucas,2020-09-10,0,nuevo
101331,Valentín Olivé Diez,2024-02-12,0,nuevo
100958,Paula Larrea Barroso,2021-11-05,0,nuevo
102111,Eladio Costa Donaire,2022-09-12,0,nuevo
104692,Enrique Carrasco Piquer,2022-09-09,0,nuevo
101661,Patricio del Bauzà,2024-04-26,0,nuevo
114377,Diego Nicolás Baró Pina,2024-07-21,0,nuevo
113511,Matilde Cañas Robles,2021-12-25,0,nuevo
113511,Matilde Cañas Robles,2021-12-25,0,nuevo
112311,Hortensia Nebot Echeverría,2022-04-20,0,nuevo
110464,Ismael Garrido Torrijos,2023-03-04,0,nuevo
110464,Ismael Garrido Torrijos,2023-03-04,0,nuevo
114419,Chus Lastra Bernat,2021-04-29,0,nuevo
110937,Miguel Morales Mosquera,2022-05-16,0,nuevo
107079,Goyo Llorente,2024-01-23,0,nuevo
114354,Augusto Cazorla Bayón,2023-07-13,0,nuevo
112982,Clarisa Virginia Sacristán Pagès,2020-08-29,0,nuevo
105913,Alex Ros Gascón,2020-09-20,0,nuevo
101406,Jose Antonio Dominguez,2021-11-18,0,nuevo
113724,Macaria Mariana Marí Hoz,2021-06-11,0,nuevo
102626,Ester Cazorla-Murillo,2020-04-11,0,nuevo
115117,Ruperta Murcia Puga,2020-07-24,0,nuevo
103149,Corona Crespo Robles,2024-05-04,0,nuevo
109288,Zaira Arroyo Roura,2023-09-06,0,nuevo
102874,Prudencio del Clavero,2024-02-05,0,nuevo
114997,Virgilio Morcillo Puente,2022-06-04,0,nuevo
105938,Cándido Baños Alegre,2021-05-26,0,nuevo
107071,Gilberto Sotelo Palomar,2020-10-16,0,nuevo
110169,Mercedes de Duarte,2022-07-10,0,nuevo
100077,Jose Ignacio Borja Castilla,2021-08-06,0,nuevo
109321,José Ángel Azorin Garriga,2020-06-24,0,nuevo
114465,Dalila Ariadna Machado Marti,2022-05-20,0,nuevo
104948,Trinidad Elorza Briones,2024-02-10,0,nuevo
101776,Cristina Rosales Sierra,2021-11-30,0,nuevo
112018,Eulalia Crespo Méndez,2021-05-03,0,nuevo
110716,Rocío Pozuelo Peña,2021-06-12,0,nuevo
100094,Eugenio Sanchez,2021-11-01,0,nuevo
110589,Rosaura Zapata Rodriguez,2023-01-08,0,nuevo
110026,Ágata Ros Rivera,2022-03-20,0,nuevo
111743,Matilde Badía-Saez,2022-07-23,0,nuevo
101077,Juan José Fernández Palma,2024-03-03,0,nuevo
108705,Aránzazu Losa Hidalgo,2021-02-07,0,nuevo
111039,María Teresa Azcona,2024-02-28,0,nuevo
101886,Alberto Fabregat Gual,2020-11-11,0,nuevo
106378,Perlita Bustos-Andres,2024-02-08,0,nuevo
104324,Natalia Royo Zorrilla,2024-07-21,0,nuevo
106594,Maricruz Blanco Flores,2022-06-25,0,nuevo
106594,Maricruz Blanco Flores,2022-06-25,0,nuevo
110364,Obdulia Jenny Prado Valcárcel,2023-09-18,0,nuevo
110630,Flavio del Gabaldón,2023-11-03,0,nuevo
104031,Ramona Gomez Casado,2021-11-28,0,nuevo
101234,Marisela Calleja Borrego,2024-08-12,0,nuevo
108675,Fabiana Ángel Gallo,2023-08-17,0,nuevo
107251,Mercedes Sala-Mena,2021-07-09,0,nuevo
106404,Eustaquio Sotelo Plaza,2023-11-26,0,nuevo
106404,Eustaquio Sotelo Plaza,2023-11-26,0,nuevo
100450,Asunción Mercader-Márquez,2023-04-23,0,nuevo
106111,Daniel Jordán Madrigal Redondo,2022-04-19,0,nuevo
109603,Nicanor Alberto Iñiguez,2023-10-13,0,nuevo
102186,Atilio Mena Villa,2023-11-01,0,nuevo
107636,Odalis Viana Campillo,2020-09-13,0,nuevo
113736,Cristian Sanchez,2021-12-29,0,nuevo
101729,Tania Valbuena,2022-06-25,0,nuevo
111321,María Carmen Abigaíl Nicolau Vigil,2021-04-28,0,nuevo
111157,Yolanda de Valbuena,2021-12-15,0,nuevo
105350,Jessica Gibert,2022-05-18,0,nuevo
109101,Dani Exposito Vargas,2020-03-08,0,nuevo
104393,Emigdio Girona-Gras,2021-08-02,0,nuevo
102464,Aureliano Hernando Lloret,2022-09-15,0,nuevo
112089,Encarna del Alvarez,2022-08-01,0,nuevo
102847,Judith Artigas,2020-07-21,0,nuevo
109631,Severiano Murillo Moya,2021-01-11,0,nuevo
105475,Adrián Barbero Casas,2021-01-12,0,nuevo
101613,Victoriano Cuervo-Barriga,2022-07-30,0,nuevo
102192,Nacho Hervás Jódar,2023-06-06,0,nuevo
101730,Maribel Guardiola Campo,2022-08-15,0,nuevo
114380,Mar Falcó Teruel,2023-10-14,0,nuevo
111602,Encarnita Ribes Manuel,2021-02-04,0,nuevo
108501,Sara Jimenez Torrijos,2022-04-07,0,nuevo
109995,Dalila Cantón Pacheco,2021-09-04,0,nuevo
115229,Teodora de Espada,2020-12-22,0,nuevo
104048,Toni Barbero Molina,2023-09-24,0,nuevo
105949,Rodolfo Abril-Téllez,2021-11-25,0,nuevo
112647,Ovidio de Araujo,2021-01-30,0,nuevo
111203,Anunciación Bauzà Sáenz,2021-04-16,0,nuevo
102493,Blas de Arnau,2020-08-19,0,nuevo
105958,Heriberto Osvaldo Torrecilla Amo,2021-08-13,0,nuevo
113263,Glauco Múgica-Quero,2020-09-01,0,nuevo
105274,Luís Bru Izquierdo,2020-07-04,0,nuevo
102890,Cecilio Salgado-Domínguez,2022-02-05,0,nuevo
114763,Vito Millán Garcia,2021-03-03,0,nuevo
110780,Ainoa Castejón Castrillo,2024-02-07,0,nuevo
106713,Anacleto José Carbó Amor,2021-10-25,0,nuevo
103378,Sebastian Valverde-Galvez,2020-03-31,0,nuevo
104528,Dimas Evaristo Carro Durán,2020-03-08,0,nuevo
113303,Graciano Ismael Cid Valera,2022-08-09,0,nuevo
109820,Ana Sofía Alarcón,2022-03-16,0,nuevo
105583,Luís Matas Riba,2020-05-09,0,nuevo
115041,Maximiliano Real-Jordá,2023-08-09,0,nuevo
100350,Xavier Rubio Bauzà,2023-04-12,0,nuevo
100043,Lupita de Lobato,2023-08-02,0,nuevo
100802,Irene Páez-Morante,2024-01-07,0,nuevo
103530,Toribio Diaz Blanes,2021-06-13,0,nuevo
106089,Mirta Solé Juan,2021-11-22,0,nuevo
105174,Candelario Sola,2021-03-12,0,nuevo
113603,Ángel Gaya Cervera,2024-06-13,0,nuevo
108407,Jose Luis Salvà Santos,2021-06-09,0,nuevo
111843,Ariel Mínguez-Hoz,2021-07-18,0,nuevo
108650,Cándida Fabregat Elorza,2024-04-13,0,nuevo
107744,María Dolores Sabina López Espada,2021-07-16,0,nuevo
100917,Aura Soriano,2020-05-25,0,nuevo
104618,Régulo de Fonseca,2021-01-04,0,nuevo
101617,Tania Perla Murillo Varela,2021-07-03,0,nuevo
113503,Fito Torrent-Escudero,2020-06-03,0,nuevo
107525,Onofre Barreda-Marín,2023-06-09,0,nuevo
102147,Juan Pablo Arnau Echeverría,2021-10-12,0,nuevo
107747,Severo Bayo Valera,2021-01-14,0,nuevo
106437,Teófila Jaén Luján,2022-11-13,0,nuevo
105956,Adán Valentín Abascal,2021-02-22,0,nuevo
114034,Amador Medina Peñalver,2022-04-26,0,nuevo
110075,Benita Calzada Molins,2022-02-16,0,nuevo
100783,Manu Roda Mesa,2021-09-30,0,nuevo
111086,Serafina Páez Clemente,2022-11-01,0,nuevo
109707,Ester del Cáceres,2022-03-03,0,nuevo
110086,Lola del Olmo,2020-10-26,0,nuevo
104839,María Belén Carro,2023-09-21,0,nuevo
109119,Úrsula Pedrosa Blanes,2024-04-07,0,nuevo
104206,Sigfrido Olmo Gallo,2022-07-23,0,nuevo
109935,Teófilo Amílcar Solana Pedraza,2022-06-26,0,nuevo
103879,Otilia Olivera Fernández,2020-09-10,0,nuevo
112595,Vicenta Amor Rovira Bonilla,2022-03-07,0,nuevo
105800,Marisa Hierro-Campoy,2022-05-07,0,nuevo
111290,Eloísa Reina Mariscal,2022-04-05,0,nuevo
106628,Reynaldo Olivera Bermejo,2022-11-12,0,nuevo
105698,Amaro España-Estévez,2020-04-09,0,nuevo
107076,Javi Navarro Tolosa,2022-01-28,0,nuevo
103542,Sancho Cerro Palomares,2023-05-26,0,nuevo
106949,María Dolores Rozas Torrens,2021-10-09,0,nuevo
110765,Chema Vilanova-Tejada,2022-08-07,0,nuevo
114824,Martin Campillo Acedo,2023-03-14,0,nuevo
109085,Paulino Peinado Pinto,2024-06-01,0,nuevo
102805,Adelaida Alcalá-Tomé,2024-06-14,0,nuevo
109258,Clara Palomo,2021-06-24,0,nuevo
111406,Leopoldo Puig Gálvez,2020-09-16,0,nuevo
103134,Geraldo Jaén Muro,2023-12-12,0,nuevo
111988,Juan Luis Fuente,2023-06-04,0,nuevo
113530,Ildefonso Pardo Osorio,2024-02-21,0,nuevo
105129,Jose Antonio Amaya Rosselló,2022-01-05,0,nuevo
110022,Jerónimo Robles Luís,2022-04-09,0,nuevo
112931,Crescencia Calatayud Palomino,2021-10-13,0,nuevo
103974,Celestina de Mir,2020-05-24,0,nuevo
105829,Buenaventura Octavio Jaume Suarez,2022-01-09,0,nuevo
103035,Abraham Zamorano-Merino,2024-02-01,0,nuevo
107158,Rodolfo Manjón Pedro,2022-12-26,0,nuevo
109532,Amaro Carlito Marin Prat,2020-05-18,0,nuevo
113805,Jesús Amores Quirós,2021-06-05,0,nuevo
107987,Hortensia Canales,2022-02-05,0,nuevo
107987,Hortensia Canales,2022-02-05,0,nuevo
104693,Carolina Clavero,2022-01-31,0,nuevo
108129,Baudelio Merino Bustamante,2022-05-22,0,nuevo
110225,América Galván Esteve,2020-10-30,0,nuevo
101225,Bartolomé Casal Mínguez,2021-03-24,0,nuevo
109759,Leoncio Oliva Alegria,2020-07-07,0,nuevo
102593,Rosaura Correa Jáuregui,2021-08-19,0,nuevo
106573,Adelaida Blanco Puig,2020-08-07,0,nuevo
102553,Azeneth Simó,2024-05-03,0,nuevo
114276,Cristóbal Galiano,2020-10-10,0,nuevo
113547,Lalo Diéguez Catalán,2023-07-27,0,nuevo
100381,Pascuala Durán Quintana,2021-04-05,0,nuevo
110265,Anabel Parejo,2020-03-04,0,nuevo
111067,Mayte Machado Aguirre,2021-05-18,0,nuevo
107964,Nazaret Vázquez Guillén,2021-06-06,0,nuevo
105854,Julio César Pera Fortuny,2021-06-10,0,nuevo
109802,Fabiana Sans-Olmedo,2020-07-25,0,nuevo
101361,Domingo Palau Requena,2022-01-20,0,nuevo
103197,Luisa Loreto Guitart Hernández,2024-06-13,0,nuevo
102038,Azeneth de Alarcón,2023-07-02,0,nuevo
106416,Aarón Garrido Cal,2021-06-16,0,nuevo
103239,Macario Carmona Cañizares,2021-01-02,0,nuevo
112234,Aitor Nazario Beltrán Carpio,2022-05-26,0,nuevo
112234,Aitor Nazario Beltrán Carpio,2022-05-26,0,nuevo
110090,Anna Cerdán Gascón,2021-07-29,0,nuevo
105795,Leandro Leal Martorell,2020-08-18,0,nuevo
112856,Victor Jaén,2023-04-11,0,nuevo
108518,Rebeca Pujol Boix,2021-11-25,0,nuevo
113822,Ildefonso Olmedo Fuentes,2021-12-26,0,nuevo
101916,Sonia Emma Bolaños Cerro,2024-03-22,0,nuevo
100110,María Carmen Clavero Espada,2021-08-12,0,nuevo
103465,Julia Figueras Alvarado,2023-11-23,0,nuevo
102139,Gabino Peláez Rosa,2024-06-17,0,nuevo
114635,Feliciano Abella-Carrión,2024-02-11,0,nuevo
113604,Wálter Silva Castejón,2021-02-25,0,nuevo
111975,Ángeles María José Raya Perelló,2024-01-16,0,nuevo
107646,Teófila Viviana Valentín Gras,2023-03-21,0,nuevo
108626,Gilberto Valdés,2024-01-05,0,nuevo
114605,Borja Olivé Solé,2022-10-22,0,nuevo
104481,Narciso Perelló Somoza,2021-04-19,0,nuevo
111697,Laura Belmonte Lerma,2020-03-01,0,nuevo
102848,Samuel Mariño,2022-10-07,0,nuevo
113406,Yaiza de Cortina,2023-08-20,0,nuevo
107485,Gustavo Borrás Montalbán,2020-10-14,0,nuevo
105839,Olivia Fiol Alberola,2021-07-06,0,nuevo
107895,Íngrid Rios Baena,2024-08-20,0,nuevo
114001,Hernando de Arteaga,2020-07-18,0,nuevo
106850,Leonardo Daza Morán,2022-10-26,0,nuevo
109851,Elodia Ferrán Criado,2020-07-26,0,nuevo
106683,Pastora Galvez Peña,2023-10-08,0,nuevo
104802,Rosalina de Pou,2021-07-05,0,nuevo
106195,Angelina Ribera Ferrero,2023-05-21,0,nuevo
114576,Gracia Lloret Landa,2020-06-25,0,nuevo
103525,Ramón Blanch Ramirez,2022-06-17,0,nuevo
114430,Sigfrido Angulo Pardo,2021-03-31,0,nuevo
109364,Sosimo Sanchez Ramírez,2021-11-30,0,nuevo
101310,Tamara del Tejera,2020-08-07,0,nuevo
114961,Marco Cuadrado Montaña,2021-11-16,0,nuevo
112340,Ismael Redondo Ribera,2020-03-14,0,nuevo
114288,Quirino de Rueda,2023-01-23,0,nuevo
107564,Evita Larrañaga Galán,2022-01-24,0,nuevo
103285,Bonifacio Noé Andres Mur,2023-04-29,0,nuevo
109575,Nereida Alfaro Gámez,2023-11-11,0,nuevo
110116,Cosme Román Blanco,2020-07-07,0,nuevo
104762,Juan Luis Granados,2023-01-12,0,nuevo
104762,Juan Luis Granados,2023-01-12,0,nuevo
111414,Micaela Castillo Reina,2020-12-24,0,nuevo
112362,Demetrio Elías Varela,2020-03-19,0,nuevo
109267,Luisina Garrido,2021-03-01,0,nuevo
101396,Paz Tena Larrañaga,2022-06-28,0,nuevo
108036,Osvaldo del Casal,2023-08-05,0,nuevo
106030,Wilfredo Pina Llamas,2022-12-01,0,nuevo
105178,Jenny Cuervo Franco,2021-01-15,0,nuevo
105178,Jenny Cuervo Franco,2021-01-15,0,nuevo
107912,Elena Sacristán-Portillo,2022-12-30,0,nuevo
106082,Dorita Barragán Aramburu,2022-12-01,0,nuevo
114405,Amada Dalmau Gibert,2024-02-20,0,nuevo
109388,Ángel Barrera Cobos,2021-04-25,0,nuevo
110406,Mario Ruy Barral Torrens,2023-10-17,0,nuevo
106835,Hermenegildo Alcaraz,2021-06-19,0,nuevo
106193,Fanny Maza Puerta,2023-03-12,0,nuevo
109643,Ainoa de Otero,2021-01-17,0,nuevo
106347,Leandro de Armas,2021-10-04,0,nuevo
109852,Amílcar Carmona Castro,2024-02-13,0,nuevo
103302,Severino Cisneros Pintor,2024-06-27,0,nuevo
113305,Amado Ortega Santamaria,2021-05-28,0,nuevo
110676,Carla Llabrés Acero,2021-04-30,0,nuevo
105407,Zaida Galiano Alberola,2021-02-02,0,nuevo
104280,Filomena Paz Ribes,2023-12-07,0,nuevo
114362,Sebastian Prudencio Estévez Torrents,2020-11-27,0,nuevo
111430,Alfonso Blanco,2021-09-21,0,nuevo
109657,Octavio Talavera Valero,2020-10-28,0,nuevo
101823,Viviana Saavedra Vallejo,2022-02-13,0,nuevo
105412,Marcial Angelino Guerra Cózar,2023-11-07,0,nuevo
111218,Silvio Mayoral Escalona,2020-11-27,0,nuevo
106735,Mohamed Peralta-Gual,2023-11-24,0,nuevo
101978,Donato Robles Farré,2021-01-23,0,nuevo
112359,Joel Gascón Somoza,2022-12-25,0,nuevo
103265,Isidora Seco Farré,2020-11-23,0,nuevo
107074,Lucila Llabrés Almansa,2021-12-07,0,nuevo
105062,Florencio Ojeda Cantón,2020-11-11,0,nuevo
100253,Jimena Quirós Torrecilla,2020-04-11,0,nuevo
108856,Lina Maldonado Ochoa,2022-02-11,0,nuevo
106177,Primitiva Giner,2024-08-23,0,nuevo
111753,Pepita Clavero-Carreño,2022-12-06,0,nuevo
103672,Gabino Tena,2023-07-01,0,nuevo
111220,Nazaret de Landa,2022-12-10,0,nuevo
106348,Jordana Cuadrado Merino,2022-12-21,0,nuevo
104417,Isaías Gelabert Bartolomé,2021-12-22,0,nuevo
114676,Belen Lloret Salinas,2021-12-30,0,nuevo
115051,Calixta del Planas,2022-08-20,0,nuevo
115051,Calixta del Planas,2022-08-20,0,nuevo
113523,Paca Lidia Herrera Alcalde,2023-02-28,0,nuevo
102935,Ramón Aguado-Ferrando,2023-01-13,0,nuevo
106493,Rita Orozco,2022-10-04,0,nuevo
114903,Jenny Calixta Barragán Alonso,2022-01-13,0,nuevo
108684,Malena Valentina Corbacho Ferreras,2024-08-20,0,nuevo
110646,Ileana Clara Mayo Vall,2022-10-05,0,nuevo
112477,Florencio Macias-Carrión,2022-01-05,0,nuevo
109804,Nacho Osorio,2022-03-24,0,nuevo
106033,Emma Higueras Carretero,2024-07-02,0,nuevo
102987,Cayetano Prat Canet,2022-05-02,0,nuevo
109569,Ramona Fabiola Bauzà Martinez,2024-08-16,0,nuevo
112519,Clementina Lorenzo Blázquez,2023-04-19,0,nuevo
109129,Paloma Pavón Folch,2020-05-10,0,nuevo
108613,Cristian Martin Diego Gibert,2020-08-16,0,nuevo
114491,Lilia Iriarte Osuna,2023-04-14,0,nuevo
109872,Priscila Reyes Osorio,2023-08-08,0,nuevo
108452,Gerónimo Santiago,2024-03-29,0,nuevo
105941,Elena Saldaña,2020-12-21,0,nuevo
113593,Melchor de Barón,2024-05-14,0,nuevo
111119,Ani Codina Cases,2022-07-16,0,nuevo
113609,Ángeles de Iñiguez,2022-03-10,0,nuevo
113609,Ángeles de Iñiguez,2022-03-10,0,nuevo
100520,Basilio Soler-Rojas,2020-07-06,0,nuevo
101756,Alondra Carrillo,2020-04-07,0,nuevo
110820,Ligia Almudena Belmonte Reyes,2022-04-28,0,nuevo
105264,Mohamed Taboada,2020-09-23,0,nuevo
115101,Juan Carlos Lalo Pizarro Neira,2022-12-08,0,nuevo
109073,Anna Posada Boix,2024-02-14,0,nuevo
107276,Eligio Cid,2020-03-15,0,nuevo
108886,Joaquina Quevedo Carranza,2020-06-26,0,nuevo
114270,Cornelio Sanmiguel Huertas,2022-02-22,0,nuevo
112215,Maximiano Valenciano Rosales,2022-08-01,0,nuevo
114544,Custodio Murcia Tello,2021-10-01,0,nuevo
110220,Carmela Roma Pérez,2022-12-04,0,nuevo
110511,Hugo Maza Rocha,2023-10-23,0,nuevo
113514,Nilda Lledó-Benítez,2022-03-29,0,nuevo
101878,Galo Sanjuan Solé,2021-02-08,0,nuevo
100514,María Ángeles Jódar Sabater,2024-01-04,0,nuevo
114681,Nacho Diez Rivas,2020-11-24,0,nuevo
111516,Raimundo Luís Español,2020-08-15,0,nuevo
109984,Maximiliano Mariscal Sevillano,2023-03-02,0,nuevo
111096,Teodora Nevado Goicoechea,2022-02-13,0,nuevo
112783,Dolores Salvador Sabater,2023-04-08,0,nuevo
110916,Fabricio Gomila Alcalde,2021-03-26,0,nuevo
108883,María Luisa Blanch-Tirado,2024-04-14,0,nuevo
106434,Isaías Noguera Parejo,2020-11-13,0,nuevo
106148,Nydia Núñez Comas,2024-04-21,0,nuevo
102917,José Luis Peinado Moreno,2021-07-28,0,nuevo
107979,Lupe Palomino Arce,2021-11-21,0,nuevo
100481,Jennifer Solsona Andreu,2022-10-01,0,nuevo
106877,Ibán de Enríquez,2021-06-27,0,nuevo
108015,Adrián Alberto Márquez Pla,2020-10-30,0,nuevo
102578,Emma Cabrera,2024-08-06,0,nuevo
108062,Águeda de Valenzuela,2021-12-02,0,nuevo
108688,Leocadia Balaguer Cerro,2022-07-16,0,nuevo
111779,Florinda Bustamante Guillen,2021-04-24,0,nuevo
111666,Dolores Ribera,2022-04-26,0,nuevo
108980,Pastora Montserrat,2020-11-21,0,nuevo
101597,Patricia Lasa Salcedo,2024-07-19,0,nuevo
103897,Lara de Pereira,2022-11-08,0,nuevo
111944,Luisa Cervera Arranz,2022-08-26,0,nuevo
109774,Otilia Valcárcel Correa,2023-07-02,0,nuevo
104051,Amanda Exposito,2024-02-19,0,nuevo
105703,Telmo del Artigas,2024-08-19,0,nuevo
112698,Osvaldo Dani Andres Gutierrez,2024-02-29,0,nuevo
102763,Mónica Abellán-Zapata,2020-11-21,0,nuevo
103686,Sol Cuadrado-Calderon,2023-09-06,0,nuevo
103603,Francisca Torrent Cózar,2020-08-18,0,nuevo
112465,Octavio Adolfo Soler Tenorio,2024-01-16,0,nuevo
110827,Concha Moles Matas,2023-02-08,0,nuevo
101447,Felix Colomer Llanos,2021-12-01,0,nuevo
100706,Apolonia Lina Santana Piñeiro,2022-12-07,0,nuevo
107919,Judith Quesada Cabello,2023-12-30,0,nuevo
114479,Jeremías Alonso Valderrama,2020-12-28,0,nuevo
112171,Pío del Daza,2021-05-18,0,nuevo
102575,Vasco Montes,2024-07-02,0,nuevo
112568,Leandra del Gomez,2020-09-06,0,nuevo
108065,Cristóbal Escalona Pomares,2021-09-19,0,nuevo
103743,Reyna Lladó-Bosch,2023-05-06,0,nuevo
109187,Brígida Higueras Villanueva,2020-08-16,0,nuevo
111335,Concepción Marquez Pintor,2022-10-13,0,nuevo
101104,Graciano Aguirre,2020-11-22,0,nuevo
115102,Candelaria de Fernandez,2021-09-09,0,nuevo
110754,Rolando Sarabia,2022-02-05,0,nuevo
101559,Paulina Río Peláez,2024-05-04,0,nuevo
109724,Ciríaco del Puerta,2021-11-02,0,nuevo
113813,Catalina Barranco Ledesma,2021-12-04,0,nuevo
109792,Paz Guitart Crespo,2020-03-20,0,nuevo
113313,Edu Julio César Lerma Ramón,2021-12-20,0,nuevo
103524,Odalys Palmer-Marcos,2021-06-21,0,nuevo
104543,Esteban Gallart,2024-03-10,0,nuevo
100035,Luisina Lucas Diéguez,2020-09-01,0,nuevo
110958,Adolfo Quevedo Bellido,2023-05-11,0,nuevo
102653,Evita Alvarado Bolaños,2021-08-27,0,nuevo
105329,Valerio Toledo,2022-01-25,0,nuevo
107800,Paz Beltrán Comas,2021-09-21,0,nuevo
107800,Paz Beltrán Comas,2021-09-21,0,nuevo
107896,Darío del Garzón,2023-07-07,0,nuevo
112619,Jacinta Asenjo-Carpio,2023-05-14,0,nuevo
107382,Maximino Márquez Alcázar,2020-10-06,0,nuevo
107382,Maximino Márquez Alcázar,2020-10-06,0,nuevo
100293,Iris Rebollo Pedrero,2023-10-15,0,nuevo
115055,Trini Terrón Lluch,2021-04-04,0,nuevo
115055,Trini Terrón Lluch,2021-04-04,0,nuevo
108483,Sofía Gras Márquez,2024-08-18,0,nuevo
111996,Nazaret del Marín,2022-12-14,0,nuevo
102871,Abilio Nazaret Núñez Ruano,2023-03-16,0,nuevo
113741,José Antonio Garmendia Tejera,2021-05-19,0,nuevo
107753,Esmeralda Filomena Corral Céspedes,2024-07-15,0,nuevo
108150,Begoña Luisina Muro Coca,2023-04-16,0,nuevo
110610,Dionisia Marco Manzanares,2023-10-14,0,nuevo
108269,Ambrosio del Leiva,2022-10-25,0,nuevo
107230,Alberto Guardia Diez,2023-05-03,0,nuevo
113718,Lupita Tejada Busquets,2020-07-08,0,nuevo
114526,Fito Estevez Olivera,2021-05-19,0,nuevo
114210,María Fernanda Crespi Nogués,2024-06-28,0,nuevo
102642,Eustaquio Campillo Pino,2024-01-05,0,nuevo
104419,Virginia Cervera Carballo,2020-12-29,0,nuevo
114045,Cirino Adadia Lobo,2024-07-13,0,nuevo
112928,Segismundo Ariza Gascón,2023-08-08,0,nuevo
106388,Moreno Alegre Coronado,2024-05-05,0,nuevo
111595,Casemiro Bautista Castañeda,2022-05-29,0,nuevo
114956,Augusto Jover Mayo,2024-02-25,0,nuevo
104585,Nerea Cámara Mariscal,2020-05-31,0,nuevo
100838,Perla Ester Ribas Guijarro,2021-12-10,0,nuevo
100267,Olivia Seco Castelló,2024-06-19,0,nuevo
111038,Rosario Mancebo Hervia,2022-09-29,0,nuevo
102007,Otilia Carreras Ruiz,2023-02-04,0,nuevo
102363,Elvira Fuertes Alemán,2021-05-20,0,nuevo
107448,Isabel Martinez Alberola,2021-06-27,0,nuevo
109797,Alejo Hoz Vilalta,2024-07-12,0,nuevo
112807,Macario Estévez Tamarit,2022-03-20,0,nuevo
111536,Rafa Calderón Zurita,2024-04-30,0,nuevo
106844,Silvio Samu Salinas Torrijos,2022-10-27,0,nuevo
106495,Benito Arrieta-Izquierdo,2022-11-18,0,nuevo
100827,Graciano Ayllón-Coronado,2021-05-12,0,nuevo
110130,René Zapata Donaire,2023-08-04,0,nuevo
113868,José Rivas Rubio,2022-03-08,0,nuevo
108604,Cosme Barros,2023-05-07,0,nuevo
101442,Osvaldo Valero Calatayud,2020-07-11,0,nuevo
103067,Trini Asenjo-Domingo,2024-08-19,0,nuevo
111941,Hugo Sergio Almeida Mascaró,2020-05-06,0,nuevo
107956,Prudencio Castells Julián,2022-04-23,0,nuevo
110698,Cristina Bru Coloma,2022-12-22,0,nuevo
100890,Nacio Sanmiguel Duarte,2020-12-03,0,nuevo
114002,Heraclio Acedo Chamorro,2023-08-07,0,nuevo
113039,Claudia Vega Antón,2020-07-02,0,nuevo
106914,Emigdio Arévalo Alfaro,2020-10-26,0,nuevo
101964,María Cueto Roura,2020-12-15,0,nuevo
103126,Renata Casanovas Carnero,2021-01-11,0,nuevo
111110,Casemiro Guijarro Bermúdez,2022-06-18,0,nuevo
101128,Evita Tapia Tenorio,2021-01-24,0,nuevo
114501,Maxi Solano Sacristán,2021-07-09,0,nuevo
113827,Régulo del Sanmartín,2024-02-06,0,nuevo
113467,Charo Rosell Nicolau,2020-07-25,0,nuevo
110100,Martirio Rius Cáceres,2021-01-05,0,nuevo
111299,Maricruz Malo Pizarro,2024-07-09,0,nuevo
108064,Epifanio Gaya-Abascal,2022-09-22,0,nuevo
101544,Serafina Bilbao Herrero,2021-08-24,0,nuevo
103264,Odalys Cadenas Porcel,2024-04-06,0,nuevo
102269,Timoteo Quesada Bru,2023-05-22,0,nuevo
103771,Pepita Alcalá Puig,2020-09-15,0,nuevo
100133,Tadeo Coll Barba,2020-06-07,0,nuevo
109714,Custodio Teruel-Tormo,2022-10-04,0,nuevo
112141,Pascual Moreno Barral,2021-08-17,0,nuevo
100394,Pelayo Ariel Osorio Herrera,2022-05-29,0,nuevo
114252,Manuel Escamilla Zabala,2023-11-09,0,nuevo
113709,Cesar del Ortiz,2022-12-30,0,nuevo
114707,Adoración Berrocal Llorente,2021-01-30,0,nuevo
103929,Renata Gomila Planas,2020-03-03,0,nuevo
107465,Vilma Figueroa Lara,2023-05-19,0,nuevo
113130,Timoteo Portero-Calleja,2023-06-27,0,nuevo
113130,Timoteo Portero-Calleja,2023-06-27,0,nuevo
113505,María Luisa Torre,2021-07-12,0,nuevo
107552,Fátima Luna Narváez,2020-08-13,0,nuevo
103235,Pastor Folch Neira,2021-09-04,0,nuevo
112731,Manu Isabela Llopis Ferrer,2023-09-17,0,nuevo
103499,Cristian Germán Gracia Nuñez,2020-04-06,0,nuevo
107239,Olalla Mulet Lledó,2022-07-28,0,nuevo
107559,Inmaculada Sanchez-Puerta,2022-05-01,0,nuevo
100402,Julie Aurelia Lerma Vives,2023-01-01,0,nuevo
106162,Juan Garriga,2024-01-04,0,nuevo
105728,Flavia Tudela Bravo,2024-06-19,0,nuevo
106487,Nazaret Agustín Pedrero,2024-04-25,0,nuevo
107600,Anunciación Gabaldón Leiva,2021-06-30,0,nuevo
111000,Coral Cardona Cruz,2021-12-22,0,nuevo
104681,Nicolás Eduardo Amor Mayoral,2021-10-07,0,nuevo
105009,Odalys Manzano Ballester,2021-10-29,0,nuevo
110055,Teodoro Téllez Ríos,2022-09-15,0,nuevo
103884,Eladio Ramírez Bernal,2021-04-15,0,nuevo
107801,Griselda del Caro,2020-07-16,0,nuevo
107801,Griselda del Caro,2020-07-16,0,nuevo
106780,Zaida Borja Valderrama,2022-07-30,0,nuevo
102424,Lucas Cabañas Calatayud,2024-06-11,0,nuevo
109091,Estefanía Caparrós Adadia,2020-08-24,0,nuevo
105265,Damián del Medina,2020-09-27,0,nuevo
114722,Jenaro Abilio Ferrán Quintero,2021-07-10,0,nuevo
100254,Celestina de Mascaró,2022-03-22,0,nuevo
109598,Dalila Bustos Palomares,2022-05-15,0,nuevo
108271,Amor Amores Córdoba,2020-11-27,0,nuevo
113476,Modesto Peiró Prieto,2023-10-29,0,nuevo
105502,Daniela Rivas Aragón,2020-06-12,0,nuevo
108360,Teobaldo de Menendez,2023-05-03,0,nuevo
103191,Gabino Guerrero Priego,2021-11-28,0,nuevo
103621,Yéssica Camacho-Ojeda,2022-01-24,0,nuevo
111309,Rita Acevedo Falcó,2022-03-15,0,nuevo
103651,Macario Padilla Lopez,2022-04-08,0,nuevo
110391,Jesús Galvez Canals,2022-04-13,0,nuevo
115118,Reina Solís,2024-05-25,0,nuevo
114946,Pía Sanjuan Larrea,2022-11-08,0,nuevo
113149,Remigio Geraldo Ramón Cabanillas,2023-03-08,0,nuevo
103371,Espiridión Alberola Piñol,2023-10-14,0,nuevo
114634,Emperatriz Aguiló Prats,2023-06-03,0,nuevo
114026,José Ángel de Aragón,2024-01-17,0,nuevo
110567,Juliana Valbuena Dávila,2022-03-09,0,nuevo
112810,José Mari Benavent Montes,2022-04-05,0,nuevo
112504,Angelina Manjón Dalmau,2021-05-01,0,nuevo
114894,Miguela de Fiol,2020-03-16,0,nuevo
111768,Daniel Ferrándiz González,2021-03-17,0,nuevo
107262,Begoña Almagro Ibáñez,2021-10-23,0,nuevo
100665,Palmira Casals Asensio,2024-01-12,0,nuevo
114175,Josefina Bilbao Rosales,2022-04-05,0,nuevo
105260,Belen Plaza Hernandez,2023-11-26,0,nuevo
110187,Berta Pera Valcárcel,2021-08-15,0,nuevo
103348,Benigna Torrents Riba,2023-02-28,0,nuevo
100744,Consuela Fernandez Velázquez,2022-10-15,0,nuevo
100223,Anacleto Parra Flor,2021-01-11,0,nuevo
103995,Bienvenida Naranjo Palma,2021-12-01,0,nuevo
101980,Manuela Vega Macías,2024-06-25,0,nuevo
108238,Ismael Lloret Macías,2022-06-06,0,nuevo
111056,Corona Figuerola Falcó,2022-05-06,0,nuevo
100345,Anna Romeu Huguet,2022-08-17,0,nuevo
114934,Mariana Fuentes Amador,2023-08-05,0,nuevo
102281,Eufemia Cabrero Luque,2020-03-06,0,nuevo
112483,Joan Narváez Castelló,2023-10-11,0,nuevo
102622,Gisela Mónica Riquelme Rosa,2022-08-24,0,nuevo
100874,Lupita Almansa,2020-12-03,0,nuevo
107493,Teodoro Diez-Talavera,2023-06-13,0,nuevo
114051,Ruth Primitiva Cepeda Colom,2024-07-07,0,nuevo
106946,Blanca Báez Angulo,2021-01-13,0,nuevo
109968,Nadia Garriga,2023-08-22,0,nuevo
105115,Juan Miguel Mateo,2024-03-08,0,nuevo
109914,Teobaldo de Ibarra,2020-06-30,0,nuevo
105213,Cecilio Sanjuan Belmonte,2023-04-27,0,nuevo
110568,Eliana Alcalde-Manzano,2022-06-29,0,nuevo
101761,África del Pol,2022-06-21,0,nuevo
113687,Ángel Gámez Andrés,2023-01-12,0,nuevo
113221,Feliciano Mosquera Manzano,2022-10-05,0,nuevo
105200,René Escrivá Priego,2022-07-24,0,nuevo
104804,Sabas Peñalver,2023-12-31,0,nuevo
102903,Natividad Balaguer Castell,2022-03-27,0,nuevo
110374,Trinidad Guadalupe Morcillo Valenciano,2023-01-04,0,nuevo
108279,Jenny de Garcés,2024-08-19,0,nuevo
106649,Victoria Casado Soria,2021-05-22,0,nuevo
112267,Gloria Becerra Romero,2022-08-18,0,nuevo
109262,Cayetana Acevedo Roman,2020-10-30,0,nuevo
108566,Angelita Benavente Martorell,2020-11-03,0,nuevo
103432,Duilio Campo,2023-10-05,0,nuevo
114680,María Carmen Parejo Flores,2022-11-26,0,nuevo
107686,Ariadna Almazán Grande,2023-01-29,0,nuevo
104726,Alexandra de Porras,2024-04-14,0,nuevo
110313,Ruperta Agudo,2020-03-18,0,nuevo
107809,Damián Luján Fortuny,2022-06-13,0,nuevo
111106,Narciso Lluch Valdés,2020-07-07,0,nuevo
100369,Cristóbal de Corominas,2020-07-03,0,nuevo
109159,Calixta Pizarro Pino,2022-11-25,0,nuevo
109159,Calixta Pizarro Pino,2022-11-25,0,nuevo
110547,Anna de Cerdán,2020-12-06,0,nuevo
106339,Cristian del Calzada,2022-11-17,0,nuevo
105325,Emelina Custodia Batalla Anguita,2023-02-26,0,nuevo
104061,Evaristo del Valero,2023-06-14,0,nuevo
115001,Jose Ignacio Modesto Giner Sarmiento,2021-03-04,0,nuevo
101825,Consuela Leyre Álvaro Pavón,2020-08-29,0,nuevo
110941,Marina Guzman Barceló,2020-04-03,0,nuevo
112239,Olivia Valderrama Patiño,2021-08-28,0,nuevo
103233,Pascuala Bermudez Saez,2023-05-11,0,nuevo
106995,Fito de Escrivá,2022-02-19,0,nuevo
101570,Clementina Pinto Cervera,2022-09-06,0,nuevo
100348,Filomena Múñiz Mayo,2021-09-26,0,nuevo
108261,Marisol Asenjo Llanos,2024-03-26,0,nuevo
108179,Graciela Manrique Rios,2020-11-24,0,nuevo
107198,Anselma Camps,2020-05-20,0,nuevo
113590,Marisa Portillo Blanco,2023-02-05,0,nuevo
108659,Máxima del Arteaga,2023-03-07,0,nuevo
112889,María Teresa Benitez Carrión,2024-05-01,0,nuevo
111732,Dan Álamo-Coronado,2024-08-16,0,nuevo
112923,Priscila Ponce Pastor,2022-04-21,0,nuevo
107008,Josué de Andrade,2022-06-09,0,nuevo
113857,Abril Bejarano-Román,2020-08-03,0,nuevo
113579,Duilio Sierra Menendez,2022-11-11,0,nuevo
113579,Duilio Sierra Menendez,2022-11-11,0,nuevo
101223,Juanita Lladó-Sacristán,2024-07-25,0,nuevo
102135,Nuria Cañizares,2024-05-11,0,nuevo
109297,María Jesús de Garzón,2023-02-04,0,nuevo
114172,Noemí Patiño Tello,2021-07-18,0,nuevo
112571,Águeda Enríquez-Lozano,2020-05-15,0,nuevo
100510,Albina Sosa Aramburu,2020-05-28,0,nuevo
106299,María Carmen Grau Tena,2024-07-30,0,nuevo
112170,Toño Jimenez Sánchez,2022-07-19,0,nuevo
103987,Antonio del Leal,2024-06-29,0,nuevo
105247,Elba de Palmer,2022-05-10,0,nuevo
101260,Gervasio Elías Batlle Puig,2024-04-28,0,nuevo
101889,Tito Bernad-Duarte,2024-08-22,0,nuevo
106346,Amanda Planas-Valle,2022-07-19,0,nuevo
113665,Sancho Ropero-Miralles,2022-11-30,0,nuevo
105834,Irma Antúnez Amador,2021-04-22,0,nuevo
109626,Aránzazu Polo Tovar,2021-12-09,0,nuevo
108145,Yolanda Arias,2022-11-08,0,nuevo
104809,Georgina Arribas Verdú,2021-06-02,0,nuevo
103330,Ariel Contreras Jara,2021-08-13,0,nuevo
103294,Vera de Benavent,2020-10-10,0,nuevo
112254,Clímaco Contreras Godoy,2023-10-26,0,nuevo
109844,Tomás Andres-Lobato,2021-09-23,0,nuevo
110163,Luisina González-Ferrero,2022-08-03,0,nuevo
106563,Pancho Cerro Río,2022-06-18,0,nuevo
113566,Casandra de Donoso,2024-06-21,0,nuevo
104866,Eliana Cueto Valbuena,2022-02-20,0,nuevo
105552,Fito Sureda,2024-02-12,0,nuevo
107938,Pepita Bermúdez Antón,2020-07-29,0,nuevo
100105,Paula Manso-Cañete,2023-07-03,0,nuevo
113574,Florinda Pinto Crespi,2022-01-18,0,nuevo
101795,Rubén Bertrán Vives,2023-06-05,0,nuevo
106926,Claudia Peña Bustamante,2021-12-15,0,nuevo
100213,Ema Trujillo Arnal,2021-11-10,0,nuevo
112409,Simón Bautista Álvarez,2024-03-07,0,nuevo
114687,Domingo Ibañez Miralles,2024-08-25,0,nuevo
105194,Eli Nogueira González,2021-08-31,0,nuevo
105736,Luis Murcia Cid,2022-11-10,0,nuevo
110378,Anabel del Girona,2022-05-28,0,nuevo
100793,Octavio Medina,2023-11-01,0,nuevo
100234,María Cristina Martí Bartolomé,2020-08-19,0,nuevo
112406,Yaiza Duque Mancebo,2024-07-07,0,nuevo
101065,Albina Carballo-Quero,2021-08-10,0,nuevo
100210,Araceli Morera Ballesteros,2022-01-14,0,nuevo
111876,Magdalena Izaguirre Elorza,2022-07-16,0,nuevo
111876,Magdalena Izaguirre Elorza,2022-07-16,0,nuevo
104499,Maite Ribas-Sobrino,2021-10-27,0,nuevo
113613,Ismael Cobos Vilaplana,2021-08-23,0,nuevo
106460,Carmina Chaparro Guerra,2020-04-09,0,nuevo
102414,Hipólito Armas-Galiano,2023-03-09,0,nuevo
109966,Cristina Blazquez Rocha,2022-01-12,0,nuevo
112007,Carolina Guitart Miralles,2022-06-14,0,nuevo
113661,Roberta Medina Rios,2022-07-12,0,nuevo
100872,Pía Cuesta Zabala,2021-12-01,0,nuevo
101264,Sol Acevedo Leiva,2021-06-08,0,nuevo
101619,Urbano Garriga-Poza,2021-10-11,0,nuevo
113894,Dorotea Porras Palomar,2023-09-12,0,nuevo
104346,Narcisa Benítez Recio,2023-07-02,0,nuevo
113524,Claudio Jose Luis Arroyo Alemany,2020-12-12,0,nuevo
106897,Evaristo Aguilera Vélez,2020-05-23,0,nuevo
101221,César Peláez-Puga,2021-09-18,0,nuevo
113362,Hilda Selena Cabanillas Castilla,2021-11-14,0,nuevo
115031,Pío Alcalá Barriga,2023-03-22,0,nuevo
113875,África Ester Escudero Pol,2023-07-04,0,nuevo
102002,Pablo Bas Casado,2023-08-01,0,nuevo
105610,Purificación Arellano Borrell,2022-08-20,0,nuevo
103583,Manu Barba Carrera,2022-10-07,0,nuevo
102524,Julieta Vendrell Cabeza,2023-10-18,0,nuevo
105991,Eva Casado-Iglesia,2022-08-26,0,nuevo
108741,Brunilda Poza Pera,2022-04-25,0,nuevo
113666,Visitación Vicente Pozuelo,2022-10-30,0,nuevo
103079,Rosario Blanes,2020-05-18,0,nuevo
104834,Chus Cabrero Cervantes,2023-01-15,0,nuevo
111524,Manuel Milla Nicolás,2024-03-18,0,nuevo
101306,Chus Casanova-Tirado,2022-03-21,0,nuevo
112017,Bernardita del Agustín,2022-01-22,0,nuevo
106244,Rafaela Calleja Giménez,2023-03-26,0,nuevo
109933,Mariano Isern-Cervantes,2020-09-14,0,nuevo
100618,Augusto Vega Parejo,2022-04-12,0,nuevo
102164,Jessica de Tenorio,2023-02-24,0,nuevo
104771,Aránzazu Beltrán Arenas,2023-06-17,0,nuevo
113196,Gastón Azorin Franch,2020-06-17,0,nuevo
110495,Paloma Solís Ferrera,2021-06-01,0,nuevo
114880,Rosalina Alberdi-Izquierdo,2024-06-13,0,nuevo
103048,Lucía Cobo Valle,2022-02-26,0,nuevo
113806,Encarnita Julián Casas,2022-10-05,0,nuevo
106832,Selena Padilla Garzón,2021-06-01,0,nuevo
109467,Regina de Almansa,2022-09-25,0,nuevo
103096,Sandra Sala Vizcaíno,2021-05-21,0,nuevo
114471,Domitila Gaya García,2023-03-29,0,nuevo
103286,Salomón Ferreras Puerta,2022-03-25,0,nuevo
109826,Petrona Toro Estrada,2021-06-19,0,nuevo
107878,Eloísa Espejo Casals,2024-05-29,0,nuevo
109896,Telmo Nadal-Yuste,2020-06-10,0,nuevo
108704,Viviana Elías Maestre,2020-12-05,0,nuevo
102904,Lola Somoza,2021-09-18,0,nuevo
109058,Felix Salgado Gálvez,2022-09-28,0,nuevo
103054,Chema Ledesma Carrillo,2021-02-21,0,nuevo
111511,Mario Ripoll Tamarit,2021-09-30,0,nuevo
109007,Carlota del Viñas,2023-04-06,0,nuevo
109206,Adrián de Osorio,2021-09-05,0,nuevo
102270,Paz Barrio Recio,2021-07-11,0,nuevo
102695,Candela Gras Coloma,2020-10-20,0,nuevo
108496,Iván Losada Nicolás,2024-08-03,0,nuevo
107710,Marisela Múñiz-Villalobos,2024-08-15,0,nuevo
111154,Vera del Fuentes,2023-07-18,0,nuevo
109735,Abel Figueras-Pedraza,2022-04-12,0,nuevo
110009,Etelvina Serna Barrios,2021-06-08,0,nuevo
110171,Aurelio Tamayo-Badía,2022-08-09,0,nuevo
108257,Segismundo Cuéllar,2022-06-05,0,nuevo
104708,Aureliano Neira Cañellas,2020-05-24,0,nuevo
113887,Salomé Gonzalo Tolosa,2020-04-04,0,nuevo
107827,Damián Vilanova-Planas,2021-06-01,0,nuevo
107627,José Ángel Larrea Ruano,2020-10-02,0,nuevo
102603,Heraclio Acuña Hoz,2021-05-25,0,nuevo
104608,Jacinta de Gallo,2022-10-29,0,nuevo
109320,Ciríaco Orozco,2022-12-29,0,nuevo
104757,Nieves Hervia Guardia,2022-09-25,0,nuevo
105539,José Manuel Anglada Galiano,2023-10-13,0,nuevo
112344,Natalia Arnau Mascaró,2021-06-13,0,nuevo
100521,Eulalia Rivas,2022-07-06,0,nuevo
111648,Brígida Segura Mancebo,2022-01-06,0,nuevo
114520,Amador Berenguer Gibert,2021-02-02,0,nuevo
107094,Anselmo Esteve Cabo,2020-07-04,0,nuevo
104914,Nieves Zamorano-Vidal,2023-01-31,0,nuevo
106124,José Antonio Portero Matas,2024-06-14,0,nuevo
109264,Arcelia Arenas Báez,2021-12-20,0,nuevo
103772,Concepción Guerra,2024-04-29,0,nuevo
103772,Concepción Guerra,2024-04-29,0,nuevo
111538,Sigfrido Cepeda Fonseca,2024-07-17,0,nuevo
101110,Isabela Conesa Peiró,2023-02-14,0,nuevo
104656,Héctor Cornejo Acuña,2023-06-04,0,nuevo
110355,Esteban Buendía Cadenas,2023-06-08,0,nuevo
101039,Segismundo González González,2022-10-02,0,nuevo
101039,Segismundo González González,2022-10-02,0,nuevo
107177,María Dolores Luz Verdejo,2023-08-13,0,nuevo
100021,Pía Lerma Calatayud,2022-10-14,0,nuevo
108137,Heriberto Cerro Guijarro,2021-04-06,0,nuevo
108273,Patricia Rodrigo Frías,2022-04-01,0,nuevo
114712,Natalio Morillo Salas,2022-02-02,0,nuevo
104491,Heliodoro Santamaria Pera,2021-10-05,0,nuevo
111331,Beatriz Nogués Guitart,2021-06-27,0,nuevo
101738,Lilia Sevillano Escrivá,2021-01-08,0,nuevo
113220,Julio César Burgos Cabezas,2023-04-04,0,nuevo
100562,Heraclio Pavón Alcalá,2023-05-30,0,nuevo
107696,Zaida Otero Aguilera,2024-08-24,0,nuevo
114369,Aitana Morell Álvaro,2024-08-07,0,nuevo
112322,Marcela Alberdi Gelabert,2024-02-27,0,nuevo
101163,Angélica Ugarte Galván,2021-01-11,0,nuevo
111301,Nico Barrena,2024-05-23,0,nuevo
112024,Yéssica Candela Pina Casas,2022-01-18,0,nuevo
101528,Judith de Ariño,2022-04-02,0,nuevo
109080,Buenaventura Piña Lago,2022-04-13,0,nuevo
104484,Hilario Ferrándiz Bejarano,2020-07-18,0,nuevo
102292,Fortunato Soto Pedro,2020-12-28,0,nuevo
108538,Manuel Orozco Uribe,2021-04-23,0,nuevo
109948,Trini Mayoral Barragán,2022-12-20,0,nuevo
113845,Felicidad Barba-Torre,2023-12-26,0,nuevo
108134,Luna Gil Ángel,2021-10-06,0,nuevo
108134,Luna Gil Ángel,2021-10-06,0,nuevo
108118,Ildefonso del Guzmán,2020-05-10,0,nuevo
102725,Leandra Goñi Moreno,2021-11-12,0,nuevo
104511,Héctor Santamaria Olivares,2024-05-20,0,nuevo
113352,Tristán Crespi Tomé,2024-03-11,0,nuevo
114795,Olga Remedios Vilanova Font,2023-10-25,0,nuevo
107040,Rosa Viana,2022-05-11,0,nuevo
100999,Gema Febe Ordóñez Ávila,2021-03-11,0,nuevo
109384,Lorenzo Melero Barrio,2020-07-12,0,nuevo
104529,Celestino Gomez Burgos,2022-10-04,0,nuevo
102908,Jose Francisco Pla,2020-10-19,0,nuevo
114711,Pacífica Murcia,2024-01-16,0,nuevo
114078,Nayara Segura Chaves,2020-06-17,0,nuevo
110672,Candela Galindo-Maldonado,2022-10-13,0,nuevo
110273,Sabas de Prat,2024-02-06,0,nuevo
102073,Abraham Jaén-Calvet,2023-08-03,0,nuevo
113492,Ramón Pareja Pla,2021-10-16,0,nuevo
105823,Clara Somoza Cabeza,2022-04-17,0,nuevo
105144,Alondra Ferrández Iglesias,2020-04-03,0,nuevo
111985,Carmela Soler,2020-05-07,0,nuevo
103514,Brígida Corral-Cal,2024-05-04,0,nuevo
109923,Agapito Barrera,2023-12-28,0,nuevo
111286,Eduardo Aurelio Barral Carreras,2020-07-28,0,nuevo
108749,Gertrudis Abril Llorente Colomer,2021-03-03,0,nuevo
100767,Ana Sofía Barral Ortega,2023-05-04,0,nuevo
103783,Íñigo Iglesia Blasco,2022-06-07,0,nuevo
111166,Alondra Osuna-Lara,2022-11-18,0,nuevo
112709,Xavier Calvo Río,2023-02-28,0,nuevo
107947,Juan Manuel Rueda Piñeiro,2023-09-07,0,nuevo
102274,Purificación Armas Vila,2022-04-03,0,nuevo
111234,Sabas Teófilo Casado Casanovas,2021-01-20,0,nuevo
104865,Jose Manuel Carro Redondo,2023-09-02,0,nuevo
107873,África Inmaculada Carreño Pastor,2020-09-24,0,nuevo
104925,Fortunata Leandra Bonilla Granados,2024-04-01,0,nuevo
112426,Gema Maldonado Navarrete,2022-03-05,0,nuevo
114897,Modesto Verdú-Villanueva,2023-05-05,0,nuevo
104056,Maximiano Iglesias Garay,2020-11-18,0,nuevo
102276,Julián Godoy Bustos,2020-07-14,0,nuevo
107535,Candela Lucas Niño,2020-04-02,0,nuevo
110971,Pastora Palma Luís,2020-07-25,0,nuevo
110252,Eloísa Estefanía Reguera Pou,2020-06-16,0,nuevo
102046,Anunciación Lidia Molins Alfaro,2024-02-08,0,nuevo
113976,Enrique Navas Ribas,2024-05-01,0,nuevo
101296,Conrado Baños Villalobos,2020-10-30,0,nuevo
108843,Quirino Valbuena Marco,2024-05-01,0,nuevo
103953,Josefa Exposito,2023-06-29,0,nuevo
108448,Mónica Almagro Álvaro,2023-12-04,0,nuevo
104318,Vanesa Adán Carpio,2021-06-27,0,nuevo
105520,Victoria Montserrat Andres Clemente,2020-08-10,0,nuevo
100859,Ángel Marqués-Mateo,2020-07-26,0,nuevo
105322,Adrián Alcalde,2021-10-29,0,nuevo
100842,Victoriano Adalberto Calleja Canals,2024-05-30,0,nuevo
107772,María Luisa Tudela-Fiol,2022-11-18,0,nuevo
111943,Juan Francisco Albero-Tamarit,2020-10-07,0,nuevo
101555,Nilo Arcos Arribas,2023-05-01,0,nuevo
110608,Cornelio Solé Arenas,2022-05-01,0,nuevo
101952,Abraham Chico-Ureña,2021-11-20,0,nuevo
114679,Miguela Piñol Luna,2024-05-03,0,nuevo
109860,Aurelio Iñiguez,2023-12-26,0,nuevo
115180,Mateo Barros Berenguer,2020-05-01,0,nuevo
112144,Pili Acedo-Madrigal,2021-07-06,0,nuevo
102514,Julio César Quique Rodrigo Pera,2023-03-09,0,nuevo
111583,Juan Carlos Porta-Ballester,2023-05-03,0,nuevo
102836,Olegario Benavente Artigas,2021-12-18,0,nuevo
104701,Paola Tovar Cepeda,2021-06-28,0,nuevo
104701,Paola Tovar Cepeda,2021-06-28,0,nuevo
102234,Evelia Cabo Fonseca,2022-04-13,0,nuevo
103051,María Del Carmen Sarita Reina Carpio,2023-04-23,0,nuevo
114710,Miguela Crespi Roda,2022-02-15,0,nuevo
100401,Lidia Diego,2022-08-21,0,nuevo
107984,Mireia Guerrero Gelabert,2022-09-24,0,nuevo
114370,Isabela Torrens Benitez,2023-12-06,0,nuevo
105199,Cristian Colomer Lerma,2023-04-25,0,nuevo
111817,Nereida Colomer-Jordán,2022-08-17,0,nuevo
108148,Jose Ramón Ariza Alemán,2020-08-21,0,nuevo
101024,Máximo Arregui Guijarro,2022-04-19,0,nuevo
103299,Hugo Expósito-Rocha,2022-12-01,0,nuevo
113915,Hortensia Varela,2022-09-20,0,nuevo
109417,Juana del Roura,2021-11-19,0,nuevo
115197,Íñigo Jose Luis Garzón Valdés,2024-06-19,0,nuevo
109811,Eligia Concha Ferrero Padilla,2023-10-22,0,nuevo
107078,Nidia Cabo Vara,2022-03-02,0,nuevo
113394,Alejandra Aguirre-Manuel,2023-08-17,0,nuevo
104310,Eloy Burgos,2020-10-05,0,nuevo
100804,Jose Miguel Córdoba Arana,2023-07-20,0,nuevo
106651,Vicente Bernardino Rodrigo Pinilla,2020-08-28,0,nuevo
113637,Julia Botella,2022-12-23,0,nuevo
102738,Guadalupe Arranz Trillo,2020-10-28,0,nuevo
105096,Calixto Quevedo Andrade,2022-04-24,0,nuevo
100649,Arsenio Vara Grande,2023-09-01,0,nuevo
109145,Feliciana Ballesteros Fernández,2021-02-14,0,nuevo
102863,Teófilo Salamanca Aznar,2022-05-18,0,nuevo
106400,Fernando Escudero Lluch,2020-05-04,0,nuevo
109286,Eleuterio Gallart,2023-07-10,0,nuevo
100551,Cintia Contreras Garcés,2020-12-05,0,nuevo
113816,Jacinto Óscar Galiano Menendez,2021-03-30,0,nuevo
105618,Maxi Celso Calderón Dalmau,2022-07-01,0,nuevo
114962,Micaela Montaña Mesa,2024-02-13,0,nuevo
100212,María Belén Boix-Cobo,2021-05-08,0,nuevo
101782,Asunción Botella,2020-08-20,0,nuevo
102516,Calixta Bertrán Segura,2023-08-03,0,nuevo
105046,Martin Priego,2020-10-03,0,nuevo
114000,Herberto Amaro Pablo Belda,2020-05-22,0,nuevo
109618,Marcelino Donaire Contreras,2024-02-16,0,nuevo
112188,Rico Vega Morales,2021-01-13,0,nuevo
106476,Anna Velasco,2021-06-14,0,nuevo
101315,Martirio Barba Pont,2023-01-02,0,nuevo
109683,Segismundo de Dueñas,2022-12-30,0,nuevo
103980,Ciro Canet,2020-06-17,0,nuevo
100013,Encarnita Jurado Palomares,2024-02-17,0,nuevo
107019,Iván Bayona Luna,2024-02-27,0,nuevo
102785,Carmelo Carranza Arana,2020-08-29,0,nuevo
111418,Domitila Puig,2021-04-24,0,nuevo
113667,Casandra Hervás Riera,2022-05-23,0,nuevo
100454,Otilia Sáez,2021-04-25,0,nuevo
101050,Cristian Lupe Blasco Morata,2022-03-26,0,nuevo
103458,Ruperto Lobato,2024-08-20,0,nuevo
107096,Iker de Cuenca,2023-07-05,0,nuevo
113610,Julieta Grande Recio,2020-03-25,0,nuevo
112211,Leonardo Velázquez Folch,2021-03-31,0,nuevo
104916,Charo Zoraida Marin Marin,2021-12-15,0,nuevo
104916,Charo Zoraida Marin Marin,2021-12-15,0,nuevo
100941,Valerio Barceló Saldaña,2022-06-18,0,nuevo
108795,Emilia Calderón Herrera,2021-07-09,0,nuevo
108207,Jose Manuel Lerma Blanes,2024-02-24,0,nuevo
114521,Bernardino Blanes Gárate,2022-03-08,0,nuevo
107310,Mamen Salgado Cáceres,2021-05-27,0,nuevo
114366,Vasco Fuertes,2020-06-19,0,nuevo
101401,Ainara Ferrer Jordán,2022-12-05,0,nuevo
100031,Faustino Carranza Gómez,2020-11-19,0,nuevo
106364,Juan José Abilio Navas Jove,2022-07-10,0,nuevo
113834,Sandalio de Calleja,2021-03-10,0,nuevo
103678,Fermín Mayoral Alarcón,2024-04-21,0,nuevo
112086,Agapito Checa-Cantero,2022-07-05,0,nuevo
100673,Marcio Asenjo Vera,2023-04-26,0,nuevo
110520,Marcelo Dominguez-Fuertes,2022-11-30,0,nuevo
107922,Marc Gárate-Carrasco,2022-07-20,0,nuevo
106818,Haydée de Maza,2021-06-28,0,nuevo
113002,Salud Bravo-Mata,2021-11-04,0,nuevo
111880,Eugenia del Olivera,2020-05-26,0,nuevo
114108,Goyo Cisneros Salcedo,2024-06-07,0,nuevo
103230,Bernardo Cañete Benavent,2020-03-29,0,nuevo
108212,Teodoro Mariscal Larrea,2023-06-16,0,nuevo
109812,Édgar Paredes Castellanos,2021-10-08,0,nuevo
108072,Ambrosio Suarez Lobato,2021-07-04,0,nuevo
110419,Baldomero del Ocaña,2022-03-13,0,nuevo
112273,Luciana Chico Méndez,2023-06-26,0,nuevo
112500,Iván Rubio Luján,2020-10-28,0,nuevo
104776,Consuelo Elías Gisbert,2023-09-25,0,nuevo
106836,María Carmen del Pina,2021-12-30,0,nuevo
102687,Ángela del Cantón,2022-04-10,0,nuevo
107949,Marita Itziar Castañeda Asensio,2021-04-06,0,nuevo
112435,Abilio de Montes,2020-07-14,0,nuevo
101564,Salomón Camacho Angulo,2024-08-20,0,nuevo
113050,Valerio Cobo Parejo,2020-10-06,0,nuevo
111587,Manola del Palomar,2022-02-23,0,nuevo
105269,Óscar Andrade Padilla,2020-08-29,0,nuevo
107088,Natalia Muro Macias,2022-04-06,0,nuevo
112897,Olalla Barriga Falcón,2022-09-15,0,nuevo
108590,Teodora Peláez Escamilla,2020-10-21,0,nuevo
104602,Tomás Gutierrez Benet,2024-01-29,0,nuevo
107388,Lázaro Rueda,2023-05-03,0,nuevo
114365,Duilio del Vilaplana,2023-11-14,0,nuevo
102214,Angélica Pol Arana,2021-03-11,0,nuevo
112600,Nacho Araujo Perelló,2021-03-03,0,nuevo
112403,Olga Gomila Lago,2020-11-17,0,nuevo
113275,Isaura Pujadas Múñiz,2024-02-24,0,nuevo
108427,Casemiro Diéguez,2021-03-25,0,nuevo
107151,Héctor Chaparro Corominas,2024-06-28,0,nuevo
114131,Custodia Ferrández Crespo,2022-08-04,0,nuevo
108299,María Belén Martín Sainz,2024-06-23,0,nuevo
113231,Marcelo Edelmiro Robledo Rozas,2022-09-26,0,nuevo
107378,Ambrosio Fernández Pina,2023-06-05,0,nuevo
104447,Rita Sureda Gordillo,2023-06-15,0,nuevo
108258,Ramón Riquelme-Garriga,2024-01-22,0,nuevo
105027,Bernardino Puga Uriarte,2022-02-28,0,nuevo
100029,Mayte Espinosa Estrada,2022-02-19,0,nuevo
114744,Matías Córdoba Anglada,2023-03-22,0,nuevo
110624,Renata Blanch Heras,2024-04-10,0,nuevo
111489,Belén Buendía,2022-06-09,0,nuevo
111236,Olalla Valls Tamarit,2023-01-13,0,nuevo
112740,Mónica Esparza Campo,2021-08-19,0,nuevo
107473,Roldán Pastor-Villegas,2021-03-17,0,nuevo
100333,Natanael Arribas Gálvez,2024-07-04,0,nuevo
106866,Jessica Múgica Hernández,2022-08-10,0,nuevo
113792,Félix Cepeda Bastida,2023-10-25,0,nuevo
109881,Damián Riera-Gelabert,2022-01-21,0,nuevo
111263,Eli Haro Chaves,2022-05-06,0,nuevo
106750,Patricio Barroso Miró,2021-06-13,0,nuevo
106795,Darío Llorens Anguita,2024-06-30,0,nuevo
105580,Carmela Felicia Bernad Cabañas,2023-06-28,0,nuevo
104711,Nacho Ávila Iborra,2021-12-25,0,nuevo
103282,María José de Ponce,2024-06-17,0,nuevo
102545,Telmo Vélez Vall,2021-05-27,0,nuevo
111722,Encarnita Torralba Feijoo,2020-09-26,0,nuevo
109633,Renato Santiago Acosta Gaya,2020-12-24,0,nuevo
105171,Carmelo Bas,2021-06-23,0,nuevo
109971,María Dolores Company Gual,2021-10-15,0,nuevo
108167,Damián Larrañaga Rubio,2020-07-04,0,nuevo
108188,María José del Quero,2020-05-08,0,nuevo
114814,Teófila Fuentes-Sanz,2022-06-11,0,nuevo
111145,Lucila Valbuena-Marti,2020-12-26,0,nuevo
107417,Federico Román Santiago,2023-11-11,0,nuevo
109994,Celestino Miguel Ángel Molina Marqués,2024-04-08,0,nuevo
110498,Gerardo Fábregas-Uribe,2022-07-17,0,nuevo
113910,Feliciano Tamarit-Adadia,2021-05-20,0,nuevo
108349,Jordana Alfaro,2023-03-13,0,nuevo
111730,Marc Dionisio Gimeno Cabezas,2024-04-18,0,nuevo
114826,Soledad Solera Solano,2021-09-13,0,nuevo
101676,Eugenia Tejedor-Domingo,2020-08-14,0,nuevo
109786,Emigdio del Serna,2023-03-12,0,nuevo
101562,Marcelo Claudio Gutiérrez España,2022-07-15,0,nuevo
111018,Geraldo Sabater Fernandez,2024-01-10,0,nuevo
110478,Martirio Medina Llobet,2022-08-24,0,nuevo
106045,Ariel del Alcaraz,2024-03-22,0,nuevo
101783,Florencio Palomo Martí,2024-01-31,0,nuevo
112249,Maristela del Carpio,2024-04-24,0,nuevo
112249,Maristela del Carpio,2024-04-24,0,nuevo
113963,Pedro del Téllez,2023-02-17,0,nuevo
101096,Oriana del Calderón,2021-03-29,0,nuevo
107614,Chus Rosado-Gutierrez,2024-06-23,0,nuevo
111071,Otilia Ayllón Sala,2023-09-27,0,nuevo
100678,Rodolfo Falcón Álvaro,2020-12-31,0,nuevo
106194,Marcelo del Llanos,2021-05-16,0,nuevo
106929,Cosme Sanmartín Lasa,2023-04-27,0,nuevo
106929,Cosme Sanmartín Lasa,2023-04-27,0,nuevo
101393,Cándido Telmo Anglada Ramis,2021-09-19,0,nuevo
108730,Ruperta Rovira Cuenca,2021-01-01,0,nuevo
113475,Eulalia Plaza Lorenzo,2021-11-29,0,nuevo
100753,Concha Javiera Campo Alcántara,2024-03-16,0,nuevo
101712,Vicenta Fernanda Chacón Lorenzo,2022-03-29,0,nuevo
103738,Adalberto Dominguez-Tormo,2022-12-27,0,nuevo
115223,Blanca Ana Belén Naranjo Sandoval,2023-08-23,0,nuevo
113301,Flor Visitación Calzada Borrego,2020-12-27,0,nuevo
103216,Ariel de Pacheco,2022-03-22,0,nuevo
100798,África Encarnación Verdejo Bonilla,2022-12-27,0,nuevo
105366,Baudelio Galvez Román,2023-08-13,0,nuevo
105366,Baudelio Galvez Román,2023-08-13,0,nuevo
106935,Elena Lago-Uribe,2022-02-24,0,nuevo
114611,Judith Sánchez,2020-07-18,0,nuevo
114611,Judith Sánchez,2020-07-18,0,nuevo
113273,Alma Falcón Roig,2020-08-04,0,nuevo
107519,Andrés Felipe Guijarro Cerezo,2021-04-19,0,nuevo
106413,Rosalina Villalba Ibáñez,2023-11-14,0,nuevo
104229,Eugenia Diaz Villena,2021-01-23,0,nuevo
103013,María Manuela Fiol Zabaleta,2021-11-20,0,nuevo
114219,Benita Fuster Ferrando,2021-01-27,0,nuevo
111420,Carmelita Poza Aparicio,2024-08-21,0,nuevo
107277,Sebastian Sánchez Bonilla,2024-05-05,0,nuevo
100528,Marisa Pulido,2023-09-03,0,nuevo
100367,Adalberto Gaspar Lumbreras Puig,2022-11-03,0,nuevo
114296,Manuel Calvet Marti,2022-11-11,0,nuevo
104265,Ana Belén Lopez Rozas,2024-02-04,0,nuevo
113302,Jerónimo Manrique-Casas,2023-07-06,0,nuevo
106171,Isabel Carrera-Mata,2024-05-02,0,nuevo
106871,Javiera Expósito,2023-12-03,0,nuevo
108950,Pelayo Castells Cantero,2024-02-26,0,nuevo
104424,Danilo Jimenez,2020-11-07,0,nuevo
106863,Víctor Guerra León,2022-11-18,0,nuevo
114307,Jose Carlos Cabeza Crespo,2023-06-08,0,nuevo
107516,Marc Giralt Valenzuela,2023-02-01,0,nuevo
102927,Ileana Remedios Posada Salgado,2021-06-14,0,nuevo
107112,Olivia Peñalver-Caro,2023-04-28,0,nuevo
104351,Sabina Llorens-Saura,2022-09-14,0,nuevo
102014,José Mari Ureña Menendez,2023-08-07,0,nuevo
115098,Balduino Aramburu Abad,2020-05-06,0,nuevo
105678,Mar Marqués Téllez,2022-11-08,0,nuevo
108811,Matías Mayo Mata,2022-11-05,0,nuevo
102148,Evelia Gisbert Solé,2024-07-09,0,nuevo
108742,Camilo Anguita Adadia,2023-07-31,0,nuevo
102706,Lucas Infante Heredia,2022-07-06,0,nuevo
108826,Jacinta Cantón Salcedo,2021-05-11,0,nuevo
102571,Camilo Cárdenas García,2021-03-10,0,nuevo
110490,Marcia Torres,2023-03-12,0,nuevo
114932,Roxana Galiano Lumbreras,2020-09-07,0,nuevo
110398,Rosenda Hernandez,2024-06-14,0,nuevo
111815,Julio Busquets Ortiz,2021-09-28,0,nuevo
112251,Sebastián Ayllón Llobet,2020-08-09,0,nuevo
112859,Eufemia Marta Fonseca Vergara,2020-10-28,0,nuevo
107969,Belén Visitación Villalobos Carrera,2021-08-23,0,nuevo
105685,Julio César Merino Hernández,2022-04-16,0,nuevo
108571,Severo Almazán-Cifuentes,2024-07-31,0,nuevo
100313,Chelo Cortes Falcó,2022-12-31,0,nuevo
102074,Andrea Serra Calvet,2020-09-23,0,nuevo
113616,Feliciana Portero Piquer,2024-05-05,0,nuevo
111708,Bibiana Abellán Garay,2023-12-26,0,nuevo
111403,Adelaida Ortuño Galán,2023-04-03,0,nuevo
101791,Caridad Carlos Manjón,2022-10-30,0,nuevo
101791,Caridad Carlos Manjón,2022-10-30,0,nuevo
102009,Dani Ferreras-Arrieta,2024-08-10,0,nuevo
103455,Aurelia Catalá-Frutos,2022-01-12,0,nuevo
100683,Teobaldo Córdoba,2024-02-11,0,nuevo
103896,Gabriela Bellido Cerro,2023-09-05,0,nuevo
112555,Liliana Trillo,2022-05-19,0,nuevo
106956,Albano Quintero Barba,2020-09-05,0,nuevo
112617,Celestino Sala,2022-12-16,0,nuevo
112456,Rebeca Arnal Figueras,2022-12-01,0,nuevo
114058,Herminia Otero-Calatayud,2023-12-23,0,nuevo
107290,Petrona Pizarro Colom,2020-08-13,0,nuevo
114988,Marcia de Arenas,2020-05-09,0,nuevo
104127,Verónica Gárate,2022-01-07,0,nuevo
109237,Melania Fábregas Llanos,2022-08-02,0,nuevo
112420,Macarena Rosalinda Cerezo Román,2022-11-13,0,nuevo
100471,Fulgencio Torres Amores,2023-07-07,0,nuevo
102723,Danilo Taboada,2024-04-24,0,nuevo
107599,Bernabé Roman Riquelme,2024-06-28,0,nuevo
113281,Fanny Manso Almazán,2020-03-05,0,nuevo
113208,Gabriel Julián Teruel Pla,2022-06-16,0,nuevo
109150,Florencio Pons Tamarit,2023-07-21,0,nuevo
104611,Ariel Portero Jiménez,2022-09-25,0,nuevo
111512,Jose Antonio Jordán Lucena,2023-04-24,0,nuevo
106042,Ainoa Español Lozano,2023-06-02,0,nuevo
114461,Teodoro del Barros,2024-07-08,0,nuevo
103870,Luz de Pascual,2020-09-06,0,nuevo
113414,Marciano de Briones,2022-10-17,0,nuevo
106787,Raquel Javiera Puente Bayona,2023-01-12,0,nuevo
107164,Natalia Cantero-Adadia,2022-11-10,0,nuevo
109214,Noé Pujadas Baró,2023-07-28,0,nuevo
114460,Nazaret Elvira Mora Talavera,2024-02-02,0,nuevo
101056,Chema Laguna Vigil,2023-12-06,0,nuevo
102282,Teresa Alemany Grande,2022-09-12,0,nuevo
111392,Adelia Estévez Márquez,2023-04-28,0,nuevo
104908,Petrona Mercader-Sanabria,2021-07-19,0,nuevo
114079,Itziar Godoy Cal,2021-08-29,0,nuevo
101116,Chelo Segarra Fonseca,2023-05-25,0,nuevo
103534,Miguel Mas Gallart,2022-03-28,0,nuevo
108342,Reyes Machado,2022-08-09,0,nuevo
100461,Trinidad Catalá Blanch,2021-06-19,0,nuevo
103033,Mayte Hervás-Cantón,2022-12-24,0,nuevo
104208,Lola de Parra,2021-11-10,0,nuevo
113886,Graciela de Carbonell,2024-05-30,0,nuevo
105842,Edelmira Marti Carbonell,2024-01-09,0,nuevo
107143,Albina Girona Galiano,2024-08-15,0,nuevo
101453,Crescencia Águila Estévez,2022-04-22,0,nuevo
108095,Marcial Reguera Arranz,2023-09-20,0,nuevo
101923,Cayetano Machado Cabrero,2023-12-27,0,nuevo
110791,Silvia Miriam Dalmau Amador,2023-05-25,0,nuevo
109925,Jeremías Hernando Uría Torrens,2023-12-23,0,nuevo
102130,Paco Valenzuela-Estévez,2020-04-02,0,nuevo
107622,Chita Roberta Vélez Benito,2021-08-20,0,nuevo
108992,Josué Gomez Villaverde,2020-06-29,0,nuevo
112301,Amarilis Reguera Marco,2021-01-12,0,nuevo
109181,Segismundo Corral Bejarano,2022-05-23,0,nuevo
102510,Urbano Bosch Goñi,2020-05-27,0,nuevo
101053,Angelita Jaén Montenegro,2020-06-22,0,nuevo
106153,Cirino Vara,2022-01-26,0,nuevo
110674,Pepita Briones-Zorrilla,2021-09-04,0,nuevo
105025,Alfredo Montserrat,2021-09-20,0,nuevo
100362,Eugenio Seguí Cobos,2023-03-27,0,nuevo
114929,Lupe Morcillo Oliver,2023-05-23,0,nuevo
109333,Irene Juanita Ramis Diez,2022-07-20,0,nuevo
108916,Bartolomé Luís Juan,2023-12-17,0,nuevo
108916,Bartolomé Luís Juan,2023-12-17,0,nuevo
108876,Iván Camino Ibarra,2023-02-10,0,nuevo
100506,Goyo Avilés,2020-05-18,0,nuevo
110816,Román Serra Alcaraz,2021-12-31,0,nuevo
107888,Aroa Georgina Silva Galvez,2021-05-05,0,nuevo
113879,Miguela Suarez Escobar,2023-11-13,0,nuevo
100541,Sebastian Torrents,2023-05-16,0,nuevo
104236,Milagros Llanos Esteve,2024-06-03,0,nuevo
105508,Cayetano Fernando Baró Velasco,2021-01-29,0,nuevo
113905,Victoriano Cifuentes-Esparza,2021-05-22,0,nuevo
114066,Lucas del Iniesta,2024-05-19,0,nuevo
100755,Candelas Vázquez Gutiérrez,2022-02-02,0,nuevo
108455,Lourdes Royo-Clavero,2023-06-24,0,nuevo
108830,Judith Bernal Diego,2023-10-19,0,nuevo
102543,Anita Matas Saavedra,2022-12-02,0,nuevo
102919,Jose Miguel Landa Rosado,2022-06-30,0,nuevo
114762,Faustino Chuy Huguet Ródenas,2021-11-17,0,nuevo
100238,Gabriel Rivero Morillo,2022-05-20,0,nuevo
107590,Amelia Quirós,2022-01-27,0,nuevo
100101,Reinaldo Núñez,2020-11-20,0,nuevo
110656,Jacinta Arias Garzón,2022-04-27,0,nuevo
109947,Soraya Alemany-Urrutia,2020-04-07,0,nuevo
111915,Josefina Morante Ferrer,2023-01-09,0,nuevo
104767,Vasco Sobrino Alberto,2022-05-04,0,nuevo
104881,Jose Miguel Gallart Castillo,2021-07-20,0,nuevo
109725,Celia Carballo-Cardona,2023-03-02,0,nuevo
113899,Amador Tejada Barrio,2021-01-31,0,nuevo
111882,Claudio René Larrea Batalla,2022-05-13,0,nuevo
114204,Luisina Amor Casanova Oliva,2022-10-08,0,nuevo
101558,Pía Collado Castell,2021-04-18,0,nuevo
105010,Rosario Grande Dávila,2023-08-25,0,nuevo
106578,Segismundo Barceló-Enríquez,2022-03-04,0,nuevo
110898,Samanta de Egea,2024-05-21,0,nuevo
109211,Amador Gomila-Paniagua,2022-03-10,0,nuevo
102116,Florentino Anaya,2021-08-31,0,nuevo
105796,Consuela Pedrero-Mena,2021-12-13,0,nuevo
107581,Pánfilo de Cañas,2023-02-25,0,nuevo
105492,Martin Villena Bravo,2021-09-18,0,nuevo
110933,Concha Rufina Roma Llobet,2021-01-07,0,nuevo
114386,Virginia Galván Exposito,2020-07-22,0,nuevo
108665,Camilo Peláez-Bonilla,2021-10-18,0,nuevo
108216,Celso Roque Figueras Llanos,2024-07-04,0,nuevo
115224,Toño Marcelino Roma Meléndez,2020-12-24,0,nuevo
103397,Galo Barrera Falcón,2020-09-01,0,nuevo
101616,Violeta Huerta Gaya,2023-10-21,0,nuevo
109038,Ceferino Albert Cañas Peña,2024-06-16,0,nuevo
102041,Carla Valentina Gil Fabra,2020-06-28,0,nuevo
102084,Anunciación Amelia Chico Gras,2022-12-02,0,nuevo
110871,Paulino Chaparro Moya,2023-05-11,0,nuevo
100547,Guillermo Jimenez Cueto,2021-05-23,0,nuevo
106200,Inocencio Perales Baquero,2020-09-12,0,nuevo
100676,Paloma de Vizcaíno,2021-12-31,0,nuevo
112960,Amor del Montero,2021-04-20,0,nuevo
106015,Alexandra Lago Galván,2023-05-23,0,nuevo
105097,Jovita del Sanchez,2021-02-16,0,nuevo
107170,Guiomar Rosa Soria,2023-11-24,0,nuevo
103610,Hilda Marco Fiol,2020-06-21,0,nuevo
112373,Cosme de Sanabria,2024-06-16,0,nuevo
114012,Nélida Quintero Sedano,2020-09-22,0,nuevo
106459,Casemiro Agustí Sosa,2023-02-13,0,nuevo
107111,Adora Pol Cisneros,2023-04-16,0,nuevo
102226,Graciela Prats-Mayol,2022-12-01,0,nuevo
103050,Asunción Gracia,2020-12-23,0,nuevo
100297,Fito Portillo Piquer,2020-06-09,0,nuevo
111359,Tadeo Arnau Sanchez,2021-05-19,0,nuevo
102442,Marta Reguera Ibañez,2021-02-24,0,nuevo
113383,Julián Marquez,2023-10-23,0,nuevo
113383,Julián Marquez,2023-10-23,0,nuevo
107584,Marcio Borrego Nadal,2023-05-20,0,nuevo
104211,Lidia Tomás Ureña,2023-04-05,0,nuevo
112109,Pedro Yuste Ríos,2023-03-26,0,nuevo
101344,Isidora Perera-Navas,2021-06-08,0,nuevo
101344,Isidora Perera-Navas,2021-06-08,0,nuevo
104066,Corona Acuña Vélez,2023-11-05,0,nuevo
106905,Cipriano Daza-Pombo,2021-05-09,0,nuevo
106070,Rosa María Carrillo Llorens,2022-04-15,0,nuevo
106387,Mayte Jara Peña,2023-04-29,0,nuevo
111028,Daniela Jáuregui,2022-08-08,0,nuevo
111013,Rosa Paz González,2023-10-09,0,nuevo
101508,Ciro Trillo,2023-10-07,0,nuevo
109021,Victoriano Ríos,2023-02-05,0,nuevo
109247,Marc Larrañaga Lobato,2023-01-11,0,nuevo
105578,Alexandra Alcalá Mínguez,2020-04-07,0,nuevo
107741,Aureliano Valverde Lorenzo,2023-11-14,0,nuevo
114604,Bárbara Zoraida Gelabert Sáenz,2023-12-11,0,nuevo
114147,Germán Nevado Mata,2022-01-31,0,nuevo
114248,Paula Rosalinda Rodriguez Gómez,2024-01-04,0,nuevo
105336,Esperanza Mariño,2020-03-29,0,nuevo
114987,Eva María Goicoechea Bayón,2022-09-29,0,nuevo
104142,Pastor Bautista Manrique Goñi,2022-12-12,0,nuevo
109376,María Carmen de Ferrer,2023-06-02,0,nuevo
104845,Horacio de Alfonso,2020-05-02,0,nuevo
104724,Genoveva Calvo Carlos,2020-07-26,0,nuevo
113956,David Santamaria Bolaños,2020-05-25,0,nuevo
104033,Bienvenida Delgado-Córdoba,2020-08-03,0,nuevo
101236,Graciano Sandoval,2023-01-29,0,nuevo
108787,Toño Padilla Mercader,2021-10-25,0,nuevo
108671,Nacho Angulo Uriarte,2024-05-10,0,nuevo
110969,Venceslás Solana-Santiago,2021-04-16,0,nuevo
114941,Carolina Rocamora Sanmiguel,2022-07-22,0,nuevo
107862,María Cristina Zabaleta Ramirez,2020-09-07,0,nuevo
106650,Gabriela Barba Royo,2023-12-09,0,nuevo
110899,Borja Flores Bustos,2024-06-29,0,nuevo
103398,Luciano Solís-Vilar,2021-02-10,0,nuevo
100314,Cleto Rubio Jara,2023-06-09,0,nuevo
106150,Modesto Olivera Anglada,2020-10-18,0,nuevo
110193,Pacífica de Paredes,2021-12-01,0,nuevo
114805,Genoveva de Haro,2024-07-14,0,nuevo
111622,Leonel Juan Tejero,2020-05-06,0,nuevo
101153,Delfina Pintor Alberola,2020-11-23,0,nuevo
114879,David Ibañez-Canet,2023-11-13,0,nuevo
102585,Zaira Juliá Chaparro,2024-01-30,0,nuevo
111200,Emilia Margarita Cortés Velasco,2023-03-06,0,nuevo
103886,Bernarda Pozo-Fuente,2021-02-24,0,nuevo
114960,Ángel Taboada-Aragonés,2022-09-14,0,nuevo
104772,Jacinto Ruano Figueras,2024-04-29,0,nuevo
114188,Maximiano Baena Pazos,2021-06-25,0,nuevo
111914,Erasmo Vila,2024-01-28,0,nuevo
106698,Matilde Torrecilla Ferrández,2021-12-02,0,nuevo
101245,Mercedes Toledo,2022-12-22,0,nuevo
113471,Cristian de Chacón,2023-07-12,0,nuevo
112151,Rosalva Lucas-Miguel,2022-05-23,0,nuevo
106059,Tatiana Nadal Peral,2021-11-04,0,nuevo
101565,Victor Manuel Losa Bustamante,2024-05-06,0,nuevo
103674,Diego Zabaleta Serna,2022-10-13,0,nuevo
113488,Luciana Arjona,2020-08-05,0,nuevo
104699,Carlota Aparicio-Arribas,2023-12-19,0,nuevo
103008,Etelvina Valentín Barros,2022-07-17,0,nuevo
103008,Etelvina Valentín Barros,2022-07-17,0,nuevo
114633,Amílcar Agullo Guijarro,2022-03-26,0,nuevo
106576,Demetrio del Borrell,2023-11-24,0,nuevo
110422,Edelmiro Tenorio Jover,2021-07-12,0,nuevo
105545,Marisol Querol Peñalver,2020-11-28,0,nuevo
105527,Lalo Luis Ángel Ibarra Alemany,2021-11-09,0,nuevo
100839,Maribel Criado Corbacho,2021-04-20,0,nuevo
108874,Gustavo Morell Orozco,2021-11-23,0,nuevo
107252,Manola Alberdi Acosta,2020-07-13,0,nuevo
110375,Jordán Alcázar Julián,2023-08-03,0,nuevo
104598,Eustaquio Bernad Cabrera,2020-04-19,0,nuevo
105917,Teófilo Mascaró Carreras,2023-07-25,0,nuevo
105786,Marcos Vila Cid,2021-02-23,0,nuevo
108405,Imelda Casares Múñiz,2024-07-16,0,nuevo
102079,Alberto Cuesta,2020-03-07,0,nuevo
110088,Olga Flores Alsina,2023-11-09,0,nuevo
107226,Gabriel Sancho-Valencia,2021-08-06,0,nuevo
104344,Francisco Bou Cepeda,2024-02-12,0,nuevo
108643,Corona Dalmau-Ferrer,2021-01-03,0,nuevo
101983,Chus Pastor Hidalgo Checa,2023-12-22,0,nuevo
104467,Reina Zorrilla Calleja,2023-10-01,0,nuevo
106677,Vera de Elías,2022-03-03,0,nuevo
100486,Palmira Becerra Aguilar,2021-07-08,0,nuevo
103271,Raquel Manuelita Paz Revilla,2024-07-28,0,nuevo
105729,Guillermo Juan José Asenjo Llabrés,2021-01-12,0,nuevo
104552,Fausto Castell Cueto,2020-09-21,0,nuevo
110108,Édgar Gabriel Sáez Tamayo,2020-08-19,0,nuevo
103246,Mariana Catalán Acedo,2021-04-01,0,nuevo
104454,Vicente Alvarado Novoa,2023-06-06,0,nuevo
111907,Itziar del Palmer,2021-02-11,0,nuevo
108614,Jacinto Vilanova Carreño,2022-03-03,0,nuevo
112699,Vicente Lara Mariño,2024-01-13,0,nuevo
100525,Tiburcio Torralba-Orozco,2023-06-02,0,nuevo
110900,Olimpia Chaparro Palmer,2024-06-26,0,nuevo
114412,Gustavo Cabrera,2022-01-15,0,nuevo
112003,Lisandro Ceferino Narváez Mancebo,2024-08-07,0,nuevo
112318,Gerónimo del Bayón,2021-03-15,0,nuevo
105886,Lupe Raya Luz,2020-11-26,0,nuevo
107429,Leopoldo Tur Peralta,2024-07-10,0,nuevo
109133,Maxi Duque Agustín,2023-09-25,0,nuevo
114008,Lalo Arnau-Briones,2020-07-06,0,nuevo
102303,Salvador Torre Orozco,2021-10-13,0,nuevo
114059,Natanael Ballester Valentín,2021-09-08,0,nuevo
110706,Estefanía Villaverde Noguera,2020-10-05,0,nuevo
103461,Alexandra Palomino Seco,2021-03-29,0,nuevo
107504,Lorena Granados Castilla,2022-07-09,0,nuevo
112147,Graciano Prats Galiano,2024-03-27,0,nuevo
113998,Nacio Sandoval Prats,2021-08-13,0,nuevo
103056,Segismundo Sáenz,2023-03-18,0,nuevo
103567,Pedro López,2020-07-06,0,nuevo
110987,Georgina Solano,2021-08-02,0,nuevo
113793,Sol Palomino Abella,2021-06-27,0,nuevo
113345,Ester Cobos,2022-06-14,0,nuevo
108701,Paulino Piñol Gallart,2022-02-26,0,nuevo
100230,Clotilde del Lara,2024-05-22,0,nuevo
109223,Cándida Cases-Millán,2022-01-17,0,nuevo
114232,Donato Pardo Viana,2023-01-31,0,nuevo
109553,Pacífica Padilla Mosquera,2022-07-02,0,nuevo
109743,Omar Bermejo Torralba,2024-02-02,0,nuevo
104222,Nicolasa Amigó Tomé,2024-08-01,0,nuevo
114631,Tamara Nogués Amaya,2022-03-15,0,nuevo
100596,Celestina Olivé-Medina,2022-12-03,0,nuevo
102945,Hilda Alberdi-Pi,2023-01-19,0,nuevo
111858,Diego Cañete Roldan,2021-10-14,0,nuevo
105825,Vicenta Roberta Royo Carreño,2023-04-07,0,nuevo
115162,Evita Arias Riba,2022-03-17,0,nuevo
109342,Emilia Porta Casas,2023-12-18,0,nuevo
104162,Iris Sedano-Jiménez,2022-05-13,0,nuevo
113276,Filomena Rodrigo,2021-02-11,0,nuevo
115161,Nando Morillo-Lucas,2020-10-03,0,nuevo
106879,Berta Saez,2023-05-06,0,nuevo
108937,Marco Aramburu Sancho,2022-02-16,0,nuevo
105323,Gerónimo Real Cabrero,2020-09-02,0,nuevo
105562,Dora Viña Alonso,2020-09-30,0,nuevo
109272,Morena Cerro Cerro,2021-12-25,0,nuevo
108724,Anacleto Mulet Marti,2020-11-16,0,nuevo
113683,Adelardo Valero,2024-02-06,0,nuevo
113863,Víctor Epifanio Morata Campo,2024-03-01,0,nuevo
108834,Severino Blanca Castilla,2024-03-01,0,nuevo
113748,Jordán Caballero Medina,2022-02-10,0,nuevo
101018,Griselda Lobato,2023-12-27,0,nuevo
108331,Porfirio Bautista Vizcaíno,2020-04-15,0,nuevo
108272,Ricardo Alberola,2020-12-11,0,nuevo
108272,Ricardo Alberola,2020-12-11,0,nuevo
100351,Pili Vergara Plana,2020-10-19,0,nuevo
106704,Prudencio Cañellas Mercader,2024-06-15,0,nuevo
100224,Asunción Carvajal Iglesia,2022-07-15,0,nuevo
114555,Héctor Salcedo Aragón,2021-08-18,0,nuevo
103436,Francisca Montaña,2022-04-27,0,nuevo
103436,Francisca Montaña,2022-04-27,0,nuevo
114660,Edu Arcos Frutos,2023-07-26,0,nuevo
102501,Elisa del Jaén,2020-08-16,0,nuevo
108972,Rosario Nacio Maldonado Angulo,2024-01-21,0,nuevo
110039,Natalio Velázquez Cabrero,2023-01-29,0,nuevo
100565,Cruz del Guillen,2023-04-24,0,nuevo
101583,César Grande-Saura,2021-12-14,0,nuevo
105546,Natalio Adadia Elorza,2024-06-02,0,nuevo
110305,Marciano Reig Agullo,2022-08-26,0,nuevo
103934,Florencia Viñas-Maestre,2024-01-04,0,nuevo
107357,Crescencia Azeneth Campillo Alberola,2022-02-27,0,nuevo
111100,Bernabé Farré Falcó,2023-04-10,0,nuevo
101934,Samu Acosta Miranda,2022-09-13,0,nuevo
101934,Samu Acosta Miranda,2022-09-13,0,nuevo
111987,Germán Pavón Hernández,2023-12-30,0,nuevo
105212,Eliana Carro Echeverría,2023-04-19,0,nuevo
113787,Ester Merino-Tello,2022-07-08,0,nuevo
108586,Mercedes Larrea,2023-07-13,0,nuevo
102398,Antonio Gabino Sáez Goñi,2023-05-24,0,nuevo
103740,Paulina Puga Vila,2021-08-06,0,nuevo
100822,Cayetano de Aguiló,2022-06-16,0,nuevo
113266,Martina Duarte Luna,2022-12-03,0,nuevo
111387,Teófila Cantón Pera,2023-06-09,0,nuevo
100082,Nico Borrell Cano,2022-02-27,0,nuevo
105420,Jerónimo Uría Expósito,2023-06-01,0,nuevo
114359,Lucía del Chacón,2021-05-01,0,nuevo
110284,Cristina Bermúdez Catalá,2023-08-09,0,nuevo
102698,María Dolores Porta Frutos,2023-02-15,0,nuevo
100832,María España Laguna,2022-05-19,0,nuevo
104575,Ligia Alba Giner,2021-02-12,0,nuevo
105925,Carmelita Palma,2023-07-23,0,nuevo
102834,Bernabé Andres Leiva,2020-06-19,0,nuevo
114584,Rogelio Donaire,2022-12-23,0,nuevo
107407,Calista Dominguez Benavent,2021-01-06,0,nuevo
114843,Eva María Nogués Ángel,2020-12-20,0,nuevo
113779,Eva Aragón Machado,2020-10-05,0,nuevo
100049,Arturo Arranz-Guardiola,2020-09-03,0,nuevo
109506,Álvaro Barceló-Valls,2021-12-22,0,nuevo
107860,Lisandro Esteban,2022-07-15,0,nuevo
106513,Natalio Moliner Barreda,2023-04-29,0,nuevo
107900,Marina Juliana Enríquez Lamas,2020-12-30,0,nuevo
101190,Rafael Aragonés-Rebollo,2020-07-23,0,nuevo
104846,Araceli Múñiz Gárate,2020-07-17,0,nuevo
105211,Claudio Casanovas Dueñas,2023-06-27,0,nuevo
103991,Lalo Gabino Guerra Puente,2024-07-08,0,nuevo
102374,Genoveva Cabrera-Barriga,2022-08-30,0,nuevo
111464,Vicenta Santos-Benítez,2022-06-08,0,nuevo
105677,Hermenegildo Salomón Calleja Contreras,2021-04-27,0,nuevo
102759,Camilo Martín Ramón,2024-07-15,0,nuevo
110317,Mariano Morales Uriarte,2023-12-20,0,nuevo
114788,Valerio Gascón Sanchez,2022-10-25,0,nuevo
103881,Modesto Federico Román Mascaró,2022-07-30,0,nuevo
110287,Cristian Tirado Olivera,2023-11-21,0,nuevo
109192,Arcelia Izaguirre Carranza,2023-08-22,0,nuevo
112745,Dalila Barriga Viña,2020-09-14,0,nuevo
104935,Néstor Borrego,2020-06-12,0,nuevo
110326,Carmela Porta Cerdá,2023-12-27,0,nuevo
114298,Tatiana Garcia-Cobos,2023-10-31,0,nuevo
108486,Herberto de Alonso,2021-10-13,0,nuevo
102210,Chuy Aparicio Valbuena,2021-12-19,0,nuevo
102210,Chuy Aparicio Valbuena,2021-12-19,0,nuevo
105236,Hortensia Cordero Vilalta,2022-12-10,0,nuevo
103946,Eloy Mendez Viña,2020-11-28,0,nuevo
112272,Aureliano Marco Valenciano,2020-11-03,0,nuevo
102165,Víctor Benet,2022-08-24,0,nuevo
102887,Ale Acero,2023-02-21,0,nuevo
113840,Tiburcio de Pulido,2022-03-25,0,nuevo
100173,María Del Carmen Castejón Verdejo,2022-07-25,0,nuevo
113493,Juan Francisco Fuster Alfonso,2023-12-04,0,nuevo
107225,Eladio Quintana Sebastián,2021-02-28,0,nuevo
105066,Eric Pacheco Real,2023-02-01,0,nuevo
101144,Rosendo Grande-Arenas,2021-08-21,0,nuevo
107436,Daniel Tejera Garzón,2023-04-13,0,nuevo
114925,Víctor Duque Angulo,2021-09-29,0,nuevo
113040,Marina Soto Bautista,2023-10-21,0,nuevo
113211,Amelia Ribes Buendía,2022-09-23,0,nuevo
111857,Nieves del Porras,2024-01-09,0,nuevo
103687,Valero de Tolosa,2022-02-26,0,nuevo
105701,Máxima Sanjuan Pujol,2022-03-25,0,nuevo
111787,Baltasar Baena Duran,2024-02-08,0,nuevo
114095,Amílcar Muñoz,2020-10-07,0,nuevo
104538,Camila Ariza Taboada,2022-09-04,0,nuevo
103516,Vasco Alberto Valenzuela,2022-03-07,0,nuevo
103516,Vasco Alberto Valenzuela,2022-03-07,0,nuevo
100835,Aroa Duque Echevarría,2022-11-15,0,nuevo
102487,Xavier Cerdán Bernal,2022-06-22,0,nuevo
111619,Fabiola Carlota Segarra Escribano,2020-03-11,0,nuevo
105468,Heriberto Cobos,2024-08-06,0,nuevo
100066,Néstor Rozas Franch,2020-07-11,0,nuevo
108423,Roberta Carrasco Prada,2024-05-29,0,nuevo
108086,Basilio Santamaría,2020-05-01,0,nuevo
110570,Jerónimo Tomas Carbajo,2021-08-26,0,nuevo
102025,Ruben Nogueira Prado,2024-05-18,0,nuevo
101873,Visitación Bautista,2022-02-07,0,nuevo
100355,Ceferino Venceslás Elías Prado,2022-07-25,0,nuevo
105361,Marisela Leyre Iglesia Navas,2023-08-09,0,nuevo
101768,Judith Sanmartín Escudero,2021-04-03,0,nuevo
109755,Sebastian Ayala Tejada,2020-11-15,0,nuevo
104763,Manuel Dimas Tejedor Bernal,2022-06-28,0,nuevo
112610,Felicia Sancho Patiño,2020-05-28,0,nuevo
103396,Daniela Carmona-Cadenas,2022-08-23,0,nuevo
108732,Rosalva Roura Oliveras,2024-07-25,0,nuevo
114944,Florentina Cid Cózar,2022-04-03,0,nuevo
113272,Noa Marti Girón,2021-09-16,0,nuevo
107760,Francisca Aguilar Fernández,2022-05-11,0,nuevo
109217,Sebastian Cosme Palmer Carrasco,2021-06-14,0,nuevo
114622,Ignacio Calvet Carpio,2024-06-19,0,nuevo
108862,Jeremías Vilalta Taboada,2022-03-12,0,nuevo
109027,Irene Saldaña,2020-08-26,0,nuevo
103588,Camila Bautista Diez,2023-07-27,0,nuevo
107780,Manolo Vicente-Piña,2021-09-17,0,nuevo
107989,Eustaquio Fidel Vaquero Navarrete,2020-08-18,0,nuevo
104813,Jose Ramón Luján Perez,2021-04-24,0,nuevo
100325,Silvio Damián Valero Sarmiento,2021-05-24,0,nuevo
106744,Luisina Goicoechea Beltrán,2024-01-18,0,nuevo
111324,Gloria Julián Neira,2024-02-08,0,nuevo
103210,Adolfo Calatayud,2024-03-08,0,nuevo
109662,Ariel Guardiola Escribano,2021-06-27,0,nuevo
103906,Begoña Nicolás Querol,2022-09-10,0,nuevo
112842,Hermenegildo Franco,2023-03-05,0,nuevo
101293,Saturnina Luján Mateo,2023-06-28,0,nuevo
114977,María Belén Ignacia Jódar Núñez,2024-01-08,0,nuevo
102380,Vilma Vives Puente,2021-04-16,0,nuevo
112866,Fabiana Miguel Pascual,2023-01-28,0,nuevo
109863,Onofre Ramiro Salgado Pera,2021-04-30,0,nuevo
104170,Trinidad Arribas,2020-09-20,0,nuevo
113245,Eladio del Sans,2022-01-09,0,nuevo
103429,Sandra Linares,2023-03-24,0,nuevo
101102,Plinio Prat Torrents,2022-06-17,0,nuevo
114850,Álvaro Gallart Jove,2022-11-20,0,nuevo
103251,Luis Ángel Almansa-Hervás,2023-10-19,0,nuevo
104410,Lupe Valera Bernad,2022-09-27,0,nuevo
104141,Angelita Ascensión Márquez Iriarte,2022-03-31,0,nuevo
103558,Evelia Montaña Manrique,2024-04-17,0,nuevo
100119,Adelia del Hurtado,2023-03-03,0,nuevo
102023,Esther Montaña Carreño,2020-03-30,0,nuevo
107848,Francisco Javier Romero Caparrós,2023-04-24,0,nuevo
114716,Celso Wilfredo Segarra Collado,2022-02-24,0,nuevo
112559,Iker Larrea-Arce,2023-02-17,0,nuevo
102375,Adelina Cerdán Seguí,2020-04-02,0,nuevo
113005,Lilia Pizarro,2023-04-08,0,nuevo
111058,José Manuel Escrivá-Arcos,2023-04-02,0,nuevo
104682,Juliana Ferreras Acero,2021-09-02,0,nuevo
110997,Juan José Pinilla Piñeiro,2023-02-08,0,nuevo
108067,Dimas de Sureda,2024-04-22,0,nuevo
104274,Danilo Lucio Carretero Almansa,2023-07-13,0,nuevo
105471,Guadalupe Neira-Lobato,2022-12-21,0,nuevo
105817,Carlos Marín,2022-12-23,0,nuevo
100088,Otilia Santamaria Carbonell,2024-03-09,0,nuevo
107631,Nerea Casares-Pintor,2024-02-01,0,nuevo
104164,Miguel Cuenca Cabrera,2023-04-13,0,nuevo
103383,Victor Rufino Paredes Valderrama,2022-07-17,0,nuevo
110309,Omar Velasco Arregui,2021-04-20,0,nuevo
110270,Modesta Clara Rodríguez Madrid,2021-06-16,0,nuevo
100404,Joan Conesa Zabala,2024-05-29,0,nuevo
115149,Herminio Abril Barrena,2020-03-24,0,nuevo
112967,Tomasa Toro Puente,2022-10-01,0,nuevo
112070,Amparo Bárcena-Salinas,2020-07-25,0,nuevo
106379,Fausto Sebastián Céspedes Oller,2020-04-23,0,nuevo
109323,Jafet Pou Poza,2022-02-03,0,nuevo
111093,Josué Villa Falcó,2022-10-08,0,nuevo
106553,Caridad Guardia Castell,2023-02-05,0,nuevo
106311,Dulce Varela Huerta,2022-09-30,0,nuevo
101028,Samanta Nieto Miguel,2021-05-30,0,nuevo
105518,Telmo Llorente Guzmán,2022-07-02,0,nuevo
102437,Héctor Alcolea Feijoo,2024-06-15,0,nuevo
110509,María Valderrama Carreño,2024-08-19,0,nuevo
105299,Andrés del Segarra,2022-02-15,0,nuevo
101279,Benita Benavente Pastor,2023-10-29,0,nuevo
108472,Paulino del Oliveras,2022-06-09,0,nuevo
102043,Elisabet Bas Alcalá,2023-04-05,0,nuevo
105158,Jerónimo Cerdán,2022-08-12,0,nuevo
108894,Lupe Cantón,2022-05-14,0,nuevo
101426,Marcelino Bas,2022-06-11,0,nuevo
105028,Verónica Aroca Ruano,2020-12-03,0,nuevo
105282,Óscar Pelayo-Tena,2024-01-28,0,nuevo
101503,Simón Chamorro Coello,2021-03-14,0,nuevo
101991,Aránzazu Yuste Aguilar,2020-12-20,0,nuevo
101991,Aránzazu Yuste Aguilar,2020-12-20,0,nuevo
112754,Jacinto Albero Cervera,2024-08-03,0,nuevo
113364,Rosario Narváez Zorrilla,2022-10-11,0,nuevo
100679,Nazario Vilaplana Rovira,2022-01-25,0,nuevo
105852,Emilio González Losa,2023-08-30,0,nuevo
107195,Nazaret del Ángel,2024-01-03,0,nuevo
108785,Elpidio Benito Acero,2023-05-30,0,nuevo
109682,Adoración Paredes Goicoechea,2022-07-27,0,nuevo
105216,Ciro Rosell Lucena,2023-03-01,0,nuevo
101071,Encarna Cantero Pinilla,2020-11-03,0,nuevo
106785,Ofelia Graciela Morcillo Mascaró,2024-05-13,0,nuevo
103393,Mireia de Enríquez,2022-07-24,0,nuevo
113580,Gerardo Rodríguez Cabezas,2020-03-14,0,nuevo
101100,Toribio Chacón-Beltran,2021-12-30,0,nuevo
112279,Benigno de Garzón,2023-07-08,0,nuevo
100419,Lupe Sotelo Jódar,2020-08-23,0,nuevo
112415,Dionisia Huertas Marí,2023-01-10,0,nuevo
105820,Piedad Julián Giménez,2020-10-18,0,nuevo
108779,Nieves Beltrán Domínguez,2021-05-27,0,nuevo
103337,Agustín Galiano Murillo,2022-12-22,0,nuevo
102300,Jacinta del Sanchez,2022-11-22,0,nuevo
109515,Loreto Peñalver Cases,2023-02-01,0,nuevo
108609,Julio Santos Benet Molins,2022-06-18,0,nuevo
105330,Anabel Llabrés-Poza,2021-08-19,0,nuevo
100780,Florencio Mosquera Aguiló,2024-01-24,0,nuevo
100723,Cornelio Salvador Pérez Díez,2022-07-05,0,nuevo
107314,Alejandra Cerro Ballester,2023-11-21,0,nuevo
101861,Elisa del Teruel,2020-08-28,0,nuevo
113213,Demetrio del Aguirre,2021-12-07,0,nuevo
114884,Aroa Márquez Gargallo,2022-05-08,0,nuevo
113195,Pacífica de Taboada,2024-06-21,0,nuevo
114136,Primitiva Haro Carranza,2023-01-03,0,nuevo
110851,Noelia Arnaiz Olmo,2023-03-08,0,nuevo
106340,José Ángel Bermúdez Paredes,2021-08-03,0,nuevo
106118,Hilario Galindo Sanz,2022-04-21,0,nuevo
111709,Lisandro del Cepeda,2022-03-08,0,nuevo
105493,Paco Pino-Herranz,2022-08-17,0,nuevo
104519,Julián Novoa Madrigal,2024-01-15,0,nuevo
111416,Martin Santos Recio,2020-12-29,0,nuevo
109377,Guiomar Pereira Ballesteros,2022-02-07,0,nuevo
105139,Itziar Bermejo Plaza,2023-01-14,0,nuevo
106756,Jordana Bosch-Lillo,2021-10-19,0,nuevo
115164,Juan Bautista Cervantes-Bautista,2020-12-14,0,nuevo
111748,Adora Coll Vilalta,2024-07-13,0,nuevo
113420,Martín Bonilla Torrents,2023-09-13,0,nuevo
109973,Benigna Rosa Delgado Jódar,2022-02-17,0,nuevo
103626,Eva Tomás,2020-09-24,0,nuevo
103190,Candelaria Castillo,2023-04-10,0,nuevo
114931,Berto Alemany,2024-04-30,0,nuevo
113743,Emperatriz Rodrigo Farré,2024-07-25,0,nuevo
105442,Godofredo Sala Corominas,2024-06-14,0,nuevo
102557,Juliana Uribe Agullo,2022-03-18,0,nuevo
100849,Susana de Olmedo,2021-01-03,0,nuevo
100849,Susana de Olmedo,2021-01-03,0,nuevo
102249,Micaela Herrero Manso,2020-07-06,0,nuevo
109382,Amanda Frutos Cuéllar,2020-07-18,0,nuevo
105617,Vidal de Zamora,2022-02-17,0,nuevo
109052,Herminia del Ángel,2021-06-07,0,nuevo
113801,Estela Mulet Ruano,2021-06-18,0,nuevo
105318,Modesto de Gil,2023-01-05,0,nuevo
105488,Desiderio Artemio Fajardo Vergara,2021-04-25,0,nuevo
104053,María José Ayuso,2024-07-11,0,nuevo
103938,Aitana de Nicolau,2021-09-13,0,nuevo
108458,Dorotea Vendrell Batlle,2022-12-31,0,nuevo
112704,Remedios Amat Mateo,2023-10-26,0,nuevo
104333,María Luisa Batlle,2020-12-28,0,nuevo
101177,Jafet Leiva Fuente,2022-12-20,0,nuevo
115078,Manuel Bayona Viana,2021-06-01,0,nuevo
100552,Guadalupe Candela Soria Lucas,2021-03-03,0,nuevo
104841,Eric Casanovas-Rivero,2021-11-21,0,nuevo
112506,Teo Agustí Montero,2024-05-16,0,nuevo
103498,Nuria Ródenas Izaguirre,2024-03-04,0,nuevo
113091,Bernardo Paniagua Alberdi,2021-10-05,0,nuevo
105830,Gabriela Encarna Pardo Arrieta,2022-05-07,0,nuevo
113250,Brunilda Remedios Cárdenas Amo,2023-08-02,0,nuevo
110342,Álvaro Urrutia-Ángel,2022-08-13,0,nuevo
103589,Santos Zurita Lucas,2022-01-15,0,nuevo
110658,Rosalva Guijarro Álvaro,2022-03-23,0,nuevo
100694,Maximiliano de Leon,2022-08-31,0,nuevo
102534,Silvestre Eloy Guerra Lobato,2021-04-03,0,nuevo
105012,Perlita Sarmiento Tena,2024-07-07,0,nuevo
103444,Vicente Franch Arce,2020-07-03,0,nuevo
105944,Ana Sofía Checa Cabrera,2023-09-01,0,nuevo
114668,Sara Cabello Blazquez,2022-03-21,0,nuevo
104223,Joel Villar Cantero,2020-03-25,0,nuevo
102267,Eleuterio Manso,2023-04-15,0,nuevo
111142,Rita Galván Oliveras,2022-04-12,0,nuevo
112552,Guiomar Vidal Paniagua,2022-04-19,0,nuevo
109879,Blanca Dafne Bastida Piñeiro,2022-03-14,0,nuevo
109944,Natalio Palau Ordóñez,2024-03-02,0,nuevo
114454,Abril Fortunata Tormo Ortega,2022-07-01,0,nuevo
103338,María Dolores Lago-Cobos,2022-12-05,0,nuevo
108262,Fermín Lucas Olmo,2022-12-13,0,nuevo
105498,Ámbar Villanueva Amor,2021-04-11,0,nuevo
104017,Mohamed Barriga Rojas,2022-02-01,0,nuevo
106753,Donato Llopis Pereira,2021-06-09,0,nuevo
105112,Ibán Jose Ramón Jáuregui Carreño,2023-12-14,0,nuevo
107821,Olimpia Carranza-Nieto,2021-09-30,0,nuevo
113033,Vito Planas Rodríguez,2023-01-09,0,nuevo
103368,Salomé Torrents Mendoza,2023-02-22,0,nuevo
111744,Rosalinda del Gras,2022-05-11,0,nuevo
110337,Rosenda Lago Dueñas,2023-07-26,0,nuevo
108146,Fabricio Seguí Pagès,2024-02-28,0,nuevo
113682,Apolonia Jordá Cerdán,2024-04-29,0,nuevo
110612,Martin Cuenca Giralt,2020-09-13,0,nuevo
101169,Lupita Sobrino-Cerdá,2023-03-31,0,nuevo
104145,Teresita Amorós Almansa,2022-05-27,0,nuevo
108309,Serafina Nebot Piña,2023-05-25,0,nuevo
108309,Serafina Nebot Piña,2023-05-25,0,nuevo
113115,Mamen Olmedo Recio,2022-06-21,0,nuevo
106748,Ibán Carrillo Saavedra,2022-08-29,0,nuevo
106536,Mariana Garriga Escamilla,2021-01-29,0,nuevo
101468,Francisco Javier Teruel Gomez,2022-10-25,0,nuevo
111360,Francisco Javier Losa Cal,2024-01-21,0,nuevo
106538,Martina Franch,2021-10-02,0,nuevo
111305,Alexandra Vendrell Marti,2022-12-23,0,nuevo
100453,Benigno Isaac Mariscal Linares,2023-07-24,0,nuevo
113048,María Teresa Sainz Bou,2023-02-12,0,nuevo
110636,Marc Fonseca Román,2022-07-08,0,nuevo
100580,Flor Jessica Sureda Céspedes,2023-04-06,0,nuevo
106572,Valentín Goñi Moles,2022-08-17,0,nuevo
115028,Dionisio Sevilla-Anglada,2022-02-23,0,nuevo
107175,Lorenzo Requena-Gilabert,2021-01-12,0,nuevo
107468,Pepita Ani Sacristán Arenas,2022-01-14,0,nuevo
114733,Cirino Vito Lobo Salas,2023-08-07,0,nuevo
105588,Marco Antonio Dominguez Varela,2022-10-05,0,nuevo
112231,Édgar Hilario Blasco Mercader,2022-05-04,0,nuevo
102468,Odalys Nuñez-Pereira,2023-02-10,0,nuevo
104158,Agapito Arco Clemente,2023-12-08,0,nuevo
106350,Natalia Ayllón Mendoza,2020-08-24,0,nuevo
104429,María Fernanda Boada Castillo,2023-12-12,0,nuevo
102085,Zaida Torrents Pavón,2020-05-23,0,nuevo
103058,Isaías Solano Hierro,2023-04-16,0,nuevo
107061,Telmo Cebrián Sarmiento Quiroga,2024-01-01,0,nuevo
100165,Gertrudis Andres Echevarría,2021-02-17,0,nuevo
113597,Armida Azcona Escamilla,2021-01-07,0,nuevo
113906,Tomás Colom Escalona,2024-02-11,0,nuevo
104303,Reyes Esteban Iriarte,2023-09-28,0,nuevo
110115,Cristóbal Giménez Abellán,2023-10-26,0,nuevo
111613,Amaya Neira Aragonés,2022-03-02,0,nuevo
103318,Casandra Rueda Castillo,2020-12-25,0,nuevo
109179,Francisco Jose Arroyo Palomino,2024-05-02,0,nuevo
106852,Horacio Carrillo Arroyo,2020-03-10,0,nuevo
101848,Purificación Tejedor Aramburu,2024-02-25,0,nuevo
112654,Sandra Rivero Torrecilla,2022-11-02,0,nuevo
101335,Margarita Canales Portillo,2024-01-04,0,nuevo
103065,Sol Rubio Palau,2022-05-17,0,nuevo
113502,Eulalia Méndez Bueno,2024-05-29,0,nuevo
107537,Rodrigo Ayala Lumbreras,2023-06-20,0,nuevo
103492,Salomé Solano-Querol,2020-07-27,0,nuevo
114417,Isidro Vidal-Santamaria,2020-08-26,0,nuevo
104574,Nicolasa Bejarano Pastor,2022-10-14,0,nuevo
112348,Íngrid Colom Coello,2024-08-20,0,nuevo
107632,Vera Estrada,2020-10-14,0,nuevo
110670,Isaura Expósito Macías,2022-09-20,0,nuevo
107707,Jafet Pascual-Rubio,2023-10-13,0,nuevo
108158,Ciríaco Palmer Villena,2020-03-15,0,nuevo
106524,Andrés Leocadio Arregui Vargas,2021-06-16,0,nuevo
104023,Azahar Benavent Oliva,2023-11-21,0,nuevo
113521,Renato Cruz Cardona,2023-11-17,0,nuevo
103439,Leyre Elisa Zabaleta Calvet,2023-05-14,0,nuevo
102430,Paola Estévez Salvador,2024-07-07,0,nuevo
103633,Dominga del Lledó,2024-05-18,0,nuevo
110373,Encarnacion Donoso Casanovas,2022-03-15,0,nuevo
102263,Cirino Gomez Alberola,2023-01-04,0,nuevo
100836,Noa Juliá Piñeiro,2021-08-30,0,nuevo
105065,Angélica Eufemia Mulet Ramirez,2020-06-09,0,nuevo
106203,Vito Bernardo Gomis Río,2024-01-27,0,nuevo
108381,Chus Aguado Chamorro,2023-12-15,0,nuevo
101174,Dionisio Tenorio Piña,2021-08-28,0,nuevo
109235,Joan Marín Ferrando,2021-12-20,0,nuevo
104657,Fortunato de Simó,2021-02-07,0,nuevo
109970,Felicia Marcos Palmer,2021-11-04,0,nuevo
110444,Lupe Cruz Palau Isern,2021-10-03,0,nuevo
107898,Mamen Bru Ibañez,2023-12-21,0,nuevo
115230,Eusebio de Espada,2021-11-12,0,nuevo
107335,Imelda Torrens Quintana,2021-09-24,0,nuevo
102794,Che de Escribano,2021-09-29,0,nuevo
107796,Artemio Pozo-Ramirez,2020-05-26,0,nuevo
114772,Cintia Barón,2022-09-24,0,nuevo
107423,Amarilis Guiomar Artigas Galindo,2021-07-07,0,nuevo
105630,Calixta Sastre Juan,2023-10-23,0,nuevo
104754,Nilo del Gomila,2023-12-04,0,nuevo
111600,Leire de Tamarit,2020-08-29,0,nuevo
104311,Montserrat Valenzuela Millán,2024-04-12,0,nuevo
108420,Marco Plaza Baños,2024-06-20,0,nuevo
103986,Porfirio Sainz Sandoval,2023-10-20,0,nuevo
110296,Jose Ignacio Bayona-Arias,2023-01-27,0,nuevo
102570,Armida Jaén-Roda,2021-07-24,0,nuevo
112840,Ciriaco Egea,2020-08-09,0,nuevo
106521,Cirino Reig,2022-08-21,0,nuevo
115016,Reyes Delgado,2023-10-24,0,nuevo
101224,Florentino Reguera Díaz,2024-03-02,0,nuevo
101205,Belén Cazorla Sarmiento,2021-05-07,0,nuevo
107243,Desiderio Suarez Llorens,2022-03-18,0,nuevo
102638,Mar Alberto Verdejo,2023-08-24,0,nuevo
112721,Griselda Victoria Benet Ibañez,2020-04-09,0,nuevo
100878,Aureliano Pino Manrique,2023-02-11,0,nuevo
104380,Lidia Palomares Huguet,2023-04-23,0,nuevo
106497,Dulce Azorin Serrano,2023-08-14,0,nuevo
113442,Custodia Melero Tomás,2020-12-11,0,nuevo
108076,Leire Goñi Álvaro,2021-08-04,0,nuevo
106965,Teodoro Prado Chaves,2023-11-17,0,nuevo
106480,Feliciano Donoso Ariza,2021-08-25,0,nuevo
104315,Teobaldo Mateo-Sarmiento,2024-06-26,0,nuevo
111053,Zoraida América Ferrera Mateos,2021-09-21,0,nuevo
105357,Rafaela Barrera Collado,2024-03-29,0,nuevo
105973,Marino Llamas Cordero,2021-03-29,0,nuevo
103735,Melania Bejarano-Blanco,2023-06-14,0,nuevo
107788,Maristela Taboada-Carrillo,2020-05-25,0,nuevo
113289,Eliseo Escobar Sanchez,2021-05-30,0,nuevo
111757,Alex Marcos Mosquera,2023-06-13,0,nuevo
112846,Liliana del Piñol,2022-01-04,0,nuevo
109610,Nerea Hernandez Anguita,2022-04-28,0,nuevo
100760,José Alondra Yáñez Alcolea,2022-06-14,0,nuevo
100655,Jimena Cózar Llorente,2020-11-05,0,nuevo
102893,Samu Palomino-Rivas,2022-07-14,0,nuevo
105637,Maxi Gordillo-Zamora,2020-10-29,0,nuevo
106160,Miriam Trujillo Batalla,2023-06-14,0,nuevo
108994,Regina Evita Solana Duran,2022-03-03,0,nuevo
106023,Luis Ángel Casemiro Diéguez Espejo,2020-04-19,0,nuevo
113686,Espiridión Nuñez,2020-08-03,0,nuevo
112841,Dorita de Quintana,2021-12-25,0,nuevo
103660,Olga Águila,2021-12-01,0,nuevo
113937,Mayte Garzón,2024-05-19,0,nuevo
113937,Mayte Garzón,2024-05-19,0,nuevo
114260,Eufemia del Bustos,2022-06-05,0,nuevo
105534,Sebastián Clemente Urrutia Rios,2020-09-01,0,nuevo
111391,Jose Luis Portero Frías,2020-10-29,0,nuevo
111391,Jose Luis Portero Frías,2020-10-29,0,nuevo
113201,Reyna Gimeno Frutos,2021-12-20,0,nuevo
102881,Maricela Pedrosa Duran,2023-01-11,0,nuevo
105840,Concepción Ferrer Corbacho,2022-12-21,0,nuevo
103382,Amaya Juliá Espejo,2023-08-17,0,nuevo
104958,Severiano Sanabria Salinas,2020-09-04,0,nuevo
111062,Teodosio Mascaró Peral,2020-03-23,0,nuevo
105721,Ale Oliva Olmedo,2024-06-06,0,nuevo
113153,Teresa Villegas Mariscal,2022-02-07,0,nuevo
100943,Cristina Pérez Castellanos,2021-01-05,0,nuevo
103236,Jose Carlos Blasco Canet,2023-01-24,0,nuevo
103258,Maribel Ros Prat,2023-07-09,0,nuevo
111763,Quique de Mir,2022-10-06,0,nuevo
100309,Isidora Pepita Mulet Cañete,2022-03-10,0,nuevo
101566,Herminia del Blanca,2022-05-13,0,nuevo
109823,Graciana Quevedo Olivé,2020-11-15,0,nuevo
113680,Domingo Querol Alonso,2021-10-24,0,nuevo
102277,Loreto Cardona Guerrero,2022-01-22,0,nuevo
107073,Martina Real Carranza,2020-09-07,0,nuevo
112275,Pablo Fermín Ponce García,2023-01-25,0,nuevo
102624,Ruperto del Bou,2023-10-17,0,nuevo
114255,Segismundo Yáñez Muro,2023-05-24,0,nuevo
108804,Saturnino de Giralt,2022-12-14,0,nuevo
108217,Ruben Agustín Estrada,2020-03-04,0,nuevo
113440,Jose Antonio Luz Canet,2022-02-19,0,nuevo
114563,Paulino del Prado,2021-12-11,0,nuevo
100756,Benjamín Arribas Caro,2021-12-19,0,nuevo
114610,Adelaida Acedo Torralba,2024-01-05,0,nuevo
108120,Eulalia Ortuño Vila,2023-11-06,0,nuevo
113752,Juanito Grande Izaguirre,2020-06-30,0,nuevo
106201,Saturnina de Cortés,2021-09-30,0,nuevo
109920,Araceli Godoy Bayona,2024-03-19,0,nuevo
100070,Edelmiro Aparicio Sastre,2021-11-14,0,nuevo
105368,Demetrio Barragán Pera,2023-12-23,0,nuevo
108085,Isaías Castejón Baeza,2024-02-11,0,nuevo
108085,Isaías Castejón Baeza,2024-02-11,0,nuevo
101681,Trinidad Casas,2021-09-08,0,nuevo
111065,Julieta Rovira-Peralta,2020-12-05,0,nuevo
105962,Rodrigo Cañellas Rueda,2023-12-19,0,nuevo
102604,Consuela Valls Galán,2022-02-02,0,nuevo
112068,Martín de Puerta,2023-06-17,0,nuevo
114101,Santiago de Quevedo,2021-05-19,0,nuevo
103733,Belen Sacristán-Tur,2021-04-06,0,nuevo
110051,Aristides Carreras Cobos,2024-01-19,0,nuevo
114654,Álvaro Hernández Coello,2022-10-07,0,nuevo
106621,Nélida Barranco Vallés,2021-04-16,0,nuevo
100740,María Pilar de Priego,2023-10-03,0,nuevo
112123,Alejandro de Luz,2020-11-14,0,nuevo
111481,Yago del Tejera,2024-05-27,0,nuevo
106985,Concepción Canales Albero,2020-10-04,0,nuevo
106796,Alfredo Sanjuan-Llorente,2020-07-30,0,nuevo
103519,Isaura Fortuny Carbajo,2024-01-17,0,nuevo
100774,Pastor Iván Porcel Balaguer,2021-05-17,0,nuevo
100866,Ágata Esparza,2021-11-15,0,nuevo
105201,Jennifer Rey-Saldaña,2023-02-10,0,nuevo
112292,Pascual Madrigal Capdevila,2020-04-13,0,nuevo
111820,Amor Riba Cardona,2020-11-19,0,nuevo
108887,Salomé Garrido Albero,2022-02-07,0,nuevo
114895,Marianela Huguet Santos,2021-06-16,0,nuevo
106924,Micaela Trujillo Rodríguez,2022-05-27,0,nuevo
111055,Josefa de Gonzalez,2021-08-09,0,nuevo
114907,Cándida Aliaga Iñiguez,2021-02-04,0,nuevo
103310,Azeneth del Barba,2021-05-19,0,nuevo
100364,Marciano Durán Vaquero,2021-06-28,0,nuevo
104727,Tomás Carrera Salazar,2023-11-06,0,nuevo
102941,Nacio Ocaña,2022-06-28,0,nuevo
101642,Demetrio Valderrama Varela,2024-04-29,0,nuevo
101173,Alma Montero Merino,2020-09-18,0,nuevo
114213,Selena Ureña Arnaiz,2024-03-25,0,nuevo
103365,Maristela Cornejo Bernal,2020-10-03,0,nuevo
110792,María Alarcón Moles,2024-06-19,0,nuevo
100816,Lope Miguel Sastre Luz,2023-05-19,0,nuevo
107323,Julio Barros Hernandez,2021-07-04,0,nuevo
102132,Rolando Barral-Amigó,2020-12-31,0,nuevo
101798,Laura Torrijos,2023-08-06,0,nuevo
105191,Alondra Barberá Guillen,2021-02-19,0,nuevo
108168,Eulalia Segovia Sarabia,2022-02-12,0,nuevo
104276,Emelina Villanueva Bauzà,2023-05-16,0,nuevo
114423,Fito Reinaldo Cepeda Benítez,2024-06-09,0,nuevo
103090,Valero Almazán Patiño,2024-01-27,0,nuevo
105254,Tere Buendía Español,2021-08-17,0,nuevo
112630,Claudia de Riera,2021-07-12,0,nuevo
101533,Amor Bauzà Alcázar,2022-06-05,0,nuevo
108727,Cosme Amador Vera Sainz,2023-04-04,0,nuevo
109346,Hortensia del Casal,2021-06-22,0,nuevo
108798,Sarita Torrijos,2024-08-06,0,nuevo
101300,Ángela Puente Hernández,2020-07-20,0,nuevo
111120,Marcial Cerezo,2022-03-13,0,nuevo
101602,Victor Manuel Cabeza Quesada,2022-02-15,0,nuevo
107068,Porfirio Molina Chacón,2020-11-26,0,nuevo
103662,Ana Belén Ramón Fuster,2022-08-24,0,nuevo
114875,Alonso Tejedor Carpio,2020-11-07,0,nuevo
104826,Sigfrido Alemán Álamo,2021-06-25,0,nuevo
105681,Dolores Lamas Bartolomé,2024-01-05,0,nuevo
100398,Mohamed Ibarra Cantero,2023-11-08,0,nuevo
112078,Paloma Galván Laguna,2024-05-17,0,nuevo
110240,Roberto Arregui Montoya,2023-06-05,0,nuevo
103011,Jose Carlos de Amorós,2024-07-05,0,nuevo
111344,Ignacia del Gaya,2022-09-28,0,nuevo
100724,Flavio Flor Fonseca,2021-03-10,0,nuevo
107329,Pánfilo Galvez Chico,2023-04-27,0,nuevo
104186,Dominga Piña Cuéllar,2022-09-30,0,nuevo
114006,Gastón Varela Falcó,2020-05-01,0,nuevo
113997,Ezequiel Egea Segarra,2023-12-29,0,nuevo
104583,Viviana Llorens,2023-08-02,0,nuevo
114121,Quique Gil Vázquez Calleja,2023-02-25,0,nuevo
115242,Olegario Bárcena Almeida,2022-08-18,0,nuevo
107434,Purificación Peinado Font,2022-12-08,0,nuevo
112883,Alfredo del Manjón,2022-09-22,0,nuevo
101213,Pascuala del Rocamora,2023-01-30,0,nuevo
107056,Sonia Mascaró Cantón,2023-12-01,0,nuevo
108966,Flavio del Almeida,2022-07-28,0,nuevo
105428,Mario Tormo Requena,2022-05-16,0,nuevo
111358,Lara Cándida Briones Barbero,2021-03-17,0,nuevo
105995,Emiliano Sevillano Ríos,2021-05-11,0,nuevo
103768,Ildefonso de Sala,2023-06-10,0,nuevo
100787,José Ángel Cervera Diéguez,2020-08-13,0,nuevo
109799,Nuria Débora Castillo Castells,2020-12-23,0,nuevo
109940,Leopoldo Ruben Isern Valle,2023-04-22,0,nuevo
102906,Salomón del Ripoll,2021-08-22,0,nuevo
112885,María Luisa Calatayud Dueñas,2022-10-06,0,nuevo
115060,María Belén Vázquez Manrique,2022-08-14,0,nuevo
107247,Pancho Verdugo,2022-04-09,0,nuevo
106251,Chus Martínez Mariscal,2024-03-29,0,nuevo
113160,Sosimo Palomares,2021-06-11,0,nuevo
108056,Gertrudis Granados-Batalla,2020-09-19,0,nuevo
114839,Jose Carlos Bermudez Peña,2021-10-20,0,nuevo
105524,Ciriaco Ordóñez Perea,2023-01-05,0,nuevo
107506,Manuela Benavente-Ripoll,2020-11-05,0,nuevo
114399,Evelia Torrent,2022-09-19,0,nuevo
110095,Cesar Nuñez Solano,2022-08-27,0,nuevo
100496,Rico Guardiola Garcés,2021-09-19,0,nuevo
102322,Eva María Puerta Mancebo,2020-04-13,0,nuevo
100913,Esperanza Ferrández Lorenzo,2020-12-09,0,nuevo
109391,Sarita Orozco Arnau,2021-01-05,0,nuevo
100152,Wálter Marciano Mur Sanchez,2021-06-18,0,nuevo
106962,Sabina Viana Calderon,2022-04-21,0,nuevo
102884,María Belén Puerta-Serra,2023-04-01,0,nuevo
107128,Elisabet Alicia Rios Lorenzo,2020-08-04,0,nuevo
100889,Macaria Anguita Agustín,2023-03-25,0,nuevo
105472,Sofía Tena,2023-01-07,0,nuevo
103202,Gervasio Tejera Aragón,2021-08-08,0,nuevo
110072,Dora Hidalgo,2022-09-18,0,nuevo
100344,Fermín Pulido Valls,2024-05-18,0,nuevo
104523,Gabriela Priego Cañas,2023-07-11,0,nuevo
102224,Onofre Tomé Escobar,2024-04-26,0,nuevo
102224,Onofre Tomé Escobar,2024-04-26,0,nuevo
106859,Lorenzo Escobar-Uriarte,2020-11-12,0,nuevo
110783,Hermenegildo Ibañez Toledo,2021-03-02,0,nuevo
110044,Armida Pulido Valencia,2022-03-12,0,nuevo
110625,Aurora Vigil Rius,2023-05-24,0,nuevo
109841,Emigdio de Tello,2023-11-18,0,nuevo
107367,Melchor Gomila Raya,2020-06-18,0,nuevo
101466,Tania Castillo Fernandez,2023-11-04,0,nuevo
104594,Ileana Pla Muro,2024-07-07,0,nuevo
103566,Nidia Parra,2022-01-03,0,nuevo
100284,Vanesa Cadenas Nicolás,2023-06-06,0,nuevo
114441,Cándido Quevedo Miralles,2023-02-21,0,nuevo
106176,Gervasio Olmedo Andres,2021-03-26,0,nuevo
104152,Matilde Magdalena Aguilera Barrio,2024-01-09,0,nuevo
115048,Manu Rosell Pagès,2020-05-10,0,nuevo
111463,Josefina Higueras Sanjuan,2022-06-18,0,nuevo
107377,Teresa Valenzuela Fiol,2022-01-31,0,nuevo
108871,Renata Tomé Simó,2020-05-16,0,nuevo
103162,Nazaret Bou Llano,2024-02-09,0,nuevo
102631,René Iglesia Salvador,2023-07-17,0,nuevo
112306,Sol Arnal Rovira,2021-07-30,0,nuevo
110399,Pepita Ferrándiz Pujol,2023-09-13,0,nuevo
101204,Maximiliano Valera Pagès,2021-03-27,0,nuevo
114201,Tadeo Manzanares Segura,2023-09-01,0,nuevo
100617,Reyes Viviana Higueras Gonzalo,2022-07-15,0,nuevo
113421,Zaida Miranda Granados,2022-09-08,0,nuevo
107482,Graciano Palomino-Huerta,2022-05-23,0,nuevo
110338,Almudena Dionisia Vaquero Gimenez,2021-09-05,0,nuevo
102729,Consuela Arias Arias,2020-08-03,0,nuevo
114705,Lilia Reig Moraleda,2023-02-23,0,nuevo
107799,Arturo Tamayo Echeverría,2022-08-06,0,nuevo
103141,Áurea Alonso Izquierdo,2024-04-10,0,nuevo
100548,Jordana Parra Nebot,2024-01-05,0,nuevo
112038,Sofía Donoso,2022-10-31,0,nuevo
114414,Aníbal Bustos Lastra,2021-01-27,0,nuevo
100027,Genoveva Sierra Vall,2022-01-16,0,nuevo
101068,Visitación Mur,2021-11-14,0,nuevo
106605,Olegario Olmo-Antón,2022-08-12,0,nuevo
105530,Tiburcio Arce Gonzalez,2024-07-25,0,nuevo
106679,Donato Torrijos Donaire,2023-09-02,0,nuevo
105399,Chucho Botella Garrido,2022-04-12,0,nuevo
113238,Jesús Calvet Saavedra,2021-06-20,0,nuevo
108082,María José Perera Rocamora,2022-05-10,0,nuevo
100438,Ildefonso Vives,2021-05-19,0,nuevo
114269,Marisela Rodríguez Girón,2024-07-24,0,nuevo
105270,Camilo Lillo Segarra,2024-07-21,0,nuevo
101862,Nieves Uriarte Barrera,2023-05-29,0,nuevo
102707,Agustina del Falcón,2020-03-31,0,nuevo
113214,Melchor de Vallés,2023-09-13,0,nuevo
111973,Rocío Moles Blanes,2023-02-28,0,nuevo
111482,Juan José Paco Borrell Beltran,2021-05-17,0,nuevo
109474,Marciano Aníbal Bertrán Fernandez,2021-08-06,0,nuevo
113941,Juan Sanchez Ángel,2024-08-08,0,nuevo
114324,Cecilio Huguet,2021-10-19,0,nuevo
100586,Lalo Briones-Blanch,2020-11-25,0,nuevo
109046,Adelia Aragón Diego,2021-07-29,0,nuevo
106465,Juan Carlos Escamilla-Amo,2024-04-20,0,nuevo
114510,Calixto Hernandez Suarez,2020-09-17,0,nuevo
101917,Mamen Carpio Pedro,2022-07-18,0,nuevo
114792,Sancho Prats-Roura,2023-10-16,0,nuevo
110035,Esperanza Solsona Toledo,2023-01-01,0,nuevo
110135,Judith Quevedo Burgos,2021-04-30,0,nuevo
101318,Brunilda Padilla Pozo,2022-01-08,0,nuevo
104369,Eliseo Sandoval Carrión,2021-01-17,0,nuevo
111900,Felipe Mayo Figueroa,2020-11-08,0,nuevo
106081,Estefanía Santamaria Bermejo,2020-05-28,0,nuevo
102602,Ágata Nieves Ugarte Lago,2022-05-30,0,nuevo
102174,Porfirio Vazquez Fernandez,2021-12-30,0,nuevo
103606,Íngrid Chaparro-Comas,2023-08-30,0,nuevo
106430,Noé Cañellas Perera,2021-11-17,0,nuevo
103769,Julio César Mariano Muñoz Piquer,2024-04-12,0,nuevo
105078,Esperanza Iriarte Aramburu,2023-09-16,0,nuevo
108275,Mateo Anacleto Cerdá Alsina,2020-06-27,0,nuevo
114901,Pastora Villalobos-Río,2020-07-20,0,nuevo
110150,José Antonio Santos Mulet Cobos,2022-07-12,0,nuevo
109141,Virgilio Atienza Diéguez,2023-01-03,0,nuevo
102522,Duilio Fábregas Nieto,2022-12-14,0,nuevo
102411,Salvador Garcés Almagro,2020-07-23,0,nuevo
110437,Martín Baeza,2024-03-05,0,nuevo
103780,Odalys Farré Alemany,2023-08-17,0,nuevo
100499,Anselmo Herrero Cueto,2023-11-28,0,nuevo
114375,Luciano Villalonga Blázquez,2020-08-08,0,nuevo
108618,Clemente Tomás Valencia,2022-12-14,0,nuevo
109314,Alcides Ildefonso Izaguirre Cañete,2022-07-13,0,nuevo
110172,Isaac Mur-Valls,2023-07-16,0,nuevo
114978,Florencio Cisneros-Coloma,2023-07-21,0,nuevo
106002,Encarna Gallart,2023-03-13,0,nuevo
105719,Leopoldo Lozano-Hoz,2024-05-30,0,nuevo
110609,Lupita Arnaiz,2022-08-10,0,nuevo
105584,Cipriano del Rivero,2022-09-14,0,nuevo
113124,Jose Ramón Pineda Cañizares,2022-03-12,0,nuevo
113215,Norberto Marcos Benet Almeida,2020-03-24,0,nuevo
109050,Malena del Juárez,2024-04-08,0,nuevo
101129,Asunción Ponce Murcia,2021-03-23,0,nuevo
110803,Patricio Quevedo-Valencia,2024-03-19,0,nuevo
101707,Ulises Goñi Barral,2021-04-23,0,nuevo
107451,Maximiano Almazán,2024-03-08,0,nuevo
111088,Marisela del Mínguez,2022-05-19,0,nuevo
114958,Eugenio Ribes Báez,2021-09-06,0,nuevo
114914,Erasmo Quevedo Salinas,2020-04-21,0,nuevo
107446,Balduino Zabala León,2020-09-26,0,nuevo
111865,Ainoa Huguet Alarcón,2021-12-29,0,nuevo
110147,Rita Gutierrez Sosa,2024-08-21,0,nuevo
115150,Violeta Linares Riba,2020-12-05,0,nuevo
114812,Aurora Oliva Iniesta,2023-04-07,0,nuevo
112029,Guillermo Germán Lladó Armengol,2020-12-20,0,nuevo
112983,María Del Carmen Carbonell Porras,2023-12-10,0,nuevo
111275,Imelda Aguilera,2020-05-14,0,nuevo
113841,Melchor Sarmiento-Blazquez,2020-07-12,0,nuevo
106055,Loida López Guillén,2023-10-12,0,nuevo
113478,Brígida Rebollo Cano,2023-10-05,0,nuevo
107441,Caridad de Sainz,2024-03-07,0,nuevo
113811,Maximino Ayala Barceló,2023-03-02,0,nuevo
106450,Dan Ros Bastida,2023-12-14,0,nuevo
115133,Cebrián Calzada Galan,2022-09-09,0,nuevo
102645,Angelina Huerta Román,2024-03-19,0,nuevo
113618,Rosaura Castro Coloma,2023-10-04,0,nuevo
104488,Perlita Vidal Español,2020-11-10,0,nuevo
102062,Ruperto Pelayo Borrás Rodriguez,2023-11-09,0,nuevo
104646,Anselmo Angulo Solís,2020-09-16,0,nuevo
114619,Gala Miralles Barreda,2022-04-28,0,nuevo
114669,Asunción Valera Pellicer,2023-07-21,0,nuevo
115049,Wálter Domingo,2021-04-03,0,nuevo
107266,Lucio Téllez Isern,2021-02-24,0,nuevo
104175,Vicenta Duran Chaves,2022-01-23,0,nuevo
109285,Concepción Landa Marco,2023-04-11,0,nuevo
112404,Íñigo de Martin,2020-09-19,0,nuevo
110558,Micaela Nydia Porta Vila,2022-09-02,0,nuevo
105481,Etelvina del Menendez,2023-01-10,0,nuevo
106948,Plinio Aurelio Gárate Arnau,2022-08-25,0,nuevo
104658,Fabricio Blázquez Uriarte,2023-02-21,0,nuevo
106415,Leonardo Palomar Álvaro,2024-03-10,0,nuevo
103151,Porfirio Corral Valcárcel,2023-08-01,0,nuevo
109762,Aarón Toledo,2020-08-23,0,nuevo
109255,Raimundo Ortuño,2024-04-06,0,nuevo
104814,Laura Espejo,2024-05-14,0,nuevo
102940,Adelia del Zamorano,2023-04-22,0,nuevo
101341,Tadeo Riquelme Morcillo,2024-03-23,0,nuevo
101392,Rodolfo Huguet Gibert,2022-04-02,0,nuevo
109607,José Luis Gascón Fabra,2023-06-21,0,nuevo
111433,Aureliano Ibáñez Mate,2020-12-03,0,nuevo
111554,Soledad Gimeno,2023-07-11,0,nuevo
111505,Basilio Lobo Ibáñez,2023-10-20,0,nuevo
106121,Malena de Artigas,2022-12-18,0,nuevo
102213,Hernando Aramburu-Lopez,2023-07-24,0,nuevo
104939,Jesús Navarro Bartolomé,2021-04-05,0,nuevo
103625,Nydia Cáceres Palacio,2022-10-10,0,nuevo
103159,Narciso Amílcar Gordillo Azorin,2023-06-16,0,nuevo
104268,Modesto Torrecilla,2020-07-19,0,nuevo
100464,Fabián Baeza Pinilla,2021-10-15,0,nuevo
101755,Manuela Lupe Llamas Arranz,2023-12-06,0,nuevo
109369,Roxana María Ángeles Arenas Palacios,2024-03-22,0,nuevo
100379,Dani Sanz,2022-08-18,0,nuevo
110389,Julio Alcalde Rivas,2020-06-22,0,nuevo
115085,Amancio Ruano-Carbó,2020-09-05,0,nuevo
102717,Emilia Cisneros Mayoral,2022-01-23,0,nuevo
109983,Dan del Roldan,2021-11-23,0,nuevo
111644,Débora de Acero,2023-03-18,0,nuevo
114065,Sabas del Blasco,2021-11-07,0,nuevo
110080,Ambrosio Costa-Cruz,2021-06-14,0,nuevo
112609,Herminio Vallejo-Aguiló,2023-07-15,0,nuevo
101895,Amílcar Anguita Antúnez,2022-07-08,0,nuevo
107770,Cesar Peral Miralles,2023-10-26,0,nuevo
110998,Santiago Ricart-Fernández,2023-08-25,0,nuevo
107038,Gloria Montenegro Giner,2020-12-24,0,nuevo
110438,Eulalia Mas,2024-06-29,0,nuevo
111863,Amaro Ferrández Badía,2022-12-11,0,nuevo
108975,Felipe Jaume Ariza,2023-01-16,0,nuevo
113509,Guadalupe Soto,2024-06-20,0,nuevo
103993,Blas Valero Valls,2024-05-01,0,nuevo
106692,Nazaret Vilar-Santamaria,2024-08-08,0,nuevo
102221,Elvira Sancho Egea,2021-02-10,0,nuevo
114331,Matías Falcón Marquez,2023-05-09,0,nuevo
103794,Isidoro Santamaría Buendía,2022-12-24,0,nuevo
110884,Purificación Carbó Meléndez,2024-04-21,0,nuevo
113694,Débora Mate Niño,2020-04-18,0,nuevo
102918,Jovita Sanmiguel Huerta,2020-07-05,0,nuevo
113148,Isabela Rosa-Batalla,2020-03-08,0,nuevo
106327,Aurelio Ugarte Beltrán,2023-02-19,0,nuevo
104480,Jordi Luque Quintero,2020-03-16,0,nuevo
104240,María de Salinas,2020-03-22,0,nuevo
100894,Balduino Cano Montenegro,2020-06-24,0,nuevo
101491,Natanael Corominas Salom,2024-06-25,0,nuevo
108517,Eulalia Lozano Gutierrez,2022-06-29,0,nuevo
102934,Sebastian Vega Saldaña,2020-06-29,0,nuevo
101130,Remedios Arranz Acosta,2020-07-01,0,nuevo
100732,Cayetano Vicente Valero,2020-12-10,0,nuevo
103085,Georgina del Robledo,2020-07-01,0,nuevo
107298,Carolina del Calleja,2023-05-03,0,nuevo
107602,Jose Luis de Beltran,2023-06-20,0,nuevo
100799,Azahara Larrañaga-Escudero,2022-03-15,0,nuevo
106233,Ángeles Villena Espejo,2023-04-20,0,nuevo
100735,Bibiana Cuesta Pagès,2023-01-15,0,nuevo
100179,Adelaida Maricruz Valentín Guzmán,2021-09-29,0,nuevo
101175,Ricarda de Alegre,2020-09-20,0,nuevo
100199,Belen Antón Barreda,2022-06-16,0,nuevo
110631,Eli Palacios,2021-10-21,0,nuevo
107676,Porfirio del Diego,2020-08-05,0,nuevo
100549,Asunción Santamaria Mas,2023-07-04,0,nuevo
103340,Simón Anglada Salgado,2024-07-13,0,nuevo
109564,Ligia Fábregas Luna,2022-12-30,0,nuevo
107466,Tristán Marin Puente,2020-07-09,0,nuevo
112203,Chus de Aliaga,2022-12-21,0,nuevo
114512,Emelina Valls Robles,2020-12-05,0,nuevo
100067,Brígida Colomer Cabrera,2023-09-25,0,nuevo
105215,Aurelia Granados-Gras,2023-07-23,0,nuevo
113525,Tadeo Pi Cabo,2021-09-11,0,nuevo
105034,Benita Mancebo-Fuentes,2020-04-25,0,nuevo
111177,Felicia Amaya,2020-12-14,0,nuevo
100623,Brígida Cortina Arco,2021-12-15,0,nuevo
106223,Nidia Belda Rius,2022-03-20,0,nuevo
100788,Nacio Galván-Catalá,2022-07-15,0,nuevo
114985,Ricardo Duran-Vicente,2023-11-06,0,nuevo
113628,Rebeca Blázquez,2023-06-21,0,nuevo
110929,Elisa Uría Borrell,2020-12-15,0,nuevo
100516,Quique Otero,2022-01-19,0,nuevo
100479,Emigdio Lasa Sevillano,2023-09-09,0,nuevo
104477,Tatiana Perales Morcillo,2021-06-26,0,nuevo
112924,Marita Tejedor Fábregas,2021-11-23,0,nuevo
102599,Salud de Díaz,2021-11-27,0,nuevo
106192,Modesto Suárez,2021-01-02,0,nuevo
111288,Celestino Maldonado Puente,2020-03-08,0,nuevo
107238,Saturnina Artigas Bustos,2022-09-07,0,nuevo
108537,Josep Cordero Olivé,2021-04-25,0,nuevo
105522,Albina Juárez Carretero,2021-11-17,0,nuevo
101872,Amparo Cámara Paredes,2024-01-24,0,nuevo
112685,Jordán Asenjo Soriano,2022-09-13,0,nuevo
107210,Alex Casanovas Acero,2020-04-07,0,nuevo
107350,Merche Collado Montalbán,2021-06-08,0,nuevo
104819,Débora Morán,2020-09-22,0,nuevo
100221,Aurelia Miralles Casals,2024-07-15,0,nuevo
112957,Gerardo del Cuervo,2020-11-22,0,nuevo
104249,Anna Hervia Almagro,2021-05-15,0,nuevo
106488,Ainoa Medina Casanova,2022-07-21,0,nuevo
109782,Gastón Delgado Julián,2024-03-09,0,nuevo
110093,Candelario Páez Carmona,2024-02-09,0,nuevo
105651,Rafael Rivero Perales,2020-10-07,0,nuevo
102882,Nico Ibarra Corbacho,2021-04-08,0,nuevo
109144,Melisa Alberola Lucena,2023-02-11,0,nuevo
109149,Severo del Carpio,2024-02-18,0,nuevo
113110,Juanita del Armengol,2021-01-24,0,nuevo
111497,Guiomar Sobrino Gual,2022-01-23,0,nuevo
106773,Juanito Amador Casal,2022-06-03,0,nuevo
107258,Maristela Grande Salvador,2022-12-15,0,nuevo
102581,Guiomar Román-Girón,2021-11-07,0,nuevo
107967,Teodora Rivas-Carreras,2024-07-22,0,nuevo
111545,Juanita Padilla Huertas,2023-02-21,0,nuevo
110157,Reyes Solís Montaña,2023-02-18,0,nuevo
100682,Nereida Jódar,2020-05-10,0,nuevo
114506,Nieves Somoza Arnal,2024-04-23,0,nuevo
103160,Prudencio España Bartolomé,2020-11-16,0,nuevo
102988,Mercedes Beltran,2020-12-25,0,nuevo
101883,Francisco Jose Araujo Cabeza,2023-01-30,0,nuevo
101941,Andrea Abellán-Noriega,2022-07-31,0,nuevo
103535,Inmaculada Riba Aguilar,2021-08-22,0,nuevo
105975,Manola Vall,2023-03-27,0,nuevo
105015,Rebeca Leocadia Osuna Marco,2024-03-20,0,nuevo
100627,Maite Manrique-Sastre,2020-07-01,0,nuevo
104759,Esperanza Mancebo Godoy,2021-02-16,0,nuevo
110731,Albino Benito Peralta,2021-01-13,0,nuevo
111386,Jordi Hernando-Garcia,2024-03-12,0,nuevo
104181,Jimena Nogués-Goicoechea,2021-05-06,0,nuevo
111754,Anastasia Arjona Balaguer,2021-04-12,0,nuevo
113025,Gracia Andrés Escolano,2021-04-16,0,nuevo
102888,Abril Ámbar Neira Acuña,2024-08-06,0,nuevo
108877,Hector del Torralba,2022-11-04,0,nuevo
104540,Ascensión Cornejo Carrillo,2022-09-01,0,nuevo
111108,Leoncio Reig Heredia,2023-12-25,0,nuevo
106672,Edelmiro Badía Montesinos,2023-04-04,0,nuevo
101367,Aurelio del Arana,2020-06-03,0,nuevo
114077,Esmeralda Vega Abellán,2022-03-21,0,nuevo
105731,Noa de Melero,2020-07-07,0,nuevo
107205,Aitana Arjona Arévalo,2021-06-28,0,nuevo
110629,Azahar Rubio Rodríguez,2020-05-08,0,nuevo
108891,Gertrudis Cervera,2024-06-02,0,nuevo
105980,Eric Montaña,2020-04-29,0,nuevo
104535,Damián Bernal Peral,2023-12-05,0,nuevo
107670,América Peláez-Galan,2023-12-18,0,nuevo
113111,Chuy Echeverría Palomares,2021-04-18,0,nuevo
115132,Rafael Losada Juan,2023-03-12,0,nuevo
105267,Guadalupe Casanovas Bravo,2020-03-03,0,nuevo
110950,Tatiana Escobar-Salgado,2020-12-28,0,nuevo
101785,Chema Perelló-Barroso,2020-09-26,0,nuevo
107117,Rosario Benjamín Carretero Oller,2021-03-01,0,nuevo
100495,Francisco del Vaquero,2022-05-30,0,nuevo
109424,Fabio Palmer Cerdán,2021-03-28,0,nuevo
102039,Coral Prado Martinez,2024-01-05,0,nuevo
104042,Adán Juan Carlos Díez Valenciano,2022-07-20,0,nuevo
102898,Quique Cervantes Aguilera,2024-07-01,0,nuevo
108559,Flor Morillo Atienza,2021-11-21,0,nuevo
110877,Tadeo Trillo Cuevas,2020-12-20,0,nuevo
110224,Nando de Caballero,2023-09-07,0,nuevo
112553,Rosaura Blanes Viñas,2020-09-22,0,nuevo
102654,Rosa María Calatayud,2021-08-25,0,nuevo
110711,Jacinta Diego Doménech,2022-07-27,0,nuevo
108515,Lucas Figueras Bosch,2020-06-25,0,nuevo
102032,Azahara Catalán-Andrés,2022-12-16,0,nuevo
105090,Andrés Felipe Abascal Méndez,2021-04-21,0,nuevo
100814,Aníbal de Catalán,2024-05-03,0,nuevo
106281,Apolinar Almeida Maza,2021-06-20,0,nuevo
101080,Nereida Godoy,2021-08-27,0,nuevo
102227,Roldán Reig Gelabert,2022-12-20,0,nuevo
112132,Pánfilo Sabas Seguí Castilla,2023-12-17,0,nuevo
114236,Fanny Tenorio,2024-04-01,0,nuevo
103262,Anita Marí Belda,2023-12-31,0,nuevo
105650,Chucho Isern Gilabert,2023-03-11,0,nuevo
103863,Loreto Prado-Amador,2023-12-19,0,nuevo
107081,Florencia Rueda-Aller,2023-01-30,0,nuevo
103918,Iván Hierro Pardo,2022-10-24,0,nuevo
114815,Quirino Cervera Pellicer,2020-08-14,0,nuevo
103000,Albina Galan Llabrés,2020-07-10,0,nuevo
109911,José Ángel Jáuregui Montenegro,2020-07-06,0,nuevo
112227,María Pedrosa,2023-06-12,0,nuevo
109031,Fabio Marín Seguí,2023-09-08,0,nuevo
112884,Anastasia Ribas Palacios,2021-05-02,0,nuevo
112884,Anastasia Ribas Palacios,2021-05-02,0,nuevo
107501,Narcisa de Serra,2022-07-22,0,nuevo
113131,Leandro Jordán Puga Carretero,2023-05-19,0,nuevo
105453,Leire Vergara Manso,2024-01-08,0,nuevo
115195,Ana Domingo-Noguera,2022-05-31,0,nuevo
108532,Abraham del Seco,2023-07-12,0,nuevo
106664,Carlota Piñol Castrillo,2021-06-29,0,nuevo
110105,Ligia del Cal,2023-11-16,0,nuevo
103366,Lope Maldonado Alegre,2021-08-11,0,nuevo
102396,Armando Velasco Arcos,2021-06-07,0,nuevo
105507,Cruz Pera Planas,2020-05-14,0,nuevo
102171,Anastasio Larrañaga Gascón,2021-10-31,0,nuevo
109082,Áurea Quintanilla Pont,2021-11-21,0,nuevo
109392,Victor Guzmán-Botella,2021-05-14,0,nuevo
113629,Rosa María de Caballero,2022-02-28,0,nuevo
105674,Tiburcio Andrade Pulido,2023-06-10,0,nuevo
102775,Rocío Bonilla Almeida,2020-08-25,0,nuevo
107621,Abigaíl Cañete Conesa,2020-03-07,0,nuevo
106560,Felix Terrón Pizarro,2021-03-28,0,nuevo
110357,Felicia Barros-Blazquez,2024-04-04,0,nuevo
108457,Fausto Peral Peiró,2022-10-14,0,nuevo
105799,Rosalinda Trujillo-Zabaleta,2020-03-12,0,nuevo
109805,Manolo Tejero Sanjuan,2021-08-05,0,nuevo
102182,Amalia de Tejera,2021-11-12,0,nuevo
109083,Ruy Valenzuela Infante,2022-03-02,0,nuevo
114769,Aura Amador Jara,2021-03-15,0,nuevo
114769,Aura Amador Jara,2021-03-15,0,nuevo
100172,José Guardiola Goicoechea,2024-01-15,0,nuevo
103957,Corona Salamanca,2022-06-01,0,nuevo
105607,Casemiro Plana,2022-12-27,0,nuevo
109036,René Burgos Echeverría,2020-12-18,0,nuevo
100905,Aurora Angulo Barrera,2020-04-25,0,nuevo
103495,Cloe Eli Blazquez Calderón,2023-02-07,0,nuevo
102081,Tomás Zaragoza Vidal,2020-05-19,0,nuevo
107934,Reyna Valbuena Fernández,2020-08-18,0,nuevo
110236,Pepito Carnero Galván,2022-05-07,0,nuevo
107212,Fidel Oliveras Caballero,2020-11-12,0,nuevo
102647,Leonor Garmendia Cobo,2020-04-24,0,nuevo
111369,Raimundo Barba,2022-05-21,0,nuevo
110957,Fabián Bravo Noriega,2024-08-18,0,nuevo
106366,Nélida Beltrán Flor,2020-11-23,0,nuevo
112027,Sigfrido Anselmo Sans Cueto,2020-12-16,0,nuevo
102156,Olga Baró Llopis,2022-11-07,0,nuevo
111346,Griselda Velázquez-Matas,2024-07-02,0,nuevo
107371,Soraya Giménez Campos,2021-02-11,0,nuevo
103716,Claudio Chuy Catalá Cuéllar,2022-03-05,0,nuevo
103623,Armando Esparza Salcedo,2023-06-12,0,nuevo
104517,Maricruz Vives Ortuño,2023-07-05,0,nuevo
101437,Ágata Cadenas Rocamora,2023-04-11,0,nuevo
100508,Darío Pascual Blasco Porta,2023-11-09,0,nuevo
105276,Flora Millán Novoa,2020-08-26,0,nuevo
105664,Toribio Carpio,2023-02-07,0,nuevo
105931,Natalio Villalba Almeida,2020-09-20,0,nuevo
108948,Brunilda Mármol,2020-05-26,0,nuevo
102340,Alejandra Vizcaíno,2020-03-25,0,nuevo
110250,Rosalva Irma Acevedo Dueñas,2023-02-14,0,nuevo
107681,Olalla Boix Peralta,2022-09-07,0,nuevo
111749,Tania del Mendizábal,2024-03-29,0,nuevo
108694,Geraldo Águila Sanz,2023-09-14,0,nuevo
100644,Mohamed del Planas,2021-04-19,0,nuevo
101540,Máximo Luna Cuesta,2021-02-24,0,nuevo
112243,Prudencia Saez,2020-07-30,0,nuevo
114212,Chucho Cifuentes-Bonet,2020-03-30,0,nuevo
106107,Yaiza Pacheco,2021-07-03,0,nuevo
105616,Dorotea Tolosa Pedrosa,2020-05-07,0,nuevo
101193,Paula Reina Pulido,2022-07-20,0,nuevo
103591,René Cabanillas,2021-12-09,0,nuevo
110073,Pacífica Salamanca Mayoral,2020-04-14,0,nuevo
108698,Alba Murcia-Linares,2020-10-20,0,nuevo
112664,Diego Arana,2024-07-27,0,nuevo
106720,Domingo Calvo Bustamante,2020-07-21,0,nuevo
112844,Amado Marin Velázquez,2021-01-20,0,nuevo
109661,Anabel Trillo Adán,2024-06-07,0,nuevo
100273,Dora Peña Carrillo,2021-05-17,0,nuevo
102382,Feliciana Mena Segovia,2022-03-22,0,nuevo
107009,Efraín Maza-Coloma,2023-07-16,0,nuevo
113621,Tamara Arias Rios,2023-08-16,0,nuevo
104634,Luis Ángel Guitart Carro,2020-03-21,0,nuevo
100747,Luis Palma Saldaña,2021-10-30,0,nuevo
107708,Nazaret Sara Canals Rincón,2020-06-17,0,nuevo
103570,Aroa Guardia Peláez,2020-06-25,0,nuevo
108983,Carlos Águila Roman,2024-05-29,0,nuevo
108558,Nacho Guzman Linares,2024-05-15,0,nuevo
111402,Américo Bertrán Díaz,2023-12-30,0,nuevo
112421,Lucila Vilalta Martinez,2020-11-28,0,nuevo
110974,Balduino Gomez Tamayo,2024-03-08,0,nuevo
101913,Lina del Ojeda,2020-12-11,0,nuevo
109559,Cesar Salazar Silva,2021-05-31,0,nuevo
103893,Isidora Mariño Rico,2022-09-25,0,nuevo
105541,Laura Iniesta Lorenzo,2020-08-30,0,nuevo
101653,Fidela Carpio Medina,2022-07-06,0,nuevo
108107,Albino Torre,2024-04-02,0,nuevo
111555,Isidoro Mínguez,2023-03-18,0,nuevo
104363,Isaac Andrade,2023-10-21,0,nuevo
101967,Maximiliano Joaquín Rius Laguna,2022-10-20,0,nuevo
103958,Isa Tomasa Juan Losa,2023-02-09,0,nuevo
113679,Simón Tomás Ponce Monreal,2022-02-21,0,nuevo
105697,Albino Tirado Barba,2021-06-13,0,nuevo
101244,Jose Merino Neira,2022-03-14,0,nuevo
112854,Zoraida Quevedo Montalbán,2021-01-01,0,nuevo
100942,Wilfredo Alcolea Plana,2022-07-12,0,nuevo
102658,Samuel Manuel Casado Vázquez,2020-07-13,0,nuevo
115219,Amor Rozas Gallart,2022-05-14,0,nuevo
110156,José Manuel Jordá Vazquez,2021-06-25,0,nuevo
105327,Itziar Verdejo Ugarte,2021-09-26,0,nuevo
106579,Olegario Baños Pascual,2020-12-14,0,nuevo
113096,Clotilde Etelvina Jerez Villalba,2024-06-17,0,nuevo
107245,Mohamed Martín,2021-04-29,0,nuevo
109242,Clímaco Guitart Dominguez,2023-11-13,0,nuevo
114035,Saturnino Isaías Cortes Bustamante,2022-03-17,0,nuevo
110185,Dolores Oliva Quevedo,2023-04-29,0,nuevo
101500,Irma Manzano Terrón,2022-08-31,0,nuevo
103513,Rosario Ariel Martín Aragón,2023-04-24,0,nuevo
108845,Roberta Bauzà Murcia,2021-09-17,0,nuevo
107131,Gaspar Clavero Aroca,2020-09-24,0,nuevo
104086,Amancio Ferreras-Gual,2024-05-08,0,nuevo
100243,Olimpia Pilar Arroyo Adadia,2023-03-06,0,nuevo
107372,Adoración Cerro Morante,2021-04-16,0,nuevo
105595,Felix Guzman,2020-11-05,0,nuevo
111673,Daniela Anselma Cruz Guerra,2022-04-11,0,nuevo
105232,Evaristo Valcárcel Cordero,2024-02-23,0,nuevo
104104,León Portillo Azorin,2023-07-31,0,nuevo
107494,Marc Sánchez Casanovas,2020-11-15,0,nuevo
109044,Melania Yésica Gabaldón Huertas,2022-04-07,0,nuevo
113011,Asunción Lillo Serra,2023-10-15,0,nuevo
115234,Griselda Ruiz Palau,2022-12-23,0,nuevo
114607,Sonia de Larrañaga,2021-07-11,0,nuevo
106755,Consuelo España Martín,2024-07-07,0,nuevo
112950,Haydée Rocamora Ramirez,2023-07-10,0,nuevo
104079,Ana Laguna Llano,2023-08-28,0,nuevo
107755,Maite del Cadenas,2021-11-05,0,nuevo
104933,Paula Río Vives,2024-03-14,0,nuevo
107775,Manu Machado-Galan,2021-10-15,0,nuevo
107775,Manu Machado-Galan,2021-10-15,0,nuevo
100326,Teobaldo Gomila,2022-12-31,0,nuevo
106395,Zacarías Iker Arribas Río,2021-03-11,0,nuevo
104055,Valentina Lerma Cabrera,2023-04-29,0,nuevo
100865,Jimena Flores-Juan,2022-09-19,0,nuevo
102254,Luis Guiomar Posada Vázquez,2021-09-05,0,nuevo
106011,Cayetana de Casal,2022-07-05,0,nuevo
111033,Isidro Cózar Ferrándiz,2022-06-28,0,nuevo
100372,Félix Solano Solís,2024-02-05,0,nuevo
104652,Wilfredo Díez Tenorio,2023-01-02,0,nuevo
113028,Feliciano Murcia Ugarte,2022-05-31,0,nuevo
108873,Darío de Adadia,2023-08-12,0,nuevo
112140,Nerea Flavia Vallés Patiño,2020-04-30,0,nuevo
115021,Juan Antonio Macías-Pedrero,2020-09-04,0,nuevo
111702,Fito Mercader Guardiola,2021-05-15,0,nuevo
102365,Américo Avilés Cobos,2020-09-01,0,nuevo
107767,Chus del Bustamante,2020-03-12,0,nuevo
107149,Carlos Arregui Ferrán,2023-01-19,0,nuevo
103790,Efraín Vall Quirós,2021-07-28,0,nuevo
105582,Lino del Vila,2020-03-05,0,nuevo
112446,Carmelita Roig Marin,2024-06-25,0,nuevo
101532,Hilda Estrada Jerez,2023-05-04,0,nuevo
101532,Hilda Estrada Jerez,2023-05-04,0,nuevo
113710,Silvia Corral Leiva,2022-10-29,0,nuevo
100663,Tomás Manso-Vilalta,2023-08-30,0,nuevo
111125,Abigaíl Mulet Talavera,2022-10-27,0,nuevo
109312,Isidora de Burgos,2024-03-14,0,nuevo
102777,María Dolores Prada,2022-05-09,0,nuevo
104536,Calixto Fuertes Aranda,2021-09-15,0,nuevo
107190,Horacio Noguera Español,2021-06-16,0,nuevo
110096,Daniel de Ugarte,2022-03-27,0,nuevo
106136,Victoriano Serna Niño,2022-11-11,0,nuevo
105248,Roque Acuña Olmo,2022-01-20,0,nuevo
103982,Felipa Ribes Solano,2022-12-05,0,nuevo
107826,Esther Amada Jaén Porta,2023-12-29,0,nuevo
102670,Julia de Mata,2021-10-05,0,nuevo
103978,Federico Herrera Llopis,2023-10-09,0,nuevo
107453,Victor Taboada Rebollo,2021-10-18,0,nuevo
105198,Marisela Asunción Jaén Vega,2022-03-10,0,nuevo
104156,Chema Rebollo Iglesias,2022-08-06,0,nuevo
111804,Espiridión Soler,2023-01-23,0,nuevo
105808,Maribel Rosario Nadal Fonseca,2022-09-01,0,nuevo
109587,Hilario Diez,2022-04-23,0,nuevo
104684,Maite Hidalgo-Duarte,2023-08-29,0,nuevo
113105,Ana Belén Salinas,2020-04-26,0,nuevo
105594,Severo Roig-Palomo,2023-04-24,0,nuevo
106898,Goyo de Grande,2021-07-17,0,nuevo
104564,Amílcar Marcos Valverde,2021-03-23,0,nuevo
108377,Samu Quirós-Sedano,2022-03-10,0,nuevo
114345,Daniel Noguera Múñiz,2022-04-02,0,nuevo
102351,Rosaura Pablo-Bárcena,2022-01-29,0,nuevo
108746,Esteban Macias Solano,2022-05-05,0,nuevo
101385,Armando Bonet Carbonell,2022-09-26,0,nuevo
109037,Alonso de Villegas,2023-02-09,0,nuevo
105857,Haydée Ainara Botella Tejera,2022-05-14,0,nuevo
108636,Amarilis Manrique Lucas,2020-11-16,0,nuevo
113707,Juan José Pou Salmerón,2024-02-09,0,nuevo
110215,Florentina Bauzà-Mendizábal,2024-03-25,0,nuevo
102078,Angelina Cerdá Salas,2021-04-23,0,nuevo
102230,Baldomero Santiago,2022-05-09,0,nuevo
102538,Belén Alberdi-Diez,2021-07-01,0,nuevo
100195,Marcos Arellano Escolano,2023-09-02,0,nuevo
112912,Gema Valenzuela Juan,2024-05-23,0,nuevo
107363,Encarna Ropero Cantón,2023-12-04,0,nuevo
106637,Nicolasa Irma Olivé Estrada,2023-04-14,0,nuevo
107499,César Valencia Catalán,2020-09-30,0,nuevo
111278,Tadeo Calzada Mínguez,2022-02-25,0,nuevo
104043,María Belén Paola Blanco Gonzalo,2023-07-26,0,nuevo
106554,Irma Judith Coloma Batalla,2020-05-19,0,nuevo
113651,Guadalupe Fuster Bernal,2021-04-15,0,nuevo
105506,Amor Ildefonso Batalla Alcázar,2024-05-09,0,nuevo
106855,Miguela Solera Pedrosa,2021-01-27,0,nuevo
106762,Luciano Virgilio Burgos Palacios,2022-07-28,0,nuevo
100321,Gloria Bertrán Olivé,2022-02-24,0,nuevo
102655,Fátima Garcés,2022-08-18,0,nuevo
109964,Marisol Carbonell Caballero,2023-12-13,0,nuevo
113076,Amanda Valverde Bayona,2022-03-10,0,nuevo
100927,Lorena del Arroyo,2023-12-31,0,nuevo
100245,Amelia Fabregat Comas,2021-06-13,0,nuevo
107470,Dionisia Zorrilla Vendrell,2022-12-26,0,nuevo
100144,Jose Francisco Bustos Mas,2022-12-04,0,nuevo
108152,Evaristo de Pujadas,2022-03-18,0,nuevo
102364,Simón Miró-Pelayo,2020-03-10,0,nuevo
100130,Priscila Tejada Marí,2020-03-26,0,nuevo
101162,Jacinta Matilde Barberá Moles,2022-08-03,0,nuevo
100288,Ale Cardona Cisneros,2020-03-31,0,nuevo
105309,Rosalina Pablo Campos,2023-09-02,0,nuevo
108682,Arturo Mayol Navarro,2023-12-10,0,nuevo
101171,Cirino de Roura,2023-09-01,0,nuevo
113539,Nieves de Robledo,2020-11-15,0,nuevo
106793,Gabriela Eusebia Peiró Novoa,2022-07-13,0,nuevo
111400,Candela del Díaz,2024-03-03,0,nuevo
113140,Toribio del Álamo,2023-01-30,0,nuevo
109858,Alfredo Girón Torrijos,2021-06-29,0,nuevo
103122,Merche Figueras Coloma,2024-04-19,0,nuevo
108580,Remigio Vázquez Puerta,2020-04-15,0,nuevo
101312,Cecilia Moliner,2022-03-12,0,nuevo
101033,Reyna Collado Cobo,2021-04-14,0,nuevo
108340,Baldomero Alcalá,2024-03-19,0,nuevo
110395,Melchor Pellicer Luján,2020-07-27,0,nuevo
106383,Berto Dimas Torrent Santana,2023-08-17,0,nuevo
100692,Feliciano Villalonga Ferrández,2021-06-22,0,nuevo
106365,Zaira Lluch Pallarès,2024-02-09,0,nuevo
114714,Rosalía Armas Carpio,2023-04-06,0,nuevo
100045,Ana Belén Jódar,2023-10-25,0,nuevo
103940,Crescencia del Arranz,2023-03-16,0,nuevo
108478,Marcial Marino Pulido Aznar,2020-11-09,0,nuevo
108478,Marcial Marino Pulido Aznar,2020-11-09,0,nuevo
107109,Susanita de Macías,2022-11-30,0,nuevo
109593,Amanda Vicente Baró,2023-10-09,0,nuevo
104320,Antonio de Álvarez,2024-05-11,0,nuevo
102966,Aarón Mulet Tello,2022-01-24,0,nuevo
114272,Malena Gimeno Tur,2023-02-05,0,nuevo
107479,Paulino Bolaños Ródenas,2023-07-24,0,nuevo
103093,Perlita Gómez Córdoba,2021-12-28,0,nuevo
113315,Begoña Duran Lobato,2021-11-07,0,nuevo
107955,Adelaida Llobet,2023-03-22,0,nuevo
105556,Mayte Andrade Marquez,2022-05-23,0,nuevo
103983,Bernardino Puga Pedro,2022-01-28,0,nuevo
101405,Aroa de Luz,2020-04-09,0,nuevo
100970,Alfonso Jacinto Asensio Frutos,2021-06-28,0,nuevo
112633,Borja Maestre Verdejo,2023-05-11,0,nuevo
106544,Vera Moya-Donoso,2021-12-07,0,nuevo
102852,Luisa Botella Pera,2023-07-02,0,nuevo
112825,Arcelia Novoa Sala,2020-03-23,0,nuevo
105957,Corona Mir,2024-07-27,0,nuevo
111021,Baltasar del Maza,2021-08-31,0,nuevo
110139,,2020-04-28,0,nuevo
110057,Domitila Matas Lucena,2021-03-02,0,nuevo
101903,Omar Bru Cuervo,2023-10-21,0,nuevo
104687,Pánfilo Landa Iñiguez,2023-07-16,0,nuevo
108091,María Belén del Aguilar,2021-03-24,0,nuevo
104923,Adelia Cuevas-Cabrera,2023-10-13,0,nuevo
106786,Loreto Nogueira Sáez,2022-12-11,0,nuevo
113854,Eugenia Albero Báez,2020-03-30,0,nuevo
109549,Baldomero Font,2021-05-24,0,nuevo
100076,Trinidad Contreras Cervantes,2022-09-13,0,nuevo
108431,Noé Gallardo Querol,2023-08-25,0,nuevo
108623,Gabino Nicolás Jara,2023-04-27,0,nuevo
114984,Natanael de Bermejo,2024-06-18,0,nuevo
109698,Ruperto Mena Doménech,2023-10-19,0,nuevo
101554,Graciana Cáceres,2020-04-20,0,nuevo
105875,Máxima Calzada Riba,2020-07-22,0,nuevo
108433,Saturnino Ibarra,2023-12-18,0,nuevo
108976,Wálter Salas,2021-03-23,0,nuevo
115183,Vito Sancho Alonso Vázquez,2023-05-03,0,nuevo
109170,Severino Aguilar Girona,2020-10-07,0,nuevo
114452,Delia Puig-Bermejo,2020-11-05,0,nuevo
102942,Jesús Guillermo Galan Querol,2020-06-23,0,nuevo
110356,José Ángel Salazar Ruiz,2022-06-01,0,nuevo
110393,Petrona Machado Álamo,2022-02-19,0,nuevo
112544,Jose Ramón Nicolau-Beltrán,2021-07-08,0,nuevo
101621,Francisco Javier Vilar Rodrigo,2023-10-06,0,nuevo
110960,Antonia Manrique Robles,2022-12-09,0,nuevo
109550,Soraya Bermudez-Guardiola,2023-02-01,0,nuevo
112625,Mario del Pol,2022-07-08,0,nuevo
106783,Luna Gabaldón,2021-08-20,0,nuevo
112724,Josep Peñalver,2022-05-12,0,nuevo
110416,Odalis Aguado-Salmerón,2021-11-18,0,nuevo
101610,Vicenta Amanda Botella Acosta,2024-04-04,0,nuevo
103097,Efraín Llobet Cid,2020-10-23,0,nuevo
102416,Ani María Carmen Perea Alberola,2023-11-08,0,nuevo
103247,Ale Barco Ortuño,2021-09-14,0,nuevo
112139,Zaira Toledo-Capdevila,2024-08-14,0,nuevo
114266,Eutimio Pujol Ferrer,2022-02-09,0,nuevo
108791,Paulina Maldonado Alfaro,2020-07-10,0,nuevo
106304,Zoraida Bonilla Estevez,2021-07-01,0,nuevo
106304,Zoraida Bonilla Estevez,2021-07-01,0,nuevo
108971,Aitor Duran-Novoa,2022-10-15,0,nuevo
115047,Rosalina Carlos Pozo,2021-09-30,0,nuevo
102198,Eusebia Bayo-Canet,2024-08-24,0,nuevo
104052,Claudia Alba Maldonado Nicolás,2023-12-18,0,nuevo
101217,Bernardino Zamora Lucas,2021-08-19,0,nuevo
107702,Judith Cobos Narváez,2021-05-29,0,nuevo
100726,Anabel del Acero,2022-03-04,0,nuevo
111660,Saturnina Barco-Bellido,2023-04-19,0,nuevo
110836,Inocencio Sierra-Manuel,2022-06-08,0,nuevo
104907,Rosalina Fabra,2021-11-02,0,nuevo
112055,Gracia Valbuena Andres,2023-08-06,0,nuevo
109899,Felix Ponce,2020-11-22,0,nuevo
109418,Martirio Muro Alcalde,2024-05-28,0,nuevo
111130,Heliodoro Caparrós,2022-06-06,0,nuevo
108480,Fausto Yáñez Cañete,2020-03-25,0,nuevo
102054,Seve Leiva-Alberto,2021-06-07,0,nuevo
103165,Odalis Manjón,2023-08-28,0,nuevo
111920,Lola Leticia Amo Caro,2023-11-22,0,nuevo
108645,Aarón Damián Porras Luján,2020-05-30,0,nuevo
102711,Adolfo Tudela-Peral,2024-03-09,0,nuevo
114273,Rosendo Llobet Cañizares,2024-06-17,0,nuevo
107550,Desiderio Arribas,2023-07-24,0,nuevo
104267,Delfina Valverde Lluch,2023-09-07,0,nuevo
102846,Nayara Vara-Benet,2024-08-17,0,nuevo
101002,Edu Matas Benavides,2023-05-05,0,nuevo
104199,Encarnación Navarrete Querol,2022-02-16,0,nuevo
102419,Rubén Quevedo,2022-04-26,0,nuevo
112159,Aitana Gisela Vaquero Ariño,2024-03-21,0,nuevo
109993,Luna Nuñez Donoso,2020-09-15,0,nuevo
102285,África Ángela Tovar Sarmiento,2021-07-14,0,nuevo
113078,Caridad Menendez Cantero,2020-10-30,0,nuevo
111504,Ester de Conesa,2024-05-04,0,nuevo
104828,Rosalinda del Clemente,2023-12-17,0,nuevo
103908,Candelaria del Portero,2023-09-04,0,nuevo
101957,Jose Cantón Ayuso,2021-02-10,0,nuevo
110651,Jafet Torrents Galván,2022-11-28,0,nuevo
113782,Victor Arana Acuña,2023-05-27,0,nuevo
102403,Eladio Simó Guillen,2022-12-27,0,nuevo
113248,Josefina Agustí-Ayala,2023-01-18,0,nuevo
108096,Rico Salazar Castejón,2020-05-26,0,nuevo
111598,René Manrique Lillo,2020-07-04,0,nuevo
113582,Dimas Boada-Cantón,2020-12-01,0,nuevo
111636,Quique Machado Gonzalo,2021-10-25,0,nuevo
112428,Elba Velázquez,2021-07-01,0,nuevo
101004,Adelaida del Solís,2024-01-29,0,nuevo
114174,Haydée Barbero-Estévez,2023-11-21,0,nuevo
109678,Prudencio Agustín Tomas,2021-09-30,0,nuevo
105369,Néstor Gonzalo,2023-09-09,0,nuevo
112570,Leticia Ferrera Abascal,2023-10-09,0,nuevo
115156,Sancho Abril,2024-07-01,0,nuevo
100986,Herminia de Gomis,2020-05-19,0,nuevo
111913,Eligio Ribas Márquez,2020-07-26,0,nuevo
110831,Nicanor Aranda-Daza,2020-05-25,0,nuevo
114347,Dorita Guijarro Asensio,2024-03-09,0,nuevo
115199,Eusebia Delgado Ródenas,2024-08-23,0,nuevo
102463,Eligio Marquez Bernat,2022-11-26,0,nuevo
107963,Mayte Rubio Torralba,2023-05-29,0,nuevo
113625,Candelaria Barberá Luz,2020-12-28,0,nuevo
112649,Azucena del Castro,2023-01-04,0,nuevo
111986,Carla Avilés Camacho,2021-09-25,0,nuevo
113975,Rufino del Carro,2022-01-27,0,nuevo
113795,Emma Galindo-Vicente,2023-04-07,0,nuevo
111479,Aurelia Carbajo,2024-02-03,0,nuevo
112084,Marco Abella Paz,2021-06-05,0,nuevo
108870,Nicolás Sedano Olivares,2020-05-02,0,nuevo
114494,Clarisa de Boada,2022-04-15,0,nuevo
110286,Victoriano Borrell Castañeda,2020-08-12,0,nuevo
112120,Macarena Bas Checa,2022-04-25,0,nuevo
114493,Adrián Gordillo Páez,2022-03-18,0,nuevo
102433,Elodia Franco Ponce,2023-08-15,0,nuevo
104648,Carmelo Peña,2021-11-20,0,nuevo
100897,Eli Rosales Exposito,2024-08-26,0,nuevo
101588,Sebastián Zaragoza Barberá,2021-08-02,0,nuevo
106687,Ruben Virgilio Rovira Montaña,2023-02-06,0,nuevo
103807,Jose Angel Martín Cuevas,2024-05-25,0,nuevo
108807,Ruth Ibañez Chaves,2023-09-25,0,nuevo
111945,Jordana Villaverde Amigó,2024-05-06,0,nuevo
103962,Diego Escolano,2020-10-24,0,nuevo
110394,Albina del Taboada,2021-12-19,0,nuevo
107037,Patricia Tena Cobos,2022-09-21,0,nuevo
113180,Federico de Giner,2022-11-02,0,nuevo
114036,Gregorio Zurita-Franco,2023-07-06,0,nuevo
104940,Sancho Caparrós Vives,2024-02-24,0,nuevo
111777,Amada Porras Iborra,2023-01-31,0,nuevo
105899,Maximiano Andreu Miranda,2022-01-08,0,nuevo
111745,Teodosio Higueras Machado,2020-10-30,0,nuevo
100585,Martina Alondra Tur Angulo,2024-03-26,0,nuevo
103933,Inmaculada Serra Canet,2024-06-19,0,nuevo
101261,Che Azcona-Gras,2023-12-20,0,nuevo
110856,Belén Estévez Sierra,2020-03-05,0,nuevo
101717,Arturo Ferreras Coloma,2023-11-17,0,nuevo
106010,Mónica Cuervo Lucena,2023-04-25,0,nuevo
102053,Vicenta Castañeda Arroyo,2020-06-16,0,nuevo
110808,Maura del Carreras,2023-02-19,0,nuevo
104299,Emma de Fiol,2020-08-10,0,nuevo
106647,Macario Montaña,2023-06-17,0,nuevo
101009,Concha Frías Benet,2023-12-27,0,nuevo
113445,Xiomara Múgica Coloma,2020-05-19,0,nuevo
114890,Cayetano Coloma-Muro,2021-12-07,0,nuevo
108722,Paula Giralt Azorin,2023-03-08,0,nuevo
101988,Jorge Mendoza Bueno,2021-06-09,0,nuevo
112217,Joaquina Taboada Solsona,2020-09-05,0,nuevo
112499,Ágata Salvador Carbó,2020-11-08,0,nuevo
111274,Augusto Cabrero Borrell,2021-09-10,0,nuevo
113402,Pastora Losada-Camps,2022-01-11,0,nuevo
108186,Diana Alemán León,2021-02-04,0,nuevo
108186,Diana Alemán León,2021-02-04,0,nuevo
102342,María Manuela Huerta Téllez,2021-09-18,0,nuevo
114302,Vasco Cuevas,2022-06-05,0,nuevo
110448,Quirino Roselló Casanova,2022-07-01,0,nuevo
107546,Reinaldo José Manuel Alsina Frutos,2023-06-22,0,nuevo
112682,Francisco Catalá Garcés,2021-09-23,0,nuevo
114952,Javier Reyes Arellano,2022-10-29,0,nuevo
113147,Nicodemo Salmerón Diaz,2023-07-10,0,nuevo
100129,Esmeralda del Tirado,2023-11-12,0,nuevo
112430,Áurea Dueñas Alemany,2022-05-08,0,nuevo
104183,Leonel Morcillo Morales,2021-12-06,0,nuevo
107300,Salvador Jover-Botella,2021-03-05,0,nuevo
102399,Juliana Calatayud Martínez,2021-02-09,0,nuevo
101187,Vicenta Roman Duran,2023-03-16,0,nuevo
115124,Fulgencio Acevedo Bravo,2020-06-18,0,nuevo
109221,Anunciación Pareja Palomar,2021-04-13,0,nuevo
109108,Teófilo Campo Gonzalo,2024-03-19,0,nuevo
109498,Basilio Fajardo Palomares,2022-05-18,0,nuevo
101097,Candelas Roman Pozo,2023-06-18,0,nuevo
106654,Blanca Llano Fabra,2022-07-02,0,nuevo
101274,Rafael Español,2022-07-10,0,nuevo
105699,Dolores Vera Guzman,2022-07-14,0,nuevo
108729,Victorino Jurado Miró,2020-08-14,0,nuevo
106798,Filomena Sáenz-Pulido,2022-11-15,0,nuevo
109591,Jimena de Pagès,2020-10-01,0,nuevo
103359,Jovita del Múñiz,2022-01-26,0,nuevo
107756,Eloísa Villa-Alegria,2024-01-28,0,nuevo
100184,Sabas Jacobo Piña Moles,2023-11-11,0,nuevo
111756,Vidal Marí Bellido,2022-09-02,0,nuevo
104568,Alexandra Arnau,2022-06-24,0,nuevo
106604,Raúl Perez Zorrilla,2023-05-15,0,nuevo
112917,Fanny Cañas Olmo,2023-03-10,0,nuevo
101962,Natalio Camacho,2021-08-03,0,nuevo
104993,Noelia de Escolano,2021-10-19,0,nuevo
104892,Angelina de Marí,2021-06-26,0,nuevo
108040,Eugenio Ayuso Busquets,2020-10-24,0,nuevo
105870,Elisa Escolano Otero,2024-04-17,0,nuevo
109571,Anselma Aitana Carballo Llabrés,2020-08-15,0,nuevo
114765,Águeda Luján Almazán,2021-12-28,0,nuevo
111022,Heliodoro Rosales Castañeda,2023-03-03,0,nuevo
101252,Lucas Ramos,2024-02-24,0,nuevo
103360,Paulino Requena Salas,2022-05-23,0,nuevo
113392,Dorita Español-Aguilar,2020-06-16,0,nuevo
109996,Tiburcio Sanmartín,2024-01-03,0,nuevo
112886,Leocadio Duran Bosch,2020-04-02,0,nuevo
107412,Amaro de Parra,2022-03-03,0,nuevo
107539,Rodolfo del Raya,2020-11-22,0,nuevo
110595,Renato de Gonzalo,2023-02-04,0,nuevo
109222,Adalberto Alcalde-Blanes,2022-07-31,0,nuevo
104764,Felipa Esparza Romeu,2022-10-05,0,nuevo
109279,Pili Coloma Acevedo,2024-06-29,0,nuevo
110726,Iris Lorenzo,2024-02-23,0,nuevo
109009,Vanesa Revilla-Tejero,2020-11-22,0,nuevo
111854,Amparo Mercader,2020-09-05,0,nuevo
112631,Carmelo del Ramirez,2021-12-31,0,nuevo
110482,Jenaro Bru Fabregat,2020-05-23,0,nuevo
111842,Carina Susana Mascaró Machado,2020-08-25,0,nuevo
113652,Sosimo Pulido Canales,2022-09-02,0,nuevo
112108,Severo Belmonte Lumbreras,2021-08-16,0,nuevo
104486,Régulo Quintero Campos,2023-10-24,0,nuevo
108616,Florina Solé Zapata,2023-01-12,0,nuevo
103925,Gala Olivia Fonseca Ballester,2023-09-27,0,nuevo
114757,Nicanor del Guijarro,2022-04-23,0,nuevo
107851,Elisa Herrero Osorio,2023-08-30,0,nuevo
103304,Rosalinda Cabo-Villar,2021-07-30,0,nuevo
109537,León Albero Luján,2023-02-21,0,nuevo
105049,Martín Abella Galan,2021-11-04,0,nuevo
110481,Édgar Rubio Feliu,2021-06-15,0,nuevo
103309,Alejandro Tomas-Garzón,2021-10-15,0,nuevo
101505,Mar Abril Balaguer,2024-01-30,0,nuevo
101505,Mar Abril Balaguer,2024-01-30,0,nuevo
101807,Bárbara Galván Noriega,2022-12-06,0,nuevo
103872,Ibán Amo,2022-10-12,0,nuevo
103792,Julio Cabeza Campoy,2021-04-27,0,nuevo
114827,Florentina Cabeza Zurita,2023-10-19,0,nuevo
112039,Salud Portero Ropero,2023-12-22,0,nuevo
110833,Godofredo Barco Mercader,2022-07-01,0,nuevo
101718,Teodoro Pardo Saavedra,2020-05-03,0,nuevo
101849,María Ángeles Puga Salvà,2021-02-23,0,nuevo
113134,Jenaro Solsona Salas,2024-06-25,0,nuevo
100143,Ángeles Cortes-Busquets,2024-07-06,0,nuevo
106993,Samanta Palacios Cañizares,2022-04-20,0,nuevo
101118,Jessica Teresa Frutos Giménez,2024-02-25,0,nuevo
100498,Mireia Chaves Saura,2020-08-19,0,nuevo
106752,Ariel del Carbonell,2024-01-28,0,nuevo
103358,Raimundo Milla Cobos,2021-03-08,0,nuevo
109105,Amor de Castejón,2020-03-31,0,nuevo
111413,María Manuela Alfonso Sola,2024-02-14,0,nuevo
108348,Rubén Bas Salcedo,2024-01-20,0,nuevo
100315,Marina Narcisa Cuéllar Alberola,2022-04-30,0,nuevo
113934,Gerardo del Mendizábal,2022-01-27,0,nuevo
104205,Paloma Bosch Casanovas,2022-03-24,0,nuevo
106130,Mateo Salinas Polo,2021-08-03,0,nuevo
105448,Esteban Gil Gordillo,2023-06-03,0,nuevo
103130,Coral Vélez Mate,2023-03-24,0,nuevo
103969,Saturnina Losada-Arjona,2024-02-23,0,nuevo
112298,Reyes Chelo Andreu Merino,2022-08-22,0,nuevo
113041,Porfirio Heras Coll,2021-07-03,0,nuevo
102986,Jose Ignacio Cuenca Valenciano,2020-08-21,0,nuevo
106532,Estrella Ramis-Becerra,2023-08-04,0,nuevo
110237,Malena Feliu Bosch,2024-03-18,0,nuevo
103559,Leonor Ángel Conde,2024-08-21,0,nuevo
100308,Ofelia Alcalde-Guerrero,2022-02-21,0,nuevo
112085,Gil Palau Font,2021-09-02,0,nuevo
114799,Claudia Parejo-Jove,2021-12-17,0,nuevo
112371,Leoncio Mayoral,2024-06-17,0,nuevo
109422,Vidal Federico Francisco Farré,2021-04-20,0,nuevo
112296,Carmina de Giménez,2021-11-24,0,nuevo
106856,Clotilde Alcántara Alcalá,2022-02-06,0,nuevo
112668,Encarnacion Cabañas Prats,2022-11-22,0,nuevo
111137,Abilio Villaverde Olivé,2022-10-25,0,nuevo
112688,Ximena Zaragoza,2022-07-28,0,nuevo
110453,Mercedes Ávila Bautista,2020-09-07,0,nuevo
101667,Eugenia Cáceres Gallart,2022-06-29,0,nuevo
107580,Juan Carlos Diaz Salmerón,2024-05-15,0,nuevo
114911,Flora Montesinos Sedano,2024-01-07,0,nuevo
100053,Rufina Castells Briones,2020-09-17,0,nuevo
101446,Lourdes Belen León Páez,2021-10-11,0,nuevo
113542,Noé del Guardiola,2021-04-17,0,nuevo
113568,Ana Sofía Rocamora Báez,2023-06-28,0,nuevo
104406,Anacleto Bermúdez Galiano,2021-11-27,0,nuevo
101631,Obdulia Vélez,2023-06-13,0,nuevo
101882,Jorge del Solera,2023-11-04,0,nuevo
105510,Maura Castro,2024-07-06,0,nuevo
110538,Francisco Javier Páez Torrents,2024-04-11,0,nuevo
110023,Albano Verdú,2024-07-14,0,nuevo
105559,Soraya Almeida Tena,2020-06-16,0,nuevo
114397,Rufina Cabezas Clemente,2020-09-06,0,nuevo
106588,Anastasia Teodora Tejera Riba,2024-08-08,0,nuevo
100447,Rosa María Toro Arnal,2021-01-13,0,nuevo
100845,Martirio María José Lobato Zurita,2023-08-15,0,nuevo
105202,Lino Lamas-Sanabria,2023-08-15,0,nuevo
113701,Armida Sonia Pino Carbonell,2020-04-29,0,nuevo
112000,Pascual Giner Patiño,2020-07-31,0,nuevo
107693,Úrsula Zabala Goicoechea,2020-04-22,0,nuevo
109719,Áurea Gibert Codina,2024-04-16,0,nuevo
113144,Gabriela Yuste Sánchez,2020-12-03,0,nuevo
111992,José Antonio Iriarte Múgica,2024-04-07,0,nuevo
112971,Carmina Contreras,2021-06-19,0,nuevo
106325,Elisabet Prats Nuñez,2022-08-29,0,nuevo
104921,Reina Ayala Mármol,2023-08-05,0,nuevo
113555,Macarena Pujadas,2020-08-12,0,nuevo
109183,Lupe Perea Cabello,2024-03-02,0,nuevo
113114,Emperatriz Solé Ramis,2024-05-18,0,nuevo
103184,Jonatan Segovia-Iniesta,2020-09-10,0,nuevo
112930,Carolina Álvarez Navarro,2023-02-02,0,nuevo
114818,Adela Moles Valcárcel,2021-04-05,0,nuevo
114862,Toño Cabo Salom,2020-10-25,0,nuevo
101880,Olegario Sancho Cueto,2023-01-25,0,nuevo
110386,Julie Tur Sola,2021-12-18,0,nuevo
104132,Emperatriz Palomares Hernández,2024-06-26,0,nuevo
114838,Albano Abascal-Camps,2020-07-18,0,nuevo
100650,Blas Marquez,2021-10-30,0,nuevo
106712,Lourdes Solsona,2023-10-21,0,nuevo
109096,Valerio Vera-Escribano,2023-01-04,0,nuevo
100192,Jonatan Arroyo Herrero,2021-05-14,0,nuevo
106027,Ibán Rodriguez Fernandez,2021-10-23,0,nuevo
101943,Clementina Casal Costa,2020-05-03,0,nuevo
113796,Águeda Baquero Hurtado,2022-05-30,0,nuevo
107973,Reinaldo Gabaldón Garcia,2022-06-26,0,nuevo
114959,Ismael Guadalupe Luque Guzman,2022-05-06,0,nuevo
115002,Ileana Toro Osorio,2021-02-19,0,nuevo
111543,Abril Reig Vera,2021-01-01,0,nuevo
102776,Delia Cánovas,2023-01-11,0,nuevo
104146,Delfina Ríos Galvez,2023-04-20,0,nuevo
102618,Ámbar Benitez Sarmiento,2023-11-21,0,nuevo
102412,Zaida Jover Cabeza,2021-06-20,0,nuevo
101095,Clemente Aitor Arjona Andres,2021-06-16,0,nuevo
110540,Eva Mendoza Vara,2024-02-29,0,nuevo
103136,José Manuel Francisco Checa,2020-12-29,0,nuevo
114361,Teresita Calvo Río,2022-04-08,0,nuevo
106420,Anacleto Cerdá Larrañaga,2022-12-23,0,nuevo
103806,Leandra Ariadna García Amador,2021-11-28,0,nuevo
107432,Pascuala Arregui Ballester,2021-01-13,0,nuevo
113685,Ofelia Novoa Alvarado,2021-03-20,0,nuevo
100465,Javiera Donaire,2023-04-04,0,nuevo
110021,Mariano Peláez Elías,2021-08-14,0,nuevo
105631,Isabela Zamora Díez,2022-04-01,0,nuevo
115079,Sebastian Vergara Ferreras,2022-02-24,0,nuevo
107383,Alba Tomas,2021-06-25,0,nuevo
110991,Marcos Moliner Jaume,2022-10-19,0,nuevo
112851,Flavia Escalona Balaguer,2024-07-27,0,nuevo
100976,Eliana Páez Reig,2022-04-12,0,nuevo
105867,Leoncio Navarro Perea,2022-05-16,0,nuevo
102388,Águeda Armas Angulo,2020-06-14,0,nuevo
115141,Gloria Bárcena Ferrer,2021-03-18,0,nuevo
105022,Hipólito Lorenzo Benito,2023-04-19,0,nuevo
107130,Ale Ropero Pallarès,2024-08-23,0,nuevo
114390,Serafina Ballester Vélez,2023-05-10,0,nuevo
106056,Bibiana Toro Anglada,2020-09-02,0,nuevo
114154,Miguela Calvo Martínez,2024-05-24,0,nuevo
113865,Jacinto Parejo,2024-08-15,0,nuevo
102790,Silvestre Romeu-Rios,2024-05-31,0,nuevo
109137,Ildefonso Rojas Arce,2022-04-09,0,nuevo
101858,Sabina Estevez Checa,2022-01-29,0,nuevo
113507,Victor Moraleda Pol,2020-04-18,0,nuevo
104109,Alejo Pérez Lladó,2021-12-10,0,nuevo
105214,Paz Salcedo-Bello,2021-08-22,0,nuevo
103256,Manuel Gomis Santana,2023-06-25,0,nuevo
107324,Wálter Sanz Blázquez,2021-12-31,0,nuevo
102691,Vicente Amador Bayo,2021-04-08,0,nuevo
107390,Augusto Soler Almeida,2023-05-12,0,nuevo
111599,Leocadia Cornejo Cardona,2023-03-25,0,nuevo
101320,Feliciana Manso Oller,2022-02-12,0,nuevo
111951,Ovidio Menendez Milla,2021-12-09,0,nuevo
105163,Toni Ignacio Tejedor Guijarro,2023-10-27,0,nuevo
101136,María Navas Angulo,2022-09-21,0,nuevo
104530,Maximiano Daza-Sevilla,2021-07-02,0,nuevo
103506,Geraldo Pareja Carretero,2024-04-02,0,nuevo
107087,Aureliano Revilla Piñol,2024-05-07,0,nuevo
109942,Haroldo Cabo Higueras,2024-08-01,0,nuevo
110550,Dan Segovia Castells,2021-08-17,0,nuevo
106337,Wilfredo Niño Pulido,2020-11-20,0,nuevo
113560,Roque Gallo Losada,2024-02-08,0,nuevo
110067,Juan Francisco del Artigas,2022-03-26,0,nuevo
113260,Godofredo Ramos Garcés,2020-09-26,0,nuevo
102506,Concha Ibáñez Molins,2023-07-10,0,nuevo
102905,Gilberto de Tapia,2024-01-01,0,nuevo
103415,Cipriano Cayetano Gómez Carretero,2024-03-12,0,nuevo
109291,Tadeo Asenjo Colomer,2022-09-04,0,nuevo
113004,María Dolores Carballo Uriarte,2020-06-26,0,nuevo
106838,Evangelina Torralba Cal,2024-02-23,0,nuevo
115165,Nacio Carrera,2023-12-14,0,nuevo
107846,Benigna Garriga Adán,2024-04-05,0,nuevo
103540,Ricarda Agudo Pi,2023-11-25,0,nuevo
110996,Trinidad Huertas,2023-05-08,0,nuevo
113962,Margarita Quevedo Adadia,2023-04-07,0,nuevo
113962,Margarita Quevedo Adadia,2023-04-07,0,nuevo
105781,Eloísa Cuevas Neira,2024-08-18,0,nuevo
104997,Hernando Ruiz Alarcón,2023-02-22,0,nuevo
107877,Marco Marco Aller Saavedra,2024-06-18,0,nuevo
106839,Mireia Echeverría Pintor,2020-05-31,0,nuevo
106040,Andrés Alba,2021-08-25,0,nuevo
105396,Antonia Vives-Juan,2021-09-09,0,nuevo
107083,Domitila del Querol,2022-07-17,0,nuevo
103522,Martin del Cañellas,2020-09-01,0,nuevo
112457,Adalberto Sanjuan Santamaría,2022-10-29,0,nuevo
113557,María Fernanda Vallés-Cuervo,2021-07-25,0,nuevo
114999,Gisela Larrea,2020-04-20,0,nuevo
112425,Victor Manuel Sebastian Soto Larrañaga,2020-06-19,0,nuevo
113270,Tamara Vicens Coello,2020-12-17,0,nuevo
100992,Santiago Porta Pinedo,2021-11-11,0,nuevo
103505,Sara Guardia-Luz,2020-03-06,0,nuevo
109142,Julia Cabeza Roda,2024-02-04,0,nuevo
104595,Porfirio Gabaldón Heredia,2023-10-12,0,nuevo
114220,Inocencio Benitez Villaverde,2020-04-12,0,nuevo
112645,Vicente Sigfrido Pi Echeverría,2023-09-26,0,nuevo
104461,Adolfo Palomares Roselló,2022-06-23,0,nuevo
113587,María Fernanda Barbero,2022-11-01,0,nuevo
106624,Regina Chaparro Malo,2020-08-31,0,nuevo
109307,Joel Menéndez-Quesada,2021-05-19,0,nuevo
113061,Francisco Javier Montesinos Batlle,2023-03-07,0,nuevo
108491,Lidia Torrijos-Pinto,2024-01-17,0,nuevo
109868,Glauco Pujol Mulet,2021-12-30,0,nuevo
105670,Bernardita Perez Salvà,2022-08-08,0,nuevo
104989,Encarna Montesinos-Revilla,2021-03-05,0,nuevo
114020,María Dolores Corominas Prats,2023-05-09,0,nuevo
110800,Reynaldo Diez Narváez,2020-06-08,0,nuevo
104173,Amor Manuel Grande,2023-07-08,0,nuevo
103760,Herminia Escudero Blázquez,2021-11-19,0,nuevo
112496,Melisa de Cuadrado,2022-02-16,0,nuevo
112936,Tito de Ordóñez,2021-02-13,0,nuevo
112705,Trini Xiomara Simó Sáez,2022-10-08,0,nuevo
110400,Iván Marí Bosch,2022-05-08,0,nuevo
106719,Estela Ledesma Pareja,2021-01-16,0,nuevo
111180,Primitivo Español Múñiz,2020-09-15,0,nuevo
100204,Paz Gallego Gomis,2021-02-16,0,nuevo
106484,Salomé Calixta Agudo Puig,2023-08-15,0,nuevo
103941,Inmaculada Ibarra-Isern,2023-11-22,0,nuevo
112033,Teobaldo Sanz Guardiola,2023-03-30,0,nuevo
107648,Lisandro del Gilabert,2023-11-13,0,nuevo
101231,Vanesa Palacio Águila,2024-04-21,0,nuevo
109167,Benigno Cañizares Real,2022-12-03,0,nuevo
103047,Ainoa Salas Sanmiguel,2024-03-16,0,nuevo
107958,Isidro Ávila Bello,2020-03-18,0,nuevo
102916,Felipa Borrego Marín,2020-10-07,0,nuevo
104252,Angélica Barreda,2020-09-17,0,nuevo
106205,Ana Belén Goñi Ocaña,2020-05-15,0,nuevo
102726,Rosenda Ferrándiz Pascual,2023-06-29,0,nuevo
100858,Rodolfo Feliu-Ríos,2020-12-27,0,nuevo
102562,Pili Barroso Pineda,2023-04-05,0,nuevo
103802,Perla Pavón,2021-08-05,0,nuevo
105456,Sancho Gómez Toledo,2022-09-26,0,nuevo
112796,Ruperta Viviana Milla Losada,2021-10-14,0,nuevo
106860,Reinaldo Pellicer Cabrera,2024-02-09,0,nuevo
113520,Anna del Ávila,2020-05-30,0,nuevo
114950,Telmo Olegario Villa Valenciano,2024-07-28,0,nuevo
105945,Leyre Uriarte Riba,2023-01-05,0,nuevo
100616,Zoraida Daza Uriarte,2020-09-22,0,nuevo
100054,Marino Hoyos Marquez,2023-12-16,0,nuevo
111099,Guiomar Reyes Castelló,2021-04-09,0,nuevo
103341,Norberto Beltrán Vera,2024-01-15,0,nuevo
109898,Conrado del Trillo,2024-01-04,0,nuevo
112064,Sebastian Lago Valencia,2024-01-28,0,nuevo
101813,Aroa de Alemán,2023-08-15,0,nuevo
100991,Rico Rosales Torrent,2024-06-11,0,nuevo
113064,Moisés Santos Andrade,2021-02-13,0,nuevo
109481,Aitor Casanova Atienza,2021-02-06,0,nuevo
103164,Ileana Varela Aparicio,2023-08-14,0,nuevo
102619,Florina Blázquez Castro,2021-07-27,0,nuevo
108236,Esther Medina Muñoz,2023-01-16,0,nuevo
107872,Leandro Aliaga Olivares,2022-01-21,0,nuevo
112444,Virgilio Bravo Cabrero,2024-04-29,0,nuevo
103793,Chus Escribano Zurita,2022-03-09,0,nuevo
109696,Amarilis Losada-Perera,2021-11-02,0,nuevo
110516,Prudencio Serra-Gascón,2024-04-26,0,nuevo
110046,Segismundo Fabregat-Gámez,2021-12-06,0,nuevo
103440,Lola Asunción Zamora Adán,2023-05-16,0,nuevo
101893,Cruz Agudo Esteban,2020-05-26,0,nuevo
105256,Reynaldo Bosch Viñas,2021-06-24,0,nuevo
114111,María Jesús Jimenez Donoso,2024-01-19,0,nuevo
113755,Prudencia Aliaga Lladó,2023-05-25,0,nuevo
103307,Basilio Sarabia,2024-02-03,0,nuevo
106240,Juan Francisco Ponce Cases,2022-08-23,0,nuevo
102891,Elisa Bermúdez Fuster,2024-02-13,0,nuevo
107740,Raimundo Tomás Bayona,2022-07-05,0,nuevo
111859,Carmen Menéndez Casas,2022-01-29,0,nuevo
111273,Ricarda Cabrero Vives,2020-08-27,0,nuevo
108398,Ester Beltran Ferrándiz,2021-08-28,0,nuevo
100003,Gregorio Gutiérrez-Salom,2022-04-10,0,nuevo
109962,Porfirio Pineda,2022-11-08,0,nuevo
106080,Poncio Posada Larrea,2023-03-20,0,nuevo
113431,Cosme de Carpio,2021-12-21,0,nuevo
108182,Serafina Miró,2021-12-15,0,nuevo
106477,Ale Cuesta Cabezas,2024-04-06,0,nuevo
113898,Nydia Benet Escribano,2020-08-12,0,nuevo
108924,Zacarías Carballo Mancebo,2023-04-28,0,nuevo
103407,Brunilda Badía Sanjuan,2020-06-19,0,nuevo
106329,Lola Briones Sarabia,2022-05-30,0,nuevo
102582,Priscila Uribe Escribano,2022-05-18,0,nuevo
108386,María Manuela Soler-Sanmiguel,2023-09-12,0,nuevo
110885,Remigio Carrera-Mate,2021-06-03,0,nuevo
114754,Alfonso Falcó Beltran,2020-08-05,0,nuevo
109448,Anna Lara Noguera,2020-10-24,0,nuevo
102105,Nacio Joel Corral Domingo,2022-04-03,0,nuevo
114254,Zoraida Figuerola-Reyes,2022-05-23,0,nuevo
104995,Reyes de Hurtado,2020-05-01,0,nuevo
100659,Matías Soriano Baena,2020-07-09,0,nuevo
104435,Adelardo Juan Carlos Puig Hervás,2022-03-29,0,nuevo
106774,Anunciación Gárate-Terrón,2020-05-04,0,nuevo
113168,Sancho Alejandro Domínguez Puga,2023-10-07,0,nuevo
111111,Mohamed Cano Abad,2023-04-03,0,nuevo
113871,Santos Amaya Borja,2020-10-07,0,nuevo
106812,Alejandra Aguiló Tirado,2022-11-23,0,nuevo
111878,Abril de Villalobos,2021-10-06,0,nuevo
101789,Edmundo Valero-Rozas,2024-05-07,0,nuevo
113229,Saturnino Jose Manuel Agullo Gárate,2024-08-21,0,nuevo
106315,Bernabé Pozuelo,2024-05-09,0,nuevo
101777,Eduardo Abella Sosa,2023-11-20,0,nuevo
100193,Evangelina Quesada Morata,2020-09-13,0,nuevo
113399,Paloma Figuerola Armas,2024-08-28,0,nuevo
114896,Isabela Garcés,2021-12-16,0,nuevo
104952,Natividad Pera Barragán,2021-03-30,0,nuevo
102688,Ainara del López,2022-11-26,0,nuevo
104928,Florina Alcalde-Taboada,2022-01-10,0,nuevo
105553,Trinidad Rosales Rius,2023-11-12,0,nuevo
112142,Dionisio Echevarría Carballo,2020-10-18,0,nuevo
100239,Noelia Guiomar Montenegro Sanmiguel,2021-04-09,0,nuevo
114440,Álvaro Quero,2022-01-11,0,nuevo
108981,Jacobo Jover Cabello,2024-07-30,0,nuevo
108981,Jacobo Jover Cabello,2024-07-30,0,nuevo
114923,Ernesto Monreal-Mercader,2021-02-17,0,nuevo
108641,María Del Carmen Sobrino Agustín,2020-11-11,0,nuevo
105098,Rosalía Giner,2024-03-21,0,nuevo
114075,Leoncio de Llano,2023-07-23,0,nuevo
111607,Gaspar Sandoval Valdés,2022-05-19,0,nuevo
115059,Abraham Ibán Domingo Calzada,2022-04-07,0,nuevo
100022,Hilario Guillermo Blazquez Herrero,2023-06-10,0,nuevo
100022,Hilario Guillermo Blazquez Herrero,2023-06-10,0,nuevo
103361,Severiano Andres Tirado,2021-08-30,0,nuevo
105784,Hermenegildo Castejón Barrena,2020-06-18,0,nuevo
113167,Ileana Murcia Andrés,2024-03-29,0,nuevo
113317,Vidal Amor Flores Román,2020-09-02,0,nuevo
107179,Mariana Barba Nadal,2023-08-12,0,nuevo
114849,Aurelio Márquez Río,2024-08-11,0,nuevo
114761,Leocadia Mata-Sedano,2024-06-27,0,nuevo
112926,Jaime Guerrero Redondo,2023-03-29,0,nuevo
104734,Chus Chacón-Mora,2021-09-24,0,nuevo
104734,Chus Chacón-Mora,2021-09-24,0,nuevo
114285,Flavio Gallart Becerra,2020-07-14,0,nuevo
104546,Abraham Mur Azorin,2020-11-26,0,nuevo
114163,Edmundo Cuadrado Manzanares,2023-08-05,0,nuevo
114245,Eligia Collado-Conde,2021-04-03,0,nuevo
101648,Crescencia Mayoral Sans,2022-04-21,0,nuevo
106816,Ximena Oliva-Nevado,2020-09-18,0,nuevo
102701,Aitana Perea-Aroca,2022-07-01,0,nuevo
102774,Tomás Daniel Pavón Bauzà,2021-11-17,0,nuevo
106969,Pepe Fuentes Cañas,2024-02-06,0,nuevo
108144,Pelayo Manzano Solé,2023-02-17,0,nuevo
106220,Jafet Benítez Tovar,2022-12-01,0,nuevo
110501,Marisa Corominas Cañellas,2024-03-23,0,nuevo
114388,Abigaíl Conesa Vicens,2024-05-03,0,nuevo
113638,Rafaela Alcalá Hernandez,2022-08-31,0,nuevo
113638,Rafaela Alcalá Hernandez,2022-08-31,0,nuevo
102595,Miriam Río,2021-02-24,0,nuevo
110810,Alondra Zorrilla Isern,2022-12-19,0,nuevo
101030,Luciana Berenguer-Ariño,2022-11-01,0,nuevo
106973,Vinicio Landa,2022-02-25,0,nuevo
111630,Ovidio Quirós Ferrero,2024-01-16,0,nuevo
107025,Lucho Carranza Córdoba,2024-03-20,0,nuevo
108759,Isabela Catalá Duarte,2022-06-10,0,nuevo
111983,Cleto Peláez-Batlle,2022-10-23,0,nuevo
106297,Pilar Azcona Ródenas,2021-10-06,0,nuevo
103928,Anselma Corbacho Cervantes,2024-05-06,0,nuevo
110106,Maricruz Baena Zabala,2024-02-26,0,nuevo
113760,Emigdio Ponce Berenguer,2023-07-22,0,nuevo
113892,Clementina Valentín Requena,2021-12-17,0,nuevo
102331,María Manuela Bibiana Rivero Tamarit,2021-06-23,0,nuevo
100196,Emiliano Baena,2024-02-11,0,nuevo
105060,Lidia Puerta Llorens,2020-08-20,0,nuevo
102069,Antonia Montesinos,2021-09-27,0,nuevo
110709,Ale Román Amorós Juliá,2020-07-04,0,nuevo
105104,Amando del Baquero,2020-07-18,0,nuevo
101638,Tomasa Olimpia Garmendia Enríquez,2020-05-17,0,nuevo
107553,Carlos Carlos Monreal,2023-03-25,0,nuevo
108313,Maxi Piñeiro Querol,2024-08-24,0,nuevo
103075,Natalia Gárate-Morell,2020-05-16,0,nuevo
103279,Guiomar de Cuesta,2022-04-02,0,nuevo
108004,Emigdio Bernat-Ballesteros,2021-03-10,0,nuevo
110328,Victor Manuel Gimeno Medina,2021-05-11,0,nuevo
111069,Valentín Dueñas-Arcos,2023-12-03,0,nuevo
110869,Angelita Campos Lastra,2023-11-29,0,nuevo
107830,Félix Jimenez Serra,2024-06-28,0,nuevo
100063,Sergio Natalio Tenorio Flores,2023-10-20,0,nuevo
112309,Sosimo Alcides Sacristán Cañete,2020-03-29,0,nuevo
114488,Valentín Niño-Collado,2020-10-07,0,nuevo
108934,Emiliana Arcos Coloma,2021-08-20,0,nuevo
105308,María Belén Alcalde Vergara,2022-02-28,0,nuevo
112853,Josefina Elvira Lledó Pelayo,2023-12-06,0,nuevo
112679,Humberto Puente Aguado,2022-01-15,0,nuevo
101874,Lucio Mendoza Planas,2022-10-06,0,nuevo
104745,Iker Ramírez Millán,2021-08-12,0,nuevo
109910,Íñigo Reguera Martínez,2021-06-19,0,nuevo
102913,Tecla Vallés Jáuregui,2022-10-16,0,nuevo
104028,Narcisa Novoa Valcárcel,2023-04-08,0,nuevo
105489,Moisés Jerez-Exposito,2021-12-09,0,nuevo
107787,Alexandra del Plana,2022-02-02,0,nuevo
114415,Itziar Baños Planas,2021-01-26,0,nuevo
106865,Rómulo Santamaría Silva,2021-08-22,0,nuevo
100691,Rebeca de Amo,2024-03-23,0,nuevo
110104,Duilio Gonzalez Barco,2021-07-20,0,nuevo
101015,Ana Belén Vilanova Vallejo,2024-02-01,0,nuevo
101994,Amaya de Codina,2023-03-09,0,nuevo
110890,María Dolores Bartolomé Guillén,2021-02-13,0,nuevo
101527,Violeta Izquierdo Rojas,2021-11-12,0,nuevo
101552,Diego Julián Cañizares,2024-05-21,0,nuevo
114080,Ovidio Severo Pinto Sánchez,2023-04-05,0,nuevo
115080,Donato de Quero,2022-04-26,0,nuevo
101338,Prudencio Exposito Gomez,2022-12-30,0,nuevo
103902,Pacífica Tello Sierra,2021-01-10,0,nuevo
105042,Epifanio Gras Gaya,2024-06-02,0,nuevo
111365,Hortensia Huerta Batlle,2020-08-02,0,nuevo
102347,Sarita Cerdá Salinas,2023-04-20,0,nuevo
105486,Darío Cañizares Guerrero,2020-09-19,0,nuevo
113820,Aarón Huguet Perelló,2021-05-09,0,nuevo
105695,Rosalva Quero Salcedo,2023-06-30,0,nuevo
105120,Jennifer Barriga Tomás,2023-04-17,0,nuevo
101135,Estefanía Hernandez,2023-06-30,0,nuevo
108343,Adelaida de Campillo,2021-02-20,0,nuevo
110799,Quirino de Carrión,2020-12-17,0,nuevo
110279,Carmela Gibert Aroca,2021-11-07,0,nuevo
110410,Cleto Arnau-Blanes,2023-08-05,0,nuevo
104139,Espiridión Santos Niño,2023-07-08,0,nuevo
115144,Patricio Fábregas Herrera,2023-03-03,0,nuevo
113335,Mariano Valentín Diaz,2024-05-21,0,nuevo
110795,Che Rocha,2023-02-26,0,nuevo
102102,Begoña Lola Requena Font,2021-01-14,0,nuevo
101819,Severo Borja Galiano,2023-10-28,0,nuevo
105286,Charo Manjón-Mayol,2023-12-28,0,nuevo
107072,Febe Delgado Viña,2023-04-09,0,nuevo
102094,María Ángeles Vergara Olmedo,2022-03-12,0,nuevo
107818,Calixta Mate Múñiz,2020-07-16,0,nuevo
101921,Fidela Cabezas Zabaleta,2024-06-01,0,nuevo
100083,Asdrubal Arroyo Agustí,2022-10-28,0,nuevo
107332,Herminio Alemán Cerdá,2022-08-03,0,nuevo
107305,Silvestre Salom-Santamaría,2022-04-17,0,nuevo
112057,Diana Ibarra,2023-03-12,0,nuevo
104397,Inmaculada Torralba Rosa,2024-05-26,0,nuevo
108476,Jose Manuel Victorino Rocha Ros,2022-04-01,0,nuevo
106125,Dora Sancho-Bosch,2022-09-07,0,nuevo
112379,Bernarda Carlos Roca,2021-06-27,0,nuevo
113821,Adelardo Linares Zabala,2022-02-04,0,nuevo
101814,Basilio de Olmedo,2023-04-23,0,nuevo
102995,Haroldo del Salvà,2023-07-14,0,nuevo
102995,Haroldo del Salvà,2023-07-14,0,nuevo
112919,Josefa Rafaela Sarmiento Cifuentes,2024-05-27,0,nuevo
102643,Flavia Pagès Alegria,2023-09-05,0,nuevo
112062,Guillermo Olivé Agullo,2021-09-18,0,nuevo
102306,Rosalina Clemente-Salvà,2021-01-23,0,nuevo
111336,Aurelia Campo Castañeda,2022-05-28,0,nuevo
104196,María Luisa Amat Carballo,2023-10-13,0,nuevo
113007,Sarita Luisina Tenorio Ballesteros,2022-06-12,0,nuevo
103850,Sancho Torrecilla Novoa,2023-04-28,0,nuevo
113065,Heriberto Fulgencio Cañizares Trujillo,2024-05-24,0,nuevo
110607,Victorino Martin Cañas,2022-06-29,0,nuevo
103555,Natalio Pelayo Martinez,2020-12-28,0,nuevo
102601,Candelario Cantero,2024-06-29,0,nuevo
101519,Omar de Anglada,2020-12-19,0,nuevo
110952,Consuela Quero,2021-09-11,0,nuevo
111407,Teófila Ferrán Ballesteros,2022-03-18,0,nuevo
106310,Jeremías de Heredia,2024-04-15,0,nuevo
105756,Felix Sierra Hurtado,2021-06-27,0,nuevo
105634,Emigdio Espada Samper,2021-11-18,0,nuevo
108400,Óscar del Garcia,2021-09-07,0,nuevo
107163,Carla Crespi Piña,2020-03-01,0,nuevo
101989,Trinidad Varela Aliaga,2021-01-09,0,nuevo
107738,Azucena Pascual Diaz,2020-04-22,0,nuevo
106161,Conrado Pagès Torralba,2020-11-18,0,nuevo
111657,Agustina Moll Clemente,2022-04-16,0,nuevo
112556,Benigno Cantero Alemany,2023-02-08,0,nuevo
106482,Luna Abella Aguilera,2023-09-28,0,nuevo
106482,Luna Abella Aguilera,2023-09-28,0,nuevo
114069,Marcio Toni Coll Pacheco,2021-10-31,0,nuevo
104856,Eva Nadal Amor,2021-04-22,0,nuevo
113807,María Cristina Solé Huertas,2023-08-05,0,nuevo
106359,Estela Dávila Granados,2023-09-21,0,nuevo
109742,Toni Mata Manso,2021-10-30,0,nuevo
102439,Dionisio Valencia Soria,2021-01-22,0,nuevo
106433,Agapito Soto,2023-10-10,0,nuevo
107847,Modesta Jordana Pozo Abascal,2022-08-21,0,nuevo
109666,Leandra Echevarría Mínguez,2021-01-21,0,nuevo
106341,Manolo Joan Pedrosa Pelayo,2022-09-15,0,nuevo
100019,Eusebia del Chaves,2023-06-23,0,nuevo
103561,Tadeo Perales-Torrens,2021-01-23,0,nuevo
107237,Hernando Merino-Criado,2021-02-11,0,nuevo
106990,Juana Vazquez Alfaro,2023-02-22,0,nuevo
101425,Rafael Bou Alcázar,2020-06-06,0,nuevo
100140,Antonio Cándido Vives Caballero,2020-07-05,0,nuevo
110117,Miguela Alegria-Rodrigo,2023-09-01,0,nuevo
103198,Miguela Noemí Ojeda Bello,2023-06-25,0,nuevo
104691,Juana Gálvez Villegas,2024-02-26,0,nuevo
104069,Jesusa Bautista Palomino,2022-01-28,0,nuevo
113371,Leyre Verdugo Paz,2022-05-11,0,nuevo
100452,Odalis Berenguer Peña,2020-11-09,0,nuevo
103732,Faustino Arregui Diego,2021-04-28,0,nuevo
107257,Salud Huertas Daza,2020-10-25,0,nuevo
104370,Santiago Juan Francisco Carrión Seguí,2023-02-23,0,nuevo
104370,Santiago Juan Francisco Carrión Seguí,2023-02-23,0,nuevo
103664,Imelda Sofía Ballesteros Barrera,2021-11-02,0,nuevo
102764,Onofre Rosendo Pons Losada,2022-02-17,0,nuevo
101000,Santiago del Calderon,2023-05-25,0,nuevo
106427,Melisa Pino,2021-07-31,0,nuevo
114240,Aránzazu Donoso Prada,2020-07-24,0,nuevo
107033,Francisco Ribas Checa,2024-02-18,0,nuevo
104998,Adán Galvez Solano,2022-03-14,0,nuevo
102973,Sandra Hervás Gisbert,2024-07-12,0,nuevo
114228,Juan Bautista Borja Domingo Cortina,2021-12-29,0,nuevo
114785,Celestino Ramón Juliá,2022-05-27,0,nuevo
108561,Pastor Zorrilla-Benito,2023-11-11,0,nuevo
103172,Matilde Espejo-Vendrell,2023-01-12,0,nuevo
109690,María Belén Ureña Bosch,2022-02-04,0,nuevo
107107,Victorino Barrena-Llorente,2021-09-01,0,nuevo
104288,Jenny Gimenez Sevilla,2021-12-24,0,nuevo
102231,Antonia Gelabert Moll,2022-11-01,0,nuevo
111526,Goyo Mateu Verdejo,2021-07-28,0,nuevo
101904,Saturnina Silva Lozano,2022-01-19,0,nuevo
109292,Fabián Bermejo-Zurita,2022-06-13,0,nuevo
108753,Cecilia Jordán Fábregas,2020-12-06,0,nuevo
111419,Luisa Robledo Fuster,2021-03-18,0,nuevo
101364,Teresa Roman Vara,2021-09-14,0,nuevo
104358,Juanito Pedraza Acosta,2022-11-03,0,nuevo
105261,Marciano Cánovas-Uría,2021-02-05,0,nuevo
111824,Gilberto Múñiz-Benítez,2021-09-15,0,nuevo
112289,Efraín Calvo Barrios,2023-03-02,0,nuevo
103665,Iván Urrutia Roca,2021-11-09,0,nuevo
101662,Estefanía Valenzuela Tejedor,2022-02-12,0,nuevo
100167,Valeria Gámez Peral,2023-09-07,0,nuevo
109199,Domitila Crespi Espejo,2022-03-25,0,nuevo
112986,Zaira Santamaria Anguita,2022-09-10,0,nuevo
101915,Cintia Alondra Contreras Pelayo,2024-02-15,0,nuevo
107264,Jenaro Gallego,2023-01-28,0,nuevo
115003,Leoncio Nebot Nebot,2021-08-31,0,nuevo
115174,Jimena Aranda Pereira,2022-08-16,0,nuevo
107362,Milagros Salcedo Real,2023-06-19,0,nuevo
110729,Diego Lara Pareja,2023-12-12,0,nuevo
101105,Wilfredo Garrido Perelló,2023-04-23,0,nuevo
109945,Julie Téllez,2022-08-25,0,nuevo
105311,Sosimo Mínguez Andres,2023-12-26,0,nuevo
111742,Ruperta Fajardo Ayllón,2024-03-27,0,nuevo
105755,Ricarda Armas Crespo,2024-07-23,0,nuevo
112345,Aroa Lucas Almansa,2023-10-21,0,nuevo
105680,Paulino Ovidio Villaverde Mariscal,2021-02-19,0,nuevo
103723,Pepita del Ródenas,2020-09-25,0,nuevo
113980,Olga Company-Pagès,2024-06-06,0,nuevo
110015,Olimpia de Lucas,2021-03-26,0,nuevo
108464,Zacarías Ribes Costa,2023-04-14,0,nuevo
101992,Miriam Cuervo Codina,2023-07-30,0,nuevo
113725,Gisela Ibañez-Chamorro,2021-08-25,0,nuevo
108502,Sabina Palacios Ródenas,2023-06-10,0,nuevo
103812,Tito Portillo Sola,2024-05-31,0,nuevo
113563,Paulina Coello Mínguez,2023-07-15,0,nuevo
103451,Godofredo Collado Izaguirre,2021-02-12,0,nuevo
104592,Teobaldo Vendrell-Luna,2024-01-06,0,nuevo
107353,Cristian Arnal Granados,2023-09-20,0,nuevo
106681,Lara Cañas Palomo,2024-01-29,0,nuevo
112341,Liliana Maza Arregui,2022-02-28,0,nuevo
110180,Mario Nacho Morata Lledó,2021-02-23,0,nuevo
105935,Néstor del Almansa,2021-05-13,0,nuevo
114922,Marcio Vicente Somoza,2021-10-07,0,nuevo
104308,Matías Guardia Llopis,2024-08-20,0,nuevo
103157,Eutropio Grande Lobo,2023-09-26,0,nuevo
113537,Fortunato Caro-Bonet,2020-03-11,0,nuevo
112902,Otilia Nieto-Palomino,2022-08-18,0,nuevo
108892,María José Peinado Mascaró,2024-01-09,0,nuevo
113572,Pánfilo Doménech,2021-01-17,0,nuevo
104777,Herminio Montserrat Baró,2020-10-03,0,nuevo
107998,Bautista Vizcaíno Madrigal,2020-05-17,0,nuevo
115172,José Cornejo Ropero,2020-09-26,0,nuevo
114943,Adelia Rosa María Carvajal Ugarte,2020-10-01,0,nuevo
100279,Aura Lobato Vall,2020-03-23,0,nuevo
113158,Julio César Amo-Águila,2021-09-08,0,nuevo
114644,Raúl del Osuna,2022-04-19,0,nuevo
100290,Florinda del Monreal,2021-10-11,0,nuevo
103076,Wálter Correa Hernando,2021-08-06,0,nuevo
100271,Carolina de Llopis,2021-03-09,0,nuevo
103181,Nico Cáceres Castejón,2022-04-16,0,nuevo
112052,Remigio Zabaleta Tovar,2022-12-29,0,nuevo
101423,Anunciación Vilma Abascal Guardia,2023-03-19,0,nuevo
109066,Joan Virgilio Gisbert Porcel,2020-06-13,0,nuevo
112613,Fátima Gimenez-Sales,2023-01-04,0,nuevo
107813,Rico Rolando Pastor Diéguez,2021-06-22,0,nuevo
114229,Brígida Olivares,2020-03-20,0,nuevo
101133,Leocadia Briones Lluch,2020-05-17,0,nuevo
106243,Nicolasa Toledo,2021-11-28,0,nuevo
111799,Ramona Piñol Urrutia,2023-10-02,0,nuevo
107424,Olimpia Estrada,2021-10-27,0,nuevo
110153,Olalla Hernandez Iglesia,2020-10-12,0,nuevo
109409,Samanta Franco Barrena,2024-08-18,0,nuevo
109257,Marina Fernandez Benítez,2022-10-15,0,nuevo
111570,Julieta Peña Vargas,2023-12-20,0,nuevo
102162,Rebeca Villaverde Guijarro,2020-09-12,0,nuevo
111472,Angelina Etelvina Priego Carreño,2021-09-10,0,nuevo
112182,Isaac Simó Espada,2023-09-02,0,nuevo
108308,Guillermo Cobo-Almagro,2021-12-07,0,nuevo
102766,Alba Pazos Ramos,2023-12-22,0,nuevo
103930,Piedad Vilalta Sobrino,2024-07-11,0,nuevo
114227,Elodia de Hierro,2024-08-14,0,nuevo
111109,Narcisa Villena Frutos,2021-05-07,0,nuevo
103825,Bernardita Cornejo Jaén,2022-01-12,0,nuevo
110845,Magdalena Mateu Vilaplana,2021-09-11,0,nuevo
100392,Buenaventura Calzada Moraleda,2020-07-27,0,nuevo
102177,Maribel Mate Frías,2021-04-05,0,nuevo
106690,Pascuala Donaire Solé,2024-05-08,0,nuevo
103319,Georgina Plana Salmerón,2022-03-26,0,nuevo
111289,Bartolomé Marí Zaragoza,2020-09-01,0,nuevo
107433,Nerea Llobet Bernat,2020-11-09,0,nuevo
102788,Fanny Daza Mármol,2020-03-04,0,nuevo
101197,Cristian Pazos Benito,2020-12-22,0,nuevo
101677,Emperatriz Palma-Blanch,2020-11-18,0,nuevo
104445,Amanda Pareja Piñeiro,2021-12-05,0,nuevo
114329,Luis Castilla Perelló,2024-04-20,0,nuevo
105723,Carlito Martinez Valdés,2021-10-29,0,nuevo
112122,Lucho de Conde,2023-04-29,0,nuevo
104968,Sofía Lucena Peiró,2024-01-06,0,nuevo
102218,Candelaria Cuesta Jordán,2023-05-08,0,nuevo
108149,Eva Baró Costa,2024-08-29,0,nuevo
110411,Marita Garzón-Zamora,2022-01-27,0,nuevo
103584,Pelayo Quintanilla Pulido,2023-12-21,0,nuevo
115218,Josefina Mena Pavón,2021-07-04,0,nuevo
115218,Josefina Mena Pavón,2021-07-04,0,nuevo
103620,Elodia Benavides Palacio,2022-01-15,0,nuevo
106218,Miguel Seguí Rius,2023-10-10,0,nuevo
102469,Aitor Céspedes Carballo,2023-11-08,0,nuevo
110994,Victoria Luque-Rubio,2021-02-09,0,nuevo
103668,Ambrosio Carreño Anglada,2022-04-13,0,nuevo
105159,Gisela Marí Silva,2020-07-25,0,nuevo
107595,Serafina Benitez León,2023-10-28,0,nuevo
106977,Mariano de Santana,2023-12-04,0,nuevo
102410,Ana Belén Trillo Ferrán,2021-08-20,0,nuevo
113333,Che Prieto Perelló,2021-03-21,0,nuevo
105367,René Wilfredo Vilaplana Vilar,2023-11-13,0,nuevo
111571,Agustina del Flores,2020-08-27,0,nuevo
102896,Zacarías Donaire-Salamanca,2024-07-21,0,nuevo
103643,César Malo,2024-05-27,0,nuevo
111530,Amaro Quirós Jerez,2021-04-11,0,nuevo
111456,Susana Verdejo Rodriguez,2024-05-31,0,nuevo
113063,Demetrio Fuente-Aguilar,2021-03-25,0,nuevo
109476,Paulino Verdugo Abellán,2024-06-23,0,nuevo
110194,Severiano Palomino,2021-05-02,0,nuevo
113417,Viviana Vilar Llorente,2022-12-07,0,nuevo
109062,Glauco Isaías Ricart Goñi,2024-08-13,0,nuevo
115081,Poncio Yuste Coello,2022-05-12,0,nuevo
113970,Gertrudis Cabrero,2020-09-12,0,nuevo
108549,Bartolomé Arias Batlle,2024-05-21,0,nuevo
105543,Berta Tolosa-Salcedo,2023-12-20,0,nuevo
105543,Berta Tolosa-Salcedo,2023-12-20,0,nuevo
107161,Anita Ramirez Peñalver,2020-12-20,0,nuevo
110083,Maxi Galan Narváez,2022-05-17,0,nuevo
104959,Olalla Salamanca Ros,2023-09-20,0,nuevo
110573,Rodrigo Girona-Manjón,2022-12-04,0,nuevo
106475,Lorena de Pineda,2024-02-13,0,nuevo
107889,Clemente Santana Acosta,2021-11-12,0,nuevo
112434,Venceslás Alcalá,2024-02-15,0,nuevo
113684,Gracia Rebollo Tomas,2020-12-24,0,nuevo
111519,Francisco Jose Calleja Hervás,2022-10-06,0,nuevo
113412,Priscila Jordá,2021-11-04,0,nuevo
114135,Pascuala Imelda Acevedo Larrea,2023-09-11,0,nuevo
107558,Marc Abella Blanch,2021-10-16,0,nuevo
110693,Mariano Gámez-Segarra,2024-06-02,0,nuevo
112450,Jesús Ojeda,2021-12-19,0,nuevo
111442,Amanda del Zamora,2024-01-14,0,nuevo
110662,José Ángel Arcos-Llorente,2020-06-24,0,nuevo
101697,María Pilar Roldán-Prieto,2021-07-04,0,nuevo
105686,Graciana Badía Diaz,2024-05-01,0,nuevo
105940,Etelvina Ripoll Olmedo,2024-06-13,0,nuevo
107764,Leonor del Canet,2023-12-21,0,nuevo
109969,Zacarías Roma Ibarra,2021-02-28,0,nuevo
111034,Micaela del Álvaro,2020-12-22,0,nuevo
103314,Pío Bou-Echevarría,2021-04-10,0,nuevo
104782,Adán Gabino Carreras Jara,2022-06-14,0,nuevo
108351,Joaquín Arjona-Aragón,2021-04-24,0,nuevo
111585,Gala Julián Mulet,2024-07-17,0,nuevo
109785,Tito Montes Jimenez,2023-09-10,0,nuevo
109916,Soraya Antón Pombo,2023-09-15,0,nuevo
107606,Armando Aguado Becerra,2020-12-31,0,nuevo
100216,Adolfo Cerro Villegas,2023-02-26,0,nuevo
112824,Marcio Alemany Cózar,2023-01-15,0,nuevo
108683,Alfonso Méndez-Gárate,2020-09-05,0,nuevo
114231,Domitila Bravo Rodriguez,2023-02-09,0,nuevo
103484,Godofredo Cornelio Molina Alvarado,2020-05-29,0,nuevo
105103,Luna Pedro Grande,2023-01-15,0,nuevo
103765,Lucila Valverde Rocamora,2020-09-02,0,nuevo
110602,Miguela Mariscal Torrecilla,2022-05-20,0,nuevo
107660,Ariadna del Jover,2023-04-01,0,nuevo
109745,Casemiro Guillen Roda,2021-05-10,0,nuevo
114342,Cruz Raya,2021-07-07,0,nuevo
113427,Eladio Vicente Catalá,2021-07-05,0,nuevo
106684,Édgar Ribas Blanca,2022-08-20,0,nuevo
109172,Felipa Exposito Pellicer,2024-03-01,0,nuevo
110848,Elisabet Borrego Navarro,2022-09-05,0,nuevo
108585,Melisa Macias Galván,2020-04-18,0,nuevo
113385,Marc de Porta,2020-08-21,0,nuevo
112891,Azeneth Castells Rebollo,2022-11-17,0,nuevo
101103,Ágata Ledesma,2024-07-27,0,nuevo
113711,Plinio de Iglesia,2023-09-06,0,nuevo
108836,Cirino Oliveras Pellicer,2022-01-31,0,nuevo
111294,Camila del Sáez,2024-08-09,0,nuevo
102208,Begoña Gelabert Puente,2022-06-25,0,nuevo
104553,Valeria Zaragoza Sala,2023-03-28,0,nuevo
107396,Nayara Calvet Bermejo,2023-08-15,0,nuevo
103719,Martirio Ugarte Roura,2023-06-16,0,nuevo
100973,Rosaura Pizarro Espejo,2022-06-15,0,nuevo
114699,Carlos Olmedo Gomis,2022-06-07,0,nuevo
102804,Samanta Guardia Bernal,2022-02-12,0,nuevo
104026,David Suárez Soler,2020-10-09,0,nuevo
108225,Agapito Bonilla Godoy,2020-07-06,0,nuevo
113766,Casandra Mercader Jara,2020-08-06,0,nuevo
109890,Juanito Pedrosa Requena,2023-10-16,0,nuevo
102793,Blanca del Saldaña,2020-03-20,0,nuevo
105819,Nicodemo Orozco Nebot,2021-12-01,0,nuevo
111256,Amado Terrón Borrás,2024-02-04,0,nuevo
113496,Silvio Huertas Segura,2024-05-06,0,nuevo
114162,Román Lucas Corral,2020-08-18,0,nuevo
111829,Ángeles de Pedro,2024-04-22,0,nuevo
103228,Maribel Verónica Heras Vicens,2024-01-14,0,nuevo
103924,Felisa Escrivá Amo,2021-04-19,0,nuevo
110470,Patricio Abel Álvaro Tomás,2022-01-14,0,nuevo
111611,Amor Frías Ruiz,2020-10-16,0,nuevo
101402,Ruth Silva Aragón,2022-06-24,0,nuevo
108932,Soraya Cuervo Arnaiz,2021-09-05,0,nuevo
103254,Paca del Valle,2022-03-24,0,nuevo
102159,Rosario Castell Cárdenas,2024-01-03,0,nuevo
100675,Cirino Gisbert Mariscal,2021-08-27,0,nuevo
111834,Albino Pont,2021-10-30,0,nuevo
107012,Adora Neira Jove,2024-07-30,0,nuevo
103842,Quique Arnau Bautista,2022-10-09,0,nuevo
101816,Alicia Landa Jáuregui,2020-11-28,0,nuevo
102101,Fernando Duque-Franch,2022-03-04,0,nuevo
113733,Isabel Andres,2024-01-04,0,nuevo
106709,Reyna Casas Pino,2023-03-22,0,nuevo
101674,Cristian Patiño Becerra,2022-04-15,0,nuevo
110294,Bernarda Quintanilla Yáñez,2022-04-16,0,nuevo
104214,Fernando Pedrero-Osorio,2021-02-21,0,nuevo
111733,Victoriano Manso Lamas,2023-10-21,0,nuevo
108548,Valeria Eufemia Merino Roig,2020-08-19,0,nuevo
105185,Renato Darío Prado Santos,2023-01-08,0,nuevo
101462,Cristina Busquets Espada,2022-06-27,0,nuevo
114624,Isidro Ignacio Quesada Tenorio,2020-12-26,0,nuevo
103221,Rosalva Lobo Flor,2022-04-23,0,nuevo
114271,Fulgencio Ribas,2022-01-05,0,nuevo
107171,Fidel Millán,2021-06-26,0,nuevo
107431,Máxima Sanjuan Torralba,2022-12-12,0,nuevo
114854,Mohamed Garcia Cabrera,2020-11-06,0,nuevo
101752,Delia Mir Rosa,2023-07-17,0,nuevo
103977,Hugo Planas Mármol,2021-12-16,0,nuevo
102017,Elisa Pol-Tur,2020-05-31,0,nuevo
103894,Sandalio Goicoechea Vall,2024-02-13,0,nuevo
104425,Maristela Mur,2021-11-23,0,nuevo
110981,Francisco Jose Macias Mendizábal,2022-01-25,0,nuevo
104073,Pastora Cortes Castelló,2020-09-29,0,nuevo
105575,Samanta Román-Fonseca,2023-06-24,0,nuevo
109084,Consuela del Fortuny,2024-05-23,0,nuevo
114809,Gabriel Ruiz Borrego,2023-05-25,0,nuevo
105356,Rogelio Llobet Valencia,2020-12-01,0,nuevo
106094,Pascuala Moles,2021-03-27,0,nuevo
107936,Fernando Bayo Zamora,2023-02-03,0,nuevo
101520,María Cristina Jiménez,2024-05-31,0,nuevo
101379,Nerea de Caro,2020-10-22,0,nuevo
102588,Elisabet Alcalá,2023-07-20,0,nuevo
112822,Ceferino Niño Oliver,2024-07-07,0,nuevo
105833,Manuelita Cadenas Falcó,2021-08-10,0,nuevo
109822,Luisa Catalá Barros,2021-01-13,0,nuevo
104889,Flavia Molins Pinedo,2023-11-24,0,nuevo
105905,Máximo Clemente Sandoval Casares,2023-11-15,0,nuevo
100523,Carolina Amador-Mulet,2020-05-19,0,nuevo
108044,Emigdio Sola Torrijos,2020-11-05,0,nuevo
103608,Nuria Rovira Amaya,2021-07-03,0,nuevo
106319,Felicidad del Bermúdez,2020-09-27,0,nuevo
107095,Aurora de Mir,2020-04-20,0,nuevo
110203,Baldomero Sedano,2020-05-11,0,nuevo
114645,Mauricio Ortega Codina,2022-01-28,0,nuevo
106092,José Antonio Carvajal Olivé,2023-09-29,0,nuevo
110864,Desiderio del Antúnez,2023-07-17,0,nuevo
114158,Malena Marta Franch Guzmán,2022-09-25,0,nuevo
102225,Aristides Prat Neira,2022-04-27,0,nuevo
109299,Américo Garrido-Ruano,2023-04-04,0,nuevo
105572,Arcelia Pi,2020-11-19,0,nuevo
104524,Mayte Tenorio Guzman,2021-12-08,0,nuevo
105794,Kike Mateos Sala,2022-10-25,0,nuevo
113693,Caridad Pastor Boix,2024-04-09,0,nuevo
104729,Américo Amorós-Santamaria,2022-01-30,0,nuevo
107819,Ale Aller Corral,2021-05-05,0,nuevo
114207,Renata Franch,2022-08-30,0,nuevo
106057,Isidoro del Ureña,2021-02-18,0,nuevo
110534,Fabio Lillo Ibañez,2020-09-16,0,nuevo
103168,Azeneth Andres Milla,2020-03-22,0,nuevo
101810,Pepita Velasco Armas,2023-11-19,0,nuevo
112603,Marisol Jimenez Riquelme,2023-09-29,0,nuevo
107162,Esteban Mateo Castrillo,2021-03-27,0,nuevo
112541,Valentina Jara Salvador,2021-09-30,0,nuevo
112126,Rocío Guardiola Sabater,2020-12-15,0,nuevo
104946,Joan Alejandro Sanmiguel Pascual,2021-07-04,0,nuevo
113150,Úrsula Sans Quesada,2022-10-01,0,nuevo
107227,Ovidio Canales Roca,2022-01-13,0,nuevo
101229,Jerónimo Amigó Feijoo,2023-08-03,0,nuevo
111989,Bonifacio de Cerro,2022-10-24,0,nuevo
106847,Luciana Tejada,2023-05-16,0,nuevo
108245,Óscar Seguí Moreno,2024-05-22,0,nuevo
106556,Rico de Aramburu,2021-03-02,0,nuevo
100160,Macario Tamarit,2024-05-12,0,nuevo
114751,Rodolfo Morell,2021-02-27,0,nuevo
106688,Charo Coca Tamarit,2020-05-29,0,nuevo
114557,Lourdes Santamaria Barragán,2020-04-17,0,nuevo
111711,Arsenio Ferrero,2022-07-24,0,nuevo
110577,Ofelia Leiva Cerezo,2022-05-29,0,nuevo
112769,Seve Valls Marti,2022-11-30,0,nuevo
107481,Eligia Jurado Lladó,2022-08-25,0,nuevo
100437,Estrella Ródenas Egea,2023-04-24,0,nuevo
102781,Balduino Talavera Manzano,2023-07-12,0,nuevo
113996,Lina Teresa Mate Vilar,2024-01-06,0,nuevo
113996,Lina Teresa Mate Vilar,2024-01-06,0,nuevo
105687,Néstor Barrio Bertrán,2020-05-16,0,nuevo
109166,Quirino Fuentes Mas,2020-08-04,0,nuevo
102952,Dorotea Iris Guijarro Pera,2022-06-18,0,nuevo
111352,Adriana Vega Sola,2021-05-12,0,nuevo
112023,Belén Ariño Carbajo,2021-08-19,0,nuevo
114339,Guadalupe Tamarit-Canals,2020-04-17,0,nuevo
101498,Hermenegildo López Atienza,2021-08-21,0,nuevo
107356,Octavia de Pera,2021-10-03,0,nuevo
107914,Emma Castañeda Pujol,2021-03-02,0,nuevo
113336,Paco Curro Capdevila Rivas,2024-04-23,0,nuevo
105186,Jose Quintana Díez,2020-10-05,0,nuevo
105648,Amelia Guardiola-Gordillo,2020-08-14,0,nuevo
102131,Agustín Leocadio Villar Rueda,2022-11-22,0,nuevo
102093,Débora Valle Tapia,2020-05-16,0,nuevo
105410,Soledad Moraleda Quevedo,2023-07-14,0,nuevo
107939,María Carmen de Ropero,2024-08-23,0,nuevo
111927,Duilio Suárez-Benavent,2024-05-09,0,nuevo
108606,Isaías Bermejo Morera,2024-03-07,0,nuevo
107428,Amelia Paz Alcalde Ariño,2021-07-10,0,nuevo
105038,Dorita Montaña Marqués,2021-12-03,0,nuevo
103176,Loreto del Ferreras,2023-10-22,0,nuevo
113258,María Dolores Godoy,2021-11-15,0,nuevo
108449,Berta Sarabia Gisbert,2021-08-07,0,nuevo
113183,Balduino Herranz-Jiménez,2022-11-09,0,nuevo
108069,Maribel Ávila-Farré,2021-02-24,0,nuevo
114230,Carlota Anguita-Tejero,2020-11-04,0,nuevo
111902,Patricio Dionisio Cuenca Arias,2023-01-15,0,nuevo
109765,Vasco Velasco,2023-11-18,0,nuevo
100025,Severo Osvaldo Bayón Rebollo,2021-12-12,0,nuevo
102842,Judith Jordán-Zorrilla,2021-11-21,0,nuevo
110504,Araceli Sobrino,2023-03-13,0,nuevo
107538,Gustavo Casado Bonet,2021-12-15,0,nuevo
107471,Flora Ruiz Castells,2022-08-17,0,nuevo
104153,Maricela Becerra Arjona,2021-01-09,0,nuevo
100696,Prudencia Torrent Madrigal,2020-04-18,0,nuevo
101228,Herberto Sales-Báez,2024-02-13,0,nuevo
100277,Virgilio Agustí Durán,2020-03-07,0,nuevo
111826,Geraldo Agudo,2022-08-17,0,nuevo
105930,Ignacio Rómulo Uribe Quirós,2021-04-20,0,nuevo
102954,Nilda Sans-Sans,2023-11-24,0,nuevo
105846,Dionisia Molins Cabello,2024-08-05,0,nuevo
115094,Flor Haro Sedano,2024-08-21,0,nuevo
104118,Eli Aragonés Villalba,2021-06-18,0,nuevo
101138,Omar Acuña Marín,2023-03-06,0,nuevo
102768,Heriberto Martinez-Hoz,2023-07-11,0,nuevo
114529,Alfredo Vázquez Jimenez,2020-12-08,0,nuevo
112335,Reynaldo Patricio Haro Pedrero,2024-06-10,0,nuevo
107662,Ruperto Esteban Saez,2024-06-20,0,nuevo
109135,Alondra Soto,2024-05-14,0,nuevo
111563,Loida Sanjuan Tejero,2023-11-15,0,nuevo
107743,Néstor Damián Badía Salcedo,2021-01-04,0,nuevo
103936,Esther Manu Valenzuela Arévalo,2023-01-27,0,nuevo
101864,Lorena Castilla Arrieta,2020-04-15,0,nuevo
104259,Octavia Mateu Alfaro,2020-05-14,0,nuevo
102820,Manolo Jaume Segarra,2022-03-26,0,nuevo
106069,Lupe Jimena Rivera Bonet,2024-04-14,0,nuevo
103537,Mireia Alemán Arnal,2022-02-21,0,nuevo
103826,Calista Gomila Colom,2020-04-07,0,nuevo
106643,Abel de Marco,2022-10-22,0,nuevo
113470,Montserrat Roldan Valero,2024-06-30,0,nuevo
101947,Ramiro Alemán Cabrero,2021-07-28,0,nuevo
112614,Jose Carlos de Infante,2020-03-03,0,nuevo
112981,Goyo Moreno,2022-09-25,0,nuevo
109803,Eustaquio Palomares Zabala,2023-12-21,0,nuevo
107270,Dolores Rodrigo Casal,2021-04-26,0,nuevo
106964,Casandra del Vicente,2021-01-29,0,nuevo
105868,Alex Soria Villalonga,2022-11-11,0,nuevo
110860,Amador Pla-Ferrán,2020-11-07,0,nuevo
110387,Magdalena Laguna-Cervantes,2023-07-17,0,nuevo
100558,Paulino Valbuena,2021-10-20,0,nuevo
112627,Perlita Nidia Berrocal Llorens,2021-12-26,0,nuevo
107685,Julieta Blanes-Anguita,2021-04-28,0,nuevo
112022,Efraín Fábregas Perales,2020-04-26,0,nuevo
108459,Candela Expósito Colom,2023-08-24,0,nuevo
103163,Albina Naranjo Canales,2022-11-21,0,nuevo
113106,Brunilda Carmona Raya,2022-03-06,0,nuevo
103731,Belén Antúnez Vergara,2020-08-11,0,nuevo
102661,Matilde Chaves Carreño,2023-01-21,0,nuevo
108849,Nicanor Saez Saez,2022-05-29,0,nuevo
101308,Gertrudis del Corbacho,2021-01-02,0,nuevo
102568,Fabricio Niño Pombo,2021-09-29,0,nuevo
109191,Ricardo Sedano Laguna,2020-12-09,0,nuevo
102835,Beatriz Herminia Peña Balaguer,2021-11-04,0,nuevo
114902,Domingo Moraleda Navarro,2020-03-14,0,nuevo
109430,Dulce Rosalva Sarabia Lerma,2022-09-17,0,nuevo
102152,Narcisa Fortuny Alonso,2022-01-22,0,nuevo
112135,Amparo Sevillano Barreda,2020-07-03,0,nuevo
103836,Reina Perlita Fuente Bejarano,2023-12-30,0,nuevo
115089,Bárbara del Sotelo,2024-02-25,0,nuevo
114889,Abril Lumbreras Casanovas,2021-07-01,0,nuevo
112792,Dafne Valbuena Ortuño,2022-10-02,0,nuevo
110379,Lucía Menendez Quevedo,2021-06-13,0,nuevo
109327,María Cristina de Echevarría,2023-12-13,0,nuevo
105005,Melania Sanmiguel Vizcaíno,2024-08-16,0,nuevo
109715,Ángel Cózar Bermudez,2024-07-23,0,nuevo
100359,Norberto Rodríguez Conesa,2023-01-05,0,nuevo
100139,Miguela Pont-Trillo,2021-01-01,0,nuevo
109749,Olimpia Yáñez Armas,2021-03-07,0,nuevo
100383,Melchor Calderón Cantero,2020-11-13,0,nuevo
111725,Juan Bautista Sedano-Quintanilla,2024-04-15,0,nuevo
104858,Evita Perelló Mascaró,2020-08-23,0,nuevo
114483,Saturnino Parra Carbonell,2023-03-07,0,nuevo
100947,Gastón Barceló Daza,2023-10-27,0,nuevo
112903,América Martí Roca,2022-06-10,0,nuevo
104917,Priscila Marqués Villar,2021-09-12,0,nuevo
108557,Alba Cabañas Monreal,2020-12-14,0,nuevo
110914,Joel Nogueira Sáez,2020-03-29,0,nuevo
101933,Marc Camino Ropero,2020-11-15,0,nuevo
102353,Amelia Ibarra Rios,2023-05-05,0,nuevo
103237,Amador Mateos Cerdán,2021-07-19,0,nuevo
103808,María Carmen de Cazorla,2021-07-01,0,nuevo
104155,Ricardo Pagès Amo,2023-12-02,0,nuevo
108989,Pacífica Andres Varela,2021-09-02,0,nuevo
102417,Chema Guitart Blanco,2022-06-26,0,nuevo
111904,Chita Artigas Marquez,2021-10-03,0,nuevo
100786,Lorena de Ayuso,2020-12-18,0,nuevo
105669,Haroldo Abril Baena,2023-04-03,0,nuevo
106629,Ana Sofía Amores Tolosa,2020-03-09,0,nuevo
104341,Catalina Vila Cruz,2020-03-31,0,nuevo
106269,Anastasia Galvez Mas,2020-10-08,0,nuevo
102310,Loreto Piquer Jimenez,2021-06-15,0,nuevo
110034,Porfirio Doménech Mena,2021-12-13,0,nuevo
109450,Ruperta Bonilla-Cabo,2021-08-30,0,nuevo
104459,Itziar Domingo Mulet,2020-11-30,0,nuevo
104653,Ariel Díaz Coll,2024-05-10,0,nuevo
109592,Verónica Moles Andreu,2023-10-28,0,nuevo
113622,Visitación Blanca Ribera Muñoz,2020-03-31,0,nuevo
105745,Marisol Pascual Cepeda,2022-06-10,0,nuevo
101055,Florinda Caro,2023-04-04,0,nuevo
111468,Bruno Blazquez,2022-09-18,0,nuevo
103700,Ángela María Luisa Pomares Asenjo,2022-07-01,0,nuevo
100930,Vera Jordana Valero Nicolau,2024-03-11,0,nuevo
106469,Celestina Benítez Morell,2023-12-18,0,nuevo
115022,Yéssica Mendez Rosell,2023-03-22,0,nuevo
102012,Haydée Jara Esteban,2023-08-01,0,nuevo
100914,Ceferino Barrios,2020-08-12,0,nuevo
112815,Baudelio Canals Solís,2022-05-11,0,nuevo
115158,Emelina Esparza Peñalver,2022-08-25,0,nuevo
102607,Rubén Tudela Casanova,2024-06-26,0,nuevo
111457,Alejandro Cuadrado,2021-11-08,0,nuevo
104929,José Mari Jerez Bernat,2020-07-19,0,nuevo
109784,Pánfilo Vaquero Quero,2022-09-24,0,nuevo
100007,Tomasa Pina Peña,2023-05-08,0,nuevo
107836,Iván Iriarte Alberdi,2020-05-09,0,nuevo
103362,Apolinar Ortega Viñas,2020-11-16,0,nuevo
110136,Micaela Grande Barragán,2021-08-25,0,nuevo
101636,Eugenio Mendizábal Ávila,2021-12-21,0,nuevo
101142,Domitila Cadenas Durán,2021-08-01,0,nuevo
102071,Martin Ramírez Macias,2022-08-19,0,nuevo
103135,Alicia Campo Asenjo,2023-11-28,0,nuevo
105161,Régulo Escobar Juárez,2022-03-07,0,nuevo
103244,Damián Buenaventura Diez Cabo,2022-02-19,0,nuevo
102243,Fabián Aparicio-Querol,2020-10-08,0,nuevo
101475,Raimundo Juan Francisco Arnau Lloret,2023-08-17,0,nuevo
103260,Natividad Úrsula Casanova Bolaños,2020-11-20,0,nuevo
110214,Leyre Acero Asensio,2023-11-17,0,nuevo
103501,Balduino Valerio Dávila Rios,2021-10-08,0,nuevo
102659,Valero Ribera Vendrell,2020-11-02,0,nuevo
101131,Francisco Alcalde Bartolomé,2021-03-19,0,nuevo
113151,Noemí Martínez Saez,2021-12-31,0,nuevo
112708,Eliseo Guiomar Roldán Peñas,2023-02-18,0,nuevo
107065,Haroldo Bolaños-Montero,2024-08-06,0,nuevo
109429,Olegario Benito Campillo,2020-12-12,0,nuevo
105477,Luis Miguel Mármol Santiago,2023-02-14,0,nuevo
101857,Juan Francisco del Sánchez,2024-04-13,0,nuevo
106402,Jaime Lago Frutos,2022-09-16,0,nuevo
114308,Rodrigo del Anglada,2024-08-07,0,nuevo
114451,Ricarda Buendía Esteban,2022-03-01,0,nuevo
100387,Piedad Elena Montalbán Campos,2023-12-17,0,nuevo
101629,Gonzalo Pinto Coll,2024-03-21,0,nuevo
110907,Toño Vara,2023-03-11,0,nuevo
111905,Chema Franco Cabrera,2020-05-04,0,nuevo
114694,Vicenta Lozano Angulo,2023-12-18,0,nuevo
111382,Jimena Carrión Benito,2023-12-12,0,nuevo
114021,Modesta Riquelme Palomares,2020-12-09,0,nuevo
110059,Eutimio España-Alegre,2020-03-12,0,nuevo
101843,Nazaret Molins Manso,2020-09-14,0,nuevo
100202,Cecilio Pastor Segovia Amador,2020-04-19,0,nuevo
112498,Eloísa Vila Lerma,2021-06-01,0,nuevo
103869,Julia Petrona Arellano Martínez,2024-01-15,0,nuevo
105055,Reyna del Roig,2023-02-19,0,nuevo
100332,José Luis Martín Parra,2020-06-17,0,nuevo
103809,Petrona Yáñez,2023-05-07,0,nuevo
110652,Chema Juliá Barrera,2020-07-22,0,nuevo
101775,Urbano Plácido Prado Roda,2021-08-25,0,nuevo
101775,Urbano Plácido Prado Roda,2021-08-25,0,nuevo
108612,Dionisio Iniesta Bernat,2021-02-22,0,nuevo
110879,Borja Escamilla Lucas,2022-11-23,0,nuevo
114251,Feliciana Cabrero,2022-07-23,0,nuevo
100990,Marco Neira Botella,2023-07-01,0,nuevo
112979,Loida Cal Lobo,2022-07-18,0,nuevo
113314,Sergio Abella Salvà,2023-06-14,0,nuevo
105807,Cipriano Sebastián Arribas Pascual,2022-01-02,0,nuevo
113615,Isaac Ciriaco Río Reina,2020-10-14,0,nuevo
113562,Seve Caballero Berenguer,2021-10-16,0,nuevo
103053,Horacio Villanueva Amo,2020-03-12,0,nuevo
108366,Rosendo Pacheco Rodrigo,2023-11-04,0,nuevo
106049,Norberto del Vergara,2023-04-30,0,nuevo
103312,Delia Villegas Villalobos,2023-03-12,0,nuevo
112008,Irma Macias Bosch,2021-03-01,0,nuevo
112236,Teresa Peña Pera,2022-07-26,0,nuevo
111197,Inocencio Velázquez Olmo,2020-07-13,0,nuevo
111596,Atilio Correa Adadia,2023-09-19,0,nuevo
108211,Bárbara Alfaro Tormo,2024-01-11,0,nuevo
111432,Sergio Chamorro Mendizábal,2022-12-29,0,nuevo
103629,Josefa de Huguet,2022-11-17,0,nuevo
113810,Isa del Tomas,2021-08-19,0,nuevo
105003,Flor Echevarría Sacristán,2023-12-25,0,nuevo
105824,Blanca Valero Peinado,2020-11-02,0,nuevo
105671,Donato Andreu Castellanos,2022-11-24,0,nuevo
103113,Nuria Albina Roda Alegre,2023-11-24,0,nuevo
100183,Paola Diego Galvez,2023-06-04,0,nuevo
110005,Luciana Porras Estevez,2023-05-25,0,nuevo
113125,Abril Durán Galván,2020-04-30,0,nuevo
101801,Jenaro Salamanca Montenegro,2024-06-01,0,nuevo
110622,Marco Hoyos-Balaguer,2020-04-15,0,nuevo
105483,Cayetano Mayoral Acevedo,2021-11-10,0,nuevo
104698,Miriam Herranz-Barrios,2021-06-11,0,nuevo
104988,Charo Lamas Francisco,2022-10-10,0,nuevo
104651,Ramona del Ibáñez,2022-01-20,0,nuevo
109406,Natalio Camps Barrios,2021-02-26,0,nuevo
101326,Benjamín Murcia,2023-09-13,0,nuevo
104797,Prudencia Piña Otero,2022-04-10,0,nuevo
106797,Enrique Blázquez Gimenez,2021-09-21,0,nuevo
105809,Luciana Paulina Mancebo Manzanares,2021-09-30,0,nuevo
101456,Rosalinda María José Tejero Caballero,2021-12-24,0,nuevo
105411,Jonatan Soto Mur,2024-02-27,0,nuevo
108334,Amado Aguilera Alcántara,2022-10-24,0,nuevo
110333,Rómulo del Porta,2021-11-28,0,nuevo
107617,Elisa Peña Frías,2020-06-28,0,nuevo
114132,Jordi Bueno Calzada,2023-07-14,0,nuevo
107816,Blas de Molins,2024-05-05,0,nuevo
108922,Cleto Hierro,2020-07-26,0,nuevo
106717,Imelda Montenegro-Guzmán,2021-12-05,0,nuevo
110129,Nilo Clavero-Leon,2022-03-06,0,nuevo
107430,Eustaquio del Blasco,2022-08-15,0,nuevo
109303,Lorenzo Miranda Ramirez,2021-12-29,0,nuevo
113989,Gabino Losa Sevilla,2020-07-20,0,nuevo
101186,Florinda Piedad Hidalgo Guerrero,2023-08-04,0,nuevo
102008,Seve Morales-Oller,2022-10-26,0,nuevo
113876,Ceferino Vizcaíno Reguera,2021-02-01,0,nuevo
108771,Abigaíl Pla Marquez,2023-11-27,0,nuevo
105526,Ernesto Galiano,2020-08-27,0,nuevo
110588,Priscila Cuesta Ibañez,2023-11-15,0,nuevo
101847,Jennifer Peña Baeza,2023-10-22,0,nuevo
103741,Amando del Mesa,2021-12-19,0,nuevo
112432,Marisol Palomar-Aguilar,2021-01-31,0,nuevo
100406,Yaiza Cabañas Jurado,2023-06-14,0,nuevo
106318,Felisa Sevilla Aragonés,2023-02-21,0,nuevo
106582,Florinda Ágata Goicoechea Aller,2021-07-01,0,nuevo
101448,Fortunato Conesa Aguiló,2021-01-30,0,nuevo
100343,Galo Roura Adán,2023-11-26,0,nuevo
107469,Josefa de Gaya,2020-03-22,0,nuevo
100728,Rico Mora Rueda,2022-04-11,0,nuevo
109251,Ana Pi Barrera,2022-10-13,0,nuevo
113855,Gabriela Jurado Luna,2021-02-07,0,nuevo
112639,Perlita Palacio-León,2024-01-14,0,nuevo
107157,Jesusa Vicente,2021-02-02,0,nuevo
110179,Ileana Palomino-Morera,2022-05-09,0,nuevo
109492,Guadalupe Arregui Moles,2020-06-12,0,nuevo
101349,Josefa del Soria,2022-01-05,0,nuevo
100661,Calisto Páez Marquez,2022-03-23,0,nuevo
112748,Juan Antonio Herranz Valencia,2021-05-24,0,nuevo
113283,Aurelia Portero Benavente,2020-11-02,0,nuevo
110508,Concha del Martin,2022-09-04,0,nuevo
109886,Bruno Chaparro Torralba,2023-11-06,0,nuevo
114917,Corona Cuevas Amor,2022-04-27,0,nuevo
109278,Jordi Jiménez Santiago,2024-04-08,0,nuevo
102525,Clímaco Ortega-Benitez,2020-04-23,0,nuevo
111981,Otilia Amo Pizarro,2022-06-03,0,nuevo
111847,Pilar Pera Carreño,2021-02-08,0,nuevo
114178,Balduino Peña Santana,2022-08-22,0,nuevo
112800,Merche Vicente Batalla,2024-06-16,0,nuevo
112512,Rodrigo Mayo Donoso,2021-08-06,0,nuevo
100041,María Carmen del Amor,2020-11-17,0,nuevo
113058,Noé Mate,2024-03-31,0,nuevo
112049,Ligia Eliana Tormo Fuertes,2022-05-23,0,nuevo
106817,Cirino Ramirez Gargallo,2021-11-04,0,nuevo
111953,Erasmo Crespo,2021-08-29,0,nuevo
112700,Baudelio Marín-Cañizares,2021-05-02,0,nuevo
102724,Samuel Almansa,2022-12-17,0,nuevo
109336,Gloria Lladó Rovira,2021-12-16,0,nuevo
115151,Ciríaco Bonifacio Palomino Reina,2021-11-23,0,nuevo
111947,Anabel Cloe Plaza Fortuny,2020-03-26,0,nuevo
112218,Margarita Urrutia Carrasco,2022-02-25,0,nuevo
107231,Graciana Leal,2020-11-28,0,nuevo
110413,Eric Eustaquio Anaya Angulo,2020-08-23,0,nuevo
105076,Lucho Macías Plaza,2021-06-10,0,nuevo
105395,Carmelo Esparza Gracia,2021-01-22,0,nuevo
109642,Maricela Sala Vallejo,2020-09-24,0,nuevo
107790,Maxi Alsina,2021-05-23,0,nuevo
104089,Sergio Llanos-Acevedo,2023-10-22,0,nuevo
114007,Galo del Escolano,2024-08-27,0,nuevo
113723,África Morena Pagès Tirado,2020-08-29,0,nuevo
114938,Evita Cid-Báez,2021-01-25,0,nuevo
100424,Xiomara Reig Torre,2021-01-19,0,nuevo
114445,Edelmira Ripoll Maza,2023-03-22,0,nuevo
113357,Buenaventura de Dalmau,2024-04-01,0,nuevo
111811,Gracia Sebastián Cepeda,2020-07-23,0,nuevo
109032,Hermenegildo Muñoz Pino,2023-02-16,0,nuevo
102660,Duilio Múgica-Cornejo,2020-04-02,0,nuevo
100142,Ángeles del Palomino,2023-05-10,0,nuevo
102598,Humberto Tirado Chamorro,2024-03-08,0,nuevo
101378,Daniel Hierro Vidal,2021-04-05,0,nuevo
109659,Trinidad Gutiérrez Rodrigo,2022-06-18,0,nuevo
104742,Ofelia Feijoo-Castell,2022-08-29,0,nuevo
101788,Julián Tenorio Molina,2024-08-22,0,nuevo
104647,Soraya Vives Lasa,2021-09-26,0,nuevo
107569,Amancio Cantero Velázquez,2021-03-27,0,nuevo
106116,Eli Estrella Cobo Velázquez,2020-09-30,0,nuevo
108180,Aureliano Carrión,2023-12-09,0,nuevo
100949,Juanito Español Osorio,2023-02-22,0,nuevo
109529,Micaela Peinado Pulido,2023-08-08,0,nuevo
106371,Diego Blanes Barrios,2023-12-16,0,nuevo
104629,Jonatan Mayoral Sanabria,2020-11-03,0,nuevo
105926,Florentino Villena Hernández,2023-11-16,0,nuevo
106041,Mamen Baquero Gisbert,2021-11-03,0,nuevo
109795,Reyna Ana Belén Rodrigo Alberto,2023-04-12,0,nuevo
108832,Rosendo Garrido Cañete,2020-04-02,0,nuevo
109047,Felicia Manuelita Córdoba Vidal,2023-08-25,0,nuevo
106145,Dominga Santamaria Acosta,2020-06-08,0,nuevo
114107,Matilde Alvarez,2021-02-20,0,nuevo
109263,Anita Martina Coll Zabala,2020-11-18,0,nuevo
100156,Asunción Sanmiguel,2024-08-18,0,nuevo
112392,Nydia Navarro Larrañaga,2020-08-26,0,nuevo
101090,Abel Barragán Almeida,2020-11-19,0,nuevo
114267,Lupe Páez Amat,2022-06-15,0,nuevo
107951,Marcelino Bonilla,2021-09-11,0,nuevo
111102,Apolonia Hervia León,2024-06-08,0,nuevo
101675,Raúl Martinez Maza,2021-01-24,0,nuevo
106764,Javiera Raya Lara,2023-07-04,0,nuevo
113046,Cruz Rebollo Navas,2020-10-24,0,nuevo
114888,Jesús Vilaplana Coll,2023-10-18,0,nuevo
102327,Martirio Egea Garrido,2021-04-02,0,nuevo
106451,Alejo Armando Aragonés Valero,2020-12-14,0,nuevo
114469,Inés Gimeno,2021-08-24,0,nuevo
108382,Reina del Manjón,2023-04-21,0,nuevo
109434,Edelmira Pozo Sarabia,2024-08-13,0,nuevo
103832,Cayetano Calleja Canals,2023-08-20,0,nuevo
103349,Arcelia Lledó-Coll,2020-12-01,0,nuevo
114825,Jennifer Ferrer-Dominguez,2020-08-13,0,nuevo
109178,Verónica de Peláez,2021-03-29,0,nuevo
110014,Emma Asenjo Ledesma,2021-04-07,0,nuevo
100588,Marcelo Fito Roldan Canals,2021-07-19,0,nuevo
110965,Natalio Arranz Toro,2023-10-27,0,nuevo
114830,Narciso Ponce Olivares,2020-11-28,0,nuevo
110092,Margarita Saavedra-Cantero,2022-12-27,0,nuevo
112287,Modesta Montenegro Muro,2022-04-30,0,nuevo
113824,Adelaida Luján Feijoo,2021-07-03,0,nuevo
111750,Martín Arias Castañeda,2023-09-25,0,nuevo
109588,Anacleto Cid Rodrigo,2021-08-02,0,nuevo
100265,Custodia Guillen Ordóñez,2020-03-17,0,nuevo
114851,Marcela de Oliver,2022-09-15,0,nuevo
110132,Melisa Ricarda Soto Soler,2020-09-26,0,nuevo
110436,José Valverde Coca,2023-08-09,0,nuevo
110593,José Manuel Coronado Abascal,2023-10-13,0,nuevo
106275,Francisca Mendez Lloret,2021-03-04,0,nuevo
113522,Alfonso Heras Tovar,2023-11-03,0,nuevo
108439,Lorenzo Rozas,2020-04-23,0,nuevo
101530,Eva María Aguiló Hidalgo,2024-01-29,0,nuevo
112774,Goyo Checa Lasa,2021-10-17,0,nuevo
100924,Francisco Paredes Jover,2024-05-25,0,nuevo
112212,Telmo Berto Benet Ojeda,2020-05-27,0,nuevo
104365,Pío Gascón Suarez,2021-10-17,0,nuevo
100670,Juan Antonio Báez Carnero,2023-11-13,0,nuevo
105109,Berto Ponce Mercader,2023-07-15,0,nuevo
114038,Enrique Mayoral Prats,2021-05-05,0,nuevo
107184,Sofía Nazaret Capdevila Español,2021-02-11,0,nuevo
110889,Lucio Isern Gomila,2022-12-18,0,nuevo
102592,Moisés Santana Mayoral,2021-04-06,0,nuevo
105907,Diego Garmendia-Cuéllar,2020-08-05,0,nuevo
106510,Aura Fuente Mercader,2021-01-20,0,nuevo
107134,Esteban Roque Montalbán Borrás,2020-10-09,0,nuevo
102308,Ángel Conde Checa,2020-05-04,0,nuevo
100688,Cipriano Goicoechea Olmedo,2021-05-21,0,nuevo
107168,Evelia Reyes Valls,2024-08-25,0,nuevo
112941,Rico Avilés Bonilla,2024-01-18,0,nuevo
103201,Berta Melero Tur,2020-06-17,0,nuevo
110460,Natividad Duran-Arenas,2024-04-16,0,nuevo
101899,Reinaldo Quiroga Uribe,2022-05-19,0,nuevo
100283,Américo Salamanca Ballesteros,2020-09-19,0,nuevo
100259,Rebeca Artigas Lastra,2022-05-11,0,nuevo
111117,Rodrigo Valcárcel,2021-08-21,0,nuevo
114689,Dolores Vila Antón,2020-12-12,0,nuevo
111532,Paca Pizarro Vergara,2021-05-25,0,nuevo
115040,Julio Olivé Pacheco,2021-04-04,0,nuevo
105224,Ciriaco Agustí Alegre,2023-12-28,0,nuevo
106064,Martín Valenciano Grande,2023-10-10,0,nuevo
108079,Octavio Becerra,2020-03-06,0,nuevo
106711,Flor Querol-Baños,2020-06-02,0,nuevo
114534,Demetrio del Gomez,2023-08-02,0,nuevo
110404,Lourdes Vicens Piñol,2021-01-29,0,nuevo
102556,Blanca Canals Robledo,2023-10-05,0,nuevo
108088,Lupita Torrecilla-Luján,2020-12-20,0,nuevo
100008,Duilio del Oliva,2023-05-23,0,nuevo
111850,Edmundo Nazario Montserrat Almagro,2021-10-30,0,nuevo
106412,Yolanda Pina,2022-07-02,0,nuevo
113895,Leandro Bartolomé Peral Alberdi,2022-12-02,0,nuevo
102427,Óscar Estrada,2020-05-17,0,nuevo
110007,Adán Sobrino-Viñas,2020-10-10,0,nuevo
101578,Geraldo Calvet Tapia,2021-05-20,0,nuevo
107265,Cornelio de Rovira,2021-06-26,0,nuevo
109260,Martin Jaume Tomas,2020-10-26,0,nuevo
110184,Gregorio Perera Donaire,2021-05-03,0,nuevo
105880,Matilde Arévalo Manzanares,2022-03-21,0,nuevo
114164,Gregorio Rodrigo Villegas,2023-04-07,0,nuevo
114540,Ileana Cámara Vázquez,2021-03-26,0,nuevo
103868,Luciano Bejarano Contreras,2022-08-02,0,nuevo
114675,Samanta Gomila-Vila,2022-05-29,0,nuevo
106824,Melisa Múñiz-Recio,2021-09-03,0,nuevo
111241,Bibiana Rincón Mur,2023-03-31,0,nuevo
107549,Vinicio Valle Lobo,2021-10-18,0,nuevo
100782,Domingo Alcalá-Cordero,2023-09-08,0,nuevo
106520,Iris Martín Silva,2021-03-30,0,nuevo
105775,Teo Gonzalo Ródenas,2020-10-14,0,nuevo
102325,Benita Verdejo Tomé,2022-08-27,0,nuevo
110272,Emilia Jordán Alegre,2020-08-05,0,nuevo
105056,Claudio Armengol Benítez,2023-06-18,0,nuevo
110801,Borja Vergara Blasco,2020-07-01,0,nuevo
110483,Martin de Gabaldón,2022-12-21,0,nuevo
100611,Cándido Rozas Colom,2021-11-08,0,nuevo
104667,Isa Orozco Garmendia,2023-08-07,0,nuevo
105414,Carmela Bernat,2020-11-01,0,nuevo
108104,Manolo Rivera Peralta,2022-10-29,0,nuevo
108175,Duilio Rodrigo Guillén,2023-06-24,0,nuevo
111350,Danilo Castejón Navarro,2024-07-03,0,nuevo
103751,Marisa Abellán Sanjuan,2020-10-09,0,nuevo
111408,Gastón Amador Llanos,2023-07-16,0,nuevo
100098,Cristian Rozas Bello,2023-10-09,0,nuevo
106986,Cleto Rojas Moll,2020-03-11,0,nuevo
103138,Roberta Albina Baquero Quiroga,2021-04-28,0,nuevo
101538,Anabel Piñol Vilar,2024-04-23,0,nuevo
111781,Norberto Hernando Rosell Galan,2023-09-21,0,nuevo
113846,Yéssica Macias Madrid,2021-04-17,0,nuevo
101518,Francisco Doménech Goicoechea,2020-09-08,0,nuevo
104625,Néstor Nilo Miró Cobo,2022-04-20,0,nuevo
111862,Anabel Díez Barragán,2020-06-04,0,nuevo
102091,Timoteo Barberá Arco,2020-06-01,0,nuevo
106172,Tiburcio de Larrañaga,2022-09-14,0,nuevo
107522,Teresita Pintor,2023-09-17,0,nuevo
100573,Alicia Gallardo-Gras,2020-07-03,0,nuevo
114820,Calixto Ropero Cerro,2022-08-05,0,nuevo
114138,Matías Arranz Coloma,2020-03-21,0,nuevo
103063,Ruperta Escamilla Zapata,2021-03-16,0,nuevo
107346,Leonardo Solís Vaquero,2021-10-08,0,nuevo
106305,Verónica Oliver Carmona,2023-05-03,0,nuevo
114713,Toño Peña Calderon,2023-07-29,0,nuevo
113468,Nico Cuéllar,2020-09-12,0,nuevo
105977,Chucho Benito Vaquero,2021-08-30,0,nuevo
108563,Eustaquio Llano Zabaleta,2021-03-03,0,nuevo
101939,Eleuterio Pozuelo Lledó,2024-03-07,0,nuevo
103671,Anna Redondo-Calzada,2021-08-13,0,nuevo
111845,Jordán de Agustín,2024-03-15,0,nuevo
112501,Máxima Ávila Pomares,2023-05-23,0,nuevo
102362,Manola Quevedo Vallejo,2021-05-13,0,nuevo
105433,Nazaret Colom Pascual,2022-10-05,0,nuevo
106286,María Pilar Valentín Fernández,2024-01-31,0,nuevo
114749,Quirino Alemany Roig,2020-07-03,0,nuevo
111930,Jordi Silva Casals,2020-05-02,0,nuevo
112187,Isa Azorin,2021-12-11,0,nuevo
114182,Lorenzo Gutierrez Alsina,2022-05-02,0,nuevo
105592,Petrona Santamaria Herranz,2022-10-12,0,nuevo
107928,Prudencia Borrell Araujo,2021-05-16,0,nuevo
109615,Gastón Escalona-Almansa,2022-02-16,0,nuevo
111334,Máximo Fabricio Marí Borrell,2024-01-30,0,nuevo
114572,José Manuel Solís Soriano,2023-12-31,0,nuevo
114279,Elvira Ferreras Esparza,2024-05-30,0,nuevo
100875,Juana Meléndez-Cañizares,2021-03-26,0,nuevo
102644,Lucas Torrents-Barco,2023-06-18,0,nuevo
114446,Isidora Gual-Grau,2021-07-07,0,nuevo
105348,Berto Montes Matas,2023-01-12,0,nuevo
109033,Duilio Pelayo Villena Sala,2024-08-10,0,nuevo
100582,Josué Arnaiz Vizcaíno,2023-09-23,0,nuevo
100205,Flor Rosalía Bastida Fabra,2022-08-26,0,nuevo
107897,Quirino Calderón,2022-04-26,0,nuevo
109834,Salud de Luz,2021-06-07,0,nuevo
102015,Nayara Hervia,2021-08-22,0,nuevo
111664,Cleto Fuentes Batlle,2020-05-20,0,nuevo
100906,Cornelio Castejón Roldán,2020-12-04,0,nuevo
108462,Nicanor Cruz Soriano Bernad,2022-10-01,0,nuevo
101975,Julián Benet Echeverría,2022-04-11,0,nuevo
112835,Albino Iñiguez Pereira,2024-01-23,0,nuevo
109558,Heliodoro Saura-Reyes,2020-05-14,0,nuevo
107737,Ibán del Guzman,2021-09-03,0,nuevo
104284,Erasmo Molins Anglada,2021-06-28,0,nuevo
107532,Valentina Sebastián Patiño,2024-06-21,0,nuevo
112376,Jeremías Miralles Murillo,2020-10-02,0,nuevo
110054,Amaro Palma Diaz,2022-12-10,0,nuevo
110852,Seve Saez Cifuentes,2021-04-24,0,nuevo
103385,Rómulo Jover Vergara,2022-08-09,0,nuevo
112643,Dionisia Nevado Morcillo,2024-06-11,0,nuevo
114249,Maricela Angelita Cuesta Tolosa,2020-07-11,0,nuevo
103332,Samu del Miranda,2022-07-03,0,nuevo
114852,Casandra Valenciano-Montes,2024-05-24,0,nuevo
108896,Filomena Carrera Aznar,2023-09-03,0,nuevo
113075,Emelina Chus Pol Solana,2024-04-23,0,nuevo
108000,Melania Barco Nevado,2021-03-21,0,nuevo
108739,Yaiza Ariño Larrañaga,2020-12-11,0,nuevo
106901,Sandalio Vendrell Serna,2023-09-20,0,nuevo
102611,Joaquín Pino Ramírez,2023-07-04,0,nuevo
108187,Sabas Valentín Cervera,2021-11-21,0,nuevo
103921,Dalila Izquierdo Vallés,2020-03-12,0,nuevo
102758,Buenaventura del Viña,2023-05-06,0,nuevo
106398,Gisela Maricruz Alemán Plana,2023-09-01,0,nuevo
110078,Clímaco Exposito,2024-05-28,0,nuevo
111889,Hortensia Morera,2024-03-24,0,nuevo
102098,Pancho Zurita Terrón,2020-11-09,0,nuevo
105625,Adelia Pizarro Zamorano,2023-09-13,0,nuevo
103472,Bienvenida Lopez Jáuregui,2022-02-03,0,nuevo
108267,Manuelita Piñol Carreras,2022-04-23,0,nuevo
108591,Faustino Pío Ramis Carrasco,2024-03-09,0,nuevo
101284,Marco Leocadio Fuente Requena,2022-05-03,0,nuevo
113279,Araceli Grau Mayo,2023-09-04,0,nuevo
110029,Gertrudis Juan Chaparro,2022-12-21,0,nuevo
101652,Arturo Perelló Puig,2022-05-23,0,nuevo
114975,José Cifuentes Escribano,2020-04-04,0,nuevo
101170,Jennifer Andrade Tejera,2024-03-01,0,nuevo
110721,Paola de Gimenez,2022-01-13,0,nuevo
109399,Apolinar Amancio Estrada Serrano,2024-07-22,0,nuevo
113605,Vicenta Zaragoza Téllez,2024-01-29,0,nuevo
110259,Joaquín Padilla Llorente,2020-05-06,0,nuevo
111167,Edu Maestre Canet,2021-05-12,0,nuevo
105094,Félix Campoy Pozo,2024-05-19,0,nuevo
105434,Rosaura Gomis Fernández,2022-03-11,0,nuevo
100542,Eloísa del Jurado,2023-07-21,0,nuevo
109325,Alba Araujo Tapia,2021-04-24,0,nuevo
106355,Georgina Acuña Andres,2022-06-19,0,nuevo
103391,Andrea Almazán Castrillo,2023-03-02,0,nuevo
113177,Apolinar Olmo Gil,2023-11-05,0,nuevo
111155,Octavia Gaya-Guerra,2023-01-29,0,nuevo
111452,Josep Pascual Sola,2022-06-14,0,nuevo
111006,Celestina Oliva Carrillo,2024-05-07,0,nuevo
103960,Elvira Roldan,2020-07-14,0,nuevo
114447,Celia Noguera-Rius,2023-10-05,0,nuevo
106644,Primitivo Cervera,2023-12-11,0,nuevo
106842,Trinidad Coll,2021-05-12,0,nuevo
112894,Juliana Bejarano Cerro,2023-08-31,0,nuevo
112565,Georgina Chacón Morata,2021-09-02,0,nuevo
112393,Alondra Carbonell Palomino,2022-08-25,0,nuevo
101081,María Alcalá Montaña,2022-03-15,0,nuevo
110278,Jordana Alemany Robles,2021-01-18,0,nuevo
104967,Roberta Revilla,2023-09-26,0,nuevo
114004,Haydée Cuenca,2022-07-18,0,nuevo
113595,Olegario Flor Muro,2023-04-02,0,nuevo
100227,José Luis Barba Posada,2024-03-18,0,nuevo
101014,Corona Infante Alegre,2022-08-13,0,nuevo
113055,Danilo Vallés Tovar,2020-03-16,0,nuevo
105252,David Aguiló Carreño,2022-10-25,0,nuevo
109597,Marcial Ibañez Torrijos,2024-07-21,0,nuevo
102180,Xavier Fuentes Peiró,2022-08-16,0,nuevo
100698,Sabas del Salvà,2024-08-16,0,nuevo
101125,Ema Chaparro,2023-12-22,0,nuevo
107379,Agustina del Figueras,2022-09-23,0,nuevo
112088,Lucho Vallés,2023-10-12,0,nuevo
112763,Marcelino Cervantes Porta,2023-04-03,0,nuevo
105111,Graciana Uribe-Domínguez,2023-08-30,0,nuevo
107903,Iris Soria Gimenez,2024-01-23,0,nuevo
101779,Vasco Pareja Moreno,2023-04-29,0,nuevo
102635,Segismundo Pedrero Casas,2020-11-08,0,nuevo
103490,Leandra Clemente-Pujadas,2023-03-13,0,nuevo
101038,Leticia Paz-Santamaría,2021-03-05,0,nuevo
112715,Isaura Tamarit-Herranz,2022-10-02,0,nuevo
102650,Ibán Tolosa-Parra,2022-05-18,0,nuevo
102980,Onofre Vargas Ferrero,2023-01-21,0,nuevo
105133,Adela Calleja,2023-11-16,0,nuevo
102160,Roque del Viana,2022-05-13,0,nuevo
109115,Quirino Soriano Cuevas,2020-05-12,0,nuevo
106446,Belén Vilaplana Peralta,2021-08-12,0,nuevo
103968,Cirino Bayo,2024-01-31,0,nuevo
101429,Ágata Bonilla Feijoo,2023-06-22,0,nuevo
113097,Rubén Viana Castell,2022-08-28,0,nuevo
102521,Leopoldo Puga Antúnez,2020-10-31,0,nuevo
108034,Iris Ripoll,2022-10-14,0,nuevo
113452,Esmeralda de Alegre,2023-11-13,0,nuevo
100449,Herminio del Tomas,2023-10-26,0,nuevo
113218,Isidora de Conde,2020-03-08,0,nuevo
109477,Isabel Rosario Jáuregui Pedrero,2021-05-05,0,nuevo
105996,Teófila Cifuentes Lara,2023-03-07,0,nuevo
112493,Reinaldo Chamorro Cañete,2023-05-30,0,nuevo
108554,Perlita Molina Zamorano,2023-02-27,0,nuevo
106280,Yolanda Palmira Bernat Alberto,2020-12-19,0,nuevo
113931,Germán Baños Valcárcel,2023-10-30,0,nuevo
107296,Jessica Álvaro Rozas,2022-07-30,0,nuevo
102461,Cecilia del Cañas,2022-06-07,0,nuevo
100023,Poncio del Ferrán,2023-03-27,0,nuevo
108895,Calisto Blanes Barceló,2023-06-27,0,nuevo
101377,Violeta Cáceres Haro,2020-05-30,0,nuevo
101725,Che Daza Marco,2023-03-14,0,nuevo
110661,Vilma Mateu,2023-01-24,0,nuevo
103755,Bernardino Escobar Plana,2022-06-01,0,nuevo
108653,Apolonia Amador Rovira,2020-12-03,0,nuevo
104083,Ester Escamilla Pinilla,2024-03-10,0,nuevo
109679,Severiano Castañeda Cases,2021-09-04,0,nuevo
109679,Severiano Castañeda Cases,2021-09-04,0,nuevo
111871,Mauricio Sanz Borrás,2024-08-24,0,nuevo
106580,Sarita Bermudez Sanabria,2023-01-20,0,nuevo
107004,Amor Quintero Moreno,2020-03-03,0,nuevo
110774,Gabriel Norberto Zaragoza Téllez,2024-08-27,0,nuevo
108790,Loida Tejedor Paredes,2021-03-06,0,nuevo
100647,Aurelio Cerro Guardia,2020-04-21,0,nuevo
115092,Lalo Ortega Rius,2022-11-12,0,nuevo
112540,Dimas Royo Villegas,2021-02-07,0,nuevo
107166,Hortensia Mir-Quirós,2023-07-24,0,nuevo
111661,Azahara Llorente Recio,2021-04-29,0,nuevo
107698,Poncio del Rocamora,2022-06-16,0,nuevo
114656,Adela Figueras Samper,2021-07-24,0,nuevo
104876,David Julián Asenjo Montesinos,2024-04-02,0,nuevo
110737,Nando Jerez Tovar,2022-02-05,0,nuevo
113290,Blas Guardia Palomares,2021-01-24,0,nuevo
112259,Jordán Sevilla Botella,2020-04-17,0,nuevo
107032,María del Medina,2023-06-23,0,nuevo
111436,Angelina Guijarro Millán,2021-12-26,0,nuevo
102462,Gastón Lladó Sevilla,2023-06-09,0,nuevo
111030,Sandra Díez-Hurtado,2023-06-13,0,nuevo
106268,Jose Carlos Carlos Novoa,2020-03-06,0,nuevo
104942,Evangelina Borja Portero,2024-03-07,0,nuevo
105947,Isa Mulet Alegre,2023-03-31,0,nuevo
104584,Cirino Ródenas,2021-01-21,0,nuevo
112233,Clímaco Vázquez Martin,2020-06-28,0,nuevo
110423,Andrés Losada España,2021-05-23,0,nuevo
113271,Martirio Carnero Camacho,2020-05-18,0,nuevo
110513,Julie Vallejo-Plana,2022-04-12,0,nuevo
100522,Alondra Campos Cabello,2024-07-30,0,nuevo
108715,Fernando Peinado Valcárcel,2024-07-07,0,nuevo
113708,Adelina Valentín Palacios,2022-10-28,0,nuevo
103984,Tomasa Mendoza,2024-02-03,0,nuevo
114887,Adela Rosell Bermejo,2021-04-11,0,nuevo
100781,Mauricio Estévez Conde,2021-09-22,0,nuevo
110614,Sandra Fuster Peiró,2023-12-03,0,nuevo
105608,Teodosio Cortina Llanos,2022-07-18,0,nuevo
103748,Leonardo Gallo Colom,2023-05-13,0,nuevo
102197,Cruz Boada Mayo,2022-01-24,0,nuevo
112407,Severo Escalona Parra,2020-08-25,0,nuevo
110409,Manuela del Cifuentes,2021-07-08,0,nuevo
109833,Norberto Vilalta Marqués,2021-10-02,0,nuevo
109806,Moisés Ayuso Gonzalez,2022-03-05,0,nuevo
101828,Verónica Luciana Baró Arcos,2023-07-10,0,nuevo
111825,Teodoro Casares-Figueras,2021-01-10,0,nuevo
102377,Feliciano Pagès-Rubio,2021-05-21,0,nuevo
108552,Odalys Piñol,2021-04-14,0,nuevo
114730,Fabiana Esteban Solé,2021-11-02,0,nuevo
101247,Tecla Barrera Agustí,2024-01-21,0,nuevo
107505,Leticia de Esteban,2022-04-17,0,nuevo
111484,Marcial Pelayo Aguilera,2021-02-03,0,nuevo
114257,Florina Piña Montesinos,2024-03-14,0,nuevo
105440,Lisandro Baeza Miranda,2022-06-20,0,nuevo
110760,Leire Tello Cal,2024-07-03,0,nuevo
111616,Eva Pino Cisneros,2020-03-18,0,nuevo
108965,Jaime Becerra Doménech,2021-11-18,0,nuevo
115127,Eva María Múgica Vilar,2023-07-11,0,nuevo
105331,Ligia Granados Gordillo,2021-03-16,0,nuevo
100366,Ceferino Kike Campillo Bas,2020-05-27,0,nuevo
112090,Vicente Leocadio Bravo Marcos,2022-08-16,0,nuevo
101669,Porfirio Rovira Diez,2020-10-05,0,nuevo
111281,Édgar Pont Pulido,2022-01-27,0,nuevo
107651,Fanny Barrio Iglesia,2024-03-19,0,nuevo
108600,Elpidio del Pozo,2023-05-05,0,nuevo
111699,Geraldo Batalla-Figueras,2024-06-11,0,nuevo
107789,Natanael Lobato Caballero,2024-04-01,0,nuevo
104941,Balduino Lozano Salvà,2024-02-14,0,nuevo
106231,Pastora de Pizarro,2021-05-26,0,nuevo
112618,Claudio Soler Quintanilla,2020-11-07,0,nuevo
109048,Claudio Saturnino Arenas Diez,2021-06-20,0,nuevo
113309,Azucena de Redondo,2020-12-13,0,nuevo
100079,Celestino Quintanilla,2023-03-22,0,nuevo
102248,Fabiana Batalla Arnal,2022-10-12,0,nuevo
112836,Javier Dalmau Camacho,2021-08-29,0,nuevo
114957,Baltasar Narváez,2020-08-29,0,nuevo
112888,Cristian Jose Miguel Iniesta Arce,2021-09-04,0,nuevo
102280,Nicanor Lobo-Saavedra,2022-05-07,0,nuevo
112288,Virgilio Zabala Peñas,2022-01-05,0,nuevo
114734,Hermenegildo Escamilla Bayona,2023-12-23,0,nuevo
103632,Nicolás Gabino Donaire Aroca,2020-03-20,0,nuevo
106273,Haydée Ribera Bautista,2023-10-19,0,nuevo
103192,Maricruz Iglesia-Quintero,2021-03-16,0,nuevo
100017,Jimena Hervia Gonzalez,2020-11-01,0,nuevo
104201,Nydia Carbonell-Agustí,2022-10-22,0,nuevo
102673,Goyo Vicens Dueñas,2023-01-18,0,nuevo
114865,Erasmo del Mínguez,2021-04-07,0,nuevo
106165,Marcial Andreu Niño,2022-06-07,0,nuevo
113200,Calixta Gloria Marco Chamorro,2021-06-18,0,nuevo
100594,Dionisio Vázquez Maestre,2024-07-01,0,nuevo
114515,Melisa Palomar,2023-10-13,0,nuevo
112471,Bernabé Ribas Alvarado,2024-06-09,0,nuevo
105888,Salvador Robledo-Pujol,2022-02-03,0,nuevo
102356,Sebastian Maximiliano Company Merino,2020-10-28,0,nuevo
106037,Ignacia Bayona Terrón,2020-06-14,0,nuevo
104799,Fausto Peñas Mur,2024-03-01,0,nuevo
113474,Leopoldo Criado Huguet,2020-07-07,0,nuevo
104593,Porfirio Baró Exposito,2023-12-10,0,nuevo
111235,Febe de Salcedo,2020-09-08,0,nuevo
108657,Flavio Acuña,2024-06-17,0,nuevo
114439,Rafa de Codina,2022-07-06,0,nuevo
115222,Micaela Luz Quirós Teruel,2020-10-08,0,nuevo
110202,Artemio Montes Llorens,2022-10-12,0,nuevo
106357,Tere Anastasia Cañellas Barba,2021-07-27,0,nuevo
111277,Vicenta Jaén Aguiló,2022-03-28,0,nuevo
109093,José Ángel Coca Morcillo,2023-12-27,0,nuevo
106008,Encarnación Lucila Parra Losada,2021-12-22,0,nuevo
107639,Mateo Viña Busquets,2021-04-14,0,nuevo
106794,María Fernanda Pozuelo Feliu,2023-12-17,0,nuevo
110901,Custodio Company Amo,2021-09-18,0,nuevo
107759,Lupe Toledo Pozo,2021-06-29,0,nuevo
102294,Narcisa Loreto Angulo Fuster,2020-12-16,0,nuevo
106549,Anita de Valentín,2023-04-23,0,nuevo
107899,Malena Torrecilla-Mir,2020-06-14,0,nuevo
104482,Gerónimo Berrocal Galindo,2021-11-13,0,nuevo
106141,Blas Gracia Carrión,2023-01-24,0,nuevo
101550,Rafael Palomar-Lobo,2022-05-09,0,nuevo
111222,Calista Pombo Torrecilla,2021-11-16,0,nuevo
110332,Bernarda Segarra-Roman,2023-03-05,0,nuevo
105694,Luis Ángel Coloma Dávila,2021-07-30,0,nuevo
107871,Buenaventura Zaragoza Garmendia,2024-08-29,0,nuevo
109701,Vito Osorio Castelló,2022-08-04,0,nuevo
103303,Irene Lorenzo,2021-09-12,0,nuevo
104518,Mohamed Jordá,2020-09-18,0,nuevo
101383,Ciríaco Pareja Herranz,2021-05-14,0,nuevo
110341,Loida Judith Coca Cueto,2022-08-15,0,nuevo
105672,Nuria del Noguera,2022-04-29,0,nuevo
109075,Teodosio Plana Ripoll,2024-03-04,0,nuevo
111758,Juan Francisco Duilio Garay Gordillo,2020-03-21,0,nuevo
114686,Poncio del Francisco,2022-10-25,0,nuevo
105449,Agustín de Girona,2024-06-26,0,nuevo
112437,Débora Cuervo Atienza,2020-03-07,0,nuevo
110323,Lorena Samper Torre,2023-01-04,0,nuevo
108649,Florentino Villanueva Jara,2021-03-23,0,nuevo
110143,Lucio Pera,2022-12-22,0,nuevo
100690,Eustaquio Nebot Vigil,2024-06-24,0,nuevo
113797,Isabel Nicolás Andreu,2021-05-11,0,nuevo
107155,Yéssica Tovar Blanca,2021-12-14,0,nuevo
106611,Angelita Cuéllar Barceló,2020-04-04,0,nuevo
113339,Heraclio Hurtado Aroca,2021-05-01,0,nuevo
102495,Ágata Figueras Carrión,2020-06-29,0,nuevo
111796,Jesús Pareja Villalobos,2021-09-12,0,nuevo
100846,Julián Navarro Ferrer,2023-02-14,0,nuevo
108735,María Belén Lozano Pinedo,2023-04-19,0,nuevo
112380,Ascensión Tamara Adadia Sotelo,2022-10-15,0,nuevo
111872,Tomasa Serna Garmendia,2024-06-03,0,nuevo
112416,Agapito Trillo Castilla,2024-02-09,0,nuevo
107968,Basilio Hurtado Gisbert,2023-02-16,0,nuevo
107341,Domitila Valdés Julián,2021-08-27,0,nuevo
112880,Gustavo Blasco Moll,2022-10-05,0,nuevo
101049,Espiridión Alcalá Montserrat,2021-04-21,0,nuevo
102531,Belén Torrents Acosta,2023-07-27,0,nuevo
111139,Irene Muñoz Cisneros,2021-02-08,0,nuevo
109326,Nilo del Castellanos,2024-03-18,0,nuevo
105902,Georgina Ojeda,2023-10-07,0,nuevo
108287,Victoria Salas Juliá,2022-04-21,0,nuevo
113347,Pacífica Roura-Batlle,2022-04-29,0,nuevo
113453,Inocencio Martinez Medina,2022-03-04,0,nuevo
105657,Benjamín José Antonio Valls Torrijos,2022-02-01,0,nuevo
112554,Hernán Peñalver Cámara,2021-10-26,0,nuevo
106098,Flavia Carmona Campo,2023-12-31,0,nuevo
105908,Ovidio Vila Berenguer,2021-07-10,0,nuevo
108265,Itziar Natividad Ros Gallardo,2020-08-29,0,nuevo
113675,Ruperta Santamaria Ramón,2022-07-13,0,nuevo
112112,Adelaida Moliner,2022-12-14,0,nuevo
103139,Prudencio Mariano Escribano Mir,2021-12-29,0,nuevo
114384,Aníbal Goicoechea Español,2020-07-15,0,nuevo
111422,Juan Francisco Cases,2022-07-29,0,nuevo
101827,Aránzazu Coll Rojas,2021-04-14,0,nuevo
105549,Maricela Cabezas-Arenas,2021-02-27,0,nuevo
110918,Cecilio Buenaventura Ariza Cal,2021-01-11,0,nuevo
113732,Cruz José Noriega Esteve,2024-05-01,0,nuevo
105436,Toño Collado,2021-09-10,0,nuevo
104438,Custodia Jove,2021-07-19,0,nuevo
110383,Rita Molins Ibáñez,2023-02-27,0,nuevo
108598,Ciro Melchor Agustí Botella,2021-09-30,0,nuevo
108454,Melchor Iglesias Barrena,2020-11-08,0,nuevo
101690,Cebrián del Morera,2024-06-23,0,nuevo
114016,Marcial Nuñez Arellano,2024-08-16,0,nuevo
105963,Lalo Dani Campos Francisco,2021-10-11,0,nuevo
112737,Paulino Miralles,2020-08-05,0,nuevo
100341,Modesto José Ángel Aranda Sierra,2023-07-06,0,nuevo
112997,Rico Rivera Hurtado,2023-11-07,0,nuevo
105783,Etelvina María Teresa Pla Ramírez,2023-01-17,0,nuevo
104577,Vicenta Carrasco Cuesta,2021-10-31,0,nuevo
109716,Jesús de Aguiló,2022-10-15,0,nuevo
113400,Olalla del Barceló,2021-03-20,0,nuevo
101013,Remedios Rubio Martin,2021-12-05,0,nuevo
105281,Adela Bonilla Camps,2023-03-07,0,nuevo
104896,Carina Hernández,2021-05-03,0,nuevo
109959,Pastora Martí Córdoba,2023-09-04,0,nuevo
107122,Nidia Martí Tello,2020-07-08,0,nuevo
106550,Geraldo Trillo Martínez,2022-01-11,0,nuevo
100149,Godofredo Zurita Arranz,2021-05-14,0,nuevo
115033,María Teresa Andrés-Llorente,2021-06-14,0,nuevo
112136,Alejo Villalonga Parra,2022-09-11,0,nuevo
109733,Sosimo Torrents Tirado,2023-07-14,0,nuevo
104444,Susana Lloret Pedraza,2023-08-29,0,nuevo
110755,Evita Barberá Pedro,2024-08-17,0,nuevo
112994,Ángel Aramburu-Ropero,2021-01-27,0,nuevo
103084,Patricio Herrero Juliá,2021-02-15,0,nuevo
114920,Patricia Carranza Navarrete,2020-05-22,0,nuevo
100633,Ramón González Urrutia,2024-04-10,0,nuevo
106814,Custodio Acedo Marí,2023-05-25,0,nuevo
102666,Marta Fernandez Luz,2023-01-08,0,nuevo
112599,Santos Prats Valentín,2022-10-16,0,nuevo
113310,Anselma Diez Palau,2021-01-21,0,nuevo
113100,Evita Aragón Blanes,2021-06-16,0,nuevo
110061,Javi Alvarado Araujo,2021-01-17,0,nuevo
110594,Domitila Feijoo Laguna,2023-09-07,0,nuevo
103875,Alba Fernández Cid,2023-05-11,0,nuevo
112843,Isaías Rey Blanch,2022-10-07,0,nuevo
114857,León Saldaña Armas,2020-04-01,0,nuevo
112346,Valentina Manuel Carbonell,2021-05-30,0,nuevo
113194,Victoria Vallejo Herrera,2023-03-15,0,nuevo
114343,Leticia del Caparrós,2023-07-27,0,nuevo
101736,Anabel del Pastor,2023-09-17,0,nuevo
111016,Luisa Bastida Ordóñez,2020-06-23,0,nuevo
104256,Guiomar Suárez Narváez,2024-06-08,0,nuevo
102476,Leyre Miguela Tomé Arévalo,2021-03-25,0,nuevo
110757,Ximena Cueto,2023-07-21,0,nuevo
103714,Bernardita Saavedra Solé,2020-10-13,0,nuevo
101805,Reyes Villalobos Casals,2024-06-07,0,nuevo
111239,Amador Miguel Olivares,2022-06-08,0,nuevo
114330,Celia Verdugo Galván,2024-01-22,0,nuevo
105190,Aitor Acero Fuentes,2021-12-27,0,nuevo
113556,Elodia Guijarro Guardiola,2020-07-03,0,nuevo
107844,Trinidad Bueno Alemany,2021-04-26,0,nuevo
107844,Trinidad Bueno Alemany,2021-04-26,0,nuevo
112641,Olivia Torrents Cuesta,2023-12-18,0,nuevo
115036,Anunciación Santiago Valera,2024-07-07,0,nuevo
105102,Domingo Roldan-Conde,2022-04-23,0,nuevo
109383,Fabián Cabo Vergara,2023-04-21,0,nuevo
110794,Arsenio Cueto,2022-05-17,0,nuevo
101126,Gisela Casares Gascón,2024-06-29,0,nuevo
101242,Jerónimo Lluch Díez,2023-06-29,0,nuevo
112821,Eva María Ropero Bayo,2021-09-13,0,nuevo
102350,Maura Tur,2022-10-03,0,nuevo
109770,Juan Narváez Pol,2023-02-04,0,nuevo
113528,Jessica Bolaños,2023-08-31,0,nuevo
108633,Leticia Acero-Lledó,2022-10-11,0,nuevo
106653,Verónica Fabregat Madrid,2023-08-19,0,nuevo
101101,Azahar Vizcaíno Manuel,2024-02-09,0,nuevo
110830,Violeta Manso Ayllón,2021-04-07,0,nuevo
109161,Piedad de Caro,2021-11-07,0,nuevo
109739,Etelvina Aurelia Romero Lerma,2020-12-18,0,nuevo
107328,Carina Llamas,2022-11-07,0,nuevo
100988,Natividad Azahar Puig Arévalo,2023-04-11,0,nuevo
102853,Zaida Cuesta Durán,2020-12-15,0,nuevo
111696,Chita Crespi,2021-08-24,0,nuevo
100631,Roberto Sanmiguel Nebot,2022-06-18,0,nuevo
101250,Marcia Sarmiento,2024-02-02,0,nuevo
103180,Rafa Gomis Rocha,2022-06-16,0,nuevo
109777,Simón Jordá Verdejo,2022-09-22,0,nuevo
109655,Ángela Castellanos Alberto,2020-09-02,0,nuevo
103041,Lucila Barriga,2024-03-31,0,nuevo
105011,Ximena Oliver-Carreño,2021-09-28,0,nuevo
113608,Carolina Sarabia-Saldaña,2021-05-14,0,nuevo
106808,Luisina del Vicente,2022-08-24,0,nuevo
101317,Poncio del Ferrán,2024-02-24,0,nuevo
103226,Juan Julio Albero Morales,2024-06-13,0,nuevo
101073,Zoraida Palomar,2022-07-06,0,nuevo
104816,Miriam Solé Lozano,2024-02-03,0,nuevo
113164,Mauricio Carmona Cortés,2023-02-11,0,nuevo
110824,Milagros Ester Castell Torre,2021-01-04,0,nuevo
109853,María Cristina Ruano,2023-02-15,0,nuevo
104617,Baldomero Morales Ibáñez,2021-07-15,0,nuevo
106870,Aarón Haro Barba,2023-01-03,0,nuevo
107286,Xavier Bellido Llamas,2020-10-31,0,nuevo
106285,Felipa Segovia Fiol,2020-12-16,0,nuevo
105496,Lorenzo Artigas Ariza,2021-11-23,0,nuevo
109601,Paulino Colomer Duarte,2021-08-22,0,nuevo
110038,Baltasar Boada Cortes,2024-07-30,0,nuevo
112150,Jenaro Revilla-Gimenez,2020-06-20,0,nuevo
108228,Yago Garriga Soto,2021-03-10,0,nuevo
108637,Águeda Lorenzo Lumbreras,2022-06-09,0,nuevo
108106,Albino Villalonga Montenegro,2021-12-07,0,nuevo
102360,Nazaret Tovar Alberdi,2023-05-24,0,nuevo
114617,Severino Raimundo Santamaria Yáñez,2020-10-04,0,nuevo
103655,Rómulo Carreño Villalobos,2022-07-13,0,nuevo
107053,Américo Frías Cadenas,2024-04-02,0,nuevo
111372,Arturo Juan Pablo Pi Ribas,2021-05-07,0,nuevo
104446,Federico del Piñeiro,2024-02-11,0,nuevo
111609,Clotilde Cabrera-Benet,2023-08-26,0,nuevo
102138,Ruy Niño Pablo,2024-05-11,0,nuevo
106788,Celia Romeu Molins,2020-04-21,0,nuevo
112209,Olga Caro Criado,2020-09-15,0,nuevo
109874,Leonardo del Barros,2021-01-19,0,nuevo
115176,Úrsula del Esparza,2021-09-04,0,nuevo
113251,Carlos Romeu Alberola,2022-04-24,0,nuevo
114697,Carmelita Rosselló Ripoll,2022-02-23,0,nuevo
106895,Benjamín Blanco Diez,2022-12-28,0,nuevo
110734,Débora Castellanos Pacheco,2021-10-18,0,nuevo
108565,Marita Tatiana Losada Barral,2021-11-19,0,nuevo
107152,Marcio Martin Alcalde,2022-07-14,0,nuevo
100964,Raimundo Miranda Mora,2024-04-05,0,nuevo
112612,Maricruz Ojeda,2022-06-05,0,nuevo
115009,Corona Dalmau Quintanilla,2021-06-08,0,nuevo
108907,Mario Enríquez,2024-01-03,0,nuevo
106937,Fanny Amat Ramón,2023-07-30,0,nuevo
106543,Blanca Matas-Iglesias,2024-03-15,0,nuevo
105244,Aránzazu Catalá Gras,2022-11-07,0,nuevo
111381,Martina Quesada Meléndez,2023-06-20,0,nuevo
110031,Daniel Escrivá Jáuregui,2022-06-30,0,nuevo
100407,Godofredo Rueda Báez,2024-02-01,0,nuevo
108213,Casandra Corral Catalán,2021-04-17,0,nuevo
109197,Albano de Luz,2021-01-24,0,nuevo
113027,Leandro Tamarit Manrique,2021-12-29,0,nuevo
110738,Olimpia Alba Ripoll,2023-11-11,0,nuevo
109136,Octavia Salomé Guardia Valencia,2023-07-29,0,nuevo
108235,Lupita del Mas,2021-06-06,0,nuevo
111023,Cándido del Barberá,2023-12-06,0,nuevo
105253,Cayetana Marti Arenas,2020-03-25,0,nuevo
110140,Margarita Bellido Cortina,2020-11-17,0,nuevo
110694,Blanca Dorita Carrera Acosta,2022-08-17,0,nuevo
106472,Miriam Pereira Herrero,2024-04-07,0,nuevo
106229,Jonatan Serra Larrañaga,2021-07-13,0,nuevo
109219,Cecilia Fátima Rosado Mora,2020-07-04,0,nuevo
112041,Buenaventura Lumbreras-Barriga,2023-04-13,0,nuevo
109154,Josefa Marin Verdugo,2023-09-28,0,nuevo
111082,Martina del Díaz,2022-01-27,0,nuevo
107118,Ani Bernal-Silva,2023-01-24,0,nuevo
111761,Luisa Álamo Jover,2020-12-09,0,nuevo
112593,Nereida Tamayo Saez,2023-05-01,0,nuevo
101441,Ernesto Palomar Anguita,2023-08-09,0,nuevo
115169,Elpidio Rodriguez,2021-07-26,0,nuevo
102876,Mercedes Tejada Llano,2023-03-05,0,nuevo
109109,Nereida Mosquera Caro,2023-01-26,0,nuevo
115166,Luisina del Segura,2022-01-27,0,nuevo
112282,Porfirio Oliver Cabañas,2021-10-07,0,nuevo
111340,Blanca Manzanares Solé,2022-08-15,0,nuevo
107233,María Jesús Camino Rincón,2022-10-16,0,nuevo
109817,Albert Montero-Ruano,2021-02-18,0,nuevo
100455,Anastasio Ordóñez Gonzalez,2024-02-25,0,nuevo
109014,Amor Ángela González Jara,2021-01-29,0,nuevo
108190,Roxana Agudo Cervera,2023-04-10,0,nuevo
101368,Cecilia Barros Calzada,2024-01-18,0,nuevo
103713,Juan Luis Nuñez,2024-01-22,0,nuevo
101001,Alba Belda Perelló,2023-04-12,0,nuevo
107762,Natanael Melchor Expósito Manzano,2021-08-11,0,nuevo
103554,Marisol Botella Calderón,2022-02-05,0,nuevo
104115,Fernando Navarrete-Navarro,2023-08-09,0,nuevo
109830,Anacleto de Pinedo,2022-04-13,0,nuevo
101668,Bernardo Luna Clemente,2023-01-29,0,nuevo
112782,Jordana Yuste Palacio,2021-08-12,0,nuevo
103174,Luis Ángel Coloma Cortina,2022-04-09,0,nuevo
113536,Reyna Carvajal,2022-07-30,0,nuevo
103231,Arsenio Reig-Niño,2024-05-19,0,nuevo
103829,Amílcar Godoy Mate,2023-12-01,0,nuevo
110825,Damián Font-Piñol,2022-02-09,0,nuevo
105209,Maristela Naranjo-Colomer,2023-01-17,0,nuevo
107849,Alcides Puente,2022-09-04,0,nuevo
111425,Ricarda del Romeu,2021-05-15,0,nuevo
105705,Ángeles de Sainz,2023-10-16,0,nuevo
115014,Josep Balaguer Noriega,2020-08-22,0,nuevo
105106,Candelas Simó Villalonga,2020-12-17,0,nuevo
108126,Pilar Valcárcel Figuerola,2023-01-23,0,nuevo
110601,Amparo Viñas-Tudela,2020-03-25,0,nuevo
114998,Rogelio Peñalver Bartolomé,2023-03-03,0,nuevo
114054,Calixto Dueñas-Salom,2024-03-09,0,nuevo
104910,Patricia Casares,2022-03-10,0,nuevo
104441,Alba Sobrino,2021-06-30,0,nuevo
100987,Gabriel Pla-Fernández,2023-02-12,0,nuevo
114806,Aránzazu Domínguez Quintanilla,2024-06-13,0,nuevo
114393,Ariadna Costa Molins,2021-11-02,0,nuevo
107706,Demetrio Madrid Contreras,2022-07-25,0,nuevo
112242,Édgar Quintanilla Bellido,2022-11-30,0,nuevo
106258,Amado Alberto Córdoba,2021-11-23,0,nuevo
106090,Jose Ramón Ferrero Aramburu,2022-06-22,0,nuevo
110667,Noelia Boada Cruz,2020-07-06,0,nuevo
105239,Anabel Bernad Lladó,2020-05-10,0,nuevo
112374,Ariadna Guillén Guillen,2022-09-12,0,nuevo
109711,Máxima Escribano Blázquez,2021-12-05,0,nuevo
114133,Jacobo Vazquez Villalba,2020-12-30,0,nuevo
107520,Rocío Carnero Dueñas,2023-06-05,0,nuevo
109207,Ema Montero,2022-05-03,0,nuevo
108321,Martín de Ortuño,2020-07-21,0,nuevo
110226,Leopoldo Iglesias Poza,2022-12-08,0,nuevo
107176,Camila Bayón Valdés,2024-01-03,0,nuevo
104471,Amalia Carballo Cruz,2020-05-26,0,nuevo
112596,Palmira Bolaños Cal,2022-07-12,0,nuevo
105758,Rodrigo Román Nogueira,2024-06-21,0,nuevo
115173,Raúl Olmo Vicente,2020-08-04,0,nuevo
109111,Leocadio Abilio Benavent Tovar,2023-06-26,0,nuevo
103250,Damián Pomares,2020-06-14,0,nuevo
106571,Juanita Ágata Juliá Prat,2020-10-10,0,nuevo
106639,Jose Francisco Calleja Torrijos,2024-03-23,0,nuevo
107352,Ámbar Crespo Meléndez,2021-03-30,0,nuevo
114293,Obdulia Barragán-Blanch,2024-04-10,0,nuevo
112061,Fátima Pi,2021-11-17,0,nuevo
107474,Abilio Dominguez Aguado,2022-04-18,0,nuevo
112258,Chus Llobet Ibáñez,2023-07-31,0,nuevo
114351,Carlito Amigó,2023-02-02,0,nuevo
113515,Ignacio Valcárcel Asensio,2021-09-07,0,nuevo
101240,Guillermo Martorell Moya,2020-07-17,0,nuevo
109228,Corona Ayala,2021-11-14,0,nuevo
101230,Odalis Enríquez Ángel,2024-04-27,0,nuevo
105179,Ambrosio Parejo,2023-02-12,0,nuevo
112021,Silvio Aguirre,2024-01-01,0,nuevo
104294,Juan Francisco de Manso,2020-03-29,0,nuevo
101059,Mamen Nicolau-Iborra,2021-03-31,0,nuevo
100282,Baltasar del Gómez,2023-01-03,0,nuevo
100969,Norberto de Nuñez,2022-06-21,0,nuevo
101940,Marino Verdejo Dalmau,2022-08-23,0,nuevo
113173,Roldán Solé Girón,2023-08-07,0,nuevo
100620,Ariel Aguirre Conesa,2020-11-13,0,nuevo
113243,Fernando Buenaventura Bejarano Salvà,2024-04-25,0,nuevo
101743,Santiago Reig,2024-04-01,0,nuevo
109772,Iván Losada Guijarro,2020-11-18,0,nuevo
109848,Cayetana de Borrell,2023-10-25,0,nuevo
103569,Nilo Manjón-Moya,2023-12-11,0,nuevo
110405,Amílcar Robledo,2021-01-31,0,nuevo
106117,Nydia Vall Roma,2021-04-21,0,nuevo
106053,Pepita Viana Reyes,2020-03-25,0,nuevo
103179,Eugenio Villaverde Plaza,2020-10-29,0,nuevo
109500,Florina de Manrique,2020-10-17,0,nuevo
106100,Anna Pascual Agullo,2024-02-06,0,nuevo
100576,María Cristina Dalmau Tur,2022-12-13,0,nuevo
110553,Nerea de Donaire,2023-03-02,0,nuevo
113727,Andrea Gordillo Muro,2020-05-31,0,nuevo
106277,Rubén Pareja Bernat,2022-11-22,0,nuevo
109473,Leandro Barrio Pagès,2020-09-27,0,nuevo
111084,Diana Chacón Asenjo,2021-01-05,0,nuevo
105898,Áurea Guardia Rey,2022-01-23,0,nuevo
105725,Lorenza Georgina Fabregat Izaguirre,2022-02-27,0,nuevo
110832,Miguel Ángel Iglesias,2020-08-07,0,nuevo
100630,Cesar Manzano-Jimenez,2021-01-04,0,nuevo
103467,Teófila Salom Romeu,2021-02-06,0,nuevo
107063,Bernardo Acedo Iñiguez,2020-07-27,0,nuevo
112216,Amando Mas-Chacón,2021-07-31,0,nuevo
115138,Cloe Mariño,2023-08-19,0,nuevo
105544,Carmelo Mayol,2024-02-17,0,nuevo
110233,Jerónimo del Dominguez,2023-01-14,0,nuevo
112121,Germán Calderón,2020-10-20,0,nuevo
114776,Cándido Tolosa Mateos,2021-05-10,0,nuevo
103217,Jessica Crespi Arana,2023-04-17,0,nuevo
103815,Angelina Catalán Egea,2022-12-01,0,nuevo
113372,Herminio Coll Cabello,2022-08-22,0,nuevo
102279,Vicente del Arranz,2021-02-25,0,nuevo
104600,Amaya Nuñez Sevillano,2020-06-22,0,nuevo
100014,Clímaco Murcia Grau,2023-09-19,0,nuevo
114376,Eli Rosselló-Sebastián,2023-03-05,0,nuevo
112669,Leocadio Verdú Esparza,2021-07-16,0,nuevo
104649,Hilda Pablo Chamorro,2020-08-12,0,nuevo
111245,Xavier Grau Alemán,2022-07-25,0,nuevo
100526,Artemio Quiroga Lago,2020-10-22,0,nuevo
115211,Alcides Moles Cabrera,2022-02-16,0,nuevo
112766,Erasmo Llorente Chamorro,2021-04-19,0,nuevo
106896,Vasco Ocaña Merino,2022-04-12,0,nuevo
110340,Saturnina Conesa Jover,2022-04-22,0,nuevo
103592,Elvira Sureda-Guijarro,2024-06-11,0,nuevo
111107,Ariel Esteban Blanca,2021-08-27,0,nuevo
107905,Anacleto Mas-Campillo,2021-10-15,0,nuevo
102959,Eloísa Escrivá Aguilera,2022-12-25,0,nuevo
111816,Rosenda de Campo,2023-03-28,0,nuevo
103715,Plácido Pelayo Vicente,2021-04-29,0,nuevo
104733,Victor Manuel Acero-Zorrilla,2021-08-16,0,nuevo
112474,Flor Llano Machado,2021-08-10,0,nuevo
101395,Leocadia Fábregas Torrijos,2021-07-26,0,nuevo
113043,Epifanio Torrijos Cózar,2022-10-26,0,nuevo
112583,Verónica Buendía Peinado,2021-05-08,0,nuevo
109990,Fulgencio Francisco,2024-08-05,0,nuevo
111172,Pepito Manuel Orozco,2024-03-03,0,nuevo
109634,Pilar Arana Novoa,2021-08-14,0,nuevo
110575,Diego de Garcia,2022-07-09,0,nuevo
109466,Dionisio Iglesias Alvarez,2021-02-23,0,nuevo
101713,Aura Zapata Porta,2024-02-10,0,nuevo
100956,María Teresa Fabregat Duque,2020-05-01,0,nuevo
109580,Leoncio Martorell Estévez,2023-01-16,0,nuevo
114623,Encarnación Soriano,2024-01-15,0,nuevo
112804,Erasmo Alemany Miró,2023-12-02,0,nuevo
102072,Lino Arjona Miguel,2023-09-28,0,nuevo
100159,Chuy Aznar Rivas,2021-06-10,0,nuevo
112081,Cecilia Galvez Arroyo,2020-11-27,0,nuevo
109095,Damián Falcón Rocha,2023-04-20,0,nuevo
100353,Dulce de Real,2022-12-04,0,nuevo
106079,Elvira Jovita Peiró Bou,2024-06-19,0,nuevo
112323,Pablo Chaparro Elorza,2021-12-19,0,nuevo
108947,Pedro Viñas Reina,2022-06-03,0,nuevo
111164,Florentina Abascal,2023-07-12,0,nuevo
102921,Rita Aguilera Echeverría,2023-06-01,0,nuevo
108504,Jacobo Carpio-Rosa,2020-11-27,0,nuevo
100307,Pelayo Duarte Infante,2022-09-23,0,nuevo
104791,Elías Rafael Burgos Cid,2022-01-11,0,nuevo
102357,Saturnino Calleja Uría,2021-09-03,0,nuevo
111997,Anabel Reguera Espada,2024-08-02,0,nuevo
101928,Roberto Cardona Márquez,2023-07-29,0,nuevo
114545,Teófilo Almansa Nicolau,2022-03-12,0,nuevo
103428,Zaida Carnero Agudo,2022-10-22,0,nuevo
113254,Elena Duque Jódar,2023-11-04,0,nuevo
101267,Caridad Peñalver Paredes,2024-02-05,0,nuevo
101561,Prudencio Nilo Arjona Huguet,2023-08-04,0,nuevo
107180,Héctor Diego Mayoral Ramirez,2022-09-25,0,nuevo
107868,Isabela Aguilera,2021-07-13,0,nuevo
104905,Fabiana Padilla Gallo,2022-09-14,0,nuevo
107295,Pánfilo Pascual Álvarez,2021-07-13,0,nuevo
100515,Lalo Cases Busquets,2023-10-17,0,nuevo
100895,Josué Zaragoza Leon,2023-05-23,0,nuevo
100900,Guillermo Hierro-Armas,2023-10-13,0,nuevo
100459,Clotilde Feijoo Piñeiro,2023-02-08,0,nuevo
110247,Danilo Apolinar Gaya Anguita,2023-01-07,0,nuevo
102431,Inocencio Maldonado Borja,2023-06-18,0,nuevo
112399,Macarena Bravo Carrillo,2021-02-19,0,nuevo
108908,Nicolás Vilalta Arana,2020-09-06,0,nuevo
100553,Jose Luis Núñez Nicolás,2021-09-16,0,nuevo
109632,Moisés Perea Barbero,2024-06-10,0,nuevo
110463,Onofre Carbonell Marquez,2022-12-15,0,nuevo
103145,Rómulo Romeu Taboada,2024-01-25,0,nuevo
106918,Dorita Balaguer-Taboada,2020-12-02,0,nuevo
101926,Ernesto Bernat Múgica,2024-08-25,0,nuevo
100635,Saturnino Pino-Coronado,2021-04-30,0,nuevo
106083,Noelia Leiva Trujillo,2021-12-23,0,nuevo
108509,Esperanza Arregui Varela,2024-07-29,0,nuevo
114453,Georgina Lillo,2021-09-21,0,nuevo
115070,Lucila Alegre Salvà,2023-01-18,0,nuevo
108620,Severiano Falcó Portero,2021-11-20,0,nuevo
113380,Pelayo Paniagua Valero,2021-02-06,0,nuevo
100106,Almudena Gilabert Torrent,2021-05-29,0,nuevo
103042,Ofelia Azcona Aramburu,2020-07-25,0,nuevo
110362,Luciano Quintana Abella,2022-10-16,0,nuevo
101710,Rufino de Ocaña,2023-11-05,0,nuevo
100090,Ángela Verdugo Elorza,2023-11-05,0,nuevo
107015,José Mari Arranz Nogués,2023-03-24,0,nuevo
110434,Adriana del Busquets,2022-03-22,0,nuevo
103175,Rodolfo Cuenca Rosselló,2023-01-28,0,nuevo
106733,Reyna Figueras Escobar,2022-03-28,0,nuevo
101950,Claudia Carlota Solsona Diez,2024-05-19,0,nuevo
112237,Edu del Casals,2021-06-24,0,nuevo
100002,Miriam Jimenez Estrada,2021-07-18,0,nuevo
106048,Baldomero Serra Mendizábal,2023-04-28,0,nuevo
108784,Lucho Huerta Salvà,2022-08-22,0,nuevo
103118,Lupe Ferrández Portillo,2024-06-11,0,nuevo
111129,Abilio Izquierdo-Gámez,2023-05-09,0,nuevo
114752,Flavio Tello,2022-10-05,0,nuevo
109769,Eloísa del Jiménez,2022-01-10,0,nuevo
100214,Jose Manuel Batlle-Pardo,2020-05-28,0,nuevo
100779,Paca Saavedra Tejada,2020-10-15,0,nuevo
102044,Ricardo del Reina,2021-04-01,0,nuevo
109760,Severino Izquierdo Ferrero,2022-04-19,0,nuevo
108358,Caridad Cueto,2022-05-07,0,nuevo
112895,Merche Rivera,2021-09-21,0,nuevo
114235,Blanca Sans,2022-01-31,0,nuevo
112626,Amador Lucho Ávila Mata,2021-07-01,0,nuevo
110206,Gema Contreras Agullo,2022-08-05,0,nuevo
112053,Tito Borja-Agustí,2020-11-14,0,nuevo
104168,Josefina Palau Chaparro,2023-11-08,0,nuevo
110961,Sandalio Puig,2022-12-28,0,nuevo
103789,Lope Valls,2024-07-03,0,nuevo
100584,Cristóbal Estevez Bellido,2020-06-05,0,nuevo
100117,Primitivo Severino Oliveras Olivera,2020-12-06,0,nuevo
106645,Edelmiro Castrillo Castro,2023-04-19,0,nuevo
114071,Fabiola Rovira Sainz,2020-09-10,0,nuevo
115204,Paca Daza,2020-03-30,0,nuevo
108713,León Páez Lasa,2024-08-11,0,nuevo
101876,Roxana Seco Rosell,2022-10-09,0,nuevo
103225,Pía Hidalgo-Guitart,2023-04-05,0,nuevo
107726,Ignacio Alsina Torrecilla,2023-12-25,0,nuevo
102947,María Manuela Arana Sola,2022-01-15,0,nuevo
104474,Bienvenida Múgica Rosselló,2020-07-03,0,nuevo
105656,Eufemia de Gracia,2023-08-24,0,nuevo
108885,Gisela Menendez,2023-03-30,0,nuevo
100960,Anna Sanmiguel Ortega,2020-08-07,0,nuevo
108783,Edu Cristóbal Saldaña Sainz,2020-11-25,0,nuevo
103381,Loreto Mata Gil,2020-09-13,0,nuevo
103677,Jenny Miranda Jiménez,2022-10-07,0,nuevo
105777,Dan Feijoo Antúnez,2023-09-24,0,nuevo
103611,Florentino Jaime Gárate Lago,2022-11-08,0,nuevo
115187,Heliodoro Ferrera,2022-09-28,0,nuevo
106636,Azahar Aurelia Vives Calatayud,2022-12-17,0,nuevo
100792,Jimena Armas Piñol,2023-09-19,0,nuevo
108985,Ezequiel Américo Jáuregui Pazos,2023-12-11,0,nuevo
111426,Julia Gilabert Álamo,2021-08-06,0,nuevo
107425,Bartolomé Carrasco Jerez,2021-04-04,0,nuevo
105627,Almudena Báez Tolosa,2023-01-28,0,nuevo
101683,Herminia Expósito Exposito,2021-12-04,0,nuevo
112219,Juanita Galiano Jove,2020-12-21,0,nuevo
113157,Rogelio Acero Muñoz,2021-11-14,0,nuevo
104117,Carlota Calvet Recio,2023-07-31,0,nuevo
100989,Samu Amador Gallart,2021-06-08,0,nuevo
111646,Ignacia Noriega Torrecilla,2022-03-07,0,nuevo
103779,Simón Viña Comas,2021-07-30,0,nuevo
105659,Leonel del Cerro,2022-12-29,0,nuevo
103094,José Ángel Girona-Blanco,2022-10-15,0,nuevo
103156,Herberto Paz,2022-07-27,0,nuevo
113262,Eloísa Beltran,2024-06-01,0,nuevo
111394,Dalila Vicente Zabaleta,2020-10-14,0,nuevo
101824,Consuela de Flores,2021-12-05,0,nuevo
114989,Tomás Coello Fuente,2024-04-09,0,nuevo
110397,Bernarda Casares-Gallego,2022-12-14,0,nuevo
109079,Pascual Porcel,2020-12-21,0,nuevo
108708,Albano Martí Zorrilla,2024-03-23,0,nuevo
103357,Emperatriz Mercader,2021-01-01,0,nuevo
113026,Ariel del Berrocal,2021-03-28,0,nuevo
109646,Néstor Bernad,2020-07-23,0,nuevo
111746,Tristán Palomares Casado,2022-07-04,0,nuevo
111802,Hernando Cánovas Cabanillas,2024-02-06,0,nuevo
110699,Luisa Sancho Gabaldón,2023-10-23,0,nuevo
111187,Pablo Alarcón Cañizares,2020-05-18,0,nuevo
112192,Olivia Puerta Morante,2020-12-04,0,nuevo
115140,Lope Belmonte Escudero,2020-10-28,0,nuevo
109099,Pío Campillo Menéndez,2021-02-06,0,nuevo
108221,Otilia Ayala,2022-11-14,0,nuevo
114378,Julio César Noriega-Cifuentes,2021-10-19,0,nuevo
102429,Iris Valderrama Borja,2021-10-30,0,nuevo
105044,Felicia Fabiola Cordero Quintero,2021-09-24,0,nuevo
105347,Basilio Rueda,2024-04-15,0,nuevo
104812,Anna Núñez Goñi,2021-03-14,0,nuevo
107438,Julia Valenciano Luján,2023-04-04,0,nuevo
102354,Florina Cornejo Carballo,2023-12-24,0,nuevo
106354,Maximiano de Bernal,2022-04-17,0,nuevo
104570,Joaquín Galiano,2022-12-26,0,nuevo
108074,Sigfrido Ferrero Feijoo,2024-07-04,0,nuevo
115233,Valero Múñiz Franco,2020-05-19,0,nuevo
107492,Celso Hernando Mulet,2022-06-29,0,nuevo
107060,Trinidad del Izaguirre,2022-10-31,0,nuevo
105085,Azeneth Fernández Julián,2023-06-25,0,nuevo
109438,Encarnación Conesa Villena,2020-03-10,0,nuevo
102383,Sigfrido Pera Poza,2020-05-25,0,nuevo
100572,Jose de Arnal,2020-08-11,0,nuevo
112095,Jordana Rita Segovia Palomino,2024-06-02,0,nuevo
109440,Enrique Llano Taboada,2021-03-12,0,nuevo
105353,Rufino Pardo,2022-10-10,0,nuevo
110707,Angelino Aguilera-Manuel,2022-05-01,0,nuevo
101008,Amparo Salas Morales,2023-01-27,0,nuevo
104544,Guadalupe Gárate Jordá,2020-09-09,0,nuevo
113745,Ildefonso Royo-Casares,2023-08-30,0,nuevo
101137,Amalia Solsona-Salvador,2021-08-18,0,nuevo
109883,Carla Balaguer Coronado,2022-10-05,0,nuevo
114421,Teresita Aranda,2021-03-30,0,nuevo
105344,Ariel Sosa Uribe,2024-04-19,0,nuevo
110178,Rosalinda Chaves,2021-02-15,0,nuevo
109740,Odalis Vilaplana,2021-08-01,0,nuevo
110205,Heraclio Casas Puga,2021-08-03,0,nuevo
102404,Rufina Rovira Marti,2021-10-27,0,nuevo
114533,Cecilia Ayala Samper,2023-03-31,0,nuevo
103742,Nayara Cañas Orozco,2020-05-01,0,nuevo
111701,Hernando Checa Rosales,2021-10-07,0,nuevo
114373,Cosme Criado Pizarro,2021-12-26,0,nuevo
109018,Emilio Cid Cortina,2022-02-27,0,nuevo
113909,Aránzazu Falcó Alfonso,2022-12-21,0,nuevo
104796,Renato Tomás Ruiz Castellanos,2020-10-03,0,nuevo
102470,Nico Gascón Corominas,2024-01-17,0,nuevo
104287,Anunciación Ropero Cuesta,2023-03-27,0,nuevo
112644,Emelina Escolano Vega,2022-09-27,0,nuevo
100363,Gervasio Cid Bermúdez,2021-07-05,0,nuevo
106925,Bautista Castell Prats,2024-05-05,0,nuevo
102140,Araceli Carpio Vargas,2020-07-10,0,nuevo
102384,Albina Oller Almansa,2020-08-19,0,nuevo
107315,Clotilde Colom Vaquero,2021-07-08,0,nuevo
109478,Narciso Trinidad Linares Amat,2020-05-19,0,nuevo
101313,Zaida Cal Díez,2021-06-07,0,nuevo
103931,Morena de Talavera,2020-11-07,0,nuevo
114626,Eligio Cueto Acevedo,2020-04-02,0,nuevo
111304,Marina Gámez Piña,2021-08-31,0,nuevo
113873,Isidro Grau Mayoral,2023-07-26,0,nuevo
104037,Aránzazu Benítez Abellán,2023-11-03,0,nuevo
108988,Leoncio Lillo Campos,2023-05-02,0,nuevo
103021,Geraldo Carreras Álvaro,2024-06-16,0,nuevo
105296,Consuela Gala Suárez Salinas,2022-05-19,0,nuevo
103973,Luis Miguel Cañas Alarcón,2023-08-24,0,nuevo
105371,Armando Trujillo Ayllón,2021-09-02,0,nuevo
100975,Felicidad Girón Rodríguez,2022-10-14,0,nuevo
112328,Natividad Laguna Cabezas,2021-06-11,0,nuevo
105017,Lupe Carreras Lobo,2021-05-31,0,nuevo
110875,Amarilis Bustamante Lobato,2020-12-12,0,nuevo
107491,Loreto Vila Bellido,2023-05-08,0,nuevo
113240,Maura Rivero Osorio,2023-03-03,0,nuevo
101641,Geraldo Figueroa Berenguer,2020-05-11,0,nuevo
101291,Gilberto Piña Solé,2022-01-27,0,nuevo
101381,Filomena Macías,2021-02-20,0,nuevo
104676,Candelaria Peña Piñol,2023-09-05,0,nuevo
100893,Estela Busquets Gomila,2021-09-19,0,nuevo
107288,Yaiza Pujol,2020-04-15,0,nuevo
104877,Dani Salas Camacho,2024-08-19,0,nuevo
112262,Gisela Frías Arellano,2021-02-07,0,nuevo
114616,Primitivo Carbó Cadenas,2022-08-28,0,nuevo
110302,Trinidad Iriarte Olmo,2023-11-27,0,nuevo
109042,Ale Ángel Palau,2022-01-21,0,nuevo
110930,Mayte Ligia Checa Lozano,2023-04-13,0,nuevo
102467,Agustina Perales Carranza,2023-09-24,0,nuevo
107658,Jorge Cáceres Ferrer,2022-08-19,0,nuevo
109789,Rafael Ribera Peral,2021-02-12,0,nuevo
102737,Alba Montserrat Marín,2022-05-23,0,nuevo
107215,Valentín Cabrera Morera,2024-04-25,0,nuevo
103846,Marino Sainz Cánovas,2022-10-12,0,nuevo
106403,Danilo Ledesma,2024-01-10,0,nuevo
110993,Daniel del Salinas,2021-08-05,0,nuevo
102266,Cruz del Amigó,2022-08-10,0,nuevo
112514,Perlita del Checa,2022-12-22,0,nuevo
111594,Lidia Nilda Calvo Navarrete,2022-11-13,0,nuevo
101390,Fabiola Barco Valcárcel,2024-03-14,0,nuevo
103565,Rosario Iglesias-Ureña,2024-06-18,0,nuevo
109077,Eugenio Llorente Buendía,2020-06-09,0,nuevo
107879,Trini Anglada Asensio,2022-01-07,0,nuevo
113374,Charo Lumbreras,2022-08-28,0,nuevo
108203,Evita Tamayo Pardo,2021-05-24,0,nuevo
107487,Epifanio Mercader Domingo,2024-05-19,0,nuevo
109656,Soledad Leocadia Mateu Botella,2022-03-23,0,nuevo
104806,Román Duarte-Casal,2023-12-20,0,nuevo
113759,Alfonso Acedo Sandoval,2023-07-18,0,nuevo
112261,Tecla de Leon,2024-08-07,0,nuevo
110301,Espiridión Marí Ródenas,2023-07-12,0,nuevo
114256,Armando Cerro,2021-03-19,0,nuevo
107512,Valerio Pujol,2023-01-12,0,nuevo
108057,Dafne Urrutia-Alcolea,2021-12-27,0,nuevo
102633,Jordán Santamaria Verdú,2021-10-25,0,nuevo
108897,Sigfrido Gutiérrez Mancebo,2021-06-12,0,nuevo
108624,Damián Bertrán Grau,2024-03-27,0,nuevo
106468,Apolonia Duran Caballero,2022-02-22,0,nuevo
102034,Ruperto Esteban Juliá Soler,2020-08-12,0,nuevo
101166,Lidia Gomila Noguera,2023-04-29,0,nuevo
102051,Primitivo Vergara Herrera,2023-01-21,0,nuevo
103761,Marita Giménez Lorenzo,2023-08-10,0,nuevo
112677,Gabriel Viñas Peralta,2022-07-31,0,nuevo
104436,Amanda Valls Armengol,2020-09-26,0,nuevo
108191,Ileana Infante Pintor,2024-06-19,0,nuevo
104362,Perla Mancebo-Villalba,2022-11-12,0,nuevo
109455,Epifanio Tena Bueno,2020-07-25,0,nuevo
101772,Mayte Aznar Bonet,2021-08-20,0,nuevo
103512,Manola Águila Barragán,2024-04-27,0,nuevo
108437,Mireia Mesa Barón,2022-11-18,0,nuevo
112606,Jafet Teobaldo Jordán Osorio,2024-08-14,0,nuevo
112765,Camilo Prats Riba,2021-12-18,0,nuevo
114924,Armando Juliá Higueras,2020-03-19,0,nuevo
103811,Yaiza Carvajal Goñi,2022-11-20,0,nuevo
113586,Salomé Guzmán-Estévez,2020-09-09,0,nuevo
100833,Purificación Luján Iñiguez,2023-01-31,0,nuevo
100833,Purificación Luján Iñiguez,2023-01-31,0,nuevo
104347,Yéssica Vilaplana Escamilla,2020-07-14,0,nuevo
110654,Graciana Ortega-Conesa,2021-06-06,0,nuevo
103242,Lorenzo Almansa,2020-05-20,0,nuevo
108931,Araceli Albero Maza,2024-02-05,0,nuevo
108503,Margarita Saavedra Fiol,2021-08-27,0,nuevo
111714,Alonso Páez Tomé,2023-07-06,0,nuevo
110962,Aitana Álvarez Landa,2021-01-10,0,nuevo
114206,Cándida Cabeza Acero,2022-06-06,0,nuevo
111780,Noa Peláez Barón,2024-05-05,0,nuevo
104279,Eduardo Rovira Pallarès,2021-10-14,0,nuevo
113483,Isidora de Requena,2022-10-15,0,nuevo
100131,Maura Heras Villanueva,2022-05-27,0,nuevo
113410,Amada Dominguez Cervantes,2024-05-26,0,nuevo
107139,Bernardita Falcó-Saldaña,2023-12-23,0,nuevo
103224,Loreto Fiol Carbonell,2022-04-21,0,nuevo
109375,Eusebia Morcillo Alvarez,2023-07-22,0,nuevo
105393,Victor Cortes Llano,2022-10-13,0,nuevo
104498,Josefa Lucena Sanmiguel,2022-06-20,0,nuevo
102420,Marina del Piñol,2020-07-07,0,nuevo
101501,Juana del Mate,2024-07-28,0,nuevo
109019,Lucio Chus Tejero Valero,2022-04-05,0,nuevo
104233,Aurelio Tejero,2020-09-14,0,nuevo
108821,Nélida Torrecilla Blanco,2020-06-02,0,nuevo
104431,Adelardo Campillo Ros,2020-12-16,0,nuevo
112046,Maricela del Carreras,2023-04-17,0,nuevo
112538,Alma de Cobo,2021-12-29,0,nuevo
112183,Xavier Montes Revilla,2021-05-07,0,nuevo
104807,Rosalía Viana Álamo,2022-02-01,0,nuevo
113328,Alicia Robles Sobrino,2020-09-25,0,nuevo
111552,Luz Salom Rosales,2021-08-11,0,nuevo
108239,Cristóbal Ribes Moliner,2023-01-29,0,nuevo
108045,Elisa Julián,2020-12-15,0,nuevo
103994,María Belén Yéssica Reyes Ochoa,2021-07-24,0,nuevo
111835,Albano Roman Rocha,2024-03-22,0,nuevo
106610,Ale Sevillano Mancebo,2020-11-05,0,nuevo
107120,Segismundo del Nogués,2023-06-22,0,nuevo
102422,Pastor Herranz Larrea,2023-02-17,0,nuevo
101751,Germán Crespi Perea,2023-04-10,0,nuevo
112255,Odalys Fajardo,2021-01-28,0,nuevo
115125,Vidal Aparicio,2023-01-11,0,nuevo
111856,Máxima Mas Román,2023-07-09,0,nuevo
101342,Eduardo Peláez Pelayo,2022-04-11,0,nuevo
112087,María Ángeles Ballester Verdugo,2023-01-01,0,nuevo
104091,Piedad Landa-Marín,2021-08-13,0,nuevo
111308,Dan del Montaña,2024-08-05,0,nuevo
107010,Isabel Bayona Jaén,2023-09-13,0,nuevo
109651,Aurelia de Perera,2023-03-21,0,nuevo
114511,Marc Paredes Alarcón,2021-09-27,0,nuevo
114796,Gonzalo Balaguer,2021-01-17,0,nuevo
114018,Hugo de Pérez,2020-09-19,0,nuevo
106186,Juanito Paz Iñiguez,2022-12-10,0,nuevo
101640,Ariadna Mínguez Fabregat,2020-03-22,0,nuevo
109131,Melchor Verdejo Bonet,2021-05-09,0,nuevo
102344,Isabela Moreno,2023-09-13,0,nuevo
101525,Jose Miguel Palacios Camacho,2023-02-26,0,nuevo
107618,Gabriela Hervia Ayuso,2024-07-16,0,nuevo
100154,Gastón Bernad Tapia,2022-02-20,0,nuevo
112653,María Jesús Rey Abad,2020-07-27,0,nuevo
107675,Telmo Agudo-Abril,2024-05-12,0,nuevo
112113,Amado Edu Robledo Abad,2023-05-09,0,nuevo
101763,María José Ferrández Enríquez,2023-06-04,0,nuevo
108943,Candelaria Rosa Caro,2024-05-17,0,nuevo
107716,Rosalía Almazán Román,2024-04-29,0,nuevo
107480,Cruz Benavent Córdoba,2023-01-21,0,nuevo
106213,Inocencio Adadia Chacón,2020-03-27,0,nuevo
108379,Ruben Vergara,2022-02-05,0,nuevo
109329,Bernabé Osorio Sevilla,2022-02-06,0,nuevo
110251,Angelina Cifuentes Oliveras,2020-08-26,0,nuevo
104125,Marita Nogués-Díaz,2023-02-21,0,nuevo
113082,Maximiano Santamaria Ribera,2023-08-04,0,nuevo
113967,Macario Mata Gelabert,2020-07-25,0,nuevo
111556,Jimena Cortina Alarcón,2024-08-20,0,nuevo
102867,Noelia Puente Villegas,2021-04-15,0,nuevo
105942,Palmira Barroso Olivé,2024-02-13,0,nuevo
103068,Elvira Maestre-Chico,2024-07-31,0,nuevo
112990,Pelayo Pacheco Girona,2021-08-18,0,nuevo
113944,Nereida España Diez,2024-01-21,0,nuevo
103029,Jimena del Valcárcel,2020-12-30,0,nuevo
109901,Abilio Infante Jaén,2020-07-12,0,nuevo
111146,Flavio Cervantes Múgica,2020-09-26,0,nuevo
108647,Bruno Acuña Guillen,2021-03-08,0,nuevo
115037,Elena Llano Barrio,2022-04-30,0,nuevo
102075,Esperanza Segura Villaverde,2024-04-14,0,nuevo
100342,Lola Corral,2021-11-04,0,nuevo
101623,Sebastian Villa Pazos,2022-10-31,0,nuevo
107142,Encarna Molina Coll,2021-04-27,0,nuevo
105797,Blanca Reguera,2024-03-09,0,nuevo
107185,Victoria de Gelabert,2020-07-02,0,nuevo
114537,María Ángeles de Jaén,2021-10-27,0,nuevo
105476,América Llamas,2024-07-18,0,nuevo
110282,Adolfo Cerezo-Palau,2020-07-16,0,nuevo
114425,Consuelo Barberá Vilalta,2022-10-30,0,nuevo
100075,Galo de Melero,2023-01-07,0,nuevo
110850,Victoriano Aristides Lillo Orozco,2020-05-14,0,nuevo
111373,África Tere Blázquez Carvajal,2020-03-20,0,nuevo
110269,Pascuala Pons Tamayo,2022-11-28,0,nuevo
108634,Bernardita Aroca Dávila,2022-12-09,0,nuevo
114382,Bibiana Pizarro Jara,2022-01-21,0,nuevo
102052,Nidia Pi Solsona,2023-09-25,0,nuevo
102542,Fausto Rojas Velasco,2020-05-06,0,nuevo
101302,Nacho del Millán,2023-12-12,0,nuevo
105878,Jose Ignacio Echevarría Folch,2021-09-01,0,nuevo
107369,Rogelio Ugarte Gabaldón,2020-09-29,0,nuevo
114166,Guillermo Flores-Durán,2022-09-06,0,nuevo
102600,Marisol del Diaz,2022-04-30,0,nuevo
112809,Victoria Nieto Riera,2021-07-08,0,nuevo
102574,Paola Clotilde Jara Páez,2022-03-20,0,nuevo
111473,Gonzalo Raya-Barón,2024-05-18,0,nuevo
112146,Paola Echevarría Agudo,2022-07-19,0,nuevo
102769,Fortunata Gomez Ureña,2022-07-31,0,nuevo
104832,Lupe Rius Campoy,2024-06-13,0,nuevo
115030,Luis Miguel del Blazquez,2022-12-24,0,nuevo
102680,Tamara Vallejo Gil,2021-07-31,0,nuevo
113592,Modesta Concepción Roman Fiol,2022-02-21,0,nuevo
101388,Mar Gabaldón Burgos,2021-10-19,0,nuevo
115064,David Ayuso-Castilla,2023-09-13,0,nuevo
113916,Sara Carro Miró,2020-09-30,0,nuevo
115045,Perlita Sarmiento Iriarte,2024-01-20,0,nuevo
107084,Marcial Feliu Barral,2021-05-22,0,nuevo
101280,Natividad Rivera Salinas,2024-06-04,0,nuevo
113222,Esmeralda Grande Vilalta,2023-05-09,0,nuevo
101556,Cirino Baró,2024-03-02,0,nuevo
114778,Amílcar Sigfrido Salas Sans,2020-05-02,0,nuevo
111383,Íñigo Alberto Mate,2021-10-21,0,nuevo
104567,Matías Santiago,2022-11-02,0,nuevo
115058,José Ramirez,2021-06-12,0,nuevo
103595,Amalia Díez Castillo,2021-12-24,0,nuevo
106853,Paulino del Lledó,2020-08-02,0,nuevo
108706,José Benavent Gimenez,2024-01-25,0,nuevo
104178,Damián Garrido,2024-02-26,0,nuevo
113860,Hermenegildo Jódar Lluch,2023-01-07,0,nuevo
104243,Roberto Costa Gaya,2020-07-18,0,nuevo
102199,Cruz Quintana Enríquez,2023-08-03,0,nuevo
104426,Etelvina Leal-Uriarte,2022-07-10,0,nuevo
106151,Darío Goñi-Feijoo,2021-05-21,0,nuevo
100823,Benigna Casas-Arcos,2024-03-08,0,nuevo
105006,Judith Saldaña-Gonzalez,2022-03-13,0,nuevo
106613,Azucena Pérez Herranz,2024-08-10,0,nuevo
105620,Cándido Julián,2022-04-04,0,nuevo
112176,Rubén Daza Rubio,2020-12-10,0,nuevo
102539,Ildefonso Aragón Guerra,2022-04-18,0,nuevo
115182,Marcelino Robledo Montaña,2023-10-11,0,nuevo
109504,Luis Miguel Olmedo,2022-05-28,0,nuevo
105208,Jose Carlos Amorós Miguel,2022-08-17,0,nuevo
103055,Teobaldo Águila Roma,2021-07-11,0,nuevo
103676,Bartolomé Amador Martí,2021-07-23,0,nuevo
107219,Eustaquio Montero Zapata,2023-08-18,0,nuevo
106723,Eusebio Hidalgo Casares,2021-09-16,0,nuevo
103311,Alejandra Redondo-Torrents,2023-01-24,0,nuevo
110683,Apolinar de Marquez,2021-01-15,0,nuevo
112601,Malena Alsina,2023-05-28,0,nuevo
111272,Óscar Dalmau Iglesia,2024-05-01,0,nuevo
103463,Marcelino Calvet Pedrosa,2021-04-18,0,nuevo
113490,Marianela Mancebo-Olivares,2023-09-09,0,nuevo
114538,Laura Palomar,2021-05-02,0,nuevo
101482,Juan Ortega-Sevillano,2020-04-03,0,nuevo
104874,Cristóbal Gabino Borja Arellano,2024-08-03,0,nuevo
112343,Aroa Izquierdo,2022-05-11,0,nuevo
104927,Antonia Cáceres Linares,2023-10-05,0,nuevo
105798,Eli Cervera Mateo,2022-06-23,0,nuevo
111486,León Viñas Macías,2023-06-30,0,nuevo
110354,Chucho Gallardo Vendrell,2022-08-18,0,nuevo
106646,Azucena Borrás-Canales,2020-04-24,0,nuevo
112482,Anastasio Royo,2023-02-10,0,nuevo
111250,Lorena Espinosa Cazorla,2020-03-09,0,nuevo
105491,Joaquina del Puerta,2023-09-29,0,nuevo
102066,Emelina Estevez Novoa,2023-01-07,0,nuevo
104525,Cristian Cifuentes-Araujo,2024-05-10,0,nuevo
111569,Daniel Gustavo Costa Vilalta,2022-06-11,0,nuevo
110525,Cesar Seco Valls,2022-09-06,0,nuevo
108059,Lisandro Cuenca Casanova,2024-08-11,0,nuevo
102483,Sarita Arregui-Villalobos,2022-04-03,0,nuevo
110455,Marcial Porcel-Araujo,2023-08-27,0,nuevo
109985,Tiburcio Arribas Landa,2021-06-11,0,nuevo
104423,Edelmiro Ureña Daza,2020-06-28,0,nuevo
113672,Aitana Alemany Vives,2023-01-22,0,nuevo
109917,Heraclio Mateos Casado,2023-03-18,0,nuevo
105183,Eustaquio Perea Borja,2022-03-10,0,nuevo
108534,Sol Villalba Palmer,2021-06-13,0,nuevo
103702,Nando Roma Calzada,2024-07-30,0,nuevo
104244,Zoraida del Arnau,2022-02-17,0,nuevo
100689,Gisela Saura-Ariza,2021-05-06,0,nuevo
103433,Marcelino Guzman Pinilla,2020-09-07,0,nuevo
104945,Graciela Llabrés,2024-08-13,0,nuevo
100967,Fernando del Aliaga,2022-02-27,0,nuevo
102714,Basilio Jódar,2022-03-13,0,nuevo
104758,Norberto Poza Ribera,2021-02-07,0,nuevo
112351,Josefa Abellán Bellido,2022-07-14,0,nuevo
106321,Carmen Alba Ripoll,2021-05-11,0,nuevo
113473,Miriam Andres Madrid,2020-07-01,0,nuevo
105976,Victor Samper Briones,2023-02-08,0,nuevo
103573,Concepción Jaén Donoso,2022-09-07,0,nuevo
105300,Rufino del Goicoechea,2023-01-07,0,nuevo
112952,Amaya Peinado Nebot,2024-02-14,0,nuevo
101206,Anunciación Marquez Nadal,2021-05-24,0,nuevo
113491,Inés Nadal Ariño,2020-05-06,0,nuevo
104972,Paloma Reyna Raya Oliveras,2023-01-30,0,nuevo
115137,María Fernanda Tapia Pérez,2021-02-25,0,nuevo
106491,Godofredo Nevado Alcalde,2024-07-08,0,nuevo
114090,Marisol Llabrés,2024-07-18,0,nuevo
108578,León Ramis Sanmiguel,2020-12-29,0,nuevo
107974,Rómulo del Tejedor,2021-05-21,0,nuevo
114507,Carmen Casals-Pardo,2022-08-20,0,nuevo
100537,Milagros de Lumbreras,2024-08-07,0,nuevo
107971,Juan Luis Cid,2023-03-05,0,nuevo
113225,Roldán Antón-Torrijos,2022-08-05,0,nuevo
106457,Delfina de Cases,2023-06-08,0,nuevo
109525,Cándido Paniagua-Naranjo,2021-11-24,0,nuevo
107113,Socorro Amaya Querol,2022-08-13,0,nuevo
111695,Buenaventura Tomás Carbó,2021-02-19,0,nuevo
105032,Débora Rosa Vicente,2024-04-20,0,nuevo
101855,Jeremías Olivé,2021-09-17,0,nuevo
102873,Augusto Lopez Amat,2022-04-29,0,nuevo
103031,Luis Miguel Bárcena Cobo,2021-07-17,0,nuevo
103477,Camila Segarra Esteve,2021-09-17,0,nuevo
103798,Isaura Coloma-Castilla,2023-03-14,0,nuevo
103369,Petrona Azorin Rueda,2021-05-14,0,nuevo
111560,Amor Pedro Carbajo,2021-07-19,0,nuevo
111726,Milagros Obdulia Dueñas Pereira,2021-10-11,0,nuevo
107197,Begoña Gutierrez,2023-04-28,0,nuevo
105110,Eugenia Chelo Juárez Garzón,2024-05-17,0,nuevo
106025,María Oller Castejón,2023-10-05,0,nuevo
114484,Tiburcio de Guitart,2022-10-03,0,nuevo
100127,Heliodoro Calderon Bustos,2020-11-04,0,nuevo
105960,Nélida Lluch Álamo,2021-12-03,0,nuevo
103877,Ale Pineda Tomás,2023-01-11,0,nuevo
111128,Gervasio Norberto Suárez Sacristán,2021-11-22,0,nuevo
107148,Anselma del Revilla,2023-06-11,0,nuevo
110923,Onofre Corbacho Herrera,2022-09-10,0,nuevo
100828,María Jesús del Roca,2021-07-21,0,nuevo
109832,Alberto Rafael Tejero Hernandez,2020-12-18,0,nuevo
107791,Celso Coello Abella,2021-06-13,0,nuevo
111474,Gabino Azorin Valero,2021-06-29,0,nuevo
111198,Ariel Gaspar Espinosa Zorrilla,2020-12-30,0,nuevo
110381,Paulina del Cervantes,2024-07-11,0,nuevo
108555,Juana Franch Sanz,2020-04-27,0,nuevo
110542,Angelina Mena Terrón,2021-03-12,0,nuevo
100346,Blas Quero Arenas,2021-06-06,0,nuevo
112299,Clemente Espada Olivera,2020-10-11,0,nuevo
105780,Emiliano Tirado Miró,2023-09-30,0,nuevo
102117,Gala Salas Amo,2021-06-25,0,nuevo
110027,Gertrudis Palau Sierra,2021-10-03,0,nuevo
100794,Candelario Edu Gascón Reig,2021-02-28,0,nuevo
106899,Felisa Linares Mendoza,2022-10-09,0,nuevo
102675,Asunción Nadal Corral,2022-12-06,0,nuevo
100095,Alex Corral Mora,2022-12-23,0,nuevo
104226,Charo Falcón Carbajo,2023-06-17,0,nuevo
103757,Sandra Castañeda-Gabaldón,2023-09-26,0,nuevo
102372,Sancho Puente Zabala,2024-03-18,0,nuevo
111421,Julián Sánchez Montero,2021-12-30,0,nuevo
114627,Dan Recio Machado,2024-07-25,0,nuevo
103229,Jessica Samper Gascón,2024-02-22,0,nuevo
107864,Flavio Ramis-Espejo,2024-03-06,0,nuevo
113103,Cayetano Carmona-Cámara,2020-11-22,0,nuevo
107327,Fabián Toledo-Cordero,2020-03-13,0,nuevo
106029,Enrique Puga Reguera,2024-06-02,0,nuevo
101866,Ariel del Jódar,2022-11-22,0,nuevo
113947,Cristóbal Ortuño Ballester,2022-06-24,0,nuevo
104613,Severino Vall Jove,2024-03-10,0,nuevo
102244,Irene Pinto Guardiola,2023-04-18,0,nuevo
102337,Amado Rivero Vilalta,2021-06-03,0,nuevo
100951,Moisés Alex Alfonso Guardiola,2020-09-24,0,nuevo
111261,Jesusa de Carbó,2022-07-31,0,nuevo
101121,Sergio Clemente,2023-01-14,0,nuevo
110790,Ema Torre,2020-06-20,0,nuevo
102205,Calixta Quintanilla Mena,2023-03-09,0,nuevo
100420,Horacio Berrocal Tejero,2020-06-18,0,nuevo
110228,Carmela Huguet Cánovas,2022-05-11,0,nuevo
105789,Remedios Quero-Márquez,2022-01-30,0,nuevo
107668,Olimpia Bienvenida Rueda España,2021-11-15,0,nuevo
105568,Cleto Castilla Viña,2021-02-16,0,nuevo
108136,Nacho Tovar Pareja,2023-07-30,0,nuevo
105766,Edu Perales,2021-06-22,0,nuevo
108390,Clara Santana Ripoll,2020-04-10,0,nuevo
104019,Milagros Linares-Barón,2022-06-08,0,nuevo
113109,Rosario del Esteve,2020-12-16,0,nuevo
101998,Candelas del Otero,2020-05-21,0,nuevo
104034,Abilio Frías Ferrán,2021-11-16,0,nuevo
111247,Hilario Bastida,2022-08-02,0,nuevo
101249,Amaya Sanz Palomino,2022-08-17,0,nuevo
109185,Danilo Jurado,2023-08-20,0,nuevo
102191,Bruno Báez Tomé,2022-04-06,0,nuevo
104671,Chus Amo Tapia,2021-05-15,0,nuevo
105143,Armando Ordóñez Doménech,2020-07-23,0,nuevo
105985,Emiliana Gibert,2022-03-17,0,nuevo
107805,Josué Tello-Cobo,2020-04-21,0,nuevo
111790,Jaime Español Ángel,2023-08-12,0,nuevo
112904,Ascensión Salamanca Céspedes,2023-04-18,0,nuevo
110056,Lupe Juárez Exposito,2023-05-26,0,nuevo
110536,Jerónimo Montero Lledó,2020-08-01,0,nuevo
110642,Blanca Moll-Calderón,2023-05-27,0,nuevo
102137,Mateo de Escribano,2022-06-20,0,nuevo
107578,Custodia Casanova Guzman,2021-11-29,0,nuevo
100078,Esperanza Castelló Calderon,2022-02-01,0,nuevo
107547,Maristela Beltran Pagès,2022-07-31,0,nuevo
102899,Lilia Solano Durán,2020-06-06,0,nuevo
104821,Bibiana Yuste,2021-05-21,0,nuevo
109507,Esther Amaya-Arnal,2023-10-17,0,nuevo
114140,Joaquina Edelmira Solsona Prats,2020-05-03,0,nuevo
106414,Camilo Valero Mancebo Roldán,2024-04-15,0,nuevo
109445,Ernesto Arenas Bertrán,2023-08-19,0,nuevo
109065,Sara Gimenez Castejón,2023-06-01,0,nuevo
112043,Amaro del Villa,2023-11-30,0,nuevo
108008,Ramiro Boix Mur,2021-05-03,0,nuevo
105469,Pastora Benavent Borrego,2022-12-21,0,nuevo
105952,Esteban Somoza Rincón,2022-01-17,0,nuevo
115203,Isidro Pineda,2023-07-11,0,nuevo
111158,Heliodoro Sánchez Cisneros,2022-02-17,0,nuevo
103392,Juliana Viana Salamanca,2020-11-03,0,nuevo
102561,Vera del Nicolás,2021-09-04,0,nuevo
102636,Eva María Mulet Galvez,2021-07-13,0,nuevo
105257,Manola Calzada Mas,2021-03-18,0,nuevo
103531,Leocadio Cabañas Mata,2022-06-18,0,nuevo
101909,Emiliano Ros Barrio,2022-02-18,0,nuevo
101605,Rosalía Tejero Chaves,2020-06-16,0,nuevo
103491,Amado Pellicer Aroca,2024-05-28,0,nuevo
101995,Aitana Marcia Viñas Cuervo,2020-12-14,0,nuevo
102825,María Ángeles Martinez Barberá,2020-12-26,0,nuevo
114474,Saturnina Etelvina Aliaga Blázquez,2024-03-26,0,nuevo
101343,Jose Francisco Redondo Feliu,2022-02-20,0,nuevo
101620,Jerónimo Verdugo Arévalo,2022-03-13,0,nuevo
111906,Adrián Villa Arana,2020-09-21,0,nuevo
105288,Eva Plana Sarmiento,2021-09-27,0,nuevo
102061,Valentín Garay-Amat,2021-12-25,0,nuevo
102480,Diana Palma,2022-05-25,0,nuevo
102480,Diana Palma,2022-05-25,0,nuevo
102220,Jose Carlos Pastor Alcalde,2020-08-01,0,nuevo
106039,Candelas Caro Llanos,2021-04-28,0,nuevo
100261,Otilia Ribera Palomo,2020-11-20,0,nuevo
114597,Alexandra Ayuso Martí,2023-12-21,0,nuevo
112978,Melania Marcos Álvarez,2020-05-30,0,nuevo
109094,Eufemia Adelaida Badía Valenzuela,2021-05-10,0,nuevo
103745,Bartolomé del Larrañaga,2021-09-23,0,nuevo
102027,Soraya Paredes Jódar,2022-12-15,0,nuevo
106989,Paco Requena Chamorro,2023-11-28,0,nuevo
104235,Amor Felicia Guzmán Vilalta,2020-09-10,0,nuevo
101918,Casemiro Gallo-Hernandez,2021-11-07,0,nuevo
109766,Agapito Palacios Canales,2022-02-05,0,nuevo
112608,Antonio Torrens Cámara,2022-10-27,0,nuevo
106234,Fabiana Amores Clavero,2021-05-28,0,nuevo
114547,Moisés Ferrando,2021-05-27,0,nuevo
112847,Fabiana Ordóñez Pozuelo,2024-07-02,0,nuevo
106284,Olalla Pérez Alcántara,2022-11-21,0,nuevo
104209,Berto Calderon-Cabezas,2021-11-22,0,nuevo
112820,Alma Céspedes Quesada,2021-10-17,0,nuevo
100225,Natalio Vizcaíno Ugarte,2020-12-25,0,nuevo
109334,Zaira del Soriano,2022-11-03,0,nuevo
113722,Raimundo Buendía Lledó,2021-04-02,0,nuevo
106470,Carmelita Bárcena Céspedes,2020-11-30,0,nuevo
113957,Calisto Atienza Sastre,2024-05-20,0,nuevo
113747,María Del Carmen Apolonia Carrera Feijoo,2021-04-12,0,nuevo
113235,Estela Terrón-Gámez,2021-09-30,0,nuevo
102552,Ascensión Coloma,2022-05-04,0,nuevo
105967,Ciríaco Cortina Hierro,2022-02-24,0,nuevo
108196,Reyna Arana Ríos,2021-05-26,0,nuevo
112363,Febe Cózar Barba,2024-07-18,0,nuevo
114044,Carlos Campillo Montesinos,2021-11-03,0,nuevo
108660,Gilberto Estévez Oliveras,2021-03-02,0,nuevo
107490,Teresa Morales Blanch,2023-07-12,0,nuevo
109112,Lorenza Jaén Álvarez,2023-09-20,0,nuevo
102591,Elías de Duran,2023-08-16,0,nuevo
108435,Reinaldo Baeza Cobos,2022-05-30,0,nuevo
109353,Herminia Sastre Velázquez,2024-05-13,0,nuevo
111063,Juan Manuel Carrión Ibáñez,2021-02-05,0,nuevo
103518,Haroldo Vendrell Iñiguez,2022-02-12,0,nuevo
106987,Clotilde Huertas-Carbajo,2024-08-06,0,nuevo
111614,Rosalinda Casandra Isern Saura,2024-04-29,0,nuevo
106768,Demetrio Roldan Lago,2021-09-04,0,nuevo
105623,Balduino Esteve Donoso,2021-08-19,0,nuevo
101734,Gabriela Leal Crespi,2023-01-16,0,nuevo
110517,Salomón Rovira,2024-01-12,0,nuevo
110902,Visitación Solano Marqués,2021-08-12,0,nuevo
114558,Claudio Martin Guerrero,2022-08-23,0,nuevo
103813,Ximena Bernad-Burgos,2021-08-25,0,nuevo
114278,Íngrid Olivares Romero,2021-02-28,0,nuevo
114991,Juanita Uría-Camino,2022-04-30,0,nuevo
110168,Concha Blanca Atienza,2021-01-18,0,nuevo
101762,Fabricio de Villegas,2021-11-12,0,nuevo
105402,Constanza Valencia Murcia,2023-07-12,0,nuevo
102740,Candelario Alvarado Dominguez,2021-09-29,0,nuevo
113830,Azucena de Santana,2022-09-17,0,nuevo
106739,Lupita Custodia Escobar Cabezas,2024-04-11,0,nuevo
106892,Jonatan Saldaña Fuentes,2020-07-17,0,nuevo
109686,Lina Díaz Agustí,2024-07-10,0,nuevo
104207,Charo Pozuelo Martin,2023-10-14,0,nuevo
106372,Rafaela del Agustín,2022-02-07,0,nuevo
100233,Clemente Amorós Higueras,2022-03-11,0,nuevo
107562,Esperanza Yuste Rivero,2023-10-28,0,nuevo
109796,Borja Madrigal-Calatayud,2022-04-29,0,nuevo
106169,Noelia Pedro Álvarez,2021-06-07,0,nuevo
111476,Encarnita Quirós,2023-05-01,0,nuevo
106289,Isabela Folch Palau,2023-04-05,0,nuevo
104633,María Del Carmen Recio Mayol,2023-11-28,0,nuevo
100126,Corona Mir Moliner,2020-11-01,0,nuevo
107642,Urbano Cerezo Mínguez,2020-10-30,0,nuevo
106230,Rafaela Leiva-Pol,2021-12-13,0,nuevo
101297,Fernanda Ribas,2023-12-30,0,nuevo
114708,Ciríaco Nebot Garcés,2020-07-28,0,nuevo
108153,Miguel Fajardo,2024-08-25,0,nuevo
115109,Adoración Cerdán Peñas,2020-06-06,0,nuevo
103087,Teobaldo Josué Prieto Feijoo,2023-06-21,0,nuevo
114459,Macarena Pozo Llamas,2023-01-23,0,nuevo
106883,Trinidad Sanmartín Vergara,2021-08-26,0,nuevo
107674,Emma Zabaleta Torrent,2024-08-26,0,nuevo
103346,Alberto Castelló,2023-05-11,0,nuevo
108173,Agustina Saura Crespi,2020-10-13,0,nuevo
114683,Rufina Rios Zamorano,2022-03-20,0,nuevo
105871,Felicia Garmendia Salinas,2022-11-28,0,nuevo
106507,Felipa Casas Almeida,2022-10-09,0,nuevo
100919,Nayara Rafaela Piñeiro Ortuño,2020-06-27,0,nuevo
101647,Gloria Andres-Bárcena,2021-04-06,0,nuevo
105127,Silvio Izquierdo,2024-08-23,0,nuevo
113624,Aura del Ribera,2024-01-16,0,nuevo
106810,Armida Plaza Calvo,2021-10-26,0,nuevo
100365,Amor Constanza Poza Espejo,2021-12-19,0,nuevo
111480,Adelaida Febe Sarmiento Riquelme,2021-08-22,0,nuevo
108151,Lisandro Teodoro Pelayo Hierro,2021-04-03,0,nuevo
112762,Isa Alcázar Bastida,2023-02-12,0,nuevo
108718,Rubén Borrego-Huertas,2020-11-17,0,nuevo
113014,Celso Pinto Enríquez,2022-01-11,0,nuevo
100639,Amor del Galván,2024-05-09,0,nuevo
110959,Rubén Polo Dueñas,2023-03-03,0,nuevo
101277,Encarnación Belda Bermúdez,2022-09-16,0,nuevo
114179,Cristian Rogelio Melero Vega,2023-10-24,0,nuevo
113338,Consuelo Palau Chacón,2022-07-30,0,nuevo
104433,Laura Blasco Quintanilla,2023-09-28,0,nuevo
103645,Gabriel Gonzalez Arroyo,2023-04-04,0,nuevo
104144,Timoteo Yuste,2020-06-05,0,nuevo
112395,Reyes del Navas,2023-01-21,0,nuevo
106494,Rico Luna Ródenas,2023-03-12,0,nuevo
113368,Narcisa Valero Calvo,2022-11-24,0,nuevo
110454,Iker Mir Patiño,2022-03-06,0,nuevo
110489,Santos Jaén-Andres,2023-06-01,0,nuevo
106938,Óscar Marin Cózar,2022-06-24,0,nuevo
114125,Nazaret Hernán Cases Monreal,2024-03-22,0,nuevo
113390,Eligio Bernad Gálvez,2021-01-24,0,nuevo
111310,Susana Roig Pol,2024-06-20,0,nuevo
102394,Angelita Ramón Cueto,2024-04-08,0,nuevo
100524,Miriam del Quero,2021-12-11,0,nuevo
113717,Salomón Cañas Nevado,2020-03-06,0,nuevo
103901,Elodia Jimenez-Sanz,2023-11-25,0,nuevo
114591,María Dolores Linares Pablo,2024-05-14,0,nuevo
111315,Jeremías Barrio Zamorano,2024-04-29,0,nuevo
112349,Ambrosio Jose Ignacio Julián Mariscal,2022-08-05,0,nuevo
100672,Evaristo de Álamo,2020-07-04,0,nuevo
100667,Eva Sureda Valencia,2022-03-30,0,nuevo
103267,Jimena de Cabezas,2023-03-05,0,nuevo
101888,Gastón Artigas Murcia,2020-10-18,0,nuevo
108473,Palmira Alsina Osuna,2024-04-08,0,nuevo
112648,Leocadio Luís Aznar,2021-10-26,0,nuevo
109092,Anna Guijarro Guerra,2022-07-25,0,nuevo
106032,Mónica Porta Tur,2020-11-18,0,nuevo
107831,Cristian Escolano-Valverde,2020-07-14,0,nuevo
106255,Nélida Ibáñez-Porras,2020-09-02,0,nuevo
112235,Albano Castelló Ariño,2022-05-26,0,nuevo
112331,Abilio Aragón Llorente,2020-03-01,0,nuevo
103819,Alcides Vilar,2020-12-04,0,nuevo
106270,Renata Martín Parra,2023-10-09,0,nuevo
107942,Heraclio Jordán Figueras,2023-03-07,0,nuevo
110786,Julio César Llabrés Gibert,2020-05-16,0,nuevo
104165,Pascuala Gimeno Carro,2024-05-23,0,nuevo
111224,Socorro Carretero-Martorell,2020-07-06,0,nuevo
105972,Marcial Arnaiz Herranz,2020-10-09,0,nuevo
102833,Jenaro Pareja Pareja,2022-10-13,0,nuevo
106328,Nadia Badía Leal,2021-02-23,0,nuevo
100138,Nilda Valencia,2023-06-17,0,nuevo
107044,Matías Saldaña,2024-03-31,0,nuevo
102181,Nicolasa Varela Pinedo,2024-06-24,0,nuevo
110321,Leopoldo Urrutia Prats,2022-04-09,0,nuevo
104855,Víctor Ramón Conesa Salinas,2020-05-01,0,nuevo
104638,Saturnino Gomis-Galvez,2022-10-07,0,nuevo
105116,Josué Mena,2021-10-15,0,nuevo
114497,Nico Tamarit Mena,2020-03-26,0,nuevo
112537,Tomás Font,2023-01-16,0,nuevo
110210,Candelario Ferrera-Vélez,2024-07-20,0,nuevo
109551,Nuria Tamarit Lara,2024-06-30,0,nuevo
106942,Enrique de Pons,2023-11-17,0,nuevo
113052,Nazario Alsina Benavides,2023-10-23,0,nuevo
110343,Paz de Aguirre,2020-11-02,0,nuevo
110315,Marcos de Valera,2020-06-26,0,nuevo
104674,Galo Vidal Noriega,2022-02-06,0,nuevo
101253,Natalio Antúnez Ramírez,2023-09-25,0,nuevo
111471,Ligia Fortuny Bejarano,2024-06-16,0,nuevo
103375,Palmira Lucila Cervera Caro,2021-02-26,0,nuevo
102815,Horacio Pozo Villaverde,2022-06-06,0,nuevo
104720,Dalila Fonseca Vallés,2021-01-24,0,nuevo
104859,Nidia de Castells,2023-02-24,0,nuevo
107902,Nerea Seguí Ayuso,2021-09-10,0,nuevo
111230,María Carmen Llopis Jurado,2023-09-12,0,nuevo
108581,Pánfilo Requena-Vidal,2021-06-12,0,nuevo
110177,Eligia Comas Mateu,2020-03-17,0,nuevo
104364,Eustaquio Quevedo Bayona,2023-03-25,0,nuevo
100771,Irma de Román,2023-08-13,0,nuevo
110358,Miriam Fernández,2023-12-27,0,nuevo
112726,María Pilar Sanmartín Sáez,2023-11-26,0,nuevo
114490,Guadalupe Coll-Rodríguez,2024-07-20,0,nuevo
109767,Alex Alcaraz Morillo,2021-04-07,0,nuevo
107240,Alejo del Villalobos,2022-02-14,0,nuevo
114431,Alicia Gutiérrez-Sevilla,2022-04-14,0,nuevo
110274,Gil Bernabé Jaén Manrique,2024-06-21,0,nuevo
110016,Jordi Abad Amaya,2021-03-20,0,nuevo
114951,María Carmen del Luque,2023-12-23,0,nuevo
105566,Bernabé Castilla,2020-11-01,0,nuevo
115035,Cruz Camino Rojas,2023-10-12,0,nuevo
105998,María Dolores Almansa,2020-11-11,0,nuevo
106601,Beatriz Berta Haro Casals,2020-03-26,0,nuevo
107246,Encarnita Olivares Martínez,2020-05-02,0,nuevo
113457,Casemiro Carvajal Jáuregui,2023-05-14,0,nuevo
104179,María Luisa Jáuregui,2022-02-16,0,nuevo
104810,Nayara Reig Maldonado,2023-07-11,0,nuevo
110917,Purificación Mata,2024-06-07,0,nuevo
107191,Leire Salgado Corbacho,2021-05-08,0,nuevo
105990,Albina Isabel Bernal Ayuso,2023-05-17,0,nuevo
110949,Ileana Expósito Teruel,2021-02-22,0,nuevo
102001,Sandalio Arnau,2021-09-28,0,nuevo
112764,Sergio Rico Vera,2023-03-20,0,nuevo
108176,Nydia Lucas,2022-11-15,0,nuevo
114723,Cecilio Ribes-Morcillo,2023-08-16,0,nuevo
101634,Domingo Prat,2022-01-01,0,nuevo
104785,Damián Casado Lumbreras,2022-07-02,0,nuevo
106971,Abel Candelario España Calderon,2023-05-15,0,nuevo
107450,Felicia Estrada Valle,2021-04-13,0,nuevo
113141,Vasco Terrón Pérez,2021-06-13,0,nuevo
108416,María Del Carmen Romeu Zapata,2022-11-02,0,nuevo
111329,Sabina Villanueva Baquero,2020-12-17,0,nuevo
110017,Narcisa Aparicio Rivero,2021-01-11,0,nuevo
101016,Lucio Pelayo-Pérez,2021-11-12,0,nuevo
105125,Alejandra Ferrera Prieto,2022-03-15,0,nuevo
113165,Ainara Armengol Rojas,2022-02-23,0,nuevo
107410,Gloria Serna,2022-07-20,0,nuevo
108990,Leocadia Barco Cadenas,2020-11-30,0,nuevo
102872,Fabián Lastra Porras,2020-06-24,0,nuevo
101839,Pepe Valcárcel Uriarte,2021-10-17,0,nuevo
104805,Borja Moreno-Miranda,2021-02-23,0,nuevo
100256,Eloy Rincón Sáenz,2022-11-07,0,nuevo
112678,Miguel Mercader Matas,2021-11-01,0,nuevo
107715,Cruz Calzada Fuentes,2024-04-11,0,nuevo
101582,Paulino Castro Cáceres,2023-02-22,0,nuevo
110701,Ainoa Pou Puig,2022-08-06,0,nuevo
107892,Dalila Mariño Ruano,2024-03-01,0,nuevo
105321,Tatiana Florina Cánovas Navarro,2021-06-18,0,nuevo
106043,Raquel Casas Tejedor,2022-04-13,0,nuevo
110972,Natanael Sigfrido Tudela Escolano,2023-04-10,0,nuevo
107484,Eva Egea Esteve,2022-07-31,0,nuevo
102746,Gala del Perez,2020-06-13,0,nuevo
103720,Ramón Lloret-Pomares,2021-09-23,0,nuevo
109338,Camila Fortuny Cardona,2022-02-12,0,nuevo
113320,Aarón Riquelme Escolano,2020-08-01,0,nuevo
104469,Reina Ortiz Manuel,2020-08-22,0,nuevo
111212,Carlito Quintero,2020-11-07,0,nuevo
110976,Andrés Felipe Jorge Ugarte Donoso,2024-08-09,0,nuevo
101354,María Pinilla Santamaría,2023-05-03,0,nuevo
113324,Victor Toño Nadal Garay,2020-05-11,0,nuevo
115217,Itziar Cerdán Gilabert,2024-03-04,0,nuevo
108663,Cristina Borja Rebollo,2020-03-09,0,nuevo
103331,Yéssica Cano Rico,2020-06-04,0,nuevo
108054,Pili Pedraza Vergara,2023-02-28,0,nuevo
111830,Vicenta Marin Luna,2021-01-24,0,nuevo
103585,Vinicio Moya Vega,2024-04-26,0,nuevo
113455,Olimpia Zapata-Zorrilla,2021-02-03,0,nuevo
105646,Julián del Cerdán,2020-12-09,0,nuevo
101257,Vicente de Terrón,2021-08-07,0,nuevo
106191,Jose Ramón Gámez Baró,2022-07-26,0,nuevo
113844,Carmelo Viña,2020-05-07,0,nuevo
113971,Serafina Campos Hierro,2021-10-22,0,nuevo
105349,Eduardo Marcial Solera Ponce,2021-04-21,0,nuevo
112491,Marcia Otero Coloma,2022-01-10,0,nuevo
104176,Irene del Baena,2021-05-10,0,nuevo
104911,Fortunato Alonso Ramos,2021-04-27,0,nuevo
106317,Juliana Tejedor Sala,2022-02-22,0,nuevo
101960,Adolfo de Sacristán,2021-10-04,0,nuevo
101960,Adolfo de Sacristán,2021-10-04,0,nuevo
102106,Clímaco Leal Aznar,2023-04-05,0,nuevo
100134,Jordi Porcel,2020-12-17,0,nuevo
100929,Rocío Amigó Zamorano,2022-05-16,0,nuevo
107577,Manuela de Alberola,2020-08-17,0,nuevo
101215,Iker Salcedo Moraleda,2023-06-12,0,nuevo
106531,Juan Luis Mena Sanabria,2022-07-27,0,nuevo
103073,Remigio Rocamora Garmendia,2020-04-25,0,nuevo
110151,Buenaventura Moreno Zamora,2020-07-04,0,nuevo
109577,Isabela Nogués Diaz,2023-02-15,0,nuevo
113117,Amílcar Alba Lasa,2020-03-01,0,nuevo
103710,Evangelina Adelina Bayón Múñiz,2024-07-04,0,nuevo
114930,Agustín Pera-Menendez,2022-10-10,0,nuevo
104269,Kike Gracia,2024-05-10,0,nuevo
111795,Remigio Iñiguez,2020-12-31,0,nuevo
108906,Amparo Moraleda Pol,2023-06-11,0,nuevo
104187,Rosendo Jonatan Albero Ricart,2022-11-02,0,nuevo
105302,Tamara Acero Nebot,2021-04-21,0,nuevo
102924,Pilar Alcalá Luque,2023-09-15,0,nuevo
101811,Ana Sofía Martin Espejo,2022-01-16,0,nuevo
104313,Lola Pablo Villaverde,2023-10-01,0,nuevo
108703,Bernardita Angelina Castro Vega,2021-07-28,0,nuevo
109873,Alba Medina Sanmartín,2023-01-18,0,nuevo
114801,Rolando González Calzada,2020-03-21,0,nuevo
110049,Ximena Paola Jordán Anglada,2020-12-17,0,nuevo
113808,Gastón Lumbreras-Calderon,2021-09-14,0,nuevo
110579,Dora Ortuño Zamora,2024-03-17,0,nuevo
105542,Salvador Lastra Nuñez,2020-11-15,0,nuevo
101541,Abilio Carrillo Cámara,2023-09-02,0,nuevo
102682,Rafa Palomar Sanchez,2020-08-12,0,nuevo
111186,Olegario Alejo Araujo Castrillo,2021-03-25,0,nuevo
106314,Dimas Lumbreras Nogueira,2022-01-10,0,nuevo
101192,Armando Cal Monreal,2023-07-23,0,nuevo
105294,Pascual Talavera Bou,2022-04-05,0,nuevo
101543,Claudio Barrio Villar,2020-05-19,0,nuevo
111494,Áurea Clavero,2020-04-19,0,nuevo
107057,Marcelo Gutierrez,2022-01-12,0,nuevo
102540,Eugenia de Marin,2020-07-31,0,nuevo
108011,Luís Pedro Pino Roca,2024-04-27,0,nuevo
104331,Nicanor Abella Heras,2023-05-21,0,nuevo
105335,Juan Manuel Aguilera Yáñez,2020-04-28,0,nuevo
104730,Paco Rodriguez-Figueras,2023-01-27,0,nuevo
106542,Adelaida Acuña-Arnaiz,2020-09-15,0,nuevo
105306,Camilo Páez Jimenez,2024-07-26,0,nuevo
105162,Moisés Luciano Puig Santiago,2023-02-21,0,nuevo
107861,Flora Gibert,2021-09-01,0,nuevo
101063,Reinaldo Córdoba Pont,2022-11-30,0,nuevo
110809,Clímaco del Baeza,2024-05-26,0,nuevo
103637,Teodora Puente Flor,2023-07-02,0,nuevo
107652,Adán Andrade Viana,2024-06-03,0,nuevo
105589,Reinaldo Montaña Llamas,2022-05-13,0,nuevo
104492,Paz Uriarte Salazar,2024-06-11,0,nuevo
107267,Máxima del Guerrero,2023-10-30,0,nuevo
108336,Antonio Gonzalo Arribas,2023-08-29,0,nuevo
104947,Petrona Ruiz,2021-12-01,0,nuevo
100718,Héctor Casal Paredes,2021-05-12,0,nuevo
110012,Josep Cueto Villa,2021-11-13,0,nuevo
102503,Jordi Guijarro Bermúdez,2024-04-20,0,nuevo
104361,Florencio Sevillano-Balaguer,2020-09-07,0,nuevo
104172,Lupe Meléndez Acevedo,2023-09-20,0,nuevo
108083,Genoveva Nazaret Ferrera Sancho,2020-06-18,0,nuevo
115191,Rogelio Herranz-Ríos,2024-08-19,0,nuevo
114781,Vasco Jenaro Coll Barreda,2023-11-09,0,nuevo
100396,Ramón Canet Hernandez,2021-06-01,0,nuevo
114513,Desiderio Reig Hoz,2021-12-19,0,nuevo
101366,Jose Marciano Herrera Roca,2024-08-27,0,nuevo
114398,Sol Bibiana Barbero Romero,2022-04-11,0,nuevo
105918,Baudelio Sola-Rocha,2022-05-19,0,nuevo
110519,Marciano Vega Tejedor,2021-08-11,0,nuevo
105645,Máxima Paca Pablo Burgos,2024-01-26,0,nuevo
112044,Isaac Amaya Peñas,2020-05-18,0,nuevo
107358,Pascual Macias Font,2024-01-28,0,nuevo
106807,Serafina del Gallo,2022-01-15,0,nuevo
105105,Lucho Uribe,2021-06-28,0,nuevo
105074,Manolo Vaquero Bayo,2023-11-11,0,nuevo
101572,Sigfrido Recio Camps,2023-10-10,0,nuevo
104080,Miguel Peña Coll,2024-04-20,0,nuevo
102787,Melchor Mata Solís,2023-10-03,0,nuevo
102968,Fortunata Coello Andreu,2022-05-25,0,nuevo
105989,Juan Antonio Cuesta Alvarez,2023-07-26,0,nuevo
108868,Pedro Coloma Fuertes,2023-10-16,0,nuevo
111001,Gregorio Oliveras Aguado,2021-04-12,0,nuevo
111541,Sandra Suárez,2020-05-08,0,nuevo
100729,Jimena Duarte,2024-02-20,0,nuevo
111339,Carmela Acevedo,2022-02-10,0,nuevo
109709,Óscar Salmerón,2021-09-24,0,nuevo
105746,Pablo Pont Ramos,2021-05-31,0,nuevo
107669,Rebeca de Palau,2021-12-01,0,nuevo
100826,Cleto del Sebastián,2021-04-26,0,nuevo
103975,Rico Tur,2024-08-12,0,nuevo
108809,Lalo Acosta Gárate,2021-05-09,0,nuevo
108307,Evelia Santos,2022-04-11,0,nuevo
111262,Gema Izquierdo-Sala,2024-02-20,0,nuevo
109818,Bernardino Moraleda Pont,2022-11-15,0,nuevo
106749,Humberto Marqués Isern,2023-05-10,0,nuevo
112378,Ambrosio Márquez-Francisco,2024-02-19,0,nuevo
115020,Febe del Barriga,2020-03-05,0,nuevo
110739,Angelita Rocamora-Gomis,2023-03-23,0,nuevo
105727,Édgar Ayuso Barrios,2023-05-06,0,nuevo
104108,Marcelo Cid Córdoba,2021-03-29,0,nuevo
110637,Irene Patricia Casanova León,2021-03-12,0,nuevo
104381,Primitiva Lorenzo Padilla,2023-10-23,0,nuevo
103914,Ascensión Pina Ferrández,2021-03-06,0,nuevo
105537,Lalo Carbó Catalán,2021-03-28,0,nuevo
105733,Cándida Pagès Pareja,2024-03-11,0,nuevo
102739,Omar del Mena,2020-05-17,0,nuevo
105053,Guiomar Tello,2024-01-04,0,nuevo
104001,Armida Font-Jaén,2021-10-05,0,nuevo
102428,Cayetano Calisto Revilla Rosell,2022-08-21,0,nuevo
111939,Imelda Posada-Vargas,2021-09-24,0,nuevo
106834,Eusebia Delfina Lerma Ortiz,2022-02-12,0,nuevo
110124,Pastora Boix,2023-08-30,0,nuevo
100852,Consuelo Llamas Rozas,2021-07-18,0,nuevo
114594,Noemí Vilar Gomis,2022-11-16,0,nuevo
105879,Alondra Millán Elorza,2022-01-12,0,nuevo
111280,Seve Rojas Piñol,2021-03-18,0,nuevo
111009,Visitación Gascón Julián,2023-10-14,0,nuevo
109824,José Catalá Galvez,2022-10-08,0,nuevo
102490,Bernarda Pineda Falcón,2024-06-12,0,nuevo
102850,Pacífica Lamas Macías,2021-07-26,0,nuevo
105882,Julia Javiera Morante Rovira,2021-07-16,0,nuevo
104453,Tiburcio Ramírez Adán,2020-03-06,0,nuevo
109950,Micaela Gonzalez Quesada,2022-12-05,0,nuevo
113601,Belén Nogueira Jódar,2021-01-23,0,nuevo
109828,María Sandoval Ariño,2022-10-20,0,nuevo
112839,Bernardo Morillo Santana,2023-06-10,0,nuevo
106485,Hortensia de Reguera,2022-05-29,0,nuevo
106618,Patricio Cabeza-Amat,2020-10-02,0,nuevo
111152,Duilio Fermín Vázquez Amo,2022-11-06,0,nuevo
115116,Encarna Rafaela Ayuso Exposito,2023-07-21,0,nuevo
114062,Javi Gutierrez Múñiz,2021-03-23,0,nuevo
113297,Bernarda Narcisa Carmona Nebot,2022-11-01,0,nuevo
115104,Pastor de Yuste,2021-08-08,0,nuevo
112238,Cecilio Blanch Urrutia,2020-12-21,0,nuevo
111549,Chuy Iriarte Corbacho,2022-07-11,0,nuevo
103507,Nieves Ariza-Alberto,2023-05-20,0,nuevo
101680,Balduino del Cabañas,2023-10-07,0,nuevo
104250,Joan Arnaiz Soler,2022-10-05,0,nuevo
110487,Ildefonso de Lledó,2020-08-13,0,nuevo
107005,Leyre Asensio Alfaro,2023-06-26,0,nuevo
109663,Macarena Camps Pinto,2022-06-15,0,nuevo
104071,Nando Pinto Pizarro,2023-10-11,0,nuevo
113501,Samu Campos Dalmau,2023-03-22,0,nuevo
103344,Lucio Rey Ortiz,2022-03-07,0,nuevo
107405,Jacinto Lumbreras-Morata,2023-03-20,0,nuevo
100560,Fabiola Barrena Ropero,2020-09-08,0,nuevo
105238,Ana Sofía Mayoral Viña,2023-03-18,0,nuevo
113408,Manuel Corbacho-Clemente,2022-11-16,0,nuevo
111042,Custodia Pelayo,2021-01-24,0,nuevo
101082,Gastón Victoriano Coronado Vizcaíno,2020-07-30,0,nuevo
101665,Febe Guillén,2022-08-29,0,nuevo
101932,Cristina Pavón Acosta,2023-08-28,0,nuevo
101151,Ariadna Arribas,2023-10-09,0,nuevo
102839,Tiburcio Torrens,2022-11-09,0,nuevo
111868,Clementina Novoa-Mármol,2020-05-28,0,nuevo
100831,Jenaro Anastasio Alegre Bou,2021-03-30,0,nuevo
108312,Cristina Aller Campoy,2020-09-07,0,nuevo
104753,Graciela Neira Vergara,2022-05-02,0,nuevo
115189,Alonso Adán Otero,2020-03-24,0,nuevo
112557,Lucio Montserrat Llabrés,2021-06-12,0,nuevo
106800,Epifanio Isidoro Solana Marco,2021-10-24,0,nuevo
107988,Celestino Llano Gabaldón,2024-06-14,0,nuevo
107028,Hector Olmedo-Miró,2024-08-12,0,nuevo
104870,Morena Jimenez Tena,2023-10-23,0,nuevo
105316,Sergio Moreno Guijarro,2023-04-30,0,nuevo
103052,Ambrosio de Sanmartín,2021-07-28,0,nuevo
105692,Melchor Balaguer Clavero,2023-06-27,0,nuevo
103125,Román Dueñas-Carlos,2024-07-24,0,nuevo
114600,Elodia Estévez Solano,2021-06-26,0,nuevo
110853,Arcelia Gil Tamarit,2024-02-21,0,nuevo
102492,Francisco Jose del Clemente,2022-01-15,0,nuevo
113366,Graciela Sol Morcillo Cáceres,2023-11-25,0,nuevo
103855,Eutropio Conesa Mateos,2022-09-29,0,nuevo
113126,Alicia de Millán,2021-11-07,0,nuevo
109908,Dominga Amaya Arce Cantero,2023-03-06,0,nuevo
114641,Adelina Villalba Bru,2021-08-30,0,nuevo
107510,Omar Sebastián Mateos Cuesta,2023-08-08,0,nuevo
114906,Soraya Jaén-Taboada,2020-11-14,0,nuevo
106458,Anita Cuervo,2024-08-17,0,nuevo
106294,Jordi Cuadrado Ledesma,2024-04-13,0,nuevo
111454,Luz Mármol-Valero,2021-01-27,0,nuevo
100575,Paulina Martín-Gargallo,2021-11-29,0,nuevo
103770,América Pardo Céspedes,2023-07-18,0,nuevo
111929,Sarita Herrero Saavedra,2020-07-14,0,nuevo
104147,Nazaret Gilabert Salvà,2023-06-26,0,nuevo
110967,Alejo Donaire Herranz,2023-04-24,0,nuevo
113122,José Luis Cadenas Porras,2022-08-20,0,nuevo
113404,Jose Miguel Agullo-Ferrándiz,2024-01-06,0,nuevo
106003,Emperatriz Morata Badía,2021-07-15,0,nuevo
109164,Alfonso José Mari Sanmartín Pons,2020-07-27,0,nuevo
110894,Francisca Guzmán,2024-02-08,0,nuevo
108174,Bernardita Coronado Heras,2023-11-04,0,nuevo
106656,Sandalio Escudero Sans,2022-10-12,0,nuevo
102369,Perla Saldaña Reyes,2023-08-08,0,nuevo
107993,Agustina Peñas,2021-08-12,0,nuevo
108717,Begoña Lola Izaguirre Arenas,2020-11-17,0,nuevo
110648,Cruz Heras Morell,2024-01-03,0,nuevo
113209,Gilberto Gomila Vilaplana,2021-12-27,0,nuevo
105802,Azahara Araujo Cruz,2023-03-16,0,nuevo
107207,Benjamín Recio Guijarro,2021-10-23,0,nuevo
107561,Rafaela Antón Tovar,2020-09-29,0,nuevo
111368,Andrea Barros Cañas,2024-05-24,0,nuevo
112250,Noa Cristina Sainz Requena,2021-02-05,0,nuevo
110730,Fabián Vives,2023-10-26,0,nuevo
107807,Edu Adadia Sanz,2020-03-28,0,nuevo
103010,Vanesa Llobet Tolosa,2023-10-26,0,nuevo
104015,Olalla Ferrández Velázquez,2024-06-23,0,nuevo
107456,Efraín Lino Arnaiz Rodríguez,2022-04-11,0,nuevo
112914,Miguel Ángel Méndez Zamorano,2020-04-02,0,nuevo
102734,Nieves del Casals,2024-06-09,0,nuevo
106710,Aníbal Piñol Sandoval,2021-07-16,0,nuevo
105855,Amelia Clotilde Blanca Arregui,2022-10-30,0,nuevo
101817,Manuela Arribas Izquierdo,2022-01-11,0,nuevo
110258,Amado del Jove,2022-06-26,0,nuevo
103395,María Fernanda Reina Blanca,2023-02-02,0,nuevo
103328,Ariel Villalonga Espejo,2021-02-11,0,nuevo
106103,Cristian Carballo Barrena,2024-04-23,0,nuevo
100700,Lupita Salamanca Losa,2024-06-21,0,nuevo
115190,Hortensia Bello Meléndez,2020-09-19,0,nuevo
100302,Edmundo Galan Velasco,2023-08-27,0,nuevo
114833,Nélida Álvarez Cáceres,2023-01-31,0,nuevo
103445,Bernardita Ribes Bastida,2024-04-19,0,nuevo
107340,Ileana Gallo,2024-07-13,0,nuevo
108209,Tomasa Benet Figueras,2023-02-23,0,nuevo
113504,Abril Santamaria Pintor,2024-08-23,0,nuevo
107684,Guiomar Molina Hoz,2021-08-13,0,nuevo
112741,Gilberto Cañizares Leon,2024-02-13,0,nuevo
105601,Ariadna Olivera Arregui,2024-03-27,0,nuevo
114620,Adelardo Benito Bejarano,2020-04-09,0,nuevo
104894,Zoraida Acevedo Jordá,2024-01-02,0,nuevo
114363,Joel Cifuentes-Samper,2020-04-25,0,nuevo
103355,Ariel Sandoval Goicoechea,2022-06-03,0,nuevo
110678,Manu Llabrés-Oliveras,2020-07-05,0,nuevo
108755,Dionisio Casals Gallart,2020-12-23,0,nuevo
103437,Benita Sáenz Lamas,2023-01-15,0,nuevo
114566,Clotilde Portero Maza,2021-01-16,0,nuevo
114374,Áurea Esteve Arévalo,2024-01-06,0,nuevo
101694,Encarnación Lago-Martin,2020-05-13,0,nuevo
106894,Néstor Garzón Reig,2020-04-17,0,nuevo
101046,Ricarda Palacios-Pizarro,2020-09-23,0,nuevo
103447,Aureliano Jenaro Vigil Ripoll,2024-05-14,0,nuevo
112758,Josué Borja Navarro,2020-04-23,0,nuevo
104736,Margarita Tena,2020-05-21,0,nuevo
104497,Gabriela Carrera Chamorro,2022-10-18,0,nuevo
101219,Vilma Isa Tormo Lastra,2023-07-04,0,nuevo
113447,Anita Barón Coca,2023-09-13,0,nuevo
113704,Nadia Márquez Román,2021-06-03,0,nuevo
109720,Cesar Cecilio Piquer Aparicio,2023-04-18,0,nuevo
104912,Toño Riba Jimenez,2024-06-08,0,nuevo
109493,Roxana Rozas Exposito,2022-02-21,0,nuevo
108353,Efraín Barón Escrivá,2024-02-07,0,nuevo
112260,Reyna Aguirre Arcos,2022-08-31,0,nuevo
113993,María Dolores Miguel Dueñas,2024-02-14,0,nuevo
111427,Vidal Gutiérrez,2024-07-12,0,nuevo
111970,Néstor Alcántara Alcolea,2021-05-23,0,nuevo
104434,Jesusa Arana Tomas,2024-08-10,0,nuevo
114208,Nacio Verdejo Yáñez,2023-02-18,0,nuevo
102962,Noelia Guadalupe Lobato Colomer,2022-10-16,0,nuevo
102201,Amaya Macías Mendoza,2023-08-14,0,nuevo
102558,Amanda Calderon,2023-10-01,0,nuevo
112116,Basilio Torralba-Nieto,2023-10-19,0,nuevo
104200,Carina Lastra Martin,2023-02-13,0,nuevo
105540,Venceslás Bonilla Casanova,2021-02-10,0,nuevo
101649,Geraldo del Díaz,2024-03-13,0,nuevo
112875,María Carmen Polo Paz,2022-10-02,0,nuevo
112916,Ester del Sarabia,2023-10-08,0,nuevo
111384,Lupita Pastor,2020-05-10,0,nuevo
106198,Matías Artigas Mariscal,2020-09-14,0,nuevo
106296,Vinicio Sainz Fajardo,2020-06-03,0,nuevo
101155,Germán Rivera-Sureda,2022-10-01,0,nuevo
102256,Albert Gallardo Echeverría,2022-03-20,0,nuevo
109875,Edelmira Canals Maldonado,2021-09-01,0,nuevo
103171,Nacho del Ugarte,2020-08-03,0,nuevo
110249,Noelia Priscila Porcel Guerrero,2024-06-30,0,nuevo
103109,Lupe Lopez Fabra,2022-03-05,0,nuevo
104549,Amalia Jerez-Canals,2023-04-19,0,nuevo
111916,Albert Fortuny Martin,2024-06-27,0,nuevo
105424,María Carmen Montesinos-Caballero,2020-12-03,0,nuevo
111836,Fulgencio Serna Alcalde,2022-09-22,0,nuevo
109209,Juan José Alfonso Castell,2022-08-10,0,nuevo
114682,Aristides Pozuelo Nuñez,2023-08-09,0,nuevo
114076,Jessica Cornejo Guerra,2022-08-15,0,nuevo
105535,Nélida Infante Bilbao,2021-12-26,0,nuevo
114487,Carmelo Bauzà,2021-09-19,0,nuevo
106617,Fátima Herranz Andreu,2020-10-07,0,nuevo
108121,Crescencia de Barrena,2022-06-23,0,nuevo
108156,María Manuela Arnau Cabrera,2022-05-19,0,nuevo
101803,Casandra Barón Castells,2023-08-22,0,nuevo
104737,Ileana Ofelia Paredes Fuentes,2020-12-10,0,nuevo
106695,Ricardo Blanca-Lladó,2024-06-17,0,nuevo
105760,Omar Castell-Pulido,2021-05-11,0,nuevo
108681,Perla Barros Verdejo,2021-10-04,0,nuevo
101844,Ester Manzanares Priego,2021-03-15,0,nuevo
102912,Valentín Berrocal,2020-08-08,0,nuevo
108339,Luna Feliu Abellán,2024-07-10,0,nuevo
113823,Jovita Marti Casado,2020-11-06,0,nuevo
101987,Tadeo Sigfrido Lladó Pina,2020-09-28,0,nuevo
109562,Morena Oller Cervera,2022-04-30,0,nuevo
106547,Samuel Amaya,2021-05-07,0,nuevo
114244,Dionisio Andrade,2022-10-12,0,nuevo
107099,Lourdes Marisol Codina Guzman,2023-05-12,0,nuevo
102812,Cristóbal Mur-Paniagua,2021-11-24,0,nuevo
109987,Nerea Alvarado Escribano,2021-05-04,0,nuevo
104283,Elena Menéndez,2023-11-10,0,nuevo
109340,Ibán Clavero Pombo,2020-05-31,0,nuevo
111465,Ágata Buendía Falcón,2023-04-06,0,nuevo
108801,Venceslás Cecilio Martin Quiroga,2022-10-06,0,nuevo
112664,Diego Arana,2024-07-27,0,nuevo
104916,Charo Zoraida Marin Marin,2021-12-15,0,nuevo
104916,Charo Zoraida Marin Marin,2021-12-15,0,nuevo
115047,Rosalina Carlos Pozo,2021-09-30,0,nuevo
105469,Pastora Benavent Borrego,2022-12-21,0,nuevo
104917,Priscila Marqués Villar,2021-09-12,0,nuevo
110270,Modesta Clara Rodríguez Madrid,2021-06-16,0,nuevo
103983,Bernardino Puga Pedro,2022-01-28,0,nuevo
106084,Begoña Pastor Carreras,2020-03-11,0,nuevo
109655,Ángela Castellanos Alberto,2020-09-02,0,nuevo
103303,Irene Lorenzo,2021-09-12,0,nuevo
101514,Ariel Yáñez Bravo,2020-10-23,0,nuevo
114308,Rodrigo del Anglada,2024-08-07,0,nuevo
102037,Rolando Nilo Prado Hierro,2024-03-25,0,nuevo
105181,Celia Encarnacion Vicens Pi,2021-12-06,0,nuevo
113264,Toribio Ramirez Neira,2020-10-05,0,nuevo
106303,Virginia Anita Pereira Saavedra,2021-01-09,0,nuevo
113229,Saturnino Jose Manuel Agullo Gárate,2024-08-21,0,nuevo
110206,Gema Contreras Agullo,2022-08-05,0,nuevo
112844,Amado Marin Velázquez,2021-01-20,0,nuevo
111247,Hilario Bastida,2022-08-02,0,nuevo
112710,Carla del Herrera,2024-08-27,0,nuevo
100960,Anna Sanmiguel Ortega,2020-08-07,0,nuevo
108203,Evita Tamayo Pardo,2021-05-24,0,nuevo
110799,Quirino de Carrión,2020-12-17,0,nuevo
106459,Casemiro Agustí Sosa,2023-02-13,0,nuevo
102593,Rosaura Correa Jáuregui,2021-08-19,0,nuevo
112504,Angelina Manjón Dalmau,2021-05-01,0,nuevo
108918,Marino Hilario García Canet,2020-12-07,0,nuevo
112144,Pili Acedo-Madrigal,2021-07-06,0,nuevo
103986,Porfirio Sainz Sandoval,2023-10-20,0,nuevo
110236,Pepito Carnero Galván,2022-05-07,0,nuevo
110252,Eloísa Estefanía Reguera Pou,2020-06-16,0,nuevo
112196,Martín Duran Valdés,2020-08-31,0,nuevo
108000,Melania Barco Nevado,2021-03-21,0,nuevo
105308,María Belén Alcalde Vergara,2022-02-28,0,nuevo
104794,Albert Benito Córdoba,2022-01-31,0,nuevo
108950,Pelayo Castells Cantero,2024-02-26,0,nuevo
106929,Cosme Sanmartín Lasa,2023-04-27,0,nuevo
106929,Cosme Sanmartín Lasa,2023-04-27,0,nuevo
100853,Gertrudis Julieta Almeida Acevedo,2023-11-21,0,nuevo
102607,Rubén Tudela Casanova,2024-06-26,0,nuevo
106413,Rosalina Villalba Ibáñez,2023-11-14,0,nuevo
107658,Jorge Cáceres Ferrer,2022-08-19,0,nuevo
100367,Adalberto Gaspar Lumbreras Puig,2022-11-03,0,nuevo
110460,Natividad Duran-Arenas,2024-04-16,0,nuevo
101729,Tania Valbuena,2022-06-25,0,nuevo
105728,Flavia Tudela Bravo,2024-06-19,0,nuevo
100893,Estela Busquets Gomila,2021-09-19,0,nuevo
113017,Consuelo Briones-Lasa,2024-06-20,0,nuevo
107562,Esperanza Yuste Rivero,2023-10-28,0,nuevo
105913,Alex Ros Gascón,2020-09-20,0,nuevo
106469,Celestina Benítez Morell,2023-12-18,0,nuevo
114178,Balduino Peña Santana,2022-08-22,0,nuevo
106733,Reyna Figueras Escobar,2022-03-28,0,nuevo
103542,Sancho Cerro Palomares,2023-05-26,0,nuevo
104085,Dora Borrell,2020-11-25,0,nuevo
114765,Águeda Luján Almazán,2021-12-28,0,nuevo
104834,Chus Cabrero Cervantes,2023-01-15,0,nuevo
104118,Eli Aragonés Villalba,2021-06-18,0,nuevo
104172,Lupe Meléndez Acevedo,2023-09-20,0,nuevo
104784,Patricia Azcona,2020-10-24,0,nuevo
110225,América Galván Esteve,2020-10-30,0,nuevo
105260,Belen Plaza Hernandez,2023-11-26,0,nuevo
110194,Severiano Palomino,2021-05-02,0,nuevo
102263,Cirino Gomez Alberola,2023-01-04,0,nuevo
102256,Albert Gallardo Echeverría,2022-03-20,0,nuevo
106654,Blanca Llano Fabra,2022-07-02,0,nuevo
101973,América Pedrero,2023-05-27,0,nuevo
100297,Fito Portillo Piquer,2020-06-09,0,nuevo
105260,Belen Plaza Hernandez,2023-11-26,0,nuevo
102181,Nicolasa Varela Pinedo,2024-06-24,0,nuevo
101090,Abel Barragán Almeida,2020-11-19,0,nuevo
105723,Carlito Martinez Valdés,2021-10-29,0,nuevo
103991,Lalo Gabino Guerra Puente,2024-07-08,0,nuevo
107065,Haroldo Bolaños-Montero,2024-08-06,0,nuevo
104937,Marc Pérez Pedrero,2020-04-15,0,nuevo
109014,Amor Ángela González Jara,2021-01-29,0,nuevo
105338,Emma Íngrid Jara Neira,2021-11-21,0,nuevo
110620,Paloma Carreño Villar,2023-11-30,0,nuevo
103537,Mireia Alemán Arnal,2022-02-21,0,nuevo
105291,Chita Campoy Sebastián,2022-09-23,0,nuevo
103008,Etelvina Valentín Barros,2022-07-17,0,nuevo
103008,Etelvina Valentín Barros,2022-07-17,0,nuevo
112890,Haydée Gibert Rivas,2022-06-11,0,nuevo
112068,Martín de Puerta,2023-06-17,0,nuevo
108343,Adelaida de Campillo,2021-02-20,0,nuevo
108614,Jacinto Vilanova Carreño,2022-03-03,0,nuevo
110899,Borja Flores Bustos,2024-06-29,0,nuevo
101206,Anunciación Marquez Nadal,2021-05-24,0,nuevo
109415,Carla del Bautista,2024-03-25,0,nuevo
106679,Donato Torrijos Donaire,2023-09-02,0,nuevo
103395,María Fernanda Reina Blanca,2023-02-02,0,nuevo
105664,Toribio Carpio,2023-02-07,0,nuevo
109011,José Martinez Montaña,2021-11-13,0,nuevo
109011,José Martinez Montaña,2021-11-13,0,nuevo
104756,Zaida Lladó Durán,2021-12-25,0,nuevo
110952,Consuela Quero,2021-09-11,0,nuevo
110961,Sandalio Puig,2022-12-28,0,nuevo
102717,Emilia Cisneros Mayoral,2022-01-23,0,nuevo
110059,Eutimio España-Alegre,2020-03-12,0,nuevo
114909,Eduardo Juan Luis Coll Rovira,2020-07-17,0,nuevo
102833,Jenaro Pareja Pareja,2022-10-13,0,nuevo
107433,Nerea Llobet Bernat,2020-11-09,0,nuevo
115139,Kike Mulet Robles,2022-09-30,0,nuevo
108951,Luciano de Madrigal,2021-12-07,0,nuevo
102632,Sofía Bertrán,2024-03-21,0,nuevo
113297,Bernarda Narcisa Carmona Nebot,2022-11-01,0,nuevo
112917,Fanny Cañas Olmo,2023-03-10,0,nuevo
106560,Felix Terrón Pizarro,2021-03-28,0,nuevo
100741,Delia Pizarro Arribas,2020-08-30,0,nuevo
105549,Maricela Cabezas-Arenas,2021-02-27,0,nuevo
101065,Albina Carballo-Quero,2021-08-10,0,nuevo
100719,Tito Lucena Campo,2022-02-07,0,nuevo
104602,Tomás Gutierrez Benet,2024-01-29,0,nuevo
109774,Otilia Valcárcel Correa,2023-07-02,0,nuevo
102424,Lucas Cabañas Calatayud,2024-06-11,0,nuevo
102090,Rosario Rodríguez-Ayuso,2021-05-06,0,nuevo
109388,Ángel Barrera Cobos,2021-04-25,0,nuevo
104923,Adelia Cuevas-Cabrera,2023-10-13,0,nuevo
102164,Jessica de Tenorio,2023-02-24,0,nuevo
113989,Gabino Losa Sevilla,2020-07-20,0,nuevo
100616,Zoraida Daza Uriarte,2020-09-22,0,nuevo
108203,Evita Tamayo Pardo,2021-05-24,0,nuevo
106494,Rico Luna Ródenas,2023-03-12,0,nuevo
105908,Ovidio Vila Berenguer,2021-07-10,0,nuevo
110848,Elisabet Borrego Navarro,2022-09-05,0,nuevo
113805,Jesús Amores Quirós,2021-06-05,0,nuevo
113792,Félix Cepeda Bastida,2023-10-25,0,nuevo
110014,Emma Asenjo Ledesma,2021-04-07,0,nuevo
112767,Mariano Guzmán Sáez,2021-07-19,0,nuevo
105799,Rosalinda Trujillo-Zabaleta,2020-03-12,0,nuevo
109949,Lorena Almeida-Vargas,2020-04-01,0,nuevo
112176,Rubén Daza Rubio,2020-12-10,0,nuevo
113469,Graciano Mayoral Alvarado,2020-12-27,0,nuevo
112394,Fabián Cabello Yáñez,2022-01-20,0,nuevo
111456,Susana Verdejo Rodriguez,2024-05-31,0,nuevo
115212,Carolina Palau Toledo,2024-02-16,0,nuevo
107407,Calista Dominguez Benavent,2021-01-06,0,nuevo
105200,René Escrivá Priego,2022-07-24,0,nuevo
113520,Anna del Ávila,2020-05-30,0,nuevo
