cliente_id,campana,fecha_envio,canal_contacto,abrio_email,clickeo_link,compro,primer_compra_campana
100100,verano_2024,2024-06-19,email,False,,False,
102974,verano_2024,2024-06-17,Email,False,,False,
115024,verano_2024,2024-06-20,email,True,True,True,2024-08-05
112411,verano_2024,2024-06-18,email,True,False,False,
106052,verano_2024,2024-06-27,email,True,False,False,
112676,verano_2024,2024-06-29,push,,,True,2024-08-05
114647,verano_2024,2024-06-19,email,False,,False,
113712,verano_2024,2024-06-19,email,True,False,False,
114055,verano_2024,2024-06-28,push,,,True,2024-07-25
106791,verano_2024,2024-06-27,email,False,,False,
106308,verano_2024,2024-06-22,email,False,,False,
103485,verano_2024,2024-06-26,email,True,False,False,
109843,verano_2024,2024-06-28,email,False,,False,
109189,verano_2024,2024-06-18,email,False,,False,
103466,verano_2024,2024-06-15,email,True,False,False,
102089,verano_2024,2024-06-25,email,False,,False,
110461,verano_2024,2024-06-17,Email,True,False,True,2024-08-30
104401,verano_2024,2024-06-19,email,True,False,False,
106933,verano_2024,2024-06-23,email,True,False,False,
111075,verano_2024,2024-06-16,push,,,True,2024-08-04
103480,verano_2024,2024-06-26,email,True,False,False,
110318,verano_2024,2024-06-18,email,True,True,False,
104795,verano_2024,2024-06-22,email,True,False,False,
111643,verano_2024,2024-06-19,email,True,False,False,
106441,verano_2024,2024-06-21,Email,True,False,False,
104871,verano_2024,2024-06-19,email,True,False,False,
105750,verano_2024,2024-06-29,sms,,,True,2024-07-12
101351,verano_2024,2024-06-21,email,False,,False,
105333,verano_2024,2024-06-18,email,False,,False,
101523,verano_2024,2024-06-26,email,False,,False,
105569,verano_2024,2024-06-27,email,True,True,False,
107927,verano_2024,2024-06-22,sms,,,False,
103880,verano_2024,2024-06-25,push,,,False,
105611,verano_2024,2024-06-18,email,True,True,False,
110990,verano_2024,2024-06-24,email,False,,False,
104862,verano_2024,2024-06-29,email,False,,False,
102928,verano_2024,2024-06-15,email,False,,True,2024-08-21
109869,verano_2024,2024-06-18,sms,,,False,
101329,verano_2024,2024-06-26,email,False,,False,
100170,verano_2024,2024-06-28,email,True,False,False,
106215,verano_2024,2024-06-22,email,True,True,True,
111689,verano_2024,2024-06-26,push,,,False,
102233,verano_2024,2024-06-25,email,True,False,True,2024-07-27
102857,verano_2024,2024-06-24,email,True,False,False,
111015,verano_2024,2024-06-24,email,False,,False,
115239,verano_2024,2024-06-24,email,False,,False,
103030,verano_2024,2024-06-19,sms,,,False,
108696,verano_2024,2024-06-26,sms,,,True,2024-08-12
111962,verano_2024,2024-06-23,push_notification,,,False,
105554,verano_2024,2024-06-23,push,,,False,
114209,verano_2024,2024-06-21,email,False,,False,
105002,verano_2024,2024-06-15,email,False,,False,
113085,verano_2024,2024-06-26,email,True,True,False,
108954,verano_2024,2024-06-22,sms,,,True,2024-08-03
115136,verano_2024,2024-06-22,push,,,False,
104360,verano_2024,2024-06-17,push,,,False,
108577,verano_2024,2024-06-23,email,False,,False,
112124,verano_2024,2024-06-28,email,False,,True,2024-08-07
103222,verano_2024,2024-06-19,email,False,,False,
104063,verano_2024,2024-06-16,email,False,,False,
107701,verano_2024,2024-06-15,email,False,,False,
109076,verano_2024,2024-06-19,email,False,,False,
108102,verano_2024,2024-06-17,push,,,True,2024-08-14
107524,verano_2024,2024-06-28,email,False,,False,
114027,verano_2024,2024-06-25,push,,,False,
102827,verano_2024,2024-06-18,email,True,True,False,
112628,verano_2024,2024-06-23,push,,,True,2024-08-03
101359,verano_2024,2024-06-16,push,,,False,
107641,verano_2024,2024-06-24,email,True,False,False,
111982,verano_2024,2024-06-25,email,True,False,False,
105923,verano_2024,2024-06-20,email,False,,True,2024-08-11
115214,verano_2024,2024-06-20,push,,,False,
113872,verano_2024,2024-06-24,push,,,False,
100933,verano_2024,2024-06-21,push,,,False,
114306,verano_2024,2024-06-19,email,False,,False,
112205,verano_2024,2024-06-15,email,False,,False,
106316,verano_2024,2024-06-24,email,False,,False,
111500,verano_2024,2024-06-28,email,True,False,False,
112320,verano_2024,2024-06-24,push,,,False,
109699,verano_2024,2024-06-17,email,False,,False,
113626,verano_2024,2024-06-29,push,,,False,
114242,verano_2024,2024-06-18,email,False,,False,
109361,verano_2024,2024-06-25,email,True,False,True,2024-08-25
104623,verano_2024,2024-06-24,push,,,False,
108510,verano_2024,2024-06-25,email,False,,False,
110221,verano_2024,2024-06-18,push,,,True,2024-07-29
103316,verano_2024,2024-06-15,push,,,False,
107489,verano_2024,2024-06-25,email,False,,False,
114859,verano_2024,2024-06-23,Email,True,True,True,2024-07-04
104297,verano_2024,2024-06-23,push,,,False,
109293,verano_2024,2024-06-20,email,True,False,True,2024-07-05
112732,verano_2024,2024-06-23,Email,True,True,False,
103352,verano_2024,2024-06-27,email,False,,False,
107880,verano_2024,2024-06-23,push_notification,,,True,2024-08-24
108697,verano_2024,2024-06-23,email,False,,False,
106743,verano_2024,2024-06-18,email,True,False,False,
100567,verano_2024,2024-06-25,push,,,False,
110218,verano_2024,2024-06-20,email,True,False,False,
113742,verano_2024,2024-06-18,email,True,True,False,
112400,verano_2024,2024-06-17,push,,,True,2024-08-17
114480,verano_2024,2024-06-19,email,True,False,False,
113649,verano_2024,2024-06-25,push,,,True,2024-08-27
114986,verano_2024,2024-06-16,push,,,False,
114630,verano_2024,2024-06-19,email,True,False,False,
112770,verano_2024,2024-06-16,push,,,False,
100829,verano_2024,2024-06-19,email,False,,False,
106073,verano_2024,2024-06-16,email,False,,False,
114663,verano_2024,2024-06-15,email,False,,False,
113884,verano_2024,2024-06-28,sms,,,True,2024-07-31
101740,verano_2024,2024-06-22,email,False,,False,
111163,verano_2024,2024-06-21,email,True,False,False,
111073,verano_2024,2024-06-16,email,True,False,False,
112427,verano_2024,2024-06-17,push,,,False,
110873,verano_2024,2024-06-16,email,False,,False,
107373,verano_2024,2024-06-21,push,,,True,
107677,verano_2024,2024-06-18,email,True,False,False,
104116,verano_2024,2024-06-25,email,False,,False,
114598,verano_2024,2024-06-17,push,,,False,
105126,verano_2024,2024-06-22,email,True,False,False,
103482,verano_2024,2024-06-18,email,False,,False,
106221,verano_2024,2024-06-25,email,False,,False,
107304,verano_2024,2024-06-21,push,,,True,2024-08-23
103380,verano_2024,2024-06-24,email,False,,False,
108286,verano_2024,2024-06-29,email,False,,False,
113598,verano_2024,2024-06-26,Email,True,True,False,
111752,verano_2024,2024-06-24,email,True,True,True,2024-08-10
104074,verano_2024,2024-06-19,push,,,True,2024-08-11
107150,verano_2024,2024-06-29,email,False,,False,
107248,verano_2024,2024-06-15,email,False,,False,
100896,verano_2024,2024-06-15,email,False,,False,
103112,verano_2024,2024-06-17,email,False,,False,
104515,verano_2024,2024-06-19,email,True,False,False,
101324,verano_2024,2024-06-23,email,True,True,True,2024-08-23
107437,verano_2024,2024-06-18,push,,,False,
103502,verano_2024,2024-06-29,email,False,,False,
112855,verano_2024,2024-06-15,email,False,,False,
107699,verano_2024,2024-06-22,push,,,False,
111090,verano_2024,2024-06-26,sms,,,True,2024-08-28
110370,verano_2024,2024-06-25,email,False,,False,
106758,verano_2024,2024-06-22,email,False,,False,
101684,verano_2024,2024-06-18,email,False,,False,
100512,verano_2024,2024-06-25,push,,,True,2024-08-05
104130,verano_2024,2024-06-27,email,False,,False,
101347,verano_2024,2024-06-24,Email,False,,True,2024-08-04
105654,verano_2024,2024-06-25,Email,True,False,False,
107607,verano_2024,2024-06-26,email,False,,True,2024-08-02
114793,verano_2024,2024-06-15,push,,,False,
109489,verano_2024,2024-06-21,push,,,True,2024-07-22
113644,verano_2024,2024-06-18,push,,,False,
110028,verano_2024,2024-06-28,email,False,,False,
104780,verano_2024,2024-06-28,email,True,False,True,2024-07-07
110736,verano_2024,2024-06-17,sms,,,False,
109453,verano_2024,2024-06-21,email,False,,False,
113850,verano_2024,2024-06-21,push,,,False,
112907,verano_2024,2024-06-26,SMS,,,True,2024-07-22
104192,verano_2024,2024-06-18,email,False,,False,
100340,verano_2024,2024-06-25,push,,,False,
103734,verano_2024,2024-06-16,push,,,True,2024-07-04
112314,verano_2024,2024-06-21,push,,,False,
104120,verano_2024,2024-06-24,push,,,True,2024-07-26
105207,verano_2024,2024-06-25,email,False,,False,
100938,verano_2024,2024-06-25,sms,,,False,
101480,verano_2024,2024-06-17,email,False,,True,2024-08-18
100543,verano_2024,2024-06-29,email,False,,False,
107031,verano_2024,2024-06-27,Email,False,,True,2024-07-04
101767,verano_2024,2024-06-27,email,False,,False,
108294,verano_2024,2024-06-23,push,,,False,
110655,verano_2024,2024-06-22,email,False,,False,
100477,verano_2024,2024-06-17,Email,True,False,False,
101023,verano_2024,2024-06-29,email,True,False,False,
109030,verano_2024,2024-06-19,push,,,False,
101748,verano_2024,2024-06-21,email,True,False,False,
100903,verano_2024,2024-06-20,email,True,False,False,
101011,verano_2024,2024-06-24,email,True,True,False,
109001,verano_2024,2024-06-19,push,,,False,
100737,verano_2024,2024-06-24,email,True,True,False,
114802,verano_2024,2024-06-16,email,False,,False,
108471,verano_2024,2024-06-22,sms,,,True,2024-08-27
108383,verano_2024,2024-06-23,email,False,,False,
104005,verano_2024,2024-06-24,email,True,False,False,
110200,verano_2024,2024-06-27,email,False,,False,
102474,verano_2024,2024-06-25,email,True,False,False,
112452,verano_2024,2024-06-28,email,True,False,False,
107746,verano_2024,2024-06-20,email,True,True,True,2024-07-23
105652,verano_2024,2024-06-20,email,False,,False,
111185,verano_2024,2024-06-21,push,,,True,2024-07-12
100128,verano_2024,2024-06-20,email,False,,False,
111179,verano_2024,2024-06-22,email,False,,False,
108956,verano_2024,2024-06-28,email,True,False,True,2024-07-12
103814,verano_2024,2024-06-29,push,,,True,2024-08-01
113692,verano_2024,2024-06-28,push,,,True,2024-08-02
106464,verano_2024,2024-06-22,email,False,,False,
103979,verano_2024,2024-06-25,sms,,,True,2024-08-27
100151,verano_2024,2024-06-17,email,False,,False,
100124,verano_2024,2024-06-24,push,,,False,
112125,verano_2024,2024-06-18,email,False,,False,
113042,verano_2024,2024-06-20,email,True,False,False,
115039,verano_2024,2024-06-23,email,True,False,False,
107137,verano_2024,2024-06-26,sms,,,False,
114982,verano_2024,2024-06-20,push,,,False,
113152,verano_2024,2024-06-17,email,True,False,False,
102933,verano_2024,2024-06-28,sms,,,False,
109028,verano_2024,2024-06-17,email,True,False,False,
111794,verano_2024,2024-06-21,email,True,True,False,
110866,verano_2024,2024-06-28,email,True,False,False,
109339,verano_2024,2024-06-22,email,False,,False,
102563,verano_2024,2024-06-20,Email,False,,False,
101271,verano_2024,2024-06-16,email,False,,False,
103990,verano_2024,2024-06-19,sms,,,True,2024-07-28
112226,verano_2024,2024-06-24,email,True,False,False,
105844,verano_2024,2024-06-20,email,False,,False,
100020,verano_2024,2024-06-26,email,False,,False,
105509,verano_2024,2024-06-21,email,True,False,False,
107769,verano_2024,2024-06-23,email,True,False,True,2024-07-17
101548,verano_2024,2024-06-23,push,,,False,
101534,verano_2024,2024-06-23,email,False,,False,
102555,verano_2024,2024-06-16,email,True,False,False,
103411,verano_2024,2024-06-16,push,,,False,
106599,verano_2024,2024-06-18,sms,,,False,
107999,verano_2024,2024-06-29,email,False,,False,
114965,verano_2024,2024-06-25,email,False,,False,
104751,verano_2024,2024-06-21,Email,False,,False,
108177,verano_2024,2024-06-24,push,,,False,
107822,verano_2024,2024-06-28,push,,,True,2024-08-09
104537,verano_2024,2024-06-15,email,False,,False,
114104,verano_2024,2024-06-23,push_notification,,,False,
100089,verano_2024,2024-06-21,push,,,False,
115205,verano_2024,2024-06-25,push,,,False,
110280,verano_2024,2024-06-21,email,True,False,False,
107782,verano_2024,2024-06-22,sms,,,False,
109004,verano_2024,2024-06-21,email,True,False,False,
106197,verano_2024,2024-06-29,email,True,False,False,
108283,verano_2024,2024-06-23,email,False,,False,
107361,verano_2024,2024-06-24,email,False,,False,
114794,verano_2024,2024-06-22,email,False,,False,
109625,verano_2024,2024-06-28,email,True,False,False,
102969,verano_2024,2024-06-22,email,False,,False,
101108,verano_2024,2024-06-21,email,True,True,False,
108674,verano_2024,2024-06-16,sms,,,False,
107464,verano_2024,2024-06-17,email,True,False,False,
111314,verano_2024,2024-06-24,email,False,,False,
103483,verano_2024,2024-06-18,Email,True,False,False,
102860,verano_2024,2024-06-27,push,,,True,2024-07-02
103661,verano_2024,2024-06-29,email,True,False,False,
101749,verano_2024,2024-06-22,sms,,,False,
104683,verano_2024,2024-06-20,push,,,True,2024-08-05
109531,verano_2024,2024-06-20,sms,,,True,2024-08-22
109203,verano_2024,2024-06-19,email,True,False,False,
107411,verano_2024,2024-06-24,email,True,False,False,
102797,verano_2024,2024-06-28,email,False,,False,
103326,verano_2024,2024-06-26,email,False,,False,
107204,verano_2024,2024-06-24,push,,,False,
106693,verano_2024,2024-06-26,email,True,False,False,
101769,verano_2024,2024-06-21,email,False,,False,
107758,verano_2024,2024-06-17,email,True,True,False,
106149,verano_2024,2024-06-28,email,False,,False,
110076,verano_2024,2024-06-28,email,True,False,False,
112161,verano_2024,2024-06-24,email,False,,False,
109396,verano_2024,2024-06-16,email,False,,False,
100103,verano_2024,2024-06-18,SMS,,,False,
102141,verano_2024,2024-06-28,email,True,False,False,
101607,verano_2024,2024-06-23,push,,,False,
102232,verano_2024,2024-06-26,email,False,,False,
109781,verano_2024,2024-06-17,email,False,,True,2024-07-24
111044,verano_2024,2024-06-27,email,False,,False,
104936,verano_2024,2024-06-17,push,,,False,
106425,verano_2024,2024-06-21,sms,,,False,
112523,verano_2024,2024-06-21,email,False,,False,
108964,verano_2024,2024-06-18,email,False,,False,
104231,verano_2024,2024-06-15,email,True,False,False,
109301,verano_2024,2024-06-26,email,False,,False,
103669,verano_2024,2024-06-18,push,,,False,
107192,verano_2024,2024-06-17,push,,,False,
107530,verano_2024,2024-06-16,push,,,True,2024-08-12
102361,verano_2024,2024-06-15,push,,,False,
110281,verano_2024,2024-06-22,email,True,False,False,
107336,verano_2024,2024-06-29,email,True,False,False,
108827,verano_2024,2024-06-22,email,False,,True,2024-07-28
109486,verano_2024,2024-06-16,push,,,False,
102440,verano_2024,2024-06-28,push,,,False,
113223,verano_2024,2024-06-21,Email,True,False,False,
104466,verano_2024,2024-06-22,sms,,,False,
106562,verano_2024,2024-06-22,email,False,,False,
101088,verano_2024,2024-06-24,email,False,,False,
106481,verano_2024,2024-06-17,push_notification,,,False,
108240,verano_2024,2024-06-28,email,True,False,False,
104448,verano_2024,2024-06-27,email,True,False,False,
106792,verano_2024,2024-06-28,email,True,False,False,
106436,verano_2024,2024-06-26,email,True,False,False,
106858,verano_2024,2024-06-19,email,True,False,False,
108762,verano_2024,2024-06-20,push,,,False,
102460,verano_2024,2024-06-21,email,True,False,False,
107284,verano_2024,2024-06-21,email,True,False,False,
114450,verano_2024,2024-06-24,push,,,False,
113069,verano_2024,2024-06-18,email,False,,False,
110644,verano_2024,2024-06-22,email,True,False,False,
104864,verano_2024,2024-06-16,push,,,False,
109566,verano_2024,2024-06-29,push,,,False,
106423,verano_2024,2024-06-26,email,False,,False,
112658,verano_2024,2024-06-15,email,True,False,False,
104581,verano_2024,2024-06-28,email,False,,False,
108114,verano_2024,2024-06-26,push,,,False,
103215,verano_2024,2024-06-26,email,True,True,False,
102185,verano_2024,2024-06-22,email,False,,False,
110680,verano_2024,2024-06-29,sms,,,False,
110920,verano_2024,2024-06-16,email,True,False,False,
104875,verano_2024,2024-06-21,email,False,,True,2024-07-07
100252,verano_2024,2024-06-29,email,False,,False,
105505,verano_2024,2024-06-24,email,False,,False,
104521,verano_2024,2024-06-29,email,False,,False,
103945,verano_2024,2024-06-17,sms,,,False,
107966,verano_2024,2024-06-20,email,True,False,False,
113549,verano_2024,2024-06-29,push,,,False,
109684,verano_2024,2024-06-27,email,False,,False,
113938,verano_2024,2024-06-23,email,False,,False,
106602,verano_2024,2024-06-15,email,False,,False,
108324,verano_2024,2024-06-28,email,False,,False,
105029,verano_2024,2024-06-22,email,True,True,False,
110804,verano_2024,2024-06-27,email,False,,False,
114828,verano_2024,2024-06-27,push_notification,,,False,
108250,verano_2024,2024-06-27,Email,False,,False,
101625,verano_2024,2024-06-16,email,False,,False,
109546,verano_2024,2024-06-19,push,,,False,
109086,verano_2024,2024-06-16,push,,,True,2024-07-09
106187,verano_2024,2024-06-22,email,True,False,False,
114650,verano_2024,2024-06-21,Email,False,,False,
111751,verano_2024,2024-06-21,email,True,False,False,
101227,verano_2024,2024-06-17,push_notification,,,True,2024-07-09
107720,verano_2024,2024-06-27,email,True,True,False,
105437,verano_2024,2024-06-16,push,,,False,
105285,verano_2024,2024-06-25,email,False,,False,
110201,verano_2024,2024-06-21,push,,,True,2024-07-20
108642,verano_2024,2024-06-17,email,True,False,False,
103828,verano_2024,2024-06-24,email,True,False,False,
100388,verano_2024,2024-06-20,email,False,,False,
100197,verano_2024,2024-06-25,email,True,False,False,
114980,verano_2024,2024-06-25,sms,,,False,
109757,verano_2024,2024-06-17,email,False,,False,
113343,verano_2024,2024-06-18,email,False,,False,
106843,verano_2024,2024-06-24,email,True,False,True,2024-08-23
107638,verano_2024,2024-06-19,email,True,True,False,
111148,verano_2024,2024-06-18,push,,,False,
107587,verano_2024,2024-06-25,email,True,True,True,2024-07-11
103528,verano_2024,2024-06-20,email,True,False,False,
110064,verano_2024,2024-06-23,Email,False,,False,
108119,verano_2024,2024-06-27,sms,,,False,
110052,verano_2024,2024-06-29,push,,,False,
101870,verano_2024,2024-06-18,email,False,,False,
111928,verano_2024,2024-06-27,email,False,,False,
106740,verano_2024,2024-06-16,push,,,True,2024-07-03
104169,verano_2024,2024-06-28,email,False,,False,
104829,verano_2024,2024-06-19,push,,,False,
108300,verano_2024,2024-06-16,email,False,,False,
107664,verano_2024,2024-06-21,email,True,False,False,
102158,verano_2024,2024-06-22,email,True,False,False,
102657,verano_2024,2024-06-24,email,False,,True,2024-07-23
112736,verano_2024,2024-06-28,push,,,False,
110311,verano_2024,2024-06-26,email,True,False,False,
103155,verano_2024,2024-06-20,email,True,False,False,
100412,verano_2024,2024-06-28,Email,False,,False,
113056,verano_2024,2024-06-25,sms,,,False,
110420,verano_2024,2024-06-23,sms,,,True,
109163,verano_2024,2024-06-20,email,True,False,False,
110190,verano_2024,2024-06-20,email,False,,False,
106246,verano_2024,2024-06-27,push,,,True,2024-08-29
110125,verano_2024,2024-06-16,sms,,,False,
109261,verano_2024,2024-06-18,sms,,,False,
103211,verano_2024,2024-06-22,email,True,False,False,
103602,verano_2024,2024-06-29,sms,,,False,
114221,verano_2024,2024-06-26,email,False,,False,
105599,verano_2024,2024-06-29,push,,,False,
106461,verano_2024,2024-06-18,push,,,False,
108077,verano_2024,2024-06-15,push,,,False,
108055,verano_2024,2024-06-28,email,True,False,False,
104975,verano_2024,2024-06-29,email,True,True,False,
109306,verano_2024,2024-06-23,email,False,,False,
108664,verano_2024,2024-06-23,email,False,,False,
103373,verano_2024,2024-06-25,email,False,,False,
111434,verano_2024,2024-06-19,push,,,True,2024-08-29
109365,verano_2024,2024-06-15,push,,,False,
101124,verano_2024,2024-06-29,email,True,False,False,
110939,verano_2024,2024-06-15,email,False,,False,
112987,verano_2024,2024-06-17,email,False,,False,
108361,verano_2024,2024-06-29,push_notification,,,True,2024-08-17
106026,verano_2024,2024-06-29,email,True,False,False,
103015,verano_2024,2024-06-26,email,False,,False,
107075,verano_2024,2024-06-20,email,False,,False,
101120,verano_2024,2024-06-26,email,False,,False,
105715,verano_2024,2024-06-26,email,True,False,False,
114939,verano_2024,2024-06-26,email,False,,False,
105401,verano_2024,2024-06-26,push,,,True,2024-07-14
101373,verano_2024,2024-06-18,email,False,,False,
103070,verano_2024,2024-06-24,email,False,,False,
102684,verano_2024,2024-06-16,push,,,True,2024-08-24
110727,verano_2024,2024-06-27,email,False,,False,
112801,verano_2024,2024-06-26,email,False,,False,
107551,verano_2024,2024-06-19,push,,,False,
101035,verano_2024,2024-06-27,sms,,,True,2024-07-27
107260,verano_2024,2024-06-27,sms,,,False,
110246,verano_2024,2024-06-22,push,,,True,2024-07-28
114130,verano_2024,2024-06-23,email,False,,True,2024-07-06
106175,verano_2024,2024-06-26,push,,,False,
100380,verano_2024,2024-06-22,email,False,,False,
109356,verano_2024,2024-06-23,sms,,,True,2024-07-24
107189,verano_2024,2024-06-28,push,,,True,2024-07-18
105897,verano_2024,2024-06-18,email,False,,False,
105647,verano_2024,2024-06-19,sms,,,False,
105340,verano_2024,2024-06-18,email,False,,False,
103644,verano_2024,2024-06-25,sms,,,False,
113354,verano_2024,2024-06-26,push,,,False,
107585,verano_2024,2024-06-18,email,True,True,False,
108199,verano_2024,2024-06-15,push,,,False,
108482,verano_2024,2024-06-15,email,False,,False,
107154,verano_2024,2024-06-25,sms,,,False,
104258,verano_2024,2024-06-24,push,,,True,2024-07-20
113136,verano_2024,2024-06-20,email,False,,False,
114935,verano_2024,2024-06-19,email,False,,False,
114170,verano_2024,2024-06-28,email,False,,False,
100048,verano_2024,2024-06-23,email,False,,False,
102324,verano_2024,2024-06-26,email,True,False,True,
102472,verano_2024,2024-06-26,push,,,True,2024-08-28
106206,verano_2024,2024-06-15,push,,,False,
109979,verano_2024,2024-06-23,push,,,False,
109894,verano_2024,2024-06-25,email,False,,False,
113890,verano_2024,2024-06-22,sms,,,True,2024-07-29
112697,verano_2024,2024-06-28,email,False,,False,
109295,verano_2024,2024-06-16,email,False,,False,
110947,verano_2024,2024-06-24,push,,,True,2024-07-13
113835,verano_2024,2024-06-27,email,False,,False,
105770,verano_2024,2024-06-28,sms,,,True,2024-08-15
114139,verano_2024,2024-06-16,email,True,False,False,
102907,verano_2024,2024-06-23,email,False,,False,
102849,verano_2024,2024-06-18,email,True,False,True,2024-08-16
110964,verano_2024,2024-06-17,email,False,,False,
105262,verano_2024,2024-06-29,email,True,False,False,
110312,verano_2024,2024-06-17,push,,,False,
106419,verano_2024,2024-06-23,email,True,True,False,
107345,verano_2024,2024-06-25,email,False,,False,
101012,verano_2024,2024-06-25,email,True,False,False,
108778,verano_2024,2024-06-22,email,False,,False,
104694,verano_2024,2024-06-27,email,False,,True,2024-07-09
106374,verano_2024,2024-06-16,email,False,,False,
114418,verano_2024,2024-06-18,email,False,,False,
110165,verano_2024,2024-06-15,email,False,,False,
103577,verano_2024,2024-06-28,email,False,,True,2024-07-31
111720,verano_2024,2024-06-26,email,True,False,False,
115207,verano_2024,2024-06-21,sms,,,True,2024-08-21
100908,verano_2024,2024-06-21,email,False,,False,
111855,verano_2024,2024-06-28,Email,True,True,True,2024-08-05
110505,verano_2024,2024-06-21,email,True,False,False,
103904,verano_2024,2024-06-15,email,True,False,False,
100352,verano_2024,2024-06-16,email,False,,False,
105419,verano_2024,2024-06-22,email,False,,True,2024-08-22
102343,verano_2024,2024-06-20,Email,False,,False,
104885,verano_2024,2024-06-28,email,True,False,False,
104953,verano_2024,2024-06-19,email,False,,False,
105752,verano_2024,2024-06-28,email,False,,False,
115084,verano_2024,2024-06-26,sms,,,False,
109842,verano_2024,2024-06-22,push,,,True,2024-07-10
112001,verano_2024,2024-06-22,email,True,False,False,
104245,verano_2024,2024-06-27,email,True,True,False,
115066,verano_2024,2024-06-16,email,True,False,False,
114088,verano_2024,2024-06-29,email,True,True,False,
112575,verano_2024,2024-06-16,email,False,,False,
113409,verano_2024,2024-06-23,email,True,True,False,
110276,verano_2024,2024-06-15,email,False,,False,
109439,verano_2024,2024-06-18,sms,,,True,2024-07-23
105806,verano_2024,2024-06-18,email,False,,False,
102627,verano_2024,2024-06-15,email,False,,False,
112009,verano_2024,2024-06-23,push_notification,,,False,
113095,verano_2024,2024-06-27,email,True,False,False,
110548,verano_2024,2024-06-16,email,True,False,False,
102814,verano_2024,2024-06-23,sms,,,False,
102674,verano_2024,2024-06-24,sms,,,False,
113986,verano_2024,2024-06-26,email,False,,False,
109331,verano_2024,2024-06-16,email,True,False,False,
103099,verano_2024,2024-06-16,sms,,,False,
111268,verano_2024,2024-06-24,email,False,,False,
110882,verano_2024,2024-06-27,email,False,,False,
102302,verano_2024,2024-06-16,email,False,,False,
101460,verano_2024,2024-06-25,email,False,,False,
108923,verano_2024,2024-06-25,sms,,,False,
111257,verano_2024,2024-06-19,sms,,,True,2024-08-24
104607,verano_2024,2024-06-15,email,False,,False,
104541,verano_2024,2024-06-19,email,False,,True,2024-07-17
109731,verano_2024,2024-06-15,email,True,False,False,
108747,verano_2024,2024-06-29,push,,,True,2024-08-22
114323,verano_2024,2024-06-15,email,True,False,False,
113415,verano_2024,2024-06-16,email,True,False,False,
100931,verano_2024,2024-06-19,email,False,,False,
107301,verano_2024,2024-06-16,push,,,True,2024-08-17
106904,verano_2024,2024-06-25,email,False,,False,
105598,verano_2024,2024-06-22,email,True,True,False,
113484,verano_2024,2024-06-29,email,False,,False,
107066,verano_2024,2024-06-26,email,False,,False,
107954,verano_2024,2024-06-25,sms,,,True,2024-07-28
100915,verano_2024,2024-06-29,sms,,,True,2024-07-31
109393,verano_2024,2024-06-18,email,True,False,False,
102677,verano_2024,2024-06-20,push_notification,,,False,
103820,verano_2024,2024-06-26,email,True,False,False,
112177,verano_2024,2024-06-29,email,False,,False,
107140,verano_2024,2024-06-19,email,True,False,False,
103275,verano_2024,2024-06-15,sms,,,False,
107442,verano_2024,2024-06-26,email,False,,False,
108075,verano_2024,2024-06-19,email,True,False,False,
107413,verano_2024,2024-06-23,email,True,False,False,
105033,verano_2024,2024-06-27,push,,,False,
103949,verano_2024,2024-06-23,email,False,,False,
113172,verano_2024,2024-06-24,sms,,,False,
106559,verano_2024,2024-06-23,push,,,False,
113477,verano_2024,2024-06-28,email,True,True,False,
115193,verano_2024,2024-06-21,email,True,False,False,
105364,verano_2024,2024-06-26,email,False,,False,
102040,verano_2024,2024-06-27,email,True,False,False,
108508,verano_2024,2024-06-28,email,True,True,False,
113545,verano_2024,2024-06-20,email,True,False,False,
103910,verano_2024,2024-06-23,push,,,True,2024-07-22
101808,verano_2024,2024-06-27,email,False,,False,
109231,verano_2024,2024-06-21,email,True,False,False,
100851,verano_2024,2024-06-21,email,True,False,True,2024-08-20
108910,verano_2024,2024-06-19,email,False,,False,
111103,verano_2024,2024-06-19,email,True,False,False,
114200,verano_2024,2024-06-29,email,True,False,False,
108319,verano_2024,2024-06-17,email,True,False,False,
105268,verano_2024,2024-06-22,email,True,False,False,
100177,verano_2024,2024-06-28,push,,,False,
112180,verano_2024,2024-06-25,Email,False,,False,
109871,verano_2024,2024-06-22,push,,,False,
106546,verano_2024,2024-06-18,email,True,False,False,
107253,verano_2024,2024-06-22,email,False,,False,
111528,verano_2024,2024-06-23,push,,,False,
112833,verano_2024,2024-06-18,email,True,False,False,
115006,verano_2024,2024-06-29,email,False,,False,
111903,verano_2024,2024-06-27,push,,,True,2024-07-26
103044,verano_2024,2024-06-15,sms,,,False,
112687,verano_2024,2024-06-17,push,,,False,
103206,verano_2024,2024-06-27,email,False,,False,
102705,verano_2024,2024-06-27,email,False,,True,2024-08-08
102268,verano_2024,2024-06-24,sms,,,False,
111539,verano_2024,2024-06-21,email,False,,False,
100150,verano_2024,2024-06-18,push,,,True,2024-07-30
112898,verano_2024,2024-06-20,sms,,,False,
107181,verano_2024,2024-06-25,email,True,True,False,
103729,verano_2024,2024-06-27,email,False,,False,
115146,verano_2024,2024-06-15,push,,,False,
109355,verano_2024,2024-06-21,sms,,,False,
105712,verano_2024,2024-06-28,push_notification,,,True,2024-07-11
101214,verano_2024,2024-06-25,email,False,,False,
113081,verano_2024,2024-06-16,email,True,False,False,
109726,verano_2024,2024-06-20,email,False,,False,
109442,verano_2024,2024-06-20,Email,False,,False,
107022,verano_2024,2024-06-27,sms,,,True,2024-07-07
109394,verano_2024,2024-06-26,email,True,False,True,2024-07-13
102381,verano_2024,2024-06-17,email,True,True,False,
107924,verano_2024,2024-06-21,email,True,True,True,2024-07-08
111091,verano_2024,2024-06-20,push,,,False,
104140,verano_2024,2024-06-15,email,False,,True,2024-07-03
100519,verano_2024,2024-06-21,push,,,True,2024-07-24
110767,verano_2024,2024-06-21,sms,,,True,2024-08-30
111498,verano_2024,2024-06-16,email,True,False,False,
101663,verano_2024,2024-06-29,email,False,,False,
112388,verano_2024,2024-06-15,push,,,False,
100432,verano_2024,2024-06-20,email,False,,False,
102445,verano_2024,2024-06-20,push,,,False,
106751,verano_2024,2024-06-23,email,False,,False,
109516,verano_2024,2024-06-22,email,True,True,False,
100721,verano_2024,2024-06-28,email,False,,False,
105734,verano_2024,2024-06-15,email,True,False,True,2024-08-07
104830,verano_2024,2024-06-24,push,,,False,
103746,verano_2024,2024-06-18,email,True,False,False,
113728,verano_2024,2024-06-28,email,False,,False,
113788,verano_2024,2024-06-24,email,True,False,False,
105041,verano_2024,2024-06-20,push_notification,,,False,
105081,verano_2024,2024-06-15,email,False,,False,
106313,verano_2024,2024-06-27,push,,,False,
112587,verano_2024,2024-06-29,sms,,,True,2024-07-01
103593,verano_2024,2024-06-28,email,True,False,False,
106168,verano_2024,2024-06-22,push,,,False,
114171,verano_2024,2024-06-17,sms,,,False,
104246,verano_2024,2024-06-16,email,True,False,False,
112488,verano_2024,2024-06-20,sms,,,False,
102752,verano_2024,2024-06-22,email,False,,False,
114877,verano_2024,2024-06-15,email,False,,False,
108757,verano_2024,2024-06-28,email,True,True,False,
113135,verano_2024,2024-06-18,push,,,True,2024-08-08
106979,verano_2024,2024-06-21,push_notification,,,True,2024-07-29
108817,verano_2024,2024-06-23,sms,,,True,2024-08-08
103785,verano_2024,2024-06-29,push,,,False,
102251,verano_2024,2024-06-21,email,False,,False,
114979,verano_2024,2024-06-21,email,True,False,True,2024-07-19
104304,verano_2024,2024-06-16,email,True,True,False,
108605,verano_2024,2024-06-18,email,False,,False,
106196,verano_2024,2024-06-15,email,False,,False,
109629,verano_2024,2024-06-20,sms,,,True,2024-07-23
106779,verano_2024,2024-06-25,email,False,,False,
107597,verano_2024,2024-06-24,email,False,,False,
108424,verano_2024,2024-06-20,email,False,,False,
100863,verano_2024,2024-06-17,Email,True,False,False,
100709,verano_2024,2024-06-24,email,False,,False,
102406,verano_2024,2024-06-19,email,True,True,False,
104404,verano_2024,2024-06-28,email,False,,False,
109951,verano_2024,2024-06-20,push,,,False,
101394,verano_2024,2024-06-29,push,,,True,2024-08-29
115074,verano_2024,2024-06-28,SMS,,,False,
105767,verano_2024,2024-06-18,email,True,False,False,
114495,verano_2024,2024-06-17,push,,,True,2024-08-05
103209,verano_2024,2024-06-27,push,,,False,
107498,verano_2024,2024-06-23,email,False,,False,
107051,verano_2024,2024-06-25,email,False,,False,
109673,verano_2024,2024-06-22,email,False,,False,
109372,verano_2024,2024-06-24,sms,,,False,
107045,verano_2024,2024-06-15,push,,,True,2024-07-20
110932,verano_2024,2024-06-22,email,True,False,False,
104342,verano_2024,2024-06-17,email,True,False,False,
110847,verano_2024,2024-06-17,email,False,,False,
111312,verano_2024,2024-06-29,push,,,True,2024-07-27
106903,verano_2024,2024-06-25,push,,,False,
113946,verano_2024,2024-06-25,email,True,False,False,
109728,verano_2024,2024-06-20,push,,,False,
110197,verano_2024,2024-06-24,sms,,,True,2024-08-11
107732,verano_2024,2024-06-20,email,False,,False,
106058,verano_2024,2024-06-16,email,False,,False,
115163,verano_2024,2024-06-27,email,True,False,False,
109298,verano_2024,2024-06-23,email,True,False,False,
110697,verano_2024,2024-06-15,push,,,False,
106833,verano_2024,2024-06-18,push,,,False,
114599,verano_2024,2024-06-16,email,True,False,False,
105720,verano_2024,2024-06-25,email,False,,False,
105101,verano_2024,2024-06-23,email,True,False,False,
103695,verano_2024,2024-06-20,email,False,,False,
107101,verano_2024,2024-06-26,email,False,,False,
104418,verano_2024,2024-06-22,email,False,,False,
111668,verano_2024,2024-06-18,email,False,,False,
108917,verano_2024,2024-06-16,sms,,,True,2024-08-20
112464,verano_2024,2024-06-20,sms,,,True,2024-08-23
110708,verano_2024,2024-06-16,email,True,True,False,
111999,verano_2024,2024-06-29,email,False,,False,
105769,verano_2024,2024-06-28,email,False,,False,
113659,verano_2024,2024-06-24,email,True,False,False,
105953,verano_2024,2024-06-27,email,False,,False,
102519,verano_2024,2024-06-25,Email,False,,False,
101091,verano_2024,2024-06-29,push,,,False,
108820,verano_2024,2024-06-16,push,,,False,
101471,verano_2024,2024-06-15,push,,,False,
105354,verano_2024,2024-06-29,email,True,False,False,
108837,verano_2024,2024-06-23,email,True,True,False,
104198,verano_2024,2024-06-28,email,True,True,True,2024-07-21
107875,verano_2024,2024-06-29,email,False,,False,
102656,verano_2024,2024-06-28,push,,,False,
102560,verano_2024,2024-06-16,email,True,False,False,
112449,verano_2024,2024-06-26,email,True,False,True,2024-07-09
108157,verano_2024,2024-06-25,email,False,,True,
104188,verano_2024,2024-06-15,email,True,False,False,
102453,verano_2024,2024-06-15,email,False,,False,
100808,verano_2024,2024-06-22,email,True,False,False,
109839,verano_2024,2024-06-20,email,True,False,True,
104112,verano_2024,2024-06-27,email,False,,False,
113322,verano_2024,2024-06-19,push_notification,,,False,
110758,verano_2024,2024-06-27,email,False,,False,
111404,verano_2024,2024-06-17,email,True,False,False,
101036,verano_2024,2024-06-19,email,False,,False,
108215,verano_2024,2024-06-26,email,False,,False,
105246,verano_2024,2024-06-26,email,False,,False,
102146,verano_2024,2024-06-27,email,True,False,False,
107650,verano_2024,2024-06-25,Email,False,,False,
108293,verano_2024,2024-06-17,push,,,False,
108001,verano_2024,2024-06-15,email,False,,False,
107840,verano_2024,2024-06-20,email,False,,False,
110515,verano_2024,2024-06-25,sms,,,True,2024-07-09
112195,verano_2024,2024-06-22,email,True,False,False,
114541,verano_2024,2024-06-28,sms,,,True,2024-07-09
110138,verano_2024,2024-06-19,push,,,False,
106555,verano_2024,2024-06-24,email,False,,False,
114677,verano_2024,2024-06-22,push,,,False,
114898,verano_2024,2024-06-22,email,False,,False,
114727,verano_2024,2024-06-26,email,False,,False,
106534,verano_2024,2024-06-20,email,True,False,False,
111833,verano_2024,2024-06-29,sms,,,False,
105324,verano_2024,2024-06-27,push,,,False,
111628,verano_2024,2024-06-18,email,False,,False,
110465,verano_2024,2024-06-24,email,True,True,True,2024-07-05
107121,verano_2024,2024-06-18,email,False,,True,2024-07-08
103992,verano_2024,2024-06-18,push,,,False,
103026,verano_2024,2024-06-16,email,False,,False,
106188,verano_2024,2024-06-20,sms,,,False,
111279,verano_2024,2024-06-16,push,,,True,2024-07-06
101985,verano_2024,2024-06-28,Email,False,,False,
101633,verano_2024,2024-06-21,email,False,,True,2024-08-06
105059,verano_2024,2024-06-28,email,False,,False,
108881,verano_2024,2024-06-17,push,,,True,2024-08-18
106110,verano_2024,2024-06-29,sms,,,True,2024-07-10
100294,verano_2024,2024-06-15,push,,,False,
107104,verano_2024,2024-06-16,push,,,False,
105906,verano_2024,2024-06-22,push,,,True,2024-08-11
106686,verano_2024,2024-06-15,email,True,False,False,
101062,verano_2024,2024-06-22,email,True,False,False,
106225,verano_2024,2024-06-22,email,False,,False,
112900,verano_2024,2024-06-17,email,False,,True,2024-08-26
110060,verano_2024,2024-06-26,email,False,,False,
106333,verano_2024,2024-06-17,push,,,False,
113044,verano_2024,2024-06-26,email,True,True,False,
100488,verano_2024,2024-06-17,email,True,False,False,
100291,verano_2024,2024-06-17,email,True,False,False,
112445,verano_2024,2024-06-29,email,True,False,False,
103578,verano_2024,2024-06-18,email,False,,True,2024-07-19
102253,verano_2024,2024-06-28,Email,True,False,False,
100102,verano_2024,2024-06-22,sms,,,False,
114141,verano_2024,2024-06-25,email,True,False,False,
106021,verano_2024,2024-06-17,sms,,,True,2024-07-26
108846,verano_2024,2024-06-25,push,,,True,2024-08-06
107594,verano_2024,2024-06-25,sms,,,True,2024-08-15
115210,verano_2024,2024-06-22,email,True,False,False,
106401,verano_2024,2024-06-15,sms,,,False,
111821,verano_2024,2024-06-16,email,True,True,False,
110372,verano_2024,2024-06-27,push,,,False,
108733,verano_2024,2024-06-27,email,False,,False,
110826,verano_2024,2024-06-21,email,False,,True,2024-08-19
100287,verano_2024,2024-06-25,email,False,,False,
114517,verano_2024,2024-06-16,email,True,True,True,2024-07-13
101685,verano_2024,2024-06-20,push,,,False,
107460,verano_2024,2024-06-23,email,False,,False,
104964,verano_2024,2024-06-21,email,True,False,False,
102547,verano_2024,2024-06-26,email,False,,True,2024-07-22
113286,verano_2024,2024-06-20,email,True,False,False,
109374,verano_2024,2024-06-25,email,True,False,False,
106875,verano_2024,2024-06-16,email,True,False,False,
112525,verano_2024,2024-06-29,email,False,,False,
101327,verano_2024,2024-06-20,sms,,,False,
113614,verano_2024,2024-06-28,sms,,,False,
103709,verano_2024,2024-06-19,email,True,False,False,
111558,verano_2024,2024-06-19,email,True,False,False,
102520,verano_2024,2024-06-25,Email,False,,False,
110526,verano_2024,2024-06-22,email,False,,False,
110743,verano_2024,2024-06-15,email,True,False,False,
105100,verano_2024,2024-06-25,email,False,,False,
109196,verano_2024,2024-06-28,sms,,,False,
112484,verano_2024,2024-06-22,email,True,True,False,
111226,verano_2024,2024-06-29,push_notification,,,True,2024-07-31
101490,verano_2024,2024-06-23,sms,,,False,
101863,verano_2024,2024-06-26,push,,,False,
109665,verano_2024,2024-06-20,email,True,False,False,
114764,verano_2024,2024-06-21,sms,,,False,
114010,verano_2024,2024-06-21,Email,False,,False,
101804,verano_2024,2024-06-28,email,False,,False,
110842,verano_2024,2024-06-28,push,,,False,
104182,verano_2024,2024-06-22,email,False,,False,
107856,verano_2024,2024-06-22,email,False,,False,
114964,verano_2024,2024-06-18,sms,,,False,
102537,verano_2024,2024-06-16,email,True,False,True,2024-08-29
102459,verano_2024,2024-06-23,push,,,False,
107282,verano_2024,2024-06-26,email,True,True,False,
105911,verano_2024,2024-06-19,sms,,,False,
108092,verano_2024,2024-06-18,email,True,False,False,
113929,verano_2024,2024-06-26,email,False,,False,
106502,verano_2024,2024-06-18,push,,,True,2024-08-11
105031,verano_2024,2024-06-25,sms,,,False,
103681,verano_2024,2024-06-19,push,,,True,2024-08-03
100358,verano_2024,2024-06-16,email,False,,False,
105849,verano_2024,2024-06-24,email,False,,False,
104561,verano_2024,2024-06-19,push_notification,,,True,
103014,verano_2024,2024-06-29,email,True,True,False,
105365,verano_2024,2024-06-15,email,True,False,False,
112026,verano_2024,2024-06-16,Email,False,,False,
110439,verano_2024,2024-06-24,email,True,False,False,
109854,verano_2024,2024-06-22,email,False,,False,
101563,verano_2024,2024-06-15,email,False,,False,
108936,verano_2024,2024-06-15,push,,,False,
111620,verano_2024,2024-06-16,email,True,False,True,2024-07-27
106326,verano_2024,2024-06-23,push,,,True,2024-07-23
107986,verano_2024,2024-06-22,email,True,False,False,
101057,verano_2024,2024-06-15,push,,,True,2024-08-29
111449,verano_2024,2024-06-24,push,,,False,
115167,verano_2024,2024-06-21,email,False,,False,
108840,verano_2024,2024-06-15,push,,,False,
103106,verano_2024,2024-06-22,email,False,,False,
113073,verano_2024,2024-06-29,push,,,False,
113370,verano_2024,2024-06-18,push_notification,,,False,
100492,verano_2024,2024-06-26,email,False,,True,2024-07-28
112438,verano_2024,2024-06-15,email,True,False,True,2024-08-23
109373,verano_2024,2024-06-28,push,,,True,2024-07-21
106044,verano_2024,2024-06-23,email,False,,False,
101237,verano_2024,2024-06-25,email,False,,False,
106706,verano_2024,2024-06-17,email,True,False,False,
101255,verano_2024,2024-06-29,email,True,True,False,
112503,verano_2024,2024-06-26,email,True,False,False,
102955,verano_2024,2024-06-15,sms,,,False,
103882,verano_2024,2024-06-18,sms,,,True,2024-07-12
106606,verano_2024,2024-06-25,push,,,False,
110634,verano_2024,2024-06-18,sms,,,True,2024-07-31
112877,verano_2024,2024-06-25,email,True,False,True,2024-08-11
102630,verano_2024,2024-06-23,email,True,False,False,
101087,verano_2024,2024-06-19,email,False,,False,
100736,verano_2024,2024-06-19,sms,,,False,
107540,verano_2024,2024-06-18,sms,,,False,
106007,verano_2024,2024-06-15,email,False,,False,
101200,verano_2024,2024-06-17,push,,,True,2024-07-16
113242,verano_2024,2024-06-17,email,True,True,False,
103036,verano_2024,2024-06-18,email,False,,False,
100837,verano_2024,2024-06-20,email,True,False,False,
105776,verano_2024,2024-06-15,email,True,False,True,2024-07-14
110253,verano_2024,2024-06-24,push,,,True,2024-07-18
113994,verano_2024,2024-06-22,push,,,True,2024-07-07
114819,verano_2024,2024-06-16,email,True,True,False,
114322,verano_2024,2024-06-18,push,,,False,
108432,verano_2024,2024-06-26,push,,,False,
108444,verano_2024,2024-06-18,email,False,,False,
106283,verano_2024,2024-06-16,sms,,,True,
106429,verano_2024,2024-06-27,email,False,,False,
110905,verano_2024,2024-06-21,email,True,False,True,2024-07-20
111343,verano_2024,2024-06-25,SMS,,,True,2024-08-11
110876,verano_2024,2024-06-21,email,True,False,False,
111547,verano_2024,2024-06-26,email,False,,False,
108414,verano_2024,2024-06-27,push,,,False,
102316,verano_2024,2024-06-16,Email,True,False,False,
104171,verano_2024,2024-06-27,email,False,,False,
115225,verano_2024,2024-06-23,Email,False,,False,
103590,verano_2024,2024-06-27,push,,,False,
107944,verano_2024,2024-06-26,push,,,False,
114068,verano_2024,2024-06-21,email,False,,False,
113020,verano_2024,2024-06-23,email,False,,False,
109813,verano_2024,2024-06-18,push,,,False,
103289,verano_2024,2024-06-16,sms,,,False,
102532,verano_2024,2024-06-23,email,False,,False,
101651,verano_2024,2024-06-29,push,,,True,2024-07-26
106635,verano_2024,2024-06-21,email,True,True,False,
104709,verano_2024,2024-06-20,email,False,,False,
105381,verano_2024,2024-06-19,email,False,,False,
108345,verano_2024,2024-06-22,email,False,,False,
108417,verano_2024,2024-06-22,push,,,False,
108723,verano_2024,2024-06-19,Email,True,True,False,
111803,verano_2024,2024-06-28,email,False,,False,
101689,verano_2024,2024-06-29,push,,,False,
100305,verano_2024,2024-06-27,email,True,False,False,
112712,verano_2024,2024-06-23,email,False,,False,
108944,verano_2024,2024-06-18,push,,,True,2024-07-31
105071,verano_2024,2024-06-25,email,False,,False,
102596,verano_2024,2024-06-20,push,,,False,
112640,verano_2024,2024-06-29,push,,,True,2024-08-10
112293,verano_2024,2024-06-15,email,True,False,False,
105675,verano_2024,2024-06-22,push,,,False,
105016,verano_2024,2024-06-21,email,False,,False,
109023,verano_2024,2024-06-21,email,False,,False,
108516,verano_2024,2024-06-21,push_notification,,,False,
103939,verano_2024,2024-06-23,push,,,False,
108422,verano_2024,2024-06-27,email,False,,True,2024-08-04
112106,verano_2024,2024-06-18,push,,,True,2024-07-14
107554,verano_2024,2024-06-22,push,,,False,
115159,verano_2024,2024-06-20,push,,,False,
105206,verano_2024,2024-06-24,email,False,,False,
107794,verano_2024,2024-06-16,push,,,False,
107970,verano_2024,2024-06-20,email,True,False,False,
102127,verano_2024,2024-06-23,email,True,True,False,
112451,verano_2024,2024-06-27,email,False,,False,
105359,verano_2024,2024-06-28,push,,,False,
105229,verano_2024,2024-06-29,push,,,False,
106453,verano_2024,2024-06-16,email,False,,False,
108098,verano_2024,2024-06-22,email,False,,False,
111153,verano_2024,2024-06-21,sms,,,True,2024-08-18
108627,verano_2024,2024-06-15,push,,,True,2024-08-18
103088,verano_2024,2024-06-22,sms,,,True,2024-07-15
106831,verano_2024,2024-06-25,sms,,,False,
102190,verano_2024,2024-06-19,email,True,False,False,
115057,verano_2024,2024-06-23,email,False,,False,
103648,verano_2024,2024-06-20,push,,,False,
103616,verano_2024,2024-06-23,email,False,,False,
102772,verano_2024,2024-06-17,Email,True,False,False,
114847,verano_2024,2024-06-16,sms,,,False,
113464,verano_2024,2024-06-19,push,,,True,2024-07-06
110480,verano_2024,2024-06-23,email,False,,False,
100759,verano_2024,2024-06-23,email,False,,False,
101890,verano_2024,2024-06-24,push_notification,,,True,2024-08-27
112573,verano_2024,2024-06-23,email,False,,False,
110306,verano_2024,2024-06-28,push,,,False,
113978,verano_2024,2024-06-29,email,False,,False,
111265,verano_2024,2024-06-16,email,False,,False,
111961,verano_2024,2024-06-16,email,False,,False,
102003,verano_2024,2024-06-29,push,,,False,
103823,verano_2024,2024-06-28,email,True,False,False,
113207,verano_2024,2024-06-28,push,,,True,2024-08-06
115201,verano_2024,2024-06-19,email,False,,False,
102155,verano_2024,2024-06-29,push,,,False,
109259,verano_2024,2024-06-23,push,,,False,
103976,verano_2024,2024-06-25,push,,,False,
114364,verano_2024,2024-06-28,email,False,,False,
102877,verano_2024,2024-06-22,email,False,,False,
108403,verano_2024,2024-06-26,email,False,,False,
109386,verano_2024,2024-06-15,email,False,,False,
110418,verano_2024,2024-06-18,email,False,,False,
108022,verano_2024,2024-06-22,push,,,True,2024-07-07
108679,verano_2024,2024-06-20,email,True,True,False,
103234,verano_2024,2024-06-20,email,False,,False,
109153,verano_2024,2024-06-26,email,True,False,False,
106210,verano_2024,2024-06-16,email,False,,False,
100904,verano_2024,2024-06-29,push,,,False,
108169,verano_2024,2024-06-17,email,False,,False,
102914,verano_2024,2024-06-21,email,True,False,False,
100281,verano_2024,2024-06-25,push,,,True,2024-08-19
104755,verano_2024,2024-06-18,email,True,False,False,
104963,verano_2024,2024-06-23,email,False,,False,
100658,verano_2024,2024-06-25,email,False,,False,
100765,verano_2024,2024-06-21,email,True,True,True,2024-08-06
110650,verano_2024,2024-06-19,sms,,,True,2024-08-16
104011,verano_2024,2024-06-16,email,False,,False,
102088,verano_2024,2024-06-15,sms,,,False,
112385,verano_2024,2024-06-21,push,,,True,2024-08-23
104792,verano_2024,2024-06-20,push,,,False,
114691,verano_2024,2024-06-17,push,,,True,2024-07-16
114516,verano_2024,2024-06-18,email,False,,False,
113534,verano_2024,2024-06-28,push,,,False,
111080,verano_2024,2024-06-16,push,,,False,
111575,verano_2024,2024-06-29,email,True,True,True,2024-08-16
113926,verano_2024,2024-06-24,email,True,True,False,
110207,verano_2024,2024-06-27,email,False,,False,
113617,verano_2024,2024-06-28,push,,,False,
114157,verano_2024,2024-06-29,push,,,False,
104129,verano_2024,2024-06-25,push,,,False,
104376,verano_2024,2024-06-16,email,False,,False,
106923,verano_2024,2024-06-15,email,False,,True,2024-08-12
109788,verano_2024,2024-06-25,sms,,,False,
104289,verano_2024,2024-06-20,push,,,False,
113184,verano_2024,2024-06-20,sms,,,True,2024-07-03
104375,verano_2024,2024-06-28,email,True,False,False,
100885,verano_2024,2024-06-16,sms,,,False,
108678,verano_2024,2024-06-26,email,True,False,False,
106527,verano_2024,2024-06-29,sms,,,True,2024-08-17
104368,verano_2024,2024-06-29,email,True,False,False,
109020,verano_2024,2024-06-15,email,True,False,False,
113668,verano_2024,2024-06-16,email,False,,False,
115147,verano_2024,2024-06-16,sms,,,True,2024-07-13
113388,verano_2024,2024-06-29,email,True,False,False,
111045,verano_2024,2024-06-21,email,True,False,False,
112828,verano_2024,2024-06-17,push,,,False,
112802,verano_2024,2024-06-17,push,,,True,2024-07-02
112098,verano_2024,2024-06-25,sms,,,True,2024-07-21
112753,verano_2024,2024-06-29,email,False,,False,
103801,verano_2024,2024-06-26,email,True,False,False,
109397,verano_2024,2024-06-25,Email,False,,False,
114356,verano_2024,2024-06-15,push,,,False,
111437,verano_2024,2024-06-27,email,False,,False,
108438,verano_2024,2024-06-28,push,,,False,
108763,verano_2024,2024-06-21,sms,,,False,
110166,verano_2024,2024-06-15,push,,,True,2024-08-06
110109,verano_2024,2024-06-27,sms,,,False,
114586,verano_2024,2024-06-21,push,,,False,
101122,verano_2024,2024-06-23,email,True,True,True,2024-07-15
103394,verano_2024,2024-06-21,sms,,,False,
102821,verano_2024,2024-06-27,email,False,,False,
112463,verano_2024,2024-06-20,push,,,False,
107751,verano_2024,2024-06-22,email,False,,True,2024-08-29
104013,verano_2024,2024-06-20,email,False,,False,
113676,verano_2024,2024-06-28,email,True,False,False,
104984,verano_2024,2024-06-16,email,False,,False,
111347,verano_2024,2024-06-21,push,,,False,
105858,verano_2024,2024-06-23,push,,,False,
115130,verano_2024,2024-06-27,push,,,False,
103652,verano_2024,2024-06-26,email,False,,False,
109130,verano_2024,2024-06-15,email,True,False,False,
100169,verano_2024,2024-06-26,push,,,False,
103548,verano_2024,2024-06-22,email,False,,False,
109887,verano_2024,2024-06-22,email,False,,False,
102184,verano_2024,2024-06-28,email,True,True,False,
105134,verano_2024,2024-06-17,email,True,False,False,
105859,verano_2024,2024-06-29,email,True,True,True,2024-08-11
112799,verano_2024,2024-06-28,email,False,,False,
110134,verano_2024,2024-06-24,push,,,True,2024-07-20
109315,verano_2024,2024-06-24,push,,,False,
113355,verano_2024,2024-06-16,push,,,False,
100435,verano_2024,2024-06-20,email,True,False,False,
114550,verano_2024,2024-06-23,email,True,False,False,
101007,verano_2024,2024-06-29,sms,,,True,2024-07-23
101403,verano_2024,2024-06-16,email,True,False,False,
106179,verano_2024,2024-06-17,push,,,True,2024-07-05
103300,verano_2024,2024-06-23,email,False,,False,
104863,verano_2024,2024-06-29,email,True,False,False,
108687,verano_2024,2024-06-24,sms,,,False,
108315,verano_2024,2024-06-19,push,,,False,
106012,verano_2024,2024-06-24,push,,,False,
105313,verano_2024,2024-06-24,email,False,,False,
113495,verano_2024,2024-06-25,email,False,,False,
114621,verano_2024,2024-06-22,email,True,False,False,
114282,verano_2024,2024-06-20,sms,,,True,2024-07-05
106707,verano_2024,2024-06-16,Email,False,,False,
115148,verano_2024,2024-06-15,email,True,False,False,
104202,verano_2024,2024-06-16,email,True,True,False,
106943,verano_2024,2024-06-21,push,,,False,
109539,verano_2024,2024-06-20,sms,,,True,2024-08-16
112657,verano_2024,2024-06-16,SMS,,,False,
107937,verano_2024,2024-06-21,email,True,False,False,
106696,verano_2024,2024-06-26,push,,,True,2024-08-22
114615,verano_2024,2024-06-23,push,,,False,
114114,verano_2024,2024-06-16,push,,,False,
110912,verano_2024,2024-06-29,email,False,,True,2024-07-30
102237,verano_2024,2024-06-27,sms,,,False,
100047,verano_2024,2024-06-28,email,True,False,False,
102936,verano_2024,2024-06-27,sms,,,False,
103670,verano_2024,2024-06-24,email,True,False,False,
112620,verano_2024,2024-06-29,push,,,False,
109233,verano_2024,2024-06-24,email,False,,False,
102859,verano_2024,2024-06-25,email,True,False,False,
100374,verano_2024,2024-06-29,push,,,True,2024-07-15
109055,verano_2024,2024-06-28,push,,,False,
113958,verano_2024,2024-06-15,email,False,,False,
111370,verano_2024,2024-06-26,SMS,,,False,
110740,verano_2024,2024-06-22,push,,,False,
112369,verano_2024,2024-06-18,Email,False,,False,
109056,verano_2024,2024-06-19,email,False,,False,
109954,verano_2024,2024-06-29,email,False,,False,
115099,verano_2024,2024-06-25,push,,,True,2024-07-03
101371,verano_2024,2024-06-21,email,False,,False,
106483,verano_2024,2024-06-19,push,,,True,2024-08-03
114926,verano_2024,2024-06-21,email,False,,False,
105332,verano_2024,2024-06-19,email,True,False,False,
107633,verano_2024,2024-06-21,email,False,,False,
109198,verano_2024,2024-06-18,email,False,,False,
103223,verano_2024,2024-06-21,push,,,False,
111320,verano_2024,2024-06-18,email,True,False,False,
103405,verano_2024,2024-06-17,email,False,,False,
113425,verano_2024,2024-06-17,email,True,True,False,
105398,verano_2024,2024-06-28,email,False,,False,
100472,verano_2024,2024-06-26,email,False,,True,2024-07-08
114746,verano_2024,2024-06-15,email,False,,False,
113210,verano_2024,2024-06-20,push,,,True,2024-07-09
103367,verano_2024,2024-06-29,email,False,,True,2024-07-31
105557,verano_2024,2024-06-22,email,True,True,False,
114886,verano_2024,2024-06-25,email,False,,True,2024-07-23
105438,verano_2024,2024-06-25,push,,,False,
113436,verano_2024,2024-06-15,email,False,,False,
115120,verano_2024,2024-06-22,email,True,False,False,
106921,verano_2024,2024-06-25,push,,,False,
110433,verano_2024,2024-06-29,email,False,,False,
111401,verano_2024,2024-06-18,push,,,False,
106394,verano_2024,2024-06-27,email,False,,False,
100201,verano_2024,2024-06-22,email,False,,False,
107931,verano_2024,2024-06-21,email,False,,False,
112974,verano_2024,2024-06-28,email,True,False,False,
107062,verano_2024,2024-06-18,SMS,,,True,2024-07-09
109836,verano_2024,2024-06-24,email,False,,False,
100469,verano_2024,2024-06-22,email,False,,False,
100028,verano_2024,2024-06-29,push,,,False,
108900,verano_2024,2024-06-19,email,True,False,False,
106731,verano_2024,2024-06-20,email,False,,False,
105837,verano_2024,2024-06-17,sms,,,True,2024-07-06
101164,verano_2024,2024-06-18,email,True,False,False,
101699,verano_2024,2024-06-21,email,False,,False,
107673,verano_2024,2024-06-25,email,True,True,False,
114295,verano_2024,2024-06-25,email,False,,False,
102610,verano_2024,2024-06-25,email,False,,False,
108362,verano_2024,2024-06-23,email,False,,False,
112265,verano_2024,2024-06-26,push,,,False,
109845,verano_2024,2024-06-19,push,,,False,
113981,verano_2024,2024-06-15,push,,,False,
114286,verano_2024,2024-06-18,email,False,,False,
103711,verano_2024,2024-06-29,email,False,,False,
108024,verano_2024,2024-06-15,sms,,,False,
104706,verano_2024,2024-06-15,sms,,,True,2024-08-02
100440,verano_2024,2024-06-24,email,False,,False,
114869,verano_2024,2024-06-25,push,,,False,
112101,verano_2024,2024-06-15,email,False,,False,
113650,verano_2024,2024-06-28,push,,,True,2024-07-18
100926,verano_2024,2024-06-24,email,False,,False,
111443,verano_2024,2024-06-27,email,False,,False,
100260,verano_2024,2024-06-15,email,False,,False,
109717,verano_2024,2024-06-22,email,False,,False,
111801,verano_2024,2024-06-16,email,False,,False,
108350,verano_2024,2024-06-21,email,False,,True,2024-07-13
107682,verano_2024,2024-06-27,Email,False,,False,
108710,verano_2024,2024-06-22,email,False,,False,
112996,verano_2024,2024-06-22,email,False,,False,
101741,verano_2024,2024-06-17,email,True,False,False,
103775,verano_2024,2024-06-20,email,False,,False,
103205,verano_2024,2024-06-26,sms,,,True,
111938,verano_2024,2024-06-28,email,True,True,False,
105643,verano_2024,2024-06-19,push,,,False,
111692,verano_2024,2024-06-19,email,True,False,False,
110741,verano_2024,2024-06-15,email,False,,False,
111639,verano_2024,2024-06-24,email,True,False,False,
113411,verano_2024,2024-06-23,email,False,,False,
100928,verano_2024,2024-06-16,email,True,False,False,
108068,verano_2024,2024-06-29,email,True,False,False,
105385,verano_2024,2024-06-20,push,,,True,2024-07-16
104039,verano_2024,2024-06-21,email,False,,False,
112284,verano_2024,2024-06-21,email,True,False,False,
112816,verano_2024,2024-06-25,sms,,,False,
111525,verano_2024,2024-06-17,push,,,False,
103317,verano_2024,2024-06-29,email,True,False,False,
103078,verano_2024,2024-06-24,push,,,False,
104102,verano_2024,2024-06-23,push,,,False,
111766,verano_2024,2024-06-18,push,,,False,
114648,verano_2024,2024-06-20,push,,,True,2024-07-02
104449,verano_2024,2024-06-29,email,True,False,False,
103387,verano_2024,2024-06-25,email,False,,False,
110468,verano_2024,2024-06-28,email,True,False,False,
108780,verano_2024,2024-06-26,push,,,False,
113897,verano_2024,2024-06-19,email,False,,False,
111424,verano_2024,2024-06-29,push,,,False,
101454,verano_2024,2024-06-22,email,False,,False,
111716,verano_2024,2024-06-18,email,True,False,False,
103888,verano_2024,2024-06-20,push,,,False,
107224,verano_2024,2024-06-28,email,True,True,False,
114060,verano_2024,2024-06-25,Email,False,,False,
102479,verano_2024,2024-06-25,email,False,,False,
105894,verano_2024,2024-06-15,push,,,False,
111483,verano_2024,2024-06-21,email,False,,False,
107586,verano_2024,2024-06-29,email,False,,False,
108986,verano_2024,2024-06-18,email,False,,False,
101374,verano_2024,2024-06-19,email,False,,False,
112269,verano_2024,2024-06-27,email,True,False,False,
104462,verano_2024,2024-06-19,email,False,,False,
110199,verano_2024,2024-06-17,email,True,True,False,
100274,verano_2024,2024-06-18,email,True,False,False,
101412,verano_2024,2024-06-16,email,False,,False,
104295,verano_2024,2024-06-25,email,True,True,False,
105334,verano_2024,2024-06-26,email,False,,False,
101612,verano_2024,2024-06-15,email,True,False,False,
112584,verano_2024,2024-06-26,email,True,False,True,2024-08-05
109210,verano_2024,2024-06-16,push,,,True,2024-08-07
112326,verano_2024,2024-06-26,sms,,,True,2024-08-19
104065,verano_2024,2024-06-17,email,True,False,True,2024-08-18
107946,verano_2024,2024-06-17,sms,,,False,
104314,verano_2024,2024-06-21,email,True,True,False,
115245,verano_2024,2024-06-17,push,,,False,
100795,verano_2024,2024-06-16,email,False,,False,
113702,verano_2024,2024-06-15,push,,,True,2024-08-06
105688,verano_2024,2024-06-25,email,False,,False,
111385,verano_2024,2024-06-18,email,False,,False,
108031,verano_2024,2024-06-28,email,True,False,False,
111980,verano_2024,2024-06-17,Email,False,,False,
104973,verano_2024,2024-06-18,push,,,True,2024-08-30
112690,verano_2024,2024-06-27,email,True,True,False,
106287,verano_2024,2024-06-29,Email,True,False,True,2024-07-05
106097,verano_2024,2024-06-17,push,,,False,
102831,verano_2024,2024-06-18,push,,,False,
105118,verano_2024,2024-06-23,push,,,True,2024-08-27
110807,verano_2024,2024-06-17,sms,,,True,2024-07-05
101800,verano_2024,2024-06-26,sms,,,False,
107169,verano_2024,2024-06-15,push,,,False,
101303,verano_2024,2024-06-15,email,False,,False,
115175,verano_2024,2024-06-27,push,,,False,
104216,verano_2024,2024-06-26,email,False,,False,
103596,verano_2024,2024-06-19,email,False,,False,
114003,verano_2024,2024-06-22,email,False,,False,
114927,verano_2024,2024-06-17,email,True,False,False,
112681,verano_2024,2024-06-21,email,False,,False,
106018,verano_2024,2024-06-20,email,False,,False,
109645,verano_2024,2024-06-28,email,False,,False,
108512,verano_2024,2024-06-20,email,True,False,False,
114476,verano_2024,2024-06-15,email,False,,False,
108884,verano_2024,2024-06-17,email,True,False,False,
106452,verano_2024,2024-06-15,email,False,,False,
107052,verano_2024,2024-06-20,sms,,,False,
104163,verano_2024,2024-06-25,email,True,True,True,2024-08-29
102681,verano_2024,2024-06-24,push,,,True,2024-08-10
102125,verano_2024,2024-06-16,email,False,,False,
102930,verano_2024,2024-06-17,email,False,,False,
113107,verano_2024,2024-06-23,email,True,False,False,
111521,verano_2024,2024-06-22,email,False,,False,
108035,verano_2024,2024-06-18,SMS,,,True,2024-08-12
114098,verano_2024,2024-06-27,push,,,True,2024-08-05
108676,verano_2024,2024-06-28,sms,,,True,2024-07-14
101311,verano_2024,2024-06-17,email,True,False,False,
104852,verano_2024,2024-06-27,push,,,False,
100189,verano_2024,2024-06-20,email,False,,False,
100806,verano_2024,2024-06-28,email,False,,True,2024-07-21
105152,verano_2024,2024-06-16,sms,,,False,
100609,verano_2024,2024-06-23,sms,,,False,
103560,verano_2024,2024-06-26,push,,,True,2024-07-08
112536,verano_2024,2024-06-20,email,True,False,False,
103107,verano_2024,2024-06-24,email,False,,False,
106389,verano_2024,2024-06-16,email,False,,False,
114310,verano_2024,2024-06-28,email,True,False,False,
105801,verano_2024,2024-06-15,email,False,,False,
109928,verano_2024,2024-06-23,push,,,False,
111774,verano_2024,2024-06-21,email,False,,False,
100219,verano_2024,2024-06-25,email,False,,False,
112887,verano_2024,2024-06-15,push,,,False,
100361,verano_2024,2024-06-24,email,False,,False,
104843,verano_2024,2024-06-18,email,False,,True,2024-08-30
110992,verano_2024,2024-06-29,email,False,,True,2024-07-01
107712,verano_2024,2024-06-19,email,False,,False,
100328,verano_2024,2024-06-23,Email,False,,False,
107829,verano_2024,2024-06-29,Email,False,,False,
113954,verano_2024,2024-06-25,email,False,,False,
106085,verano_2024,2024-06-24,email,True,True,False,
108143,verano_2024,2024-06-19,sms,,,False,
112333,verano_2024,2024-06-27,email,False,,False,
102792,verano_2024,2024-06-28,email,False,,False,
112959,verano_2024,2024-06-29,push,,,True,2024-08-25
106250,verano_2024,2024-06-25,email,True,False,False,
103370,verano_2024,2024-06-25,push,,,False,
102055,verano_2024,2024-06-15,Email,False,,False,
101770,verano_2024,2024-06-21,email,False,,False,
102803,verano_2024,2024-06-21,push,,,True,2024-07-12
109054,verano_2024,2024-06-24,push,,,False,
103520,verano_2024,2024-06-18,push,,,False,
109427,verano_2024,2024-06-15,email,True,True,True,2024-07-25
107786,verano_2024,2024-06-26,email,False,,True,2024-08-06
110663,verano_2024,2024-06-27,email,False,,False,
115113,verano_2024,2024-06-24,push,,,True,2024-08-16
112757,verano_2024,2024-06-17,email,True,True,True,2024-08-23
106336,verano_2024,2024-06-22,sms,,,False,
113979,verano_2024,2024-06-21,email,False,,True,2024-08-12
113974,verano_2024,2024-06-23,push_notification,,,False,
112868,verano_2024,2024-06-22,email,True,False,False,
108243,verano_2024,2024-06-28,email,False,,False,
104887,verano_2024,2024-06-17,email,True,False,False,
104443,verano_2024,2024-06-15,sms,,,False,
102702,verano_2024,2024-06-25,push,,,True,2024-07-18
109949,verano_2024,2024-06-26,email,False,,False,
107043,verano_2024,2024-06-27,email,True,False,False,
114112,verano_2024,2024-06-19,email,False,,False,
105793,verano_2024,2024-06-15,push,,,True,2024-08-19
111014,verano_2024,2024-06-22,email,False,,False,
109865,verano_2024,2024-06-17,email,True,False,False,
107883,verano_2024,2024-06-28,push,,,False,
113413,verano_2024,2024-06-18,email,True,False,False,
113794,verano_2024,2024-06-24,email,False,,False,
109452,verano_2024,2024-06-20,email,True,False,False,
100042,verano_2024,2024-06-26,email,False,,True,2024-07-15
107302,verano_2024,2024-06-21,email,False,,False,
113426,verano_2024,2024-06-15,email,False,,False,
104983,verano_2024,2024-06-24,email,False,,False,
109563,verano_2024,2024-06-21,email,False,,False,
102320,verano_2024,2024-06-21,email,False,,False,
108295,verano_2024,2024-06-29,email,False,,False,
113074,verano_2024,2024-06-23,email,True,False,False,
113154,verano_2024,2024-06-27,push,,,False,
105227,verano_2024,2024-06-26,push,,,True,2024-08-18
107765,verano_2024,2024-06-27,push,,,True,2024-08-04
111805,verano_2024,2024-06-28,email,False,,False,
111072,verano_2024,2024-06-22,push,,,True,2024-08-16
102449,verano_2024,2024-06-15,sms,,,False,
109816,verano_2024,2024-06-23,push,,,False,
114577,verano_2024,2024-06-24,email,True,True,True,2024-07-25
108178,verano_2024,2024-06-29,email,False,,False,
108858,verano_2024,2024-06-25,push,,,True,2024-08-24
102086,verano_2024,2024-06-23,push,,,True,2024-08-21
108397,verano_2024,2024-06-16,email,False,,False,
109420,verano_2024,2024-06-16,email,True,True,False,
114122,verano_2024,2024-06-20,email,False,,False,
104512,verano_2024,2024-06-22,email,True,False,False,
110893,verano_2024,2024-06-16,email,True,False,False,
112655,verano_2024,2024-06-15,sms,,,False,
108355,verano_2024,2024-06-27,email,False,,False,
105779,verano_2024,2024-06-21,email,True,True,False,
111478,verano_2024,2024-06-24,push,,,False,
103046,verano_2024,2024-06-18,push,,,False,
105377,verano_2024,2024-06-29,email,True,False,False,
114655,verano_2024,2024-06-15,email,False,,False,
105280,verano_2024,2024-06-22,email,False,,False,
109416,verano_2024,2024-06-21,Email,False,,False,
106088,verano_2024,2024-06-22,push,,,False,
105484,verano_2024,2024-06-20,push,,,False,
111605,verano_2024,2024-06-28,email,False,,False,
105307,verano_2024,2024-06-21,email,False,,False,
106891,verano_2024,2024-06-23,email,True,False,False,
115042,verano_2024,2024-06-24,push,,,False,
109072,verano_2024,2024-06-22,push,,,True,2024-07-14
112786,verano_2024,2024-06-25,email,False,,False,
109218,verano_2024,2024-06-28,email,True,False,False,
111728,verano_2024,2024-06-27,push,,,False,
102806,verano_2024,2024-06-22,email,True,True,True,2024-07-26
114885,verano_2024,2024-06-15,push,,,False,
109225,verano_2024,2024-06-28,email,False,,False,
104744,verano_2024,2024-06-29,push,,,True,2024-07-18
114123,verano_2024,2024-06-17,sms,,,False,
104090,verano_2024,2024-06-19,email,False,,False,
109972,verano_2024,2024-06-17,sms,,,True,2024-07-10
104387,verano_2024,2024-06-25,push,,,True,2024-07-06
100386,verano_2024,2024-06-26,email,False,,False,
104882,verano_2024,2024-06-19,email,False,,True,2024-08-03
108006,verano_2024,2024-06-29,email,False,,False,
101806,verano_2024,2024-06-20,push,,,False,
111891,verano_2024,2024-06-19,sms,,,False,
100312,verano_2024,2024-06-15,push,,,False,
108030,verano_2024,2024-06-19,email,False,,False,
106595,verano_2024,2024-06-20,email,False,,False,
107208,verano_2024,2024-06-19,email,False,,False,
106127,verano_2024,2024-06-21,email,False,,False,
108252,verano_2024,2024-06-23,email,False,,False,
102808,verano_2024,2024-06-19,email,True,False,False,
104030,verano_2024,2024-06-22,push_notification,,,False,
112787,verano_2024,2024-06-23,sms,,,False,
104790,verano_2024,2024-06-17,email,False,,False,
104878,verano_2024,2024-06-20,email,False,,False,
101054,verano_2024,2024-06-26,email,False,,False,
107250,verano_2024,2024-06-16,email,True,True,True,2024-07-30
108594,verano_2024,2024-06-26,push_notification,,,False,
109747,verano_2024,2024-06-24,push,,,False,
114074,verano_2024,2024-06-20,sms,,,False,
110365,verano_2024,2024-06-22,email,False,,False,
110292,verano_2024,2024-06-24,push,,,True,2024-07-19
110350,verano_2024,2024-06-26,email,False,,False,
107591,verano_2024,2024-06-24,push,,,False,
106587,verano_2024,2024-06-29,email,True,False,False,
102450,verano_2024,2024-06-25,Email,False,,False,
100354,verano_2024,2024-06-29,email,True,False,True,2024-07-01
104707,verano_2024,2024-06-29,push,,,False,
109746,verano_2024,2024-06-29,email,True,False,True,2024-08-18
114294,verano_2024,2024-06-16,email,True,False,False,
110691,verano_2024,2024-06-26,push,,,True,2024-07-19
107285,verano_2024,2024-06-18,email,False,,False,
114396,verano_2024,2024-06-24,email,False,,False,
112509,verano_2024,2024-06-15,email,False,,False,
110047,verano_2024,2024-06-21,email,False,,False,
109976,verano_2024,2024-06-16,email,False,,False,
100015,verano_2024,2024-06-18,push,,,False,
109463,verano_2024,2024-06-17,email,False,,False,
101321,verano_2024,2024-06-16,email,True,True,True,2024-07-29
111233,verano_2024,2024-06-23,email,False,,False,
100534,verano_2024,2024-06-15,push,,,False,
101958,verano_2024,2024-06-23,push,,,False,
102496,verano_2024,2024-06-29,sms,,,False,
109648,verano_2024,2024-06-27,email,True,False,False,
113023,verano_2024,2024-06-23,email,False,,False,
105690,verano_2024,2024-06-20,push_notification,,,False,
107932,verano_2024,2024-06-25,email,False,,False,
106959,verano_2024,2024-06-21,email,False,,False,
113750,verano_2024,2024-06-25,email,True,False,False,
102100,verano_2024,2024-06-28,push,,,False,
101698,verano_2024,2024-06-24,email,False,,False,
113851,verano_2024,2024-06-19,email,True,False,False,
110977,verano_2024,2024-06-19,push,,,False,
101535,verano_2024,2024-06-27,push,,,True,2024-07-17
112199,verano_2024,2024-06-27,email,False,,True,2024-07-25
100569,verano_2024,2024-06-28,email,False,,False,
113540,verano_2024,2024-06-17,email,True,False,False,
103951,verano_2024,2024-06-27,push,,,False,
100032,verano_2024,2024-06-29,email,True,False,False,
105095,verano_2024,2024-06-18,email,True,True,False,
100122,verano_2024,2024-06-24,push,,,False,
106992,verano_2024,2024-06-20,sms,,,False,
104721,verano_2024,2024-06-25,sms,,,False,
102499,verano_2024,2024-06-22,email,False,,False,
112693,verano_2024,2024-06-19,email,False,,True,2024-08-13
106077,verano_2024,2024-06-26,email,True,True,False,
102715,verano_2024,2024-06-26,email,False,,False,
102035,verano_2024,2024-06-24,sms,,,False,
104672,verano_2024,2024-06-28,push,,,False,
100733,verano_2024,2024-06-20,email,True,False,False,
106663,verano_2024,2024-06-24,email,True,False,False,
102579,verano_2024,2024-06-16,push,,,True,2024-08-14
100080,verano_2024,2024-06-25,push,,,False,
111550,verano_2024,2024-06-23,email,False,,False,
112720,verano_2024,2024-06-21,push,,,True,2024-08-23
100411,verano_2024,2024-06-25,email,True,True,False,
101796,verano_2024,2024-06-28,email,False,,False,
105460,verano_2024,2024-06-24,email,False,,False,
106212,verano_2024,2024-06-29,push,,,True,2024-07-29
105145,verano_2024,2024-06-25,email,False,,False,
104867,verano_2024,2024-06-28,sms,,,True,2024-08-27
104465,verano_2024,2024-06-24,email,False,,False,
105971,verano_2024,2024-06-18,email,False,,False,
103614,verano_2024,2024-06-21,push,,,True,2024-08-06
106533,verano_2024,2024-06-26,sms,,,True,2024-08-07
114372,verano_2024,2024-06-23,email,True,False,False,
109568,verano_2024,2024-06-18,push,,,False,
102817,verano_2024,2024-06-21,sms,,,True,2024-08-17
110766,verano_2024,2024-06-27,email,True,True,True,2024-08-16
109366,verano_2024,2024-06-26,push,,,False,
114392,verano_2024,2024-06-26,push,,,False,
108029,verano_2024,2024-06-29,email,False,,False,
103059,verano_2024,2024-06-29,email,True,False,False,
105910,verano_2024,2024-06-23,email,False,,False,
113762,verano_2024,2024-06-26,push,,,False,
107153,verano_2024,2024-06-15,email,True,False,False,
112354,verano_2024,2024-06-27,email,False,,False,
105039,verano_2024,2024-06-21,push,,,False,
113405,verano_2024,2024-06-20,email,True,False,False,
103475,verano_2024,2024-06-23,email,True,False,False,
104773,verano_2024,2024-06-20,push,,,True,2024-08-16
102484,verano_2024,2024-06-24,push,,,False,
111523,verano_2024,2024-06-19,email,False,,False,
111832,verano_2024,2024-06-18,push,,,False,
108911,verano_2024,2024-06-29,push_notification,,,False,
105847,verano_2024,2024-06-27,email,True,False,False,
114750,verano_2024,2024-06-17,sms,,,False,
101924,verano_2024,2024-06-27,email,True,False,False,
105099,verano_2024,2024-06-16,email,False,,False,
110793,verano_2024,2024-06-28,sms,,,False,
113862,verano_2024,2024-06-23,email,True,True,False,
109870,verano_2024,2024-06-16,email,False,,False,
109596,verano_2024,2024-06-15,push,,,True,2024-07-09
108772,verano_2024,2024-06-15,push,,,True,2024-07-25
111624,verano_2024,2024-06-16,email,False,,True,2024-08-02
109545,verano_2024,2024-06-19,push,,,False,
110347,verano_2024,2024-06-16,email,False,,False,
106726,verano_2024,2024-06-26,email,False,,False,
114560,verano_2024,2024-06-29,email,False,,False,
112955,verano_2024,2024-06-24,push,,,False,
106278,verano_2024,2024-06-25,email,True,False,False,
110859,verano_2024,2024-06-20,email,True,False,False,
101594,verano_2024,2024-06-28,email,False,,False,
109057,verano_2024,2024-06-23,sms,,,False,
114321,verano_2024,2024-06-15,push,,,True,2024-08-25
100456,verano_2024,2024-06-20,email,False,,False,
103284,verano_2024,2024-06-27,email,True,False,False,
109240,verano_2024,2024-06-25,email,True,False,False,
112878,verano_2024,2024-06-27,email,True,False,False,
109903,verano_2024,2024-06-28,sms,,,True,2024-07-04
102345,verano_2024,2024-06-21,email,False,,False,
109977,verano_2024,2024-06-29,email,False,,False,
105480,verano_2024,2024-06-25,email,True,False,False,
114137,verano_2024,2024-06-15,push,,,True,2024-07-24
115018,verano_2024,2024-06-20,Email,True,False,False,
109621,verano_2024,2024-06-28,email,False,,False,
110204,verano_2024,2024-06-15,email,False,,False,
114955,verano_2024,2024-06-27,email,False,,False,
113393,verano_2024,2024-06-21,push,,,True,2024-08-23
108693,verano_2024,2024-06-23,push,,,False,
105328,verano_2024,2024-06-20,email,False,,False,
102590,verano_2024,2024-06-22,sms,,,False,
112524,verano_2024,2024-06-19,email,True,False,False,
114717,verano_2024,2024-06-27,email,False,,False,
107717,verano_2024,2024-06-26,email,False,,False,
100174,verano_2024,2024-06-15,SMS,,,True,2024-08-21
104849,verano_2024,2024-06-19,email,False,,False,
100051,verano_2024,2024-06-25,email,False,,False,
106108,verano_2024,2024-06-18,email,True,False,True,2024-08-02
104098,verano_2024,2024-06-29,push,,,True,2024-08-10
108266,verano_2024,2024-06-16,email,False,,False,
103756,verano_2024,2024-06-21,email,False,,False,
100400,verano_2024,2024-06-25,email,False,,False,
104388,verano_2024,2024-06-23,push,,,True,2024-08-09
100750,verano_2024,2024-06-17,push,,,False,
111410,verano_2024,2024-06-26,email,False,,False,
110376,verano_2024,2024-06-25,email,True,False,False,
108583,verano_2024,2024-06-16,email,False,,False,
109856,verano_2024,2024-06-18,SMS,,,False,
106490,verano_2024,2024-06-17,email,True,False,False,
109649,verano_2024,2024-06-19,email,True,False,False,
106024,verano_2024,2024-06-20,sms,,,False,
105023,verano_2024,2024-06-22,email,False,,False,
113203,verano_2024,2024-06-26,push,,,False,
101040,verano_2024,2024-06-17,email,True,False,False,
102883,verano_2024,2024-06-16,email,True,True,False,
101140,verano_2024,2024-06-21,email,False,,False,
107502,verano_2024,2024-06-28,push,,,False,
113738,verano_2024,2024-06-19,push,,,False,
107661,verano_2024,2024-06-27,sms,,,False,
108869,verano_2024,2024-06-19,push,,,False,
110543,verano_2024,2024-06-24,Email,True,False,False,
107477,verano_2024,2024-06-26,push,,,True,2024-07-20
105862,verano_2024,2024-06-18,email,False,,False,
102799,verano_2024,2024-06-20,email,True,False,False,
113458,verano_2024,2024-06-22,push,,,False,
112168,verano_2024,2024-06-23,email,False,,False,
101656,verano_2024,2024-06-23,sms,,,False,
108311,verano_2024,2024-06-15,push,,,False,
101963,verano_2024,2024-06-25,email,False,,False,
105383,verano_2024,2024-06-21,email,False,,False,
101599,verano_2024,2024-06-21,push,,,False,
109963,verano_2024,2024-06-27,push,,,True,2024-08-26
103680,verano_2024,2024-06-23,email,False,,False,
115155,verano_2024,2024-06-15,push,,,False,
109754,verano_2024,2024-06-20,push,,,False,
102482,verano_2024,2024-06-27,email,False,,False,
111311,verano_2024,2024-06-24,Email,False,,False,
103462,verano_2024,2024-06-26,push,,,True,2024-07-23
112490,verano_2024,2024-06-18,push,,,False,
114579,verano_2024,2024-06-24,push,,,False,
101226,verano_2024,2024-06-19,email,False,,True,2024-07-19
102901,verano_2024,2024-06-23,email,True,True,True,2024-08-19
109421,verano_2024,2024-06-21,email,False,,False,
110366,verano_2024,2024-06-15,push,,,False,
112921,verano_2024,2024-06-24,push,,,True,2024-07-14
110935,verano_2024,2024-06-20,email,False,,False,
105613,verano_2024,2024-06-22,email,True,True,False,
111475,verano_2024,2024-06-25,email,True,False,False,
105197,verano_2024,2024-06-17,Email,True,False,False,
109025,verano_2024,2024-06-17,email,False,,False,
110557,verano_2024,2024-06-17,email,False,,False,
102862,verano_2024,2024-06-29,email,False,,False,
109538,verano_2024,2024-06-26,push,,,False,
100001,verano_2024,2024-06-25,push,,,False,
111933,verano_2024,2024-06-15,email,False,,False,
106119,verano_2024,2024-06-22,email,False,,False,
103658,verano_2024,2024-06-25,sms,,,False,
114262,verano_2024,2024-06-26,sms,,,True,2024-07-01
105869,verano_2024,2024-06-28,email,True,False,True,2024-07-11
103890,verano_2024,2024-06-29,push,,,True,2024-08-05
108333,verano_2024,2024-06-23,email,True,False,False,
103920,verano_2024,2024-06-21,sms,,,False,
105772,verano_2024,2024-06-15,sms,,,False,
115038,verano_2024,2024-06-29,email,True,False,False,
110606,verano_2024,2024-06-27,push,,,False,
101618,verano_2024,2024-06-28,push,,,False,
104076,verano_2024,2024-06-20,email,False,,False,
108716,verano_2024,2024-06-18,email,False,,True,2024-08-25
103195,verano_2024,2024-06-23,Email,True,True,False,
114536,verano_2024,2024-06-26,sms,,,True,2024-07-28
103866,verano_2024,2024-06-18,push,,,False,
112933,verano_2024,2024-06-26,sms,,,False,
104292,verano_2024,2024-06-19,sms,,,False,
107444,verano_2024,2024-06-22,email,False,,False,
114664,verano_2024,2024-06-19,email,False,,False,
109482,verano_2024,2024-06-27,push,,,False,
110133,verano_2024,2024-06-28,push,,,True,2024-07-09
106135,verano_2024,2024-06-28,push,,,False,
114981,verano_2024,2024-06-24,sms,,,False,
111990,verano_2024,2024-06-24,email,False,,False,
113966,verano_2024,2024-06-25,push,,,False,
108545,verano_2024,2024-06-15,push,,,True,2024-08-08
113803,verano_2024,2024-06-17,push,,,False,
103422,verano_2024,2024-06-18,email,False,,False,
113386,verano_2024,2024-06-25,push,,,True,2024-07-30
109499,verano_2024,2024-06-16,email,True,False,False,
113955,verano_2024,2024-06-23,email,False,,False,
111713,verano_2024,2024-06-26,email,True,False,False,
110968,verano_2024,2024-06-24,push,,,False,
110723,verano_2024,2024-06-25,push,,,False,
110909,verano_2024,2024-06-15,email,False,,False,
102022,verano_2024,2024-06-21,email,False,,True,2024-07-16
100625,verano_2024,2024-06-16,email,True,True,False,
103653,verano_2024,2024-06-22,push,,,True,2024-07-01
103942,verano_2024,2024-06-29,push,,,False,
112591,verano_2024,2024-06-29,push,,,False,
111195,verano_2024,2024-06-29,email,True,False,False,
110713,verano_2024,2024-06-15,email,True,False,False,
107183,verano_2024,2024-06-28,email,False,,False,
113535,verano_2024,2024-06-17,email,False,,False,
110077,verano_2024,2024-06-23,email,True,False,False,
109510,verano_2024,2024-06-19,email,False,,False,
115246,verano_2024,2024-06-17,email,False,,False,
102818,verano_2024,2024-06-18,sms,,,False,
112480,verano_2024,2024-06-17,email,False,,False,
104505,verano_2024,2024-06-27,push,,,False,
113159,verano_2024,2024-06-27,email,True,True,False,
102151,verano_2024,2024-06-18,email,True,False,False,
113006,verano_2024,2024-06-22,email,True,False,False,
100009,verano_2024,2024-06-22,email,True,False,False,
111672,verano_2024,2024-06-19,email,True,False,False,
106703,verano_2024,2024-06-21,sms,,,False,
103903,verano_2024,2024-06-15,email,False,,False,
101721,verano_2024,2024-06-19,email,False,,False,
108337,verano_2024,2024-06-26,email,True,False,False,
103298,verano_2024,2024-06-16,push,,,False,
100451,verano_2024,2024-06-17,sms,,,False,
107713,verano_2024,2024-06-19,push,,,False,
108359,verano_2024,2024-06-20,email,False,,False,
108378,verano_2024,2024-06-18,email,False,,True,2024-07-07
113224,verano_2024,2024-06-28,Email,False,,False,
103551,verano_2024,2024-06-16,email,True,True,True,2024-08-19
102946,verano_2024,2024-06-22,email,False,,False,
107269,verano_2024,2024-06-15,push,,,False,
102082,verano_2024,2024-06-27,email,False,,False,
107272,verano_2024,2024-06-22,email,False,,False,
102087,verano_2024,2024-06-19,email,False,,False,
104190,verano_2024,2024-06-29,push,,,False,
100182,verano_2024,2024-06-24,email,False,,False,
107604,verano_2024,2024-06-26,sms,,,True,2024-07-01
101322,verano_2024,2024-06-24,email,False,,False,
102129,verano_2024,2024-06-22,email,False,,False,
103985,verano_2024,2024-06-18,email,True,True,True,2024-08-08
104157,verano_2024,2024-06-21,push,,,True,2024-07-20
108905,verano_2024,2024-06-28,email,True,False,False,
101922,verano_2024,2024-06-16,push,,,False,
101731,verano_2024,2024-06-22,email,True,False,False,
108369,verano_2024,2024-06-19,email,False,,False,
113630,verano_2024,2024-06-15,push,,,False,
107403,verano_2024,2024-06-15,push,,,False,
100255,verano_2024,2024-06-20,email,True,False,False,
112932,verano_2024,2024-06-20,email,True,True,True,2024-07-07
105175,verano_2024,2024-06-18,push,,,False,
103356,verano_2024,2024-06-27,email,False,,False,
109319,verano_2024,2024-06-20,sms,,,False,
103308,verano_2024,2024-06-24,email,False,,False,
111248,verano_2024,2024-06-20,email,False,,False,
110908,verano_2024,2024-06-15,email,False,,False,
103478,verano_2024,2024-06-25,email,True,False,False,
111765,verano_2024,2024-06-16,email,False,,False,
106504,verano_2024,2024-06-18,email,False,,False,
112229,verano_2024,2024-06-19,email,True,True,False,
108853,verano_2024,2024-06-23,email,True,False,False,
110982,verano_2024,2024-06-23,email,False,,False,
105091,verano_2024,2024-06-23,sms,,,False,
111932,verano_2024,2024-06-24,email,True,True,True,2024-07-28
106661,verano_2024,2024-06-28,email,True,False,False,
100773,verano_2024,2024-06-23,email,True,False,False,
110733,verano_2024,2024-06-16,email,True,False,True,2024-07-08
106968,verano_2024,2024-06-24,email,True,True,False,
100285,verano_2024,2024-06-17,sms,,,False,
114187,verano_2024,2024-06-24,email,False,,False,
103943,verano_2024,2024-06-17,email,False,,False,
104895,verano_2024,2024-06-23,email,True,False,False,
100395,verano_2024,2024-06-15,push,,,False,
104032,verano_2024,2024-06-20,email,False,,False,
100327,verano_2024,2024-06-19,email,True,True,False,
108750,verano_2024,2024-06-17,email,False,,False,
102349,verano_2024,2024-06-19,SMS,,,False,
104746,verano_2024,2024-06-22,email,False,,False,
105884,verano_2024,2024-06-28,email,False,,False,
109460,verano_2024,2024-06-21,email,False,,False,
101715,verano_2024,2024-06-23,email,True,True,True,2024-07-09
110126,verano_2024,2024-06-28,email,False,,False,
112882,verano_2024,2024-06-27,email,True,True,True,2024-08-21
103442,verano_2024,2024-06-15,email,True,False,False,
102454,verano_2024,2024-06-27,push,,,False,
111216,verano_2024,2024-06-20,push,,,False,
112093,verano_2024,2024-06-20,email,False,,False,
101990,verano_2024,2024-06-22,sms,,,True,2024-08-01
105933,verano_2024,2024-06-26,email,False,,False,
112253,verano_2024,2024-06-16,email,True,False,False,
105295,verano_2024,2024-06-23,push,,,False,
101262,verano_2024,2024-06-23,email,True,False,False,
114671,verano_2024,2024-06-23,email,False,,False,
110506,verano_2024,2024-06-18,email,True,False,False,
107220,verano_2024,2024-06-25,sms,,,False,
103129,verano_2024,2024-06-18,email,False,,False,
112604,verano_2024,2024-06-26,push_notification,,,False,
112790,verano_2024,2024-06-17,sms,,,False,
105946,verano_2024,2024-06-21,email,False,,False,
101419,verano_2024,2024-06-20,email,False,,False,
101660,verano_2024,2024-06-24,email,False,,True,2024-08-18
111466,verano_2024,2024-06-28,email,True,True,True,2024-08-20
113538,verano_2024,2024-06-28,email,True,True,True,2024-07-12
109232,verano_2024,2024-06-24,email,True,False,False,
108009,verano_2024,2024-06-17,email,False,,False,
108038,verano_2024,2024-06-18,email,False,,False,
109053,verano_2024,2024-06-15,email,False,,False,
109103,verano_2024,2024-06-25,email,False,,False,
114408,verano_2024,2024-06-21,email,False,,False,
109253,verano_2024,2024-06-26,email,True,False,False,
101476,verano_2024,2024-06-28,push,,,False,
109290,verano_2024,2024-06-27,email,True,False,False,
110510,verano_2024,2024-06-24,push,,,False,
102352,verano_2024,2024-06-17,sms,,,False,
101434,verano_2024,2024-06-27,email,True,True,True,2024-07-30
110940,verano_2024,2024-06-28,email,True,False,False,
106068,verano_2024,2024-06-17,sms,,,False,
108794,verano_2024,2024-06-19,email,True,False,False,
101945,verano_2024,2024-06-28,email,False,,False,
114289,verano_2024,2024-06-22,email,False,,False,
106849,verano_2024,2024-06-19,email,True,False,False,
105221,verano_2024,2024-06-29,email,False,,False,
107034,verano_2024,2024-06-19,sms,,,False,
108673,verano_2024,2024-06-24,email,True,False,False,
114265,verano_2024,2024-06-25,push,,,False,
115015,verano_2024,2024-06-15,email,False,,True,2024-07-01
103016,verano_2024,2024-06-16,push,,,False,
105164,verano_2024,2024-06-21,sms,,,True,2024-07-06
101248,verano_2024,2024-06-29,push,,,True,2024-08-05
100978,verano_2024,2024-06-18,push,,,True,2024-07-26
101027,verano_2024,2024-06-21,email,True,False,False,
109620,verano_2024,2024-06-29,email,True,False,False,
108935,verano_2024,2024-06-27,push,,,False,
100276,verano_2024,2024-06-22,email,False,,False,
112749,verano_2024,2024-06-28,Email,False,,False,
102663,verano_2024,2024-06-24,email,False,,False,
112578,verano_2024,2024-06-25,email,False,,False,
104356,verano_2024,2024-06-23,push,,,False,
104534,verano_2024,2024-06-29,email,True,False,False,
115029,verano_2024,2024-06-21,sms,,,False,
109552,verano_2024,2024-06-22,push,,,False,
104221,verano_2024,2024-06-20,email,True,True,False,
107882,verano_2024,2024-06-20,push,,,False,
104105,verano_2024,2024-06-23,email,True,False,False,
110164,verano_2024,2024-06-28,push,,,False,
107342,verano_2024,2024-06-28,email,False,,True,2024-08-25
108223,verano_2024,2024-06-17,email,True,True,True,2024-07-13
102096,verano_2024,2024-06-16,email,True,False,False,
114401,verano_2024,2024-06-27,push,,,False,
109238,verano_2024,2024-06-19,email,True,False,False,
106054,verano_2024,2024-06-19,email,False,,False,
104099,verano_2024,2024-06-24,push,,,False,
113013,verano_2024,2024-06-27,push,,,False,
105633,verano_2024,2024-06-15,email,True,False,False,
112365,verano_2024,2024-06-16,push,,,False,
101494,verano_2024,2024-06-23,push,,,False,
114275,verano_2024,2024-06-17,email,False,,False,
105959,verano_2024,2024-06-22,email,False,,False,
113329,verano_2024,2024-06-16,email,False,,False,
114193,verano_2024,2024-06-26,email,True,True,True,2024-08-14
110303,verano_2024,2024-06-15,email,False,,False,
103679,verano_2024,2024-06-20,email,True,False,False,
101531,verano_2024,2024-06-19,email,True,True,False,
112246,verano_2024,2024-06-17,email,False,,False,
113744,verano_2024,2024-06-26,email,False,,False,
110872,verano_2024,2024-06-29,sms,,,True,2024-08-02
113092,verano_2024,2024-06-22,email,False,,False,
113575,verano_2024,2024-06-18,email,False,,False,
110262,verano_2024,2024-06-20,sms,,,True,
105457,verano_2024,2024-06-21,email,False,,False,
106522,verano_2024,2024-06-20,email,False,,False,
111138,verano_2024,2024-06-19,email,True,False,False,
110541,verano_2024,2024-06-25,email,False,,False,
112943,verano_2024,2024-06-17,push,,,False,
112864,verano_2024,2024-06-18,email,True,True,True,
101714,verano_2024,2024-06-21,email,True,False,False,
111853,verano_2024,2024-06-15,push,,,False,
113583,verano_2024,2024-06-15,push,,,False,
106157,verano_2024,2024-06-17,sms,,,True,2024-08-19
106821,verano_2024,2024-06-27,push,,,False,
114696,verano_2024,2024-06-16,email,True,False,False,
110144,verano_2024,2024-06-22,Email,False,,False,
108890,verano_2024,2024-06-20,email,True,False,False,
110018,verano_2024,2024-06-15,email,False,,False,
109710,verano_2024,2024-06-26,email,False,,False,
110846,verano_2024,2024-06-29,push,,,False,
113632,verano_2024,2024-06-16,email,False,,False,
114472,verano_2024,2024-06-27,email,True,False,False,
109003,verano_2024,2024-06-24,push,,,False,
110892,verano_2024,2024-06-20,email,False,,False,
108402,verano_2024,2024-06-19,email,True,False,False,
101218,verano_2024,2024-06-29,email,True,False,False,
103981,verano_2024,2024-06-17,email,False,,True,2024-07-13
109002,verano_2024,2024-06-27,push,,,True,2024-08-15
110319,verano_2024,2024-06-26,email,True,False,False,
107855,verano_2024,2024-06-22,email,False,,True,2024-08-30
109294,verano_2024,2024-06-24,push,,,False,
114325,verano_2024,2024-06-21,email,True,False,False,
103468,verano_2024,2024-06-16,email,True,False,False,
100178,verano_2024,2024-06-17,email,False,,False,
110473,verano_2024,2024-06-25,email,False,,False,
112611,verano_2024,2024-06-20,email,True,False,False,
113858,verano_2024,2024-06-20,email,False,,False,
114032,verano_2024,2024-06-22,email,True,True,False,
111899,verano_2024,2024-06-19,email,True,True,True,2024-07-24
100458,verano_2024,2024-06-29,email,False,,False,
102120,verano_2024,2024-06-25,push,,,False,
101581,verano_2024,2024-06-19,push,,,False,
103972,verano_2024,2024-06-17,email,True,False,False,
106106,verano_2024,2024-06-16,email,True,False,False,
106093,verano_2024,2024-06-20,email,True,False,False,
102215,verano_2024,2024-06-23,email,False,,False,
100064,verano_2024,2024-06-23,email,False,,False,
110775,verano_2024,2024-06-19,email,True,False,False,
109040,verano_2024,2024-06-23,push,,,True,2024-08-17
109354,verano_2024,2024-06-23,email,False,,False,
106334,verano_2024,2024-06-15,Email,True,True,True,2024-07-20
102202,verano_2024,2024-06-20,push_notification,,,False,
108133,verano_2024,2024-06-21,email,False,,False,
105226,verano_2024,2024-06-28,push,,,True,2024-08-04
110485,verano_2024,2024-06-29,push,,,False,
113607,verano_2024,2024-06-19,email,True,True,False,
107592,verano_2024,2024-06-20,email,True,False,False,
110669,verano_2024,2024-06-22,email,True,True,True,2024-07-23
109426,verano_2024,2024-06-26,email,True,True,False,
106499,verano_2024,2024-06-16,push,,,False,
114568,verano_2024,2024-06-15,email,False,,False,
102255,verano_2024,2024-06-25,push,,,False,
105981,verano_2024,2024-06-25,push,,,False,
101455,verano_2024,2024-06-20,email,False,,False,
107653,verano_2024,2024-06-25,email,True,True,True,2024-07-01
107013,verano_2024,2024-06-27,email,False,,False,
105182,verano_2024,2024-06-16,email,False,,False,
102989,verano_2024,2024-06-24,email,True,False,True,2024-07-09
114670,verano_2024,2024-06-28,email,False,,False,
104615,verano_2024,2024-06-15,push,,,False,
105717,verano_2024,2024-06-18,email,True,True,False,
102405,verano_2024,2024-06-27,push,,,True,2024-08-05
100062,verano_2024,2024-06-24,push,,,False,
107663,verano_2024,2024-06-25,email,False,,False,
111736,verano_2024,2024-06-25,push,,,False,
112382,verano_2024,2024-06-19,sms,,,False,
103384,verano_2024,2024-06-15,email,False,,False,
113688,verano_2024,2024-06-15,email,True,False,False,
103965,verano_2024,2024-06-22,email,True,True,False,
100796,verano_2024,2024-06-24,push,,,True,2024-08-12
109606,verano_2024,2024-06-28,email,True,True,False,
111488,verano_2024,2024-06-20,email,False,,False,
105771,verano_2024,2024-06-15,email,False,,False,
108263,verano_2024,2024-06-29,email,False,,False,
106537,verano_2024,2024-06-26,email,False,,False,
107865,verano_2024,2024-06-19,email,False,,False,
100634,verano_2024,2024-06-20,push,,,True,2024-07-27
100564,verano_2024,2024-06-29,push,,,True,2024-07-05
102026,verano_2024,2024-06-28,push,,,True,2024-08-26
102586,verano_2024,2024-06-21,email,False,,False,
102228,verano_2024,2024-06-25,push,,,True,2024-08-29
109958,verano_2024,2024-06-21,sms,,,True,2024-08-20
104070,verano_2024,2024-06-29,email,False,,False,
113940,verano_2024,2024-06-22,email,True,True,True,2024-08-18
114128,verano_2024,2024-06-28,email,False,,True,2024-07-18
112661,verano_2024,2024-06-15,push,,,True,2024-08-14
113553,verano_2024,2024-06-24,email,False,,False,
112989,verano_2024,2024-06-26,email,True,False,False,
110531,verano_2024,2024-06-23,email,True,True,False,
108406,verano_2024,2024-06-25,push,,,False,
105077,verano_2024,2024-06-16,email,False,,False,
107418,verano_2024,2024-06-27,email,False,,False,
106498,verano_2024,2024-06-21,sms,,,True,2024-07-29
111428,verano_2024,2024-06-20,email,False,,False,
112148,verano_2024,2024-06-29,email,True,False,False,
100830,verano_2024,2024-06-28,email,False,,False,
114146,verano_2024,2024-06-19,email,True,False,False,
111846,verano_2024,2024-06-17,Email,False,,False,
107835,verano_2024,2024-06-25,email,False,,False,
104514,verano_2024,2024-06-29,email,True,True,True,2024-08-19
109097,verano_2024,2024-06-17,email,False,,False,
106622,verano_2024,2024-06-16,push,,,False,
114280,verano_2024,2024-06-24,email,False,,False,
102944,verano_2024,2024-06-23,email,True,False,False,
111534,verano_2024,2024-06-18,email,False,,False,
113462,verano_2024,2024-06-21,email,False,,False,
111269,verano_2024,2024-06-19,sms,,,False,
109045,verano_2024,2024-06-27,sms,,,True,2024-07-27
106159,verano_2024,2024-06-18,Email,False,,False,
106113,verano_2024,2024-06-20,push,,,True,2024-07-22
104886,verano_2024,2024-06-26,email,True,False,False,
101576,verano_2024,2024-06-15,email,False,,False,
100408,verano_2024,2024-06-19,email,False,,False,
105271,verano_2024,2024-06-19,email,True,False,False,
108117,verano_2024,2024-06-17,push,,,True,2024-07-28
109748,verano_2024,2024-06-26,push_notification,,,False,
102789,verano_2024,2024-06-18,email,False,,False,
101624,verano_2024,2024-06-23,push,,,False,
103997,verano_2024,2024-06-28,email,False,,False,
111574,verano_2024,2024-06-28,push,,,False,
109590,verano_2024,2024-06-15,email,False,,False,
112532,verano_2024,2024-06-18,sms,,,False,
100171,verano_2024,2024-06-21,sms,,,False,
111423,verano_2024,2024-06-22,push,,,True,
107306,verano_2024,2024-06-16,push,,,False,
108084,verano_2024,2024-06-20,email,True,True,True,2024-07-09
106014,verano_2024,2024-06-24,email,False,,False,
109530,verano_2024,2024-06-27,push,,,False,
104985,verano_2024,2024-06-18,email,False,,True,2024-07-08
111052,verano_2024,2024-06-18,email,False,,False,
102975,verano_2024,2024-06-15,email,True,False,False,
108929,verano_2024,2024-06-23,email,False,,False,
114189,verano_2024,2024-06-16,email,False,,False,
105558,verano_2024,2024-06-29,push,,,False,
108305,verano_2024,2024-06-19,Email,True,False,False,
113836,verano_2024,2024-06-22,push,,,False,
101386,verano_2024,2024-06-22,email,True,True,False,
108629,verano_2024,2024-06-22,push,,,False,
101936,verano_2024,2024-06-25,push,,,True,2024-07-25
108289,verano_2024,2024-06-18,email,True,False,False,
100684,verano_2024,2024-06-27,email,True,True,True,2024-07-01
114096,verano_2024,2024-06-15,sms,,,True,2024-08-30
103269,verano_2024,2024-06-15,sms,,,False,
101079,verano_2024,2024-06-18,Email,True,False,True,2024-07-06
112103,verano_2024,2024-06-19,email,False,,True,2024-07-22
109771,verano_2024,2024-06-29,push,,,False,
115013,verano_2024,2024-06-20,email,True,False,True,2024-08-10
107303,verano_2024,2024-06-15,push,,,False,
101723,verano_2024,2024-06-18,email,False,,False,
111603,verano_2024,2024-06-16,email,False,,False,
110563,verano_2024,2024-06-29,sms,,,True,2024-07-21
105251,verano_2024,2024-06-27,push,,,False,
106910,verano_2024,2024-06-28,push,,,False,
104016,verano_2024,2024-06-23,email,True,False,False,
100801,verano_2024,2024-06-15,email,False,,False,
111338,verano_2024,2024-06-22,email,False,,False,
100748,verano_2024,2024-06-21,email,True,False,False,
109483,verano_2024,2024-06-27,email,True,False,True,2024-07-22
103503,verano_2024,2024-06-26,email,True,False,False,
103493,verano_2024,2024-06-18,email,True,False,False,
102271,verano_2024,2024-06-16,sms,,,True,2024-08-15
108255,verano_2024,2024-06-25,push,,,True,2024-08-14
109827,verano_2024,2024-06-25,sms,,,False,
108041,verano_2024,2024-06-22,email,False,,True,2024-07-20
100591,verano_2024,2024-06-29,push,,,False,
109202,verano_2024,2024-06-20,email,True,False,False,
108527,verano_2024,2024-06-28,push,,,True,2024-08-04
109702,verano_2024,2024-06-20,sms,,,True,2024-07-22
102451,verano_2024,2024-06-27,push,,,False,
110639,verano_2024,2024-06-25,push,,,True,2024-08-14
113138,verano_2024,2024-06-27,email,False,,False,
101492,verano_2024,2024-06-26,push,,,True,2024-07-27
100426,verano_2024,2024-06-25,email,False,,False,
106445,verano_2024,2024-06-17,push,,,False,
113139,verano_2024,2024-06-17,email,False,,False,
109158,verano_2024,2024-06-17,push_notification,,,True,2024-08-28
105372,verano_2024,2024-06-28,email,False,,False,
112370,verano_2024,2024-06-17,email,False,,False,
106931,verano_2024,2024-06-24,email,False,,False,
104555,verano_2024,2024-06-23,Email,False,,False,
102042,verano_2024,2024-06-15,Email,True,False,False,
102010,verano_2024,2024-06-15,Email,False,,False,
104329,verano_2024,2024-06-19,email,False,,False,
113233,verano_2024,2024-06-24,email,False,,False,
102770,verano_2024,2024-06-29,sms,,,True,2024-07-20
104464,verano_2024,2024-06-21,sms,,,False,
103257,verano_2024,2024-06-28,email,False,,False,
108399,verano_2024,2024-06-25,email,False,,False,
100474,verano_2024,2024-06-21,email,False,,False,
102313,verano_2024,2024-06-15,email,False,,False,
101399,verano_2024,2024-06-19,email,True,True,False,
112719,verano_2024,2024-06-22,email,True,True,True,2024-08-07
107992,verano_2024,2024-06-24,push,,,True,2024-07-31
107815,verano_2024,2024-06-17,sms,,,False,
111886,verano_2024,2024-06-28,email,True,False,True,2024-07-20
105298,verano_2024,2024-06-29,email,False,,False,
101912,verano_2024,2024-06-26,email,False,,False,
112691,verano_2024,2024-06-29,Email,False,,False,
101984,verano_2024,2024-06-26,email,False,,False,
113129,verano_2024,2024-06-20,sms,,,False,
103252,verano_2024,2024-06-27,sms,,,False,
102865,verano_2024,2024-06-26,email,False,,False,
110789,verano_2024,2024-06-17,push,,,False,
107199,verano_2024,2024-06-22,email,False,,False,
102178,verano_2024,2024-06-24,email,False,,False,
103878,verano_2024,2024-06-18,email,True,False,False,
102070,verano_2024,2024-06-19,push,,,False,
111806,verano_2024,2024-06-27,push,,,False,
111659,verano_2024,2024-06-17,email,True,False,False,
113749,verano_2024,2024-06-19,email,True,False,False,
104741,verano_2024,2024-06-24,email,True,False,False,
100587,verano_2024,2024-06-25,sms,,,False,
103464,verano_2024,2024-06-29,email,False,,False,
113030,verano_2024,2024-06-22,email,True,False,False,
113902,verano_2024,2024-06-19,email,False,,False,
108815,verano_2024,2024-06-21,sms,,,True,2024-08-09
107384,verano_2024,2024-06-21,Email,True,False,True,2024-07-10
103446,verano_2024,2024-06-18,push,,,False,
109215,verano_2024,2024-06-15,email,False,,False,
108540,verano_2024,2024-06-17,push,,,False,
103430,verano_2024,2024-06-27,email,False,,False,
109116,verano_2024,2024-06-16,email,False,,False,
113176,verano_2024,2024-06-16,push,,,False,
105528,verano_2024,2024-06-16,email,False,,False,
115170,verano_2024,2024-06-15,email,False,,False,
110895,verano_2024,2024-06-22,email,True,False,False,
110891,verano_2024,2024-06-28,push,,,False,
108621,verano_2024,2024-06-29,push,,,False,
110549,verano_2024,2024-06-25,email,False,,False,
108224,verano_2024,2024-06-16,email,True,False,False,
111396,verano_2024,2024-06-23,email,True,True,False,
107703,verano_2024,2024-06-17,email,False,,False,
113885,verano_2024,2024-06-20,sms,,,False,
102727,verano_2024,2024-06-27,push,,,False,
102678,verano_2024,2024-06-17,email,False,,False,
104994,verano_2024,2024-06-23,push,,,True,2024-07-14
107643,verano_2024,2024-06-18,email,True,True,False,
110666,verano_2024,2024-06-19,push,,,True,2024-08-08
107950,verano_2024,2024-06-25,email,False,,True,
103208,verano_2024,2024-06-23,email,False,,False,
105565,verano_2024,2024-06-21,email,True,False,False,
111515,verano_2024,2024-06-20,email,False,,False,
109835,verano_2024,2024-06-18,email,False,,False,
106632,verano_2024,2024-06-28,email,False,,False,
106913,verano_2024,2024-06-27,email,True,False,False,
107745,verano_2024,2024-06-16,push,,,False,
100994,verano_2024,2024-06-15,email,True,False,False,
113696,verano_2024,2024-06-16,email,True,False,False,
107389,verano_2024,2024-06-19,sms,,,False,
111298,verano_2024,2024-06-28,push,,,False,
112518,verano_2024,2024-06-23,push,,,False,
107086,verano_2024,2024-06-23,sms,,,True,2024-07-25
107235,verano_2024,2024-06-17,email,True,True,False,
101745,verano_2024,2024-06-25,email,True,False,False,
107808,verano_2024,2024-06-29,email,False,,False,
106163,verano_2024,2024-06-18,email,False,,False,
106701,verano_2024,2024-06-18,push,,,True,2024-07-13
101072,verano_2024,2024-06-29,email,False,,False,
113648,verano_2024,2024-06-25,email,False,,False,
113943,verano_2024,2024-06-23,push,,,False,
105787,verano_2024,2024-06-21,push,,,False,
100812,verano_2024,2024-06-26,Email,False,,False,
110008,verano_2024,2024-06-27,email,True,False,False,
111626,verano_2024,2024-06-26,email,True,False,False,
113280,verano_2024,2024-06-15,email,False,,False,
105640,verano_2024,2024-06-22,push,,,False,
110931,verano_2024,2024-06-16,sms,,,False,
114745,verano_2024,2024-06-23,sms,,,False,
113274,verano_2024,2024-06-17,push,,,False,
108654,verano_2024,2024-06-28,email,False,,False,
103805,verano_2024,2024-06-19,push,,,True,2024-07-07
109271,verano_2024,2024-06-25,email,True,False,False,
108130,verano_2024,2024-06-24,push,,,True,2024-07-22
103335,verano_2024,2024-06-17,email,True,True,False,
108745,verano_2024,2024-06-29,email,True,False,True,2024-07-16
100752,verano_2024,2024-06-27,SMS,,,False,
102500,verano_2024,2024-06-29,sms,,,False,
108806,verano_2024,2024-06-23,push,,,True,2024-08-11
111597,verano_2024,2024-06-17,push,,,False,
102358,verano_2024,2024-06-21,email,False,,True,2024-08-16
109174,verano_2024,2024-06-16,email,True,False,False,
102875,verano_2024,2024-06-23,email,False,,False,
112939,verano_2024,2024-06-28,Email,True,True,False,
115026,verano_2024,2024-06-24,email,False,,False,
108230,verano_2024,2024-06-22,Email,True,False,False,
109465,verano_2024,2024-06-25,email,False,,False,
113438,verano_2024,2024-06-27,email,False,,False,
114900,verano_2024,2024-06-27,push,,,True,2024-08-08
111649,verano_2024,2024-06-26,email,True,False,False,
110778,verano_2024,2024-06-26,email,False,,True,2024-07-17
102123,verano_2024,2024-06-20,email,True,False,False,
115019,verano_2024,2024-06-29,push,,,False,
109282,verano_2024,2024-06-29,email,False,,False,
114292,verano_2024,2024-06-26,email,True,False,True,2024-07-01
102175,verano_2024,2024-06-29,push,,,True,2024-08-26
105459,verano_2024,2024-06-25,email,False,,False,
110149,verano_2024,2024-06-23,email,False,,True,2024-07-27
108782,verano_2024,2024-06-26,email,False,,False,
108726,verano_2024,2024-06-17,push,,,False,
110307,verano_2024,2024-06-16,email,False,,False,
111214,verano_2024,2024-06-27,email,True,True,True,2024-07-04
113192,verano_2024,2024-06-24,email,False,,False,
101845,verano_2024,2024-06-28,email,False,,False,
109433,verano_2024,2024-06-15,email,False,,False,
112067,verano_2024,2024-06-23,push_notification,,,False,
112100,verano_2024,2024-06-17,email,True,False,True,2024-08-18
114350,verano_2024,2024-06-25,push,,,True,2024-07-17
101489,verano_2024,2024-06-15,Email,True,False,False,
113021,verano_2024,2024-06-16,sms,,,True,2024-07-22
109024,verano_2024,2024-06-18,push,,,True,2024-08-14
104378,verano_2024,2024-06-21,push_notification,,,False,
113635,verano_2024,2024-06-15,email,False,,False,
113429,verano_2024,2024-06-19,email,False,,True,2024-07-12
111057,verano_2024,2024-06-27,push,,,False,
112189,verano_2024,2024-06-28,email,False,,False,
114153,verano_2024,2024-06-17,email,True,False,False,
107904,verano_2024,2024-06-29,push,,,True,2024-07-25
102609,verano_2024,2024-06-22,push,,,False,
100963,verano_2024,2024-06-17,email,False,,False,
112899,verano_2024,2024-06-20,email,True,True,True,2024-07-17
100378,verano_2024,2024-06-25,email,True,False,False,
113369,verano_2024,2024-06-23,sms,,,True,2024-08-03
104392,verano_2024,2024-06-17,email,True,False,False,
102513,verano_2024,2024-06-20,email,False,,False,
105747,verano_2024,2024-06-27,email,False,,False,
101587,verano_2024,2024-06-21,email,True,False,False,
109737,verano_2024,2024-06-22,email,True,False,False,
102021,verano_2024,2024-06-17,email,False,,False,
111508,verano_2024,2024-06-26,email,True,False,False,
101744,verano_2024,2024-06-15,email,True,False,False,
109143,verano_2024,2024-06-27,email,True,True,False,
113512,verano_2024,2024-06-27,email,True,False,True,2024-08-17
114592,verano_2024,2024-06-25,push_notification,,,False,
105515,verano_2024,2024-06-15,email,True,False,False,
104503,verano_2024,2024-06-27,email,True,False,False,
111029,verano_2024,2024-06-29,email,False,,False,
110626,verano_2024,2024-06-15,email,False,,False,
111010,verano_2024,2024-06-19,email,True,True,False,
110862,verano_2024,2024-06-24,email,False,,False,
107229,verano_2024,2024-06-28,Email,False,,True,2024-08-04
102922,verano_2024,2024-06-16,sms,,,True,2024-07-29
105968,verano_2024,2024-06-28,push,,,False,
112107,verano_2024,2024-06-26,email,False,,True,2024-07-14
109268,verano_2024,2024-06-24,email,False,,False,
102309,verano_2024,2024-06-29,email,False,,False,
100004,verano_2024,2024-06-17,sms,,,True,2024-08-26
114720,verano_2024,2024-06-22,email,False,,False,
104078,verano_2024,2024-06-28,email,True,True,False,
114432,verano_2024,2024-06-26,email,True,True,False,
114698,verano_2024,2024-06-21,email,True,True,False,
107048,verano_2024,2024-06-18,email,False,,False,
114976,verano_2024,2024-06-29,email,True,False,False,
112944,verano_2024,2024-06-25,email,True,False,True,2024-08-29
105904,verano_2024,2024-06-21,sms,,,False,
113059,verano_2024,2024-06-16,email,True,False,False,
100961,verano_2024,2024-06-23,email,False,,False,
108599,verano_2024,2024-06-22,push,,,True,2024-07-19
111379,verano_2024,2024-06-16,sms,,,True,2024-07-06
112550,verano_2024,2024-06-16,push,,,False,
102289,verano_2024,2024-06-19,email,False,,False,
114100,verano_2024,2024-06-29,sms,,,True,2024-07-26
113080,verano_2024,2024-06-23,email,True,True,False,
106189,verano_2024,2024-06-22,email,False,,False,
113588,verano_2024,2024-06-18,push,,,False,
101115,verano_2024,2024-06-25,sms,,,True,2024-07-14
107803,verano_2024,2024-06-17,email,False,,False,
111509,verano_2024,2024-06-22,email,True,False,False,
112848,verano_2024,2024-06-23,email,False,,False,
104266,verano_2024,2024-06-16,push,,,True,
101580,verano_2024,2024-06-16,email,False,,False,
104978,verano_2024,2024-06-18,sms,,,False,
104527,verano_2024,2024-06-17,sms,,,True,2024-08-05
106934,verano_2024,2024-06-15,email,True,False,False,
108032,verano_2024,2024-06-25,email,True,False,False,
108026,verano_2024,2024-06-25,email,False,,True,2024-07-29
102502,verano_2024,2024-06-17,Email,False,,False,
103403,verano_2024,2024-06-15,email,True,True,False,
109727,verano_2024,2024-06-20,push,,,False,
103434,verano_2024,2024-06-16,email,True,False,False,
112268,verano_2024,2024-06-28,sms,,,False,
113564,verano_2024,2024-06-27,email,False,,True,2024-08-26
100971,verano_2024,2024-06-19,sms,,,True,2024-08-21
112755,verano_2024,2024-06-28,email,False,,False,
100389,verano_2024,2024-06-20,email,False,,False,
101954,verano_2024,2024-06-16,email,False,,False,
111604,verano_2024,2024-06-26,email,False,,False,
105431,verano_2024,2024-06-23,email,False,,False,
107201,verano_2024,2024-06-19,email,False,,False,
113024,verano_2024,2024-06-20,push,,,True,2024-07-01
100316,verano_2024,2024-06-26,email,True,False,False,
106443,verano_2024,2024-06-21,email,True,False,True,2024-08-08
113960,verano_2024,2024-06-25,email,False,,False,
108185,verano_2024,2024-06-16,sms,,,True,2024-07-24
108941,verano_2024,2024-06-24,push,,,False,
113219,verano_2024,2024-06-23,sms,,,False,
108761,verano_2024,2024-06-29,push,,,True,2024-08-09
112925,verano_2024,2024-06-15,push,,,True,2024-08-03
112539,verano_2024,2024-06-18,push,,,False,
100606,verano_2024,2024-06-18,email,False,,False,
109535,verano_2024,2024-06-29,email,True,False,False,
112528,verano_2024,2024-06-23,email,True,False,True,2024-08-27
109039,verano_2024,2024-06-27,email,True,False,False,
105501,verano_2024,2024-06-26,push,,,False,
110896,verano_2024,2024-06-19,email,True,False,False,
103214,verano_2024,2024-06-20,push,,,True,2024-07-04
111520,verano_2024,2024-06-27,email,True,True,False,
107729,verano_2024,2024-06-20,email,True,True,True,2024-08-07
101369,verano_2024,2024-06-20,email,False,,False,
102311,verano_2024,2024-06-26,sms,,,True,2024-08-15
101254,verano_2024,2024-06-20,email,False,,False,
103486,verano_2024,2024-06-24,email,False,,False,
102761,verano_2024,2024-06-22,email,True,True,False,
109000,verano_2024,2024-06-19,email,False,,False,
113559,verano_2024,2024-06-23,push,,,True,2024-07-03
114478,verano_2024,2024-06-25,sms,,,False,
109932,verano_2024,2024-06-24,email,False,,False,
111995,verano_2024,2024-06-16,push,,,True,2024-07-28
113112,verano_2024,2024-06-17,email,False,,False,
108631,verano_2024,2024-06-18,push,,,True,2024-07-21
109266,verano_2024,2024-06-15,email,False,,False,
107274,verano_2024,2024-06-27,email,True,False,False,
101112,verano_2024,2024-06-22,email,True,True,False,
104415,verano_2024,2024-06-18,sms,,,False,
102299,verano_2024,2024-06-19,email,True,False,False,
100638,verano_2024,2024-06-27,email,False,,False,
100249,verano_2024,2024-06-27,email,False,,False,
102272,verano_2024,2024-06-20,email,True,False,False,
100697,verano_2024,2024-06-27,email,True,True,True,2024-07-10
108775,verano_2024,2024-06-18,sms,,,True,2024-08-03
105744,verano_2024,2024-06-15,email,True,False,False,
108646,verano_2024,2024-06-15,email,False,,False,
113236,verano_2024,2024-06-20,sms,,,True,2024-07-29
104154,verano_2024,2024-06-16,email,True,False,False,
105525,verano_2024,2024-06-27,push,,,True,2024-07-13
104124,verano_2024,2024-06-15,push,,,True,2024-07-31
101517,verano_2024,2024-06-27,push,,,False,
104394,verano_2024,2024-06-17,push,,,True,2024-07-10
110442,verano_2024,2024-06-23,email,True,False,False,
100071,verano_2024,2024-06-16,email,True,False,False,
109446,verano_2024,2024-06-22,email,True,False,False,
101179,verano_2024,2024-06-26,email,True,False,False,
102685,verano_2024,2024-06-22,push,,,False,
114299,verano_2024,2024-06-21,email,True,False,False,
109700,verano_2024,2024-06-19,email,False,,False,
114651,verano_2024,2024-06-17,email,False,,False,
105816,verano_2024,2024-06-16,email,True,False,False,
108728,verano_2024,2024-06-27,email,False,,False,
111051,verano_2024,2024-06-18,email,False,,False,
108105,verano_2024,2024-06-22,email,False,,False,
114782,verano_2024,2024-06-21,email,False,,False,
109572,verano_2024,2024-06-19,email,False,,False,
110946,verano_2024,2024-06-22,email,False,,False,
100168,verano_2024,2024-06-26,sms,,,False,
110160,verano_2024,2024-06-21,sms,,,False,
108608,verano_2024,2024-06-25,email,True,True,True,2024-08-18
112798,verano_2024,2024-06-21,email,False,,False,
114049,verano_2024,2024-06-22,push_notification,,,False,
101084,verano_2024,2024-06-16,push,,,False,
105000,verano_2024,2024-06-19,push,,,True,2024-07-19
110103,verano_2024,2024-06-29,email,True,False,False,
106936,verano_2024,2024-06-23,email,False,,False,
108218,verano_2024,2024-06-23,push,,,True,2024-07-13
104131,verano_2024,2024-06-26,email,True,True,False,
113640,verano_2024,2024-06-20,email,False,,False,
110523,verano_2024,2024-06-26,email,False,,False,
111724,verano_2024,2024-06-26,email,True,True,True,2024-07-12
114268,verano_2024,2024-06-18,sms,,,True,2024-07-29
110211,verano_2024,2024-06-28,sms,,,True,2024-07-11
106960,verano_2024,2024-06-20,push,,,False,
107039,verano_2024,2024-06-17,sms,,,False,
104717,verano_2024,2024-06-17,Email,False,,False,
111864,verano_2024,2024-06-24,push,,,False,
113730,verano_2024,2024-06-27,push,,,False,
104439,verano_2024,2024-06-28,Email,False,,False,
112850,verano_2024,2024-06-16,email,True,False,False,
111238,verano_2024,2024-06-28,sms,,,False,
107365,verano_2024,2024-06-15,sms,,,False,
106276,verano_2024,2024-06-21,email,False,,False,
114767,verano_2024,2024-06-29,push,,,False,
100218,verano_2024,2024-06-24,Email,False,,False,
114433,verano_2024,2024-06-27,email,True,False,False,
106593,verano_2024,2024-06-26,email,False,,False,
102615,verano_2024,2024-06-26,push,,,True,2024-07-08
102013,verano_2024,2024-06-17,email,True,True,False,
107817,verano_2024,2024-06-24,push,,,False,
108066,verano_2024,2024-06-21,email,False,,False,
108952,verano_2024,2024-06-20,email,False,,False,
100901,verano_2024,2024-06-19,email,False,,False,
114346,verano_2024,2024-06-27,email,False,,False,
100185,verano_2024,2024-06-23,email,False,,False,
108998,verano_2024,2024-06-21,Email,True,False,False,
102217,verano_2024,2024-06-15,email,True,False,False,
110037,verano_2024,2024-06-19,push,,,False,
103388,verano_2024,2024-06-29,email,False,,False,
110141,verano_2024,2024-06-22,email,False,,False,
113356,verano_2024,2024-06-22,email,True,False,False,
103342,verano_2024,2024-06-27,push,,,False,
108875,verano_2024,2024-06-29,email,False,,False,
100593,verano_2024,2024-06-20,email,True,True,True,2024-07-04
107825,verano_2024,2024-06-28,email,True,False,True,2024-08-17
105036,verano_2024,2024-06-17,email,True,False,False,
107146,verano_2024,2024-06-15,sms,,,False,
110297,verano_2024,2024-06-28,email,False,,False,
101833,verano_2024,2024-06-15,push,,,False,
111450,verano_2024,2024-06-21,email,True,True,True,2024-07-23
104004,verano_2024,2024-06-21,push,,,True,
100539,verano_2024,2024-06-29,push,,,True,2024-08-13
110942,verano_2024,2024-06-23,email,False,,False,
109280,verano_2024,2024-06-18,push,,,True,2024-08-15
109630,verano_2024,2024-06-15,email,True,True,True,2024-07-22
103276,verano_2024,2024-06-23,email,True,False,False,
104305,verano_2024,2024-06-28,email,False,,False,
104765,verano_2024,2024-06-15,email,False,,False,
103843,verano_2024,2024-06-17,push,,,False,
109188,verano_2024,2024-06-26,push,,,True,2024-08-01
104402,verano_2024,2024-06-16,email,True,True,False,
108628,verano_2024,2024-06-19,push,,,True,2024-08-26
114674,verano_2024,2024-06-25,email,False,,False,
111002,verano_2024,2024-06-23,push,,,False,
102617,verano_2024,2024-06-29,email,False,,False,
108142,verano_2024,2024-06-27,push,,,False,
115216,verano_2024,2024-06-16,push,,,False,
106349,verano_2024,2024-06-16,email,False,,False,
105585,verano_2024,2024-06-21,email,True,True,False,
109412,verano_2024,2024-06-17,email,False,,False,
104396,verano_2024,2024-06-16,email,False,,False,
104059,verano_2024,2024-06-29,email,True,False,False,
105835,verano_2024,2024-06-23,push,,,False,
103624,verano_2024,2024-06-27,push,,,True,2024-08-11
103456,verano_2024,2024-06-25,email,False,,False,
104902,verano_2024,2024-06-23,sms,,,True,2024-07-26
114287,verano_2024,2024-06-17,email,True,False,False,
105928,verano_2024,2024-06-28,Email,True,True,False,
112475,verano_2024,2024-06-18,push,,,False,
105624,verano_2024,2024-06-25,email,False,,False,
113422,verano_2024,2024-06-26,email,False,,False,
104049,verano_2024,2024-06-23,email,False,,True,2024-08-07
104035,verano_2024,2024-06-26,email,True,True,True,2024-07-29
100466,verano_2024,2024-06-26,email,False,,False,
108094,verano_2024,2024-06-23,push,,,False,
106730,verano_2024,2024-06-29,sms,,,False,
105999,verano_2024,2024-06-20,push,,,True,2024-07-11
100114,verano_2024,2024-06-29,email,True,True,False,
102036,verano_2024,2024-06-20,email,False,,False,
111593,verano_2024,2024-06-16,email,False,,False,
100036,verano_2024,2024-06-29,email,False,,False,
111946,verano_2024,2024-06-17,email,True,False,False,
106022,verano_2024,2024-06-21,push,,,False,
113856,verano_2024,2024-06-24,Email,False,,True,2024-07-12
102020,verano_2024,2024-06-24,push,,,True,2024-07-21
103061,verano_2024,2024-06-29,email,False,,False,
111374,verano_2024,2024-06-22,email,True,False,False,
100869,verano_2024,2024-06-17,email,False,,False,
106505,verano_2024,2024-06-21,email,False,,False,
100016,verano_2024,2024-06-15,email,True,False,False,
104293,verano_2024,2024-06-15,email,False,,False,
108109,verano_2024,2024-06-17,push,,,False,
103108,verano_2024,2024-06-16,push,,,False,
108878,verano_2024,2024-06-22,email,False,,False,
109246,verano_2024,2024-06-15,email,True,True,False,
112551,verano_2024,2024-06-19,email,False,,False,
105889,verano_2024,2024-06-29,push,,,True,2024-07-01
112531,verano_2024,2024-06-16,email,True,True,False,
106293,verano_2024,2024-06-19,email,True,False,False,
105730,verano_2024,2024-06-25,email,False,,False,
107754,verano_2024,2024-06-20,email,False,,False,
105147,verano_2024,2024-06-23,push,,,False,
107172,verano_2024,2024-06-16,email,True,False,False,
102335,verano_2024,2024-06-17,email,True,False,False,
112164,verano_2024,2024-06-22,email,False,,False,
104630,verano_2024,2024-06-23,push,,,False,
106854,verano_2024,2024-06-17,push,,,True,2024-08-11
111601,verano_2024,2024-06-17,email,True,False,False,
106062,verano_2024,2024-06-15,email,False,,False,
104468,verano_2024,2024-06-19,email,False,,False,
108288,verano_2024,2024-06-24,email,False,,False,
114315,verano_2024,2024-06-27,push,,,True,2024-07-01
101852,verano_2024,2024-06-21,push,,,False,
108651,verano_2024,2024-06-15,email,False,,False,
113175,verano_2024,2024-06-26,sms,,,False,
111307,verano_2024,2024-06-29,email,True,False,False,
114858,verano_2024,2024-06-19,push,,,False,
109408,verano_2024,2024-06-28,email,True,False,False,
112264,verano_2024,2024-06-26,email,False,,False,
111844,verano_2024,2024-06-18,email,True,False,False,
114102,verano_2024,2024-06-29,email,True,False,False,
112105,verano_2024,2024-06-24,push,,,False,
113012,verano_2024,2024-06-17,email,False,,False,
108914,verano_2024,2024-06-23,push,,,True,2024-08-21
105814,verano_2024,2024-06-28,email,False,,False,
102958,verano_2024,2024-06-19,push,,,False,
106804,verano_2024,2024-06-26,email,False,,False,
112976,verano_2024,2024-06-18,push,,,False,
113067,verano_2024,2024-06-26,email,True,True,True,2024-07-05
100084,verano_2024,2024-06-22,email,False,,False,
111785,verano_2024,2024-06-20,Email,False,,False,
110010,verano_2024,2024-06-27,email,True,False,False,
109664,verano_2024,2024-06-18,Email,False,,False,
105514,verano_2024,2024-06-28,email,False,,False,
110451,verano_2024,2024-06-18,push,,,False,
101003,verano_2024,2024-06-29,email,False,,False,
111135,verano_2024,2024-06-17,email,False,,False,
112522,verano_2024,2024-06-29,email,True,False,False,
105822,verano_2024,2024-06-15,email,True,False,False,
113001,verano_2024,2024-06-22,email,False,,False,
104275,verano_2024,2024-06-24,sms,,,False,
110098,verano_2024,2024-06-15,email,False,,False,
111548,verano_2024,2024-06-27,push,,,True,
102216,verano_2024,2024-06-24,push,,,False,
107518,verano_2024,2024-06-24,email,True,False,False,
100536,verano_2024,2024-06-27,email,True,False,False,
111122,verano_2024,2024-06-21,push,,,True,2024-08-16
101483,verano_2024,2024-06-21,email,False,,False,
114603,verano_2024,2024-06-20,email,False,,False,
112163,verano_2024,2024-06-18,push,,,False,
103707,verano_2024,2024-06-19,push,,,False,
102326,verano_2024,2024-06-27,email,False,,False,
107768,verano_2024,2024-06-23,email,False,,False,
111493,verano_2024,2024-06-22,push,,,False,
101484,verano_2024,2024-06-19,push,,,False,
105679,verano_2024,2024-06-29,email,False,,False,
106699,verano_2024,2024-06-15,push,,,False,
111255,verano_2024,2024-06-21,email,True,False,False,
114709,verano_2024,2024-06-16,email,False,,False,
107316,verano_2024,2024-06-26,email,False,,False,
115073,verano_2024,2024-06-22,email,True,False,False,
108410,verano_2024,2024-06-15,push,,,True,2024-08-02
103685,verano_2024,2024-06-23,email,True,False,False,
112167,verano_2024,2024-06-26,push,,,False,
101859,verano_2024,2024-06-26,push,,,False,
104961,verano_2024,2024-06-28,email,False,,False,
100248,verano_2024,2024-06-20,email,True,False,False,
110235,verano_2024,2024-06-18,email,False,,False,
111499,verano_2024,2024-06-25,email,True,True,False,
108401,verano_2024,2024-06-26,email,True,False,False,
108367,verano_2024,2024-06-26,email,False,,False,
111767,verano_2024,2024-06-25,push_notification,,,False,
109729,verano_2024,2024-06-22,email,True,False,False,
104460,verano_2024,2024-06-24,push,,,False,
111070,verano_2024,2024-06-20,email,False,,False,
114224,verano_2024,2024-06-15,email,True,False,False,
107459,verano_2024,2024-06-15,sms,,,True,2024-07-04
109458,verano_2024,2024-06-23,Email,False,,False,
102168,verano_2024,2024-06-22,push,,,True,2024-08-15
113922,verano_2024,2024-06-17,sms,,,False,
111113,verano_2024,2024-06-24,email,False,,False,
106930,verano_2024,2024-06-23,push,,,True,2024-08-01
113982,verano_2024,2024-06-27,email,False,,False,
110119,verano_2024,2024-06-15,email,True,False,False,
110339,verano_2024,2024-06-26,push,,,False,
109061,verano_2024,2024-06-23,email,False,,False,
100873,verano_2024,2024-06-22,email,False,,False,
108060,verano_2024,2024-06-28,push,,,False,
109337,verano_2024,2024-06-16,email,True,True,False,
111435,verano_2024,2024-06-21,email,False,,False,
100136,verano_2024,2024-06-18,email,True,False,False,
103290,verano_2024,2024-06-21,email,True,False,False,
102997,verano_2024,2024-06-16,email,True,False,False,
103821,verano_2024,2024-06-20,email,True,False,False,
110242,verano_2024,2024-06-25,email,False,,False,
101044,verano_2024,2024-06-19,push,,,False,
108770,verano_2024,2024-06-22,email,True,True,False,
111680,verano_2024,2024-06-25,email,False,,False,
101086,verano_2024,2024-06-29,Email,False,,False,
112342,verano_2024,2024-06-15,sms,,,True,2024-07-25
114551,verano_2024,2024-06-20,email,False,,False,
107047,verano_2024,2024-06-28,email,True,False,False,
106585,verano_2024,2024-06-28,email,False,,False,
109900,verano_2024,2024-06-20,email,False,,False,
102113,verano_2024,2024-06-22,email,False,,False,
101352,verano_2024,2024-06-15,sms,,,False,
107376,verano_2024,2024-06-24,email,False,,True,2024-08-15
103194,verano_2024,2024-06-16,email,True,True,False,
100867,verano_2024,2024-06-20,email,False,,False,
102407,verano_2024,2024-06-16,email,True,False,False,
110870,verano_2024,2024-06-24,email,False,,False,
100275,verano_2024,2024-06-27,push,,,False,
110690,verano_2024,2024-06-24,email,True,False,False,
110369,verano_2024,2024-06-27,push,,,False,
105815,verano_2024,2024-06-16,push,,,False,
101148,verano_2024,2024-06-16,email,False,,False,
115194,verano_2024,2024-06-28,push_notification,,,False,
106435,verano_2024,2024-06-21,email,False,,False,
112948,verano_2024,2024-06-24,push,,,False,
102885,verano_2024,2024-06-27,email,False,,False,
112119,verano_2024,2024-06-29,email,False,,False,
107531,verano_2024,2024-06-23,email,False,,False,
104025,verano_2024,2024-06-21,email,False,,False,
104343,verano_2024,2024-06-16,email,False,,False,
113681,verano_2024,2024-06-15,email,True,False,True,2024-07-05
112703,verano_2024,2024-06-16,Email,False,,False,
101905,verano_2024,2024-06-16,email,False,,False,
100834,verano_2024,2024-06-18,email,False,,False,
108497,verano_2024,2024-06-25,push,,,True,2024-08-19
110033,verano_2024,2024-06-22,sms,,,False,
108792,verano_2024,2024-06-23,Email,False,,False,
103722,verano_2024,2024-06-24,push,,,False,
107533,verano_2024,2024-06-23,email,False,,False,
101176,verano_2024,2024-06-28,push,,,False,
104111,verano_2024,2024-06-28,sms,,,False,
107503,verano_2024,2024-06-26,push,,,False,
106886,verano_2024,2024-06-15,email,False,,False,
102679,verano_2024,2024-06-16,email,False,,False,
104430,verano_2024,2024-06-20,sms,,,False,
111881,verano_2024,2024-06-29,email,True,False,False,
106837,verano_2024,2024-06-21,sms,,,False,
104851,verano_2024,2024-06-20,push_notification,,,False,
112743,verano_2024,2024-06-20,email,True,False,False,
115067,verano_2024,2024-06-20,email,False,,False,
114467,verano_2024,2024-06-19,email,False,,False,
106927,verano_2024,2024-06-23,email,True,False,False,
101198,verano_2024,2024-06-27,push,,,False,
114081,verano_2024,2024-06-27,email,False,,False,
100430,verano_2024,2024-06-15,Email,False,,False,
106691,verano_2024,2024-06-23,email,False,,False,
114539,verano_2024,2024-06-15,push,,,True,2024-08-24
103296,verano_2024,2024-06-22,push,,,True,2024-07-31
108595,verano_2024,2024-06-15,SMS,,,True,2024-07-18
112487,verano_2024,2024-06-29,email,True,False,False,
106729,verano_2024,2024-06-18,email,True,False,False,
111797,verano_2024,2024-06-23,push,,,True,2024-07-16
104257,verano_2024,2024-06-26,email,False,,False,
112291,verano_2024,2024-06-26,email,True,False,False,
114160,verano_2024,2024-06-15,email,True,False,False,
101965,verano_2024,2024-06-18,email,True,False,False,
106963,verano_2024,2024-06-28,email,False,,False,
111008,verano_2024,2024-06-27,email,False,,False,
107536,verano_2024,2024-06-21,email,False,,False,
110111,verano_2024,2024-06-22,email,False,,False,
104296,verano_2024,2024-06-18,email,True,True,False,
100300,verano_2024,2024-06-23,email,True,False,False,
102110,verano_2024,2024-06-23,email,False,,False,
112014,verano_2024,2024-06-20,email,True,True,False,
106166,verano_2024,2024-06-22,email,False,,False,
114402,verano_2024,2024-06-17,email,False,,False,
110402,verano_2024,2024-06-22,email,True,False,False,
110988,verano_2024,2024-06-17,sms,,,True,2024-07-20
106180,verano_2024,2024-06-16,push,,,False,
114743,verano_2024,2024-06-28,email,False,,False,
105921,verano_2024,2024-06-26,email,False,,False,
112865,verano_2024,2024-06-20,email,True,False,False,
112862,verano_2024,2024-06-24,email,False,,False,
111397,verano_2024,2024-06-24,sms,,,True,2024-08-19
115063,verano_2024,2024-06-21,email,True,True,False,
101191,verano_2024,2024-06-26,push,,,False,
105550,verano_2024,2024-06-28,email,True,False,False,
110715,verano_2024,2024-06-27,email,False,,True,2024-08-13
110241,verano_2024,2024-06-23,email,False,,False,
100120,verano_2024,2024-06-22,Email,False,,True,2024-07-23
107321,verano_2024,2024-06-23,email,True,False,False,
109407,verano_2024,2024-06-29,push,,,False,
106385,verano_2024,2024-06-16,sms,,,True,2024-08-14
103510,verano_2024,2024-06-21,email,False,,False,
101724,verano_2024,2024-06-17,push,,,False,
106322,verano_2024,2024-06-17,email,False,,False,
107067,verano_2024,2024-06-16,push,,,True,
108511,verano_2024,2024-06-17,sms,,,False,
108912,verano_2024,2024-06-15,email,False,,False,
103861,verano_2024,2024-06-24,email,True,False,False,
106072,verano_2024,2024-06-20,email,True,False,False,
112206,verano_2024,2024-06-29,email,False,,False,
104966,verano_2024,2024-06-28,push,,,False,
115128,verano_2024,2024-06-28,email,False,,False,
109931,verano_2024,2024-06-23,email,False,,False,
111095,verano_2024,2024-06-27,email,True,False,False,
109859,verano_2024,2024-06-25,email,False,,False,
100377,verano_2024,2024-06-23,Email,False,,False,
104487,verano_2024,2024-06-17,email,False,,False,
114455,verano_2024,2024-06-27,email,False,,False,
100705,verano_2024,2024-06-25,push,,,True,2024-07-31
102418,verano_2024,2024-06-19,email,True,True,False,
107804,verano_2024,2024-06-15,email,False,,False,
111066,verano_2024,2024-06-15,sms,,,True,2024-08-21
112564,verano_2024,2024-06-21,email,False,,False,
100680,verano_2024,2024-06-27,email,False,,False,
103170,verano_2024,2024-06-24,sms,,,True,2024-08-02
115126,verano_2024,2024-06-28,sms,,,True,2024-08-08
104203,verano_2024,2024-06-24,email,True,False,False,
103837,verano_2024,2024-06-21,email,False,,False,
102639,verano_2024,2024-06-26,email,False,,False,
112516,verano_2024,2024-06-15,email,False,,False,
101451,verano_2024,2024-06-28,email,True,False,False,
108725,verano_2024,2024-06-20,email,False,,False,
105305,verano_2024,2024-06-21,email,True,True,False,
111390,verano_2024,2024-06-28,sms,,,False,
102338,verano_2024,2024-06-24,email,True,False,False,
105141,verano_2024,2024-06-25,email,False,,True,2024-08-02
110068,verano_2024,2024-06-17,push_notification,,,False,
111031,verano_2024,2024-06-19,email,True,False,False,
106509,verano_2024,2024-06-15,push,,,True,2024-08-29
111144,verano_2024,2024-06-19,push,,,True,2024-07-26
105660,verano_2024,2024-06-18,email,True,True,True,2024-07-23
108818,verano_2024,2024-06-23,email,True,False,False,
103704,verano_2024,2024-06-16,push,,,False,
112666,verano_2024,2024-06-23,push,,,True,2024-07-26
101935,verano_2024,2024-06-25,email,True,False,False,
106291,verano_2024,2024-06-15,push,,,True,2024-07-08
101635,verano_2024,2024-06-23,sms,,,True,2024-07-25
114758,verano_2024,2024-06-15,push,,,False,
106051,verano_2024,2024-06-27,Email,False,,False,
101431,verano_2024,2024-06-18,email,False,,False,
105400,verano_2024,2024-06-23,email,True,False,False,
113930,verano_2024,2024-06-20,email,True,True,False,
105240,verano_2024,2024-06-27,email,True,False,False,
109213,verano_2024,2024-06-18,email,False,,False,
106598,verano_2024,2024-06-21,email,False,,False,
113295,verano_2024,2024-06-20,push,,,False,
108128,verano_2024,2024-06-28,email,True,False,False,
105988,verano_2024,2024-06-22,email,True,False,False,
111356,verano_2024,2024-06-16,email,False,,False,
111687,verano_2024,2024-06-22,email,False,,False,
100034,verano_2024,2024-06-27,email,False,,False,
114177,verano_2024,2024-06-15,email,False,,False,
113459,verano_2024,2024-06-21,email,False,,False,
111462,verano_2024,2024-06-22,push,,,True,2024-08-27
104316,verano_2024,2024-06-23,email,False,,False,
111800,verano_2024,2024-06-19,sms,,,False,
109302,verano_2024,2024-06-16,email,False,,False,
112574,verano_2024,2024-06-16,push,,,False,
110963,verano_2024,2024-06-25,email,True,False,True,2024-07-20
103313,verano_2024,2024-06-16,email,False,,False,
107811,verano_2024,2024-06-28,email,True,False,False,
101298,verano_2024,2024-06-24,push,,,True,2024-07-11
105737,verano_2024,2024-06-23,push,,,True,2024-07-19
113437,verano_2024,2024-06-20,email,True,False,False,
106614,verano_2024,2024-06-16,email,True,True,False,
111634,verano_2024,2024-06-24,email,False,,False,
109927,verano_2024,2024-06-18,email,False,,False,
106000,verano_2024,2024-06-29,email,False,,False,
100909,verano_2024,2024-06-29,email,True,False,False,
113642,verano_2024,2024-06-22,email,False,,False,
108656,verano_2024,2024-06-21,push,,,True,2024-08-16
112543,verano_2024,2024-06-26,sms,,,False,
115044,verano_2024,2024-06-24,sms,,,False,
103693,verano_2024,2024-06-28,email,True,False,False,
108632,verano_2024,2024-06-16,email,False,,False,
105827,verano_2024,2024-06-20,email,False,,False,
104352,verano_2024,2024-06-17,email,True,False,False,
103017,verano_2024,2024-06-21,sms,,,False,
105404,verano_2024,2024-06-29,sms,,,False,
108453,verano_2024,2024-06-15,email,False,,False,
114704,verano_2024,2024-06-25,push,,,False,
100112,verano_2024,2024-06-23,email,True,False,False,
112860,verano_2024,2024-06-15,push,,,True,2024-08-05
101702,verano_2024,2024-06-16,email,True,False,False,
101784,verano_2024,2024-06-21,email,True,True,False,
108622,verano_2024,2024-06-24,email,False,,True,2024-07-21
110978,verano_2024,2024-06-17,email,True,False,False,
106235,verano_2024,2024-06-28,sms,,,False,
100979,verano_2024,2024-06-18,sms,,,True,2024-08-02
103705,verano_2024,2024-06-19,email,False,,False,
113737,verano_2024,2024-06-19,email,False,,False,
106518,verano_2024,2024-06-16,email,False,,False,
105805,verano_2024,2024-06-24,email,True,False,False,
110101,verano_2024,2024-06-27,sms,,,False,
114904,verano_2024,2024-06-20,email,False,,False,
105682,verano_2024,2024-06-26,email,False,,True,2024-08-10
108949,verano_2024,2024-06-18,push,,,False,
109501,verano_2024,2024-06-17,email,False,,False,
114028,verano_2024,2024-06-22,email,True,False,False,
114067,verano_2024,2024-06-18,email,True,False,False,
106955,verano_2024,2024-06-23,email,True,False,False,
109741,verano_2024,2024-06-22,sms,,,False,
101409,verano_2024,2024-06-26,sms,,,False,
107766,verano_2024,2024-06-28,email,False,,False,
109613,verano_2024,2024-06-23,push,,,True,2024-07-23
111061,verano_2024,2024-06-25,push,,,False,
111342,verano_2024,2024-06-20,email,False,,False,
114400,verano_2024,2024-06-21,email,False,,False,
110421,verano_2024,2024-06-27,email,True,False,False,
111994,verano_2024,2024-06-26,email,True,False,True,2024-08-06
102544,verano_2024,2024-06-16,push,,,True,2024-08-01
107349,verano_2024,2024-06-17,email,False,,False,
112929,verano_2024,2024-06-26,sms,,,False,
104897,verano_2024,2024-06-25,email,True,False,False,
102910,verano_2024,2024-06-22,email,False,,False,
101615,verano_2024,2024-06-15,email,False,,False,
108002,verano_2024,2024-06-27,sms,,,True,2024-08-02
106570,verano_2024,2024-06-21,sms,,,True,2024-07-28
106066,verano_2024,2024-06-29,email,False,,False,
100397,verano_2024,2024-06-21,email,False,,False,
103423,verano_2024,2024-06-18,push,,,True,2024-08-02
109930,verano_2024,2024-06-27,email,True,False,False,
111710,verano_2024,2024-06-22,email,False,,False,
102367,verano_2024,2024-06-25,email,True,False,False,
107593,verano_2024,2024-06-25,email,True,False,False,
105707,verano_2024,2024-06-24,push,,,True,2024-07-16
105447,verano_2024,2024-06-26,Email,True,True,True,2024-08-22
105891,verano_2024,2024-06-18,email,False,,False,
101600,verano_2024,2024-06-25,email,False,,False,
103895,verano_2024,2024-06-22,push,,,True,2024-08-05
112172,verano_2024,2024-06-29,Email,False,,False,
100818,verano_2024,2024-06-24,push,,,False,
113984,verano_2024,2024-06-28,email,True,False,False,
114514,verano_2024,2024-06-16,email,False,,False,
114972,verano_2024,2024-06-22,email,False,,False,
103706,verano_2024,2024-06-24,sms,,,True,2024-08-25
108467,verano_2024,2024-06-16,email,True,False,False,
100217,verano_2024,2024-06-27,email,True,True,True,2024-08-14
110719,verano_2024,2024-06-27,push,,,False,
113142,verano_2024,2024-06-18,push,,,False,
114124,verano_2024,2024-06-17,email,True,False,False,
113433,verano_2024,2024-06-27,push,,,True,2024-07-18
110069,verano_2024,2024-06-25,email,True,False,False,
110773,verano_2024,2024-06-22,email,True,False,False,
108639,verano_2024,2024-06-16,email,False,,False,
111209,verano_2024,2024-06-27,sms,,,False,
113620,verano_2024,2024-06-28,email,False,,False,
100612,verano_2024,2024-06-19,email,True,False,False,
106330,verano_2024,2024-06-27,push,,,True,2024-07-30
101513,verano_2024,2024-06-17,push,,,False,
111455,verano_2024,2024-06-17,email,True,True,False,
111322,verano_2024,2024-06-18,push,,,False,
103022,verano_2024,2024-06-24,sms,,,False,
105641,verano_2024,2024-06-18,email,True,False,False,
109585,verano_2024,2024-06-22,email,True,False,False,
113155,verano_2024,2024-06-21,sms,,,True,2024-07-18
110158,verano_2024,2024-06-22,email,False,,False,
115083,verano_2024,2024-06-22,email,True,False,False,
106373,verano_2024,2024-06-27,email,False,,False,
109411,verano_2024,2024-06-23,email,True,False,False,
108376,verano_2024,2024-06-21,email,True,True,True,2024-07-14
112838,verano_2024,2024-06-23,email,False,,False,
109641,verano_2024,2024-06-25,push,,,False,
111503,verano_2024,2024-06-20,push,,,True,2024-07-11
100764,verano_2024,2024-06-29,push,,,True,
113363,verano_2024,2024-06-24,email,True,False,False,
115119,verano_2024,2024-06-21,email,True,False,False,
110539,verano_2024,2024-06-29,push,,,True,2024-08-13
105861,verano_2024,2024-06-19,email,True,False,False,
103270,verano_2024,2024-06-25,email,True,False,True,2024-07-20
111901,verano_2024,2024-06-19,push,,,False,
105465,verano_2024,2024-06-28,push,,,False,
111168,verano_2024,2024-06-18,email,False,,True,2024-08-20
102391,verano_2024,2024-06-19,email,False,,False,
112592,verano_2024,2024-06-21,email,True,False,False,
100335,verano_2024,2024-06-27,email,False,,False,
104844,verano_2024,2024-06-21,push,,,False,
109849,verano_2024,2024-06-27,sms,,,True,2024-07-19
104680,verano_2024,2024-06-28,email,True,True,False,
101622,verano_2024,2024-06-16,email,True,False,True,2024-07-21
114155,verano_2024,2024-06-29,email,False,,False,
108835,verano_2024,2024-06-25,email,False,,False,
106881,verano_2024,2024-06-21,email,True,False,False,
103617,verano_2024,2024-06-15,email,False,,False,
102478,verano_2024,2024-06-16,email,False,,False,
112808,verano_2024,2024-06-17,email,False,,False,
110951,verano_2024,2024-06-28,email,True,False,False,
105548,verano_2024,2024-06-21,email,False,,False,
114368,verano_2024,2024-06-16,email,False,,False,
113316,verano_2024,2024-06-24,email,False,,False,
108425,verano_2024,2024-06-17,email,False,,False,
113758,verano_2024,2024-06-25,push,,,False,
113187,verano_2024,2024-06-17,email,False,,False,
114834,verano_2024,2024-06-25,email,True,True,True,2024-07-27
103753,verano_2024,2024-06-28,email,False,,False,
112951,verano_2024,2024-06-15,email,False,,False,
102994,verano_2024,2024-06-26,push,,,False,
114087,verano_2024,2024-06-25,push,,,True,2024-08-14
111076,verano_2024,2024-06-15,email,False,,False,
103659,verano_2024,2024-06-18,push_notification,,,False,
113544,verano_2024,2024-06-17,push,,,False,
114963,verano_2024,2024-06-24,email,False,,False,
105373,verano_2024,2024-06-22,push,,,True,2024-08-05
107774,verano_2024,2024-06-15,email,False,,False,
100654,verano_2024,2024-06-19,email,True,False,False,
109882,verano_2024,2024-06-27,sms,,,False,
112946,verano_2024,2024-06-24,email,True,False,False,
107509,verano_2024,2024-06-15,email,False,,False,
111276,verano_2024,2024-06-20,email,False,,False,
109087,verano_2024,2024-06-21,email,False,,True,2024-07-18
104951,verano_2024,2024-06-29,push,,,False,
109555,verano_2024,2024-06-27,email,True,False,False,
109821,verano_2024,2024-06-26,email,True,False,False,
105051,verano_2024,2024-06-22,email,False,,False,
109273,verano_2024,2024-06-22,email,False,,False,
114241,verano_2024,2024-06-23,email,False,,False,
100480,verano_2024,2024-06-17,email,True,False,False,
112281,verano_2024,2024-06-24,email,True,False,False,
105943,verano_2024,2024-06-22,push,,,False,
110975,verano_2024,2024-06-29,push,,,False,
100104,verano_2024,2024-06-23,email,True,True,False,
101158,verano_2024,2024-06-15,email,True,False,False,
107050,verano_2024,2024-06-27,email,False,,False,
107521,verano_2024,2024-06-21,email,False,,False,
101384,verano_2024,2024-06-22,email,False,,False,
113877,verano_2024,2024-06-17,email,False,,False,
111956,verano_2024,2024-06-24,sms,,,False,
107616,verano_2024,2024-06-27,email,False,,False,
115206,verano_2024,2024-06-22,push_notification,,,True,2024-07-15
109967,verano_2024,2024-06-18,email,True,False,False,
103636,verano_2024,2024-06-17,email,True,False,False,
100648,verano_2024,2024-06-27,email,False,,False,
108919,verano_2024,2024-06-19,push,,,False,
114194,verano_2024,2024-06-27,email,True,False,False,
103121,verano_2024,2024-06-17,email,True,True,True,2024-07-30
114442,verano_2024,2024-06-24,email,False,,False,
113323,verano_2024,2024-06-26,sms,,,False,
101458,verano_2024,2024-06-25,push,,,False,
114861,verano_2024,2024-06-24,email,False,,False,
114718,verano_2024,2024-06-25,push,,,True,
109090,verano_2024,2024-06-24,push,,,True,2024-08-11
108127,verano_2024,2024-06-17,sms,,,False,
114328,verano_2024,2024-06-23,push,,,True,2024-07-10
108226,verano_2024,2024-06-28,email,True,True,False,
105503,verano_2024,2024-06-27,email,True,False,False,
113893,verano_2024,2024-06-17,sms,,,False,
100884,verano_2024,2024-06-26,email,True,False,False,
106619,verano_2024,2024-06-23,email,True,False,False,
100544,verano_2024,2024-06-17,sms,,,True,2024-07-30
110695,verano_2024,2024-06-17,email,True,False,False,
115090,verano_2024,2024-06-16,email,False,,False,
106132,verano_2024,2024-06-19,sms,,,True,2024-08-27
114216,verano_2024,2024-06-23,email,False,,False,
104992,verano_2024,2024-06-15,push,,,False,
111918,verano_2024,2024-06-26,email,False,,False,
111127,verano_2024,2024-06-15,email,False,,False,
110956,verano_2024,2024-06-29,email,False,,False,
103754,verano_2024,2024-06-16,push,,,False,
100742,verano_2024,2024-06-29,email,True,True,True,2024-08-29
109277,verano_2024,2024-06-27,email,True,False,False,
108764,verano_2024,2024-06-20,email,False,,False,
109352,verano_2024,2024-06-26,push,,,False,
107683,verano_2024,2024-06-21,email,True,False,False,
103822,verano_2024,2024-06-24,email,True,True,True,
102145,verano_2024,2024-06-25,email,False,,False,
101881,verano_2024,2024-06-18,push,,,True,2024-07-22
107173,verano_2024,2024-06-20,email,False,,True,2024-07-31
109322,verano_2024,2024-06-15,push,,,True,2024-08-11
112460,verano_2024,2024-06-27,email,False,,True,2024-08-27
100334,verano_2024,2024-06-15,email,True,False,False,
112513,verano_2024,2024-06-25,push,,,False,
110903,verano_2024,2024-06-17,push,,,True,2024-07-07
108487,verano_2024,2024-06-19,email,False,,False,
102287,verano_2024,2024-06-28,push,,,True,2024-07-23
110222,verano_2024,2024-06-20,email,True,False,False,
100715,verano_2024,2024-06-21,email,False,,False,
112861,verano_2024,2024-06-18,email,True,True,False,
103600,verano_2024,2024-06-21,push,,,True,2024-08-06
112650,verano_2024,2024-06-25,email,False,,False,
109296,verano_2024,2024-06-26,email,False,,False,
114072,verano_2024,2024-06-18,push,,,False,
114014,verano_2024,2024-06-26,push,,,True,2024-07-22
105668,verano_2024,2024-06-20,push,,,True,2024-08-11
113090,verano_2024,2024-06-22,push,,,False,
103533,verano_2024,2024-06-21,sms,,,False,
104354,verano_2024,2024-06-17,email,False,,False,
110334,verano_2024,2024-06-15,email,False,,False,
108803,verano_2024,2024-06-23,email,True,False,False,
100840,verano_2024,2024-06-20,Email,False,,False,
114803,verano_2024,2024-06-28,push,,,False,
113132,verano_2024,2024-06-27,email,True,False,False,
111092,verano_2024,2024-06-26,email,True,True,False,
109140,verano_2024,2024-06-29,email,False,,False,
106138,verano_2024,2024-06-22,email,True,False,False,
112812,verano_2024,2024-06-19,email,True,True,False,
114233,verano_2024,2024-06-29,email,True,True,True,2024-08-05
104058,verano_2024,2024-06-28,push,,,False,
103064,verano_2024,2024-06-27,email,True,False,False,
111328,verano_2024,2024-06-26,sms,,,False,
113641,verano_2024,2024-06-15,SMS,,,True,2024-07-21
100745,verano_2024,2024-06-17,push,,,False,
101966,verano_2024,2024-06-20,push,,,False,
110154,verano_2024,2024-06-19,sms,,,False,
113166,verano_2024,2024-06-23,push,,,True,2024-07-07
101143,verano_2024,2024-06-18,push,,,False,
109479,verano_2024,2024-06-26,email,True,False,False,
105909,verano_2024,2024-06-28,email,True,False,False,
101207,verano_2024,2024-06-17,email,False,,False,
102920,verano_2024,2024-06-17,email,False,,False,
114726,verano_2024,2024-06-29,email,True,False,False,
115096,verano_2024,2024-06-28,email,False,,False,
104666,verano_2024,2024-06-23,email,True,False,False,
104148,verano_2024,2024-06-22,email,False,,False,
113780,verano_2024,2024-06-18,email,True,True,False,
105965,verano_2024,2024-06-24,push,,,True,2024-07-25
100531,verano_2024,2024-06-15,sms,,,False,
109527,verano_2024,2024-06-27,email,True,False,False,
104330,verano_2024,2024-06-19,sms,,,False,
103947,verano_2024,2024-06-16,email,True,False,False,
111764,verano_2024,2024-06-23,push,,,False,
107965,verano_2024,2024-06-15,push,,,False,
105986,verano_2024,2024-06-23,email,False,,False,
109622,verano_2024,2024-06-27,push,,,True,2024-07-12
102526,verano_2024,2024-06-16,email,True,True,False,
110985,verano_2024,2024-06-29,email,True,True,False,
111573,verano_2024,2024-06-19,email,False,,False,
109998,verano_2024,2024-06-15,email,False,,False,
108441,verano_2024,2024-06-22,push,,,False,
107093,verano_2024,2024-06-16,email,True,False,False,
104507,verano_2024,2024-06-21,email,True,True,False,
112901,verano_2024,2024-06-28,email,False,,False,
113327,verano_2024,2024-06-29,push,,,False,
102413,verano_2024,2024-06-24,email,False,,False,
104094,verano_2024,2024-06-15,sms,,,False,
109579,verano_2024,2024-06-27,email,False,,False,
112185,verano_2024,2024-06-27,push,,,False,
112956,verano_2024,2024-06-20,sms,,,True,2024-08-23
101333,verano_2024,2024-06-20,email,False,,False,
104227,verano_2024,2024-06-18,email,False,,False,
113038,verano_2024,2024-06-26,email,False,,False,
106396,verano_2024,2024-06-25,push_notification,,,False,
106038,verano_2024,2024-06-22,push,,,False,
111924,verano_2024,2024-06-19,sms,,,True,2024-08-25
107404,verano_2024,2024-06-23,email,False,,False,
110532,verano_2024,2024-06-20,Email,False,,False,
102895,verano_2024,2024-06-28,push,,,False,
106742,verano_2024,2024-06-21,push,,,False,
112263,verano_2024,2024-06-24,email,False,,True,2024-07-14
102118,verano_2024,2024-06-28,email,False,,False,
106178,verano_2024,2024-06-28,email,True,True,False,
107317,verano_2024,2024-06-19,email,False,,False,
105067,verano_2024,2024-06-22,push,,,False,
108500,verano_2024,2024-06-21,push,,,False,
111165,verano_2024,2024-06-25,push,,,False,
101184,verano_2024,2024-06-22,email,True,False,False,
111591,verano_2024,2024-06-18,push,,,True,2024-07-10
110335,verano_2024,2024-06-24,email,True,False,False,
103469,verano_2024,2024-06-18,email,False,,False,
114891,verano_2024,2024-06-21,push,,,False,
107773,verano_2024,2024-06-28,Email,True,True,False,
105082,verano_2024,2024-06-29,push,,,False,
114406,verano_2024,2024-06-27,email,False,,False,
103372,verano_2024,2024-06-21,email,False,,False,
109600,verano_2024,2024-06-25,email,True,False,False,
104405,verano_2024,2024-06-18,push,,,False,
107613,verano_2024,2024-06-19,push_notification,,,False,
103448,verano_2024,2024-06-27,email,True,True,False,
109060,verano_2024,2024-06-23,push,,,True,2024-07-25
110544,verano_2024,2024-06-24,push_notification,,,True,2024-08-26
100622,verano_2024,2024-06-21,email,False,,False,
112696,verano_2024,2024-06-22,push,,,False,
111510,verano_2024,2024-06-22,sms,,,False,
109503,verano_2024,2024-06-25,email,True,False,False,
109734,verano_2024,2024-06-28,email,False,,False,
103777,verano_2024,2024-06-19,Email,False,,False,
107885,verano_2024,2024-06-26,email,False,,False,
103796,verano_2024,2024-06-29,email,False,,False,
110377,verano_2024,2024-06-17,email,False,,True,2024-07-17
109953,verano_2024,2024-06-24,email,True,True,False,
108529,verano_2024,2024-06-29,email,True,True,False,
106211,verano_2024,2024-06-17,email,True,True,False,
113883,verano_2024,2024-06-29,email,True,False,False,
106105,verano_2024,2024-06-23,email,False,,False,
112080,verano_2024,2024-06-28,push,,,False,
113277,verano_2024,2024-06-18,email,True,False,False,
106648,verano_2024,2024-06-26,push,,,False,
108737,verano_2024,2024-06-25,push,,,True,2024-07-11
114246,verano_2024,2024-06-25,email,False,,False,
100186,verano_2024,2024-06-26,email,False,,False,
111888,verano_2024,2024-06-24,push,,,False,
113198,verano_2024,2024-06-22,email,False,,False,
112441,verano_2024,2024-06-28,sms,,,False,
106724,verano_2024,2024-06-25,email,False,,False,
109270,verano_2024,2024-06-26,push,,,False,
104122,verano_2024,2024-06-21,sms,,,True,2024-08-19
114458,verano_2024,2024-06-21,push,,,True,2024-08-22
103435,verano_2024,2024-06-27,email,False,,False,
113031,verano_2024,2024-06-21,email,False,,True,2024-07-04
103323,verano_2024,2024-06-27,push,,,False,
104230,verano_2024,2024-06-21,email,True,False,False,
106439,verano_2024,2024-06-17,email,False,,False,
107279,verano_2024,2024-06-24,Email,False,,False,
108318,verano_2024,2024-06-15,email,False,,False,
107960,verano_2024,2024-06-17,push,,,False,
113663,verano_2024,2024-06-24,Email,False,,False,
105432,verano_2024,2024-06-16,email,True,False,False,
109840,verano_2024,2024-06-22,email,False,,False,
106393,verano_2024,2024-06-20,email,False,,False,
111813,verano_2024,2024-06-25,email,False,,True,2024-08-26
111438,verano_2024,2024-06-28,email,True,True,True,2024-07-29
102572,verano_2024,2024-06-25,email,True,False,False,
113199,verano_2024,2024-06-16,push,,,False,
101595,verano_2024,2024-06-23,email,False,,False,
102535,verano_2024,2024-06-16,email,False,,False,
108046,verano_2024,2024-06-19,email,True,True,False,
108297,verano_2024,2024-06-18,email,True,False,True,2024-08-30
107218,verano_2024,2024-06-22,email,False,,False,
114126,verano_2024,2024-06-25,email,True,False,False,
100677,verano_2024,2024-06-15,email,True,False,False,
105497,verano_2024,2024-06-20,sms,,,False,
107795,verano_2024,2024-06-26,push,,,False,
106840,verano_2024,2024-06-20,email,True,True,False,
104960,verano_2024,2024-06-22,email,True,False,False,
100922,verano_2024,2024-06-25,sms,,,False,
112071,verano_2024,2024-06-23,email,False,,False,
101183,verano_2024,2024-06-29,email,False,,False,
106609,verano_2024,2024-06-21,push,,,False,
107837,verano_2024,2024-06-26,email,False,,False,
111318,verano_2024,2024-06-15,email,False,,False,
100222,verano_2024,2024-06-28,push,,,False,
100559,verano_2024,2024-06-25,email,False,,False,
106114,verano_2024,2024-06-28,email,True,False,False,
101328,verano_2024,2024-06-20,email,False,,False,
113037,verano_2024,2024-06-21,email,True,True,False,
102457,verano_2024,2024-06-29,email,True,True,False,
109318,verano_2024,2024-06-20,sms,,,False,
103835,verano_2024,2024-06-29,email,False,,False,
103708,verano_2024,2024-06-23,email,False,,True,2024-07-01
103012,verano_2024,2024-06-26,Email,False,,False,
110768,verano_2024,2024-06-24,email,False,,False,
114523,verano_2024,2024-06-28,sms,,,True,2024-07-30
115115,verano_2024,2024-06-17,push,,,False,
102332,verano_2024,2024-06-17,email,False,,False,
108396,verano_2024,2024-06-17,sms,,,False,
113695,verano_2024,2024-06-22,email,False,,False,
102550,verano_2024,2024-06-25,push,,,False,
107196,verano_2024,2024-06-21,Email,False,,False,
103071,verano_2024,2024-06-15,push,,,True,2024-07-16
111441,verano_2024,2024-06-19,email,False,,False,
100579,verano_2024,2024-06-16,sms,,,False,
108330,verano_2024,2024-06-22,email,False,,False,
109405,verano_2024,2024-06-28,email,True,False,False,
109825,verano_2024,2024-06-29,push,,,False,
114813,verano_2024,2024-06-19,push,,,True,2024-07-31
102880,verano_2024,2024-06-26,email,False,,False,
111883,verano_2024,2024-06-28,push,,,True,2024-07-14
107634,verano_2024,2024-06-19,push,,,False,
101666,verano_2024,2024-06-21,email,False,,False,
111950,verano_2024,2024-06-15,email,True,True,False,
110497,verano_2024,2024-06-20,email,False,,False,
102583,verano_2024,2024-06-28,email,True,True,False,
105621,verano_2024,2024-06-17,email,True,False,False,
107563,verano_2024,2024-06-21,email,True,False,False,
104217,verano_2024,2024-06-16,email,True,False,False,
100725,verano_2024,2024-06-29,email,False,,False,
103060,verano_2024,2024-06-15,email,False,,False,
103699,verano_2024,2024-06-29,email,False,,False,
113734,verano_2024,2024-06-23,email,True,True,False,
101154,verano_2024,2024-06-22,push,,,False,
109750,verano_2024,2024-06-18,email,True,False,False,
111205,verano_2024,2024-06-16,push,,,False,
104677,verano_2024,2024-06-16,email,True,False,False,
100448,verano_2024,2024-06-21,push,,,False,
101792,verano_2024,2024-06-20,sms,,,True,2024-08-14
104769,verano_2024,2024-06-29,push,,,False,
107435,verano_2024,2024-06-29,email,True,False,False,
110586,verano_2024,2024-06-23,push,,,False,
114050,verano_2024,2024-06-16,email,True,True,False,
102999,verano_2024,2024-06-16,push,,,True,2024-07-20
100945,verano_2024,2024-06-23,sms,,,False,
102169,verano_2024,2024-06-24,email,True,False,False,
108857,verano_2024,2024-06-18,email,True,False,False,
106809,verano_2024,2024-06-18,push,,,False,
102334,verano_2024,2024-06-25,email,True,False,True,2024-07-27
111005,verano_2024,2024-06-21,Email,True,True,False,
100876,verano_2024,2024-06-21,push,,,False,
104668,verano_2024,2024-06-29,email,False,,False,
114046,verano_2024,2024-06-21,push,,,False,
105080,verano_2024,2024-06-24,push,,,False,
113573,verano_2024,2024-06-16,email,False,,True,2024-07-07
101316,verano_2024,2024-06-22,push,,,False,
110722,verano_2024,2024-06-23,email,True,False,False,
106506,verano_2024,2024-06-28,push,,,False,
107763,verano_2024,2024-06-25,email,True,False,False,
104334,verano_2024,2024-06-27,email,True,True,False,
113933,verano_2024,2024-06-29,email,False,,False,
104603,verano_2024,2024-06-23,email,False,,False,
104408,verano_2024,2024-06-17,email,False,,False,
113306,verano_2024,2024-06-21,sms,,,False,
107035,verano_2024,2024-06-23,email,False,,False,
109862,verano_2024,2024-06-19,email,True,False,False,
107802,verano_2024,2024-06-18,email,True,False,False,
111773,verano_2024,2024-06-16,email,True,False,False,
106652,verano_2024,2024-06-20,Email,False,,False,
112751,verano_2024,2024-06-27,email,True,False,False,
109120,verano_2024,2024-06-16,email,True,False,False,
102134,verano_2024,2024-06-21,push,,,False,
110388,verano_2024,2024-06-15,email,False,,False,
108193,verano_2024,2024-06-22,email,False,,False,
101627,verano_2024,2024-06-23,push,,,False,
105466,verano_2024,2024-06-26,email,True,False,False,
111367,verano_2024,2024-06-20,sms,,,True,2024-07-08
101238,verano_2024,2024-06-23,email,False,,False,
104345,verano_2024,2024-06-24,email,True,True,False,
104554,verano_2024,2024-06-29,email,False,,False,
101901,verano_2024,2024-06-19,email,False,,False,
111721,verano_2024,2024-06-28,email,False,,False,
106202,verano_2024,2024-06-17,email,True,False,False,
109469,verano_2024,2024-06-18,email,False,,False,
104619,verano_2024,2024-06-27,email,False,,False,
107665,verano_2024,2024-06-19,push,,,False,
101356,verano_2024,2024-06-17,email,False,,False,
100980,verano_2024,2024-06-20,email,True,False,False,
108160,verano_2024,2024-06-23,sms,,,False,
105915,verano_2024,2024-06-26,email,False,,True,2024-08-27
101098,verano_2024,2024-06-17,push,,,False,
105070,verano_2024,2024-06-23,push,,,False,
101019,verano_2024,2024-06-21,sms,,,False,
102956,verano_2024,2024-06-19,email,False,,False,
105107,verano_2024,2024-06-19,push,,,True,2024-08-19
113764,verano_2024,2024-06-24,email,True,False,False,
101706,verano_2024,2024-06-18,email,True,False,False,
108450,verano_2024,2024-06-28,email,False,,False,
113600,verano_2024,2024-06-19,push,,,True,2024-08-24
105791,verano_2024,2024-06-16,push,,,True,2024-07-05
113127,verano_2024,2024-06-26,email,False,,False,
114320,verano_2024,2024-06-28,push,,,False,
108945,verano_2024,2024-06-18,sms,,,True,2024-08-02
102076,verano_2024,2024-06-17,email,True,True,False,
108893,verano_2024,2024-06-23,Email,True,False,False,
106763,verano_2024,2024-06-21,push,,,False,
103782,verano_2024,2024-06-29,push,,,False,
109982,verano_2024,2024-06-28,push,,,True,2024-08-18
102992,verano_2024,2024-06-18,Email,False,,True,2024-07-23
105014,verano_2024,2024-06-23,sms,,,True,2024-07-09
104872,verano_2024,2024-06-26,email,False,,False,
104861,verano_2024,2024-06-19,email,True,False,False,
102068,verano_2024,2024-06-19,email,False,,False,
103185,verano_2024,2024-06-26,email,True,False,False,
101509,verano_2024,2024-06-24,Email,False,,False,
113053,verano_2024,2024-06-28,sms,,,False,
102716,verano_2024,2024-06-29,email,False,,False,
111355,verano_2024,2024-06-19,push,,,True,2024-07-13
109614,verano_2024,2024-06-23,email,False,,False,
101567,verano_2024,2024-06-15,email,False,,False,
113945,verano_2024,2024-06-26,push,,,False,
112777,verano_2024,2024-06-26,email,True,False,False,
101603,verano_2024,2024-06-25,email,True,False,False,
100322,verano_2024,2024-06-28,email,True,True,True,2024-08-20
114863,verano_2024,2024-06-29,email,False,,False,
106256,verano_2024,2024-06-23,email,False,,False,
109884,verano_2024,2024-06-18,email,False,,False,
109330,verano_2024,2024-06-28,email,False,,False,
106830,verano_2024,2024-06-29,email,True,True,True,2024-08-11
110647,verano_2024,2024-06-27,push,,,False,
104752,verano_2024,2024-06-25,email,True,True,False,
113729,verano_2024,2024-06-29,push,,,False,
104047,verano_2024,2024-06-27,push,,,True,2024-08-05
108882,verano_2024,2024-06-26,push,,,True,2024-08-18
111470,verano_2024,2024-06-24,push,,,False,
112394,verano_2024,2024-06-20,push,,,False,
115188,verano_2024,2024-06-23,email,False,,True,2024-08-23
100264,verano_2024,2024-06-19,email,True,True,True,2024-08-29
110638,verano_2024,2024-06-23,push,,,True,2024-07-18
114013,verano_2024,2024-06-17,sms,,,False,
103283,verano_2024,2024-06-21,Email,False,,False,
109751,verano_2024,2024-06-20,push,,,False,
114570,verano_2024,2024-06-26,sms,,,True,2024-08-06
114127,verano_2024,2024-06-24,email,True,False,False,
102754,verano_2024,2024-06-16,email,True,False,False,
107496,verano_2024,2024-06-29,email,True,True,True,2024-08-22
103657,verano_2024,2024-06-27,push,,,False,
107700,verano_2024,2024-06-17,email,False,,False,
114695,verano_2024,2024-06-25,push,,,True,2024-08-01
105187,verano_2024,2024-06-29,email,False,,False,
100132,verano_2024,2024-06-15,email,True,False,False,
105423,verano_2024,2024-06-15,email,False,,False,
115075,verano_2024,2024-06-16,email,True,False,False,
107656,verano_2024,2024-06-29,push,,,True,2024-08-11
111291,verano_2024,2024-06-21,email,True,False,False,
107203,verano_2024,2024-06-19,email,True,False,False,
104075,verano_2024,2024-06-18,push,,,False,
102092,verano_2024,2024-06-24,push,,,False,
103166,verano_2024,2024-06-28,email,False,,False,
106324,verano_2024,2024-06-23,SMS,,,False,
112134,verano_2024,2024-06-21,sms,,,True,2024-08-06
102620,verano_2024,2024-06-21,email,True,False,False,
101025,verano_2024,2024-06-26,push,,,True,2024-07-07
105479,verano_2024,2024-06-19,email,False,,False,
110927,verano_2024,2024-06-18,email,True,False,False,
109305,verano_2024,2024-06-19,email,False,,False,
107678,verano_2024,2024-06-19,email,False,,False,
112075,verano_2024,2024-06-16,push_notification,,,False,
108546,verano_2024,2024-06-23,email,True,False,False,
109779,verano_2024,2024-06-19,email,True,True,True,2024-07-29
108999,verano_2024,2024-06-15,email,False,,False,
111822,verano_2024,2024-06-28,email,False,,True,2024-07-29
106174,verano_2024,2024-06-17,email,True,True,True,2024-08-06
103647,verano_2024,2024-06-15,email,False,,False,
112337,verano_2024,2024-06-21,push,,,False,
110308,verano_2024,2024-06-24,push,,,False,
100111,verano_2024,2024-06-25,email,False,,False,
102443,verano_2024,2024-06-19,email,False,,False,
105138,verano_2024,2024-06-25,email,True,False,False,
102523,verano_2024,2024-06-26,push_notification,,,False,
103839,verano_2024,2024-06-28,push,,,True,2024-07-05
114196,verano_2024,2024-06-20,sms,,,True,2024-08-25
103618,verano_2024,2024-06-15,email,False,,False,
103563,verano_2024,2024-06-16,push,,,False,
113296,verano_2024,2024-06-20,push,,,False,
111116,verano_2024,2024-06-16,email,False,,False,
110209,verano_2024,2024-06-21,email,True,False,False,
107820,verano_2024,2024-06-20,email,True,False,False,
106473,verano_2024,2024-06-29,email,False,,False,
112728,verano_2024,2024-06-27,email,True,False,False,
105283,verano_2024,2024-06-24,email,False,,False,
109595,verano_2024,2024-06-22,sms,,,False,
109667,verano_2024,2024-06-23,push,,,False,
100968,verano_2024,2024-06-25,sms,,,False,
113118,verano_2024,2024-06-29,email,False,,True,2024-07-11
101946,verano_2024,2024-06-27,push,,,False,
113839,verano_2024,2024-06-22,email,True,False,False,
109345,verano_2024,2024-06-25,push,,,False,
108615,verano_2024,2024-06-22,email,False,,False,
100096,verano_2024,2024-06-27,email,True,False,False,
113318,verano_2024,2024-06-28,email,True,True,True,2024-08-15
114482,verano_2024,2024-06-25,email,False,,False,
102612,verano_2024,2024-06-20,push,,,True,2024-08-25
106851,verano_2024,2024-06-28,sms,,,False,
102819,verano_2024,2024-06-18,Email,True,False,False,
111612,verano_2024,2024-06-23,email,False,,False,
100220,verano_2024,2024-06-22,push,,,False,
107697,verano_2024,2024-06-26,email,True,False,False,
100060,verano_2024,2024-06-27,email,False,,False,
114567,verano_2024,2024-06-26,push,,,True,2024-08-14
102549,verano_2024,2024-06-26,email,False,,False,
115069,verano_2024,2024-06-25,sms,,,False,
112305,verano_2024,2024-06-19,email,False,,False,
113249,verano_2024,2024-06-26,SMS,,,False,
113826,verano_2024,2024-06-26,email,False,,False,
102458,verano_2024,2024-06-15,email,False,,True,2024-08-25
106940,verano_2024,2024-06-26,email,False,,False,
104731,verano_2024,2024-06-23,email,True,False,False,
107472,verano_2024,2024-06-18,push,,,True,2024-08-16
100462,verano_2024,2024-06-24,email,True,False,False,
111124,verano_2024,2024-06-25,email,False,,False,
104191,verano_2024,2024-06-19,email,False,,False,
105757,verano_2024,2024-06-19,email,True,False,False,
113829,verano_2024,2024-06-22,email,False,,False,
103547,verano_2024,2024-06-28,email,False,,True,2024-07-09
108940,verano_2024,2024-06-20,email,False,,False,
102436,verano_2024,2024-06-21,Email,False,,False,
106303,verano_2024,2024-06-24,push,,,False,
108202,verano_2024,2024-06-24,email,False,,False,
111393,verano_2024,2024-06-28,push_notification,,,True,2024-08-12
105156,verano_2024,2024-06-21,push,,,False,
104557,verano_2024,2024-06-22,email,True,False,False,
100399,verano_2024,2024-06-25,push,,,False,
113833,verano_2024,2024-06-18,email,False,,False,
113761,verano_2024,2024-06-17,email,False,,False,
110118,verano_2024,2024-06-18,sms,,,False,
102376,verano_2024,2024-06-15,push,,,False,
103102,verano_2024,2024-06-15,email,True,False,False,
107445,verano_2024,2024-06-29,push,,,False,
105157,verano_2024,2024-06-26,email,True,False,False,
106597,verano_2024,2024-06-27,email,True,False,True,2024-08-30
110685,verano_2024,2024-06-16,email,True,False,False,
107884,verano_2024,2024-06-21,email,True,True,False,
106272,verano_2024,2024-06-24,email,True,False,False,
106922,verano_2024,2024-06-20,email,True,True,True,2024-08-05
113825,verano_2024,2024-06-22,push,,,False,
110285,verano_2024,2024-06-19,push,,,True,2024-08-08
100331,verano_2024,2024-06-22,email,False,,False,
101787,verano_2024,2024-06-18,email,False,,False,
100813,verano_2024,2024-06-21,email,True,False,False,
101979,verano_2024,2024-06-25,email,False,,False,
103117,verano_2024,2024-06-20,email,False,,False,
101695,verano_2024,2024-06-16,email,False,,False,
100614,verano_2024,2024-06-19,sms,,,True,2024-08-06
101283,verano_2024,2024-06-17,email,False,,False,
113500,verano_2024,2024-06-28,email,True,False,False,
103291,verano_2024,2024-06-29,email,True,False,False,
103847,verano_2024,2024-06-22,email,False,,False,
109098,verano_2024,2024-06-29,sms,,,True,2024-08-13
106825,verano_2024,2024-06-26,email,False,,False,
110679,verano_2024,2024-06-28,email,True,False,False,
108247,verano_2024,2024-06-15,email,True,True,True,2024-08-26
108123,verano_2024,2024-06-29,email,True,True,False,
113403,verano_2024,2024-06-15,push,,,False,
104167,verano_2024,2024-06-20,email,True,True,False,
104827,verano_2024,2024-06-24,email,True,False,False,
105590,verano_2024,2024-06-21,email,True,False,False,
108731,verano_2024,2024-06-28,email,True,True,False,
105602,verano_2024,2024-06-22,push,,,True,2024-07-02
111670,verano_2024,2024-06-24,email,False,,False,
104853,verano_2024,2024-06-21,push,,,False,
110142,verano_2024,2024-06-22,email,True,False,False,
113655,verano_2024,2024-06-15,sms,,,True,2024-08-30
110492,verano_2024,2024-06-21,email,False,,False,
108760,verano_2024,2024-06-19,email,True,True,True,2024-08-01
112208,verano_2024,2024-06-17,push,,,False,
105130,verano_2024,2024-06-27,email,True,False,False,
112129,verano_2024,2024-06-17,push,,,True,2024-08-03
102030,verano_2024,2024-06-16,push,,,False,
110131,verano_2024,2024-06-15,sms,,,False,
104398,verano_2024,2024-06-29,sms,,,True,2024-07-16
103718,verano_2024,2024-06-17,sms,,,False,
108249,verano_2024,2024-06-21,email,True,False,False,
104101,verano_2024,2024-06-23,email,True,True,True,2024-07-18
113896,verano_2024,2024-06-23,push,,,False,
100336,verano_2024,2024-06-21,sms,,,True,2024-07-10
113798,verano_2024,2024-06-21,email,False,,False,
114475,verano_2024,2024-06-22,email,False,,False,
108047,verano_2024,2024-06-29,push,,,True,2024-07-23
103019,verano_2024,2024-06-27,email,False,,False,
102693,verano_2024,2024-06-22,sms,,,False,
108380,verano_2024,2024-06-28,sms,,,False,
103572,verano_2024,2024-06-21,push,,,False,
107913,verano_2024,2024-06-21,email,False,,False,
104232,verano_2024,2024-06-18,sms,,,False,
108582,verano_2024,2024-06-23,sms,,,False,
110777,verano_2024,2024-06-16,email,False,,False,
104601,verano_2024,2024-06-17,email,False,,False,
108535,verano_2024,2024-06-24,email,False,,False,
107920,verano_2024,2024-06-26,email,False,,False,
109809,verano_2024,2024-06-20,email,False,,True,2024-07-29
104786,verano_2024,2024-06-21,email,True,True,False,
105380,verano_2024,2024-06-16,push,,,False,
102665,verano_2024,2024-06-23,email,True,True,True,2024-07-11
105310,verano_2024,2024-06-17,email,True,False,False,
104873,verano_2024,2024-06-15,email,True,False,True,
108603,verano_2024,2024-06-21,email,True,False,False,
101732,verano_2024,2024-06-17,push,,,False,
102623,verano_2024,2024-06-26,email,False,,False,
112165,verano_2024,2024-06-28,email,True,True,True,2024-07-13
114996,verano_2024,2024-06-29,email,True,False,True,2024-08-29
105764,verano_2024,2024-06-29,push,,,False,
110925,verano_2024,2024-06-21,push,,,False,
102319,verano_2024,2024-06-18,sms,,,True,2024-07-15
107293,verano_2024,2024-06-22,email,True,False,False,
113481,verano_2024,2024-06-24,push,,,True,2024-07-05
109697,verano_2024,2024-06-27,sms,,,False,
101167,verano_2024,2024-06-15,Email,False,,False,
101452,verano_2024,2024-06-20,email,True,False,False,
110623,verano_2024,2024-06-23,email,False,,False,
102967,verano_2024,2024-06-18,push,,,False,
111083,verano_2024,2024-06-27,SMS,,,False,
107200,verano_2024,2024-06-15,email,True,False,False,
104547,verano_2024,2024-06-24,sms,,,False,
105665,verano_2024,2024-06-17,email,True,False,False,
104281,verano_2024,2024-06-25,email,True,False,False,
103996,verano_2024,2024-06-27,email,True,False,True,2024-07-25
104904,verano_2024,2024-06-16,push,,,False,
112717,verano_2024,2024-06-21,email,False,,False,
112535,verano_2024,2024-06-17,push,,,True,2024-07-25
103261,verano_2024,2024-06-29,Email,True,True,True,2024-07-26
101944,verano_2024,2024-06-24,push,,,False,
113156,verano_2024,2024-06-23,email,False,,False,
108254,verano_2024,2024-06-18,email,False,,False,
106671,verano_2024,2024-06-29,email,False,,True,2024-08-02
106670,verano_2024,2024-06-20,sms,,,False,
111323,verano_2024,2024-06-24,push,,,True,2024-08-27
101348,verano_2024,2024-06-22,email,True,True,False,
113627,verano_2024,2024-06-28,email,False,,False,
100317,verano_2024,2024-06-25,push,,,True,2024-08-04
105338,verano_2024,2024-06-28,push,,,False,
114790,verano_2024,2024-06-28,email,False,,False,
108662,verano_2024,2024-06-19,push,,,False,
101209,verano_2024,2024-06-18,email,False,,False,
114559,verano_2024,2024-06-23,email,True,False,False,
100425,verano_2024,2024-06-24,email,False,,False,
100555,verano_2024,2024-06-16,push_notification,,,True,2024-08-13
102993,verano_2024,2024-06-29,email,False,,False,
101955,verano_2024,2024-06-26,email,False,,False,
108222,verano_2024,2024-06-18,email,True,True,False,
109609,verano_2024,2024-06-18,email,True,True,True,2024-07-14
101512,verano_2024,2024-06-24,email,False,,False,
112417,verano_2024,2024-06-27,push,,,True,2024-07-12
104787,verano_2024,2024-06-19,sms,,,False,
109855,verano_2024,2024-06-25,Email,False,,False,
112210,verano_2024,2024-06-25,email,False,,False,
104036,verano_2024,2024-06-22,email,False,,False,
103853,verano_2024,2024-06-24,push,,,True,2024-07-30
109067,verano_2024,2024-06-25,email,False,,False,
101514,verano_2024,2024-06-17,email,True,True,False,
103998,verano_2024,2024-06-18,push,,,False,
111551,verano_2024,2024-06-18,push_notification,,,False,
107443,verano_2024,2024-06-19,email,True,True,True,2024-08-08
102597,verano_2024,2024-06-28,email,True,False,False,
107783,verano_2024,2024-06-28,Email,True,False,True,2024-08-26
100574,verano_2024,2024-06-24,email,False,,False,
106084,verano_2024,2024-06-15,email,False,,False,
112050,verano_2024,2024-06-26,email,False,,False,
104949,verano_2024,2024-06-22,push,,,False,
104339,verano_2024,2024-06-28,push,,,False,
106046,verano_2024,2024-06-23,email,False,,False,
114575,verano_2024,2024-06-16,push,,,False,
114841,verano_2024,2024-06-27,sms,,,True,2024-07-25
112837,verano_2024,2024-06-23,email,False,,False,
113577,verano_2024,2024-06-25,push,,,False,
103845,verano_2024,2024-06-17,push,,,False,
101584,verano_2024,2024-06-24,email,False,,False,
100069,verano_2024,2024-06-26,push,,,False,
106367,verano_2024,2024-06-24,email,False,,False,
113389,verano_2024,2024-06-27,email,True,False,True,2024-07-07
109089,verano_2024,2024-06-24,email,False,,False,
104082,verano_2024,2024-06-16,email,True,True,False,
104510,verano_2024,2024-06-29,sms,,,True,2024-08-04
112590,verano_2024,2024-06-27,email,False,,False,
110580,verano_2024,2024-06-15,push,,,False,
112638,verano_2024,2024-06-29,push,,,True,2024-07-15
105658,verano_2024,2024-06-24,push_notification,,,False,
102456,verano_2024,2024-06-26,email,False,,False,
101596,verano_2024,2024-06-22,sms,,,False,
104591,verano_2024,2024-06-28,push,,,True,2024-08-04
108171,verano_2024,2024-06-20,sms,,,False,
110456,verano_2024,2024-06-22,email,True,False,False,
104986,verano_2024,2024-06-16,email,False,,False,
111682,verano_2024,2024-06-17,email,False,,False,
106271,verano_2024,2024-06-19,push,,,True,2024-07-01
100246,verano_2024,2024-06-17,email,False,,False,
103018,verano_2024,2024-06-20,sms,,,False,
105454,verano_2024,2024-06-28,email,False,,False,
104029,verano_2024,2024-06-26,email,False,,False,
104247,verano_2024,2024-06-27,email,True,False,False,
112175,verano_2024,2024-06-27,email,True,False,False,
104463,verano_2024,2024-06-25,email,False,,False,
104817,verano_2024,2024-06-23,email,False,,False,
104210,verano_2024,2024-06-28,sms,,,False,
104014,verano_2024,2024-06-22,email,False,,False,
109070,verano_2024,2024-06-18,email,False,,False,
100674,verano_2024,2024-06-28,email,True,False,False,
105666,verano_2024,2024-06-15,sms,,,False,
114186,verano_2024,2024-06-15,sms,,,True,2024-08-12
103345,verano_2024,2024-06-28,email,True,False,False,
108162,verano_2024,2024-06-22,push,,,False,
112827,verano_2024,2024-06-21,push,,,False,
111937,verano_2024,2024-06-26,sms,,,False,
103025,verano_2024,2024-06-29,email,True,False,False,
112303,verano_2024,2024-06-23,push_notification,,,False,
107541,verano_2024,2024-06-19,email,False,,False,
109975,verano_2024,2024-06-27,push,,,True,2024-08-19
102426,verano_2024,2024-06-27,push,,,True,2024-08-06
110840,verano_2024,2024-06-17,email,False,,True,2024-08-13
112966,verano_2024,2024-06-26,email,False,,False,
104399,verano_2024,2024-06-20,email,True,False,False,
111118,verano_2024,2024-06-25,Email,False,,False,
112467,verano_2024,2024-06-17,email,False,,False,
111760,verano_2024,2024-06-21,email,False,,False,
108909,verano_2024,2024-06-24,push,,,False,
113735,verano_2024,2024-06-15,email,False,,True,2024-07-02
104470,verano_2024,2024-06-24,email,False,,False,
104411,verano_2024,2024-06-27,Email,True,False,False,
108819,verano_2024,2024-06-21,push,,,True,2024-08-30
105387,verano_2024,2024-06-25,sms,,,False,
106626,verano_2024,2024-06-26,email,True,True,False,
102518,verano_2024,2024-06-17,email,False,,False,
107188,verano_2024,2024-06-20,push,,,False,
109367,verano_2024,2024-06-16,email,True,False,False,
111581,verano_2024,2024-06-19,email,False,,False,
102037,verano_2024,2024-06-19,email,True,False,False,
103066,verano_2024,2024-06-24,sms,,,True,2024-07-31
112334,verano_2024,2024-06-24,email,False,,False,
113022,verano_2024,2024-06-20,email,True,True,True,2024-07-17
111492,verano_2024,2024-06-18,sms,,,True,
110784,verano_2024,2024-06-25,email,False,,False,
105341,verano_2024,2024-06-26,email,False,,False,
107601,verano_2024,2024-06-21,push,,,False,
101428,verano_2024,2024-06-19,push,,,False,
104107,verano_2024,2024-06-15,email,True,False,False,
111561,verano_2024,2024-06-19,email,True,False,False,
101042,verano_2024,2024-06-18,email,False,,False,
112781,verano_2024,2024-06-19,email,False,,False,
104636,verano_2024,2024-06-23,email,False,,False,
105724,verano_2024,2024-06-16,email,True,False,False,
101414,verano_2024,2024-06-25,email,False,,False,
100115,verano_2024,2024-06-22,email,False,,False,
113789,verano_2024,2024-06-29,sms,,,False,
104340,verano_2024,2024-06-20,push,,,True,2024-08-10
105024,verano_2024,2024-06-24,email,False,,False,
100231,verano_2024,2024-06-27,email,False,,False,
108310,verano_2024,2024-06-21,push,,,False,
104442,verano_2024,2024-06-23,email,True,False,False,
113361,verano_2024,2024-06-27,push,,,False,
102747,verano_2024,2024-06-24,email,True,False,False,
104126,verano_2024,2024-06-27,email,True,False,False,
105050,verano_2024,2024-06-23,email,False,,False,
101521,verano_2024,2024-06-21,email,False,,False,
113900,verano_2024,2024-06-20,push,,,False,
114983,verano_2024,2024-06-15,push,,,False,
100215,verano_2024,2024-06-20,sms,,,True,2024-08-26
103426,verano_2024,2024-06-27,email,True,False,True,2024-07-24
114646,verano_2024,2024-06-24,email,True,False,False,
111747,verano_2024,2024-06-24,email,True,False,False,
107891,verano_2024,2024-06-16,email,False,,False,
107106,verano_2024,2024-06-23,sms,,,False,
110759,verano_2024,2024-06-25,email,False,,False,
102488,verano_2024,2024-06-18,push,,,False,
108445,verano_2024,2024-06-18,push,,,False,
111020,verano_2024,2024-06-27,push,,,True,2024-07-20
103315,verano_2024,2024-06-21,sms,,,True,2024-08-17
111188,verano_2024,2024-06-26,email,True,False,False,
103249,verano_2024,2024-06-15,email,False,,False,
112073,verano_2024,2024-06-24,sms,,,False,
102183,verano_2024,2024-06-18,email,True,True,False,
112585,verano_2024,2024-06-25,push,,,False,
103523,verano_2024,2024-06-15,email,False,,False,
113756,verano_2024,2024-06-15,email,False,,True,2024-08-21
103419,verano_2024,2024-06-29,email,False,,False,
103690,verano_2024,2024-06-24,Email,False,,True,2024-07-25
113612,verano_2024,2024-06-22,push,,,False,
110813,verano_2024,2024-06-25,push,,,False,
107392,verano_2024,2024-06-18,email,True,False,False,
108584,verano_2024,2024-06-22,push,,,True,2024-07-12
103116,verano_2024,2024-06-19,push,,,False,
105628,verano_2024,2024-06-15,email,False,,False,
112965,verano_2024,2024-06-25,push_notification,,,True,2024-08-21
105533,verano_2024,2024-06-21,email,False,,False,
111246,verano_2024,2024-06-17,sms,,,False,
110390,verano_2024,2024-06-25,email,False,,False,
107839,verano_2024,2024-06-27,email,True,False,False,
110640,verano_2024,2024-06-20,push,,,False,
115032,verano_2024,2024-06-25,email,False,,False,
101499,verano_2024,2024-06-28,email,True,False,False,
107064,verano_2024,2024-06-20,sms,,,False,
110445,verano_2024,2024-06-17,email,False,,False,
109888,verano_2024,2024-06-29,push,,,False,
104562,verano_2024,2024-06-15,push,,,False,
105939,verano_2024,2024-06-18,push,,,True,2024-08-28
104302,verano_2024,2024-06-26,email,True,False,False,
105376,verano_2024,2024-06-28,sms,,,False,
110619,verano_2024,2024-06-23,email,False,,False,
110476,verano_2024,2024-06-28,sms,,,True,2024-08-12
111170,verano_2024,2024-06-18,push,,,True,2024-08-05
102056,verano_2024,2024-06-21,push,,,False,
113253,verano_2024,2024-06-24,email,False,,True,2024-08-30
102059,verano_2024,2024-06-27,email,False,,False,
104044,verano_2024,2024-06-18,email,True,True,True,2024-08-21
106754,verano_2024,2024-06-18,email,False,,True,2024-07-23
104788,verano_2024,2024-06-19,push,,,True,2024-07-31
108957,verano_2024,2024-06-28,email,True,False,False,
113917,verano_2024,2024-06-19,email,True,False,False,
105853,verano_2024,2024-06-29,email,True,False,False,
109801,verano_2024,2024-06-23,Email,True,False,False,
103911,verano_2024,2024-06-27,sms,,,True,2024-08-14
107400,verano_2024,2024-06-23,email,False,,False,
103692,verano_2024,2024-06-18,email,True,True,True,2024-08-14
100484,verano_2024,2024-06-17,email,False,,False,
109177,verano_2024,2024-06-19,sms,,,True,2024-08-20
103899,verano_2024,2024-06-26,email,True,True,True,2024-07-22
108607,verano_2024,2024-06-29,email,False,,False,
113446,verano_2024,2024-06-15,push,,,False,
112908,verano_2024,2024-06-25,email,True,False,False,
111264,verano_2024,2024-06-18,email,True,False,False,
106633,verano_2024,2024-06-20,email,False,,False,
105119,verano_2024,2024-06-25,sms,,,False,
102985,verano_2024,2024-06-27,sms,,,True,2024-08-28
111098,verano_2024,2024-06-15,push,,,True,2024-08-05
112133,verano_2024,2024-06-29,email,True,True,False,
114426,verano_2024,2024-06-15,email,True,False,False,
103080,verano_2024,2024-06-17,sms,,,False,
103324,verano_2024,2024-06-21,push,,,False,
102047,verano_2024,2024-06-22,push,,,True,2024-07-14
104348,verano_2024,2024-06-16,push,,,False,
112295,verano_2024,2024-06-16,email,True,True,False,
113623,verano_2024,2024-06-19,email,True,True,False,
105293,verano_2024,2024-06-20,email,False,,False,
112529,verano_2024,2024-06-25,Email,False,,False,
104253,verano_2024,2024-06-28,push,,,False,
114974,verano_2024,2024-06-24,email,True,False,False,
102348,verano_2024,2024-06-18,email,True,False,False,
110724,verano_2024,2024-06-24,email,False,,False,
106067,verano_2024,2024-06-16,push,,,False,
108991,verano_2024,2024-06-21,email,False,,False,
107560,verano_2024,2024-06-23,push,,,True,2024-08-23
110065,verano_2024,2024-06-21,email,True,False,False,
106224,verano_2024,2024-06-21,email,False,,False,
112771,verano_2024,2024-06-27,sms,,,True,
101415,verano_2024,2024-06-16,email,False,,False,
100500,verano_2024,2024-06-22,email,False,,False,
100669,verano_2024,2024-06-21,email,True,False,False,
110858,verano_2024,2024-06-17,email,True,False,False,
106122,verano_2024,2024-06-26,email,False,,False,
103034,verano_2024,2024-06-20,email,False,,True,2024-07-09
107029,verano_2024,2024-06-22,push,,,True,2024-08-03
110714,verano_2024,2024-06-29,email,True,False,False,
109368,verano_2024,2024-06-27,push,,,False,
102486,verano_2024,2024-06-16,email,True,False,False,
106845,verano_2024,2024-06-21,push,,,False,
111798,verano_2024,2024-06-17,Email,True,True,True,2024-07-17
100304,verano_2024,2024-06-20,sms,,,False,
113594,verano_2024,2024-06-21,email,False,,False,
112964,verano_2024,2024-06-20,push,,,False,
108451,verano_2024,2024-06-16,email,True,False,False,
101704,verano_2024,2024-06-18,email,False,,False,
104251,verano_2024,2024-06-23,push,,,False,
113949,verano_2024,2024-06-23,push,,,False,
105122,verano_2024,2024-06-21,email,False,,False,
106700,verano_2024,2024-06-16,email,True,False,False,
104128,verano_2024,2024-06-20,email,True,False,False,
106390,verano_2024,2024-06-26,email,True,True,True,2024-07-02
101043,verano_2024,2024-06-29,email,False,,False,
114736,verano_2024,2024-06-16,email,False,,False,
107542,verano_2024,2024-06-25,email,True,False,False,
102925,verano_2024,2024-06-26,email,False,,False,
103207,verano_2024,2024-06-17,push,,,False,
112012,verano_2024,2024-06-18,email,False,,False,
111810,verano_2024,2024-06-20,email,True,False,False,
113567,verano_2024,2024-06-24,email,False,,False,
111292,verano_2024,2024-06-21,email,False,,False,
104437,verano_2024,2024-06-25,email,True,False,False,
112819,verano_2024,2024-06-15,push,,,False,
108027,verano_2024,2024-06-25,email,False,,False,
114243,verano_2024,2024-06-21,sms,,,True,2024-07-30
110761,verano_2024,2024-06-22,email,True,True,False,
106209,verano_2024,2024-06-17,push,,,False,
110551,verano_2024,2024-06-29,email,False,,False,
100734,verano_2024,2024-06-18,email,True,False,False,
113561,verano_2024,2024-06-22,email,True,False,False,
102700,verano_2024,2024-06-27,email,False,,False,
103609,verano_2024,2024-06-25,push,,,False,
106760,verano_2024,2024-06-23,push,,,False,
115086,verano_2024,2024-06-27,email,False,,False,
101069,verano_2024,2024-06-18,Email,False,,False,
112768,verano_2024,2024-06-17,email,False,,False,
106152,verano_2024,2024-06-17,email,False,,False,
103144,verano_2024,2024-06-17,email,False,,False,
102471,verano_2024,2024-06-17,push,,,False,
112035,verano_2024,2024-06-18,email,False,,False,
114829,verano_2024,2024-06-19,email,True,True,True,2024-08-06
114148,verano_2024,2024-06-23,email,True,False,False,
100554,verano_2024,2024-06-17,email,True,False,False,
108661,verano_2024,2024-06-17,email,False,,False,
100158,verano_2024,2024-06-18,push,,,False,
113423,verano_2024,2024-06-21,email,True,False,True,2024-07-05
108284,verano_2024,2024-06-15,sms,,,False,
106292,verano_2024,2024-06-23,push,,,False,
102767,verano_2024,2024-06-26,SMS,,,False,
109677,verano_2024,2024-06-28,sms,,,False,
103039,verano_2024,2024-06-21,email,False,,False,
112646,verano_2024,2024-06-22,email,True,False,False,
106335,verano_2024,2024-06-15,email,False,,False,
107249,verano_2024,2024-06-24,email,False,,False,
114936,verano_2024,2024-06-22,email,False,,False,
106815,verano_2024,2024-06-18,push_notification,,,True,2024-08-25
108141,verano_2024,2024-06-27,email,True,False,False,
112670,verano_2024,2024-06-20,email,False,,False,
112582,verano_2024,2024-06-27,email,False,,False,
111734,verano_2024,2024-06-23,sms,,,False,
113570,verano_2024,2024-06-28,email,False,,False,
109752,verano_2024,2024-06-22,Email,False,,False,
109071,verano_2024,2024-06-18,push,,,False,
110042,verano_2024,2024-06-15,sms,,,False,
105577,verano_2024,2024-06-25,email,False,,False,
105435,verano_2024,2024-06-27,email,False,,False,
100421,verano_2024,2024-06-22,email,True,False,False,
112940,verano_2024,2024-06-22,push,,,False,
105153,verano_2024,2024-06-16,email,True,False,False,
102996,verano_2024,2024-06-22,email,False,,False,
105218,verano_2024,2024-06-26,push,,,True,2024-08-04
101497,verano_2024,2024-06-22,email,False,,False,
101048,verano_2024,2024-06-23,email,False,,False,
112065,verano_2024,2024-06-29,push,,,False,
109051,verano_2024,2024-06-29,sms,,,False,
100857,verano_2024,2024-06-29,email,False,,False,
111251,verano_2024,2024-06-27,push,,,False,
113101,verano_2024,2024-06-29,email,True,False,False,
114237,verano_2024,2024-06-24,Email,False,,False,
109675,verano_2024,2024-06-26,email,False,,False,
104149,verano_2024,2024-06-24,push,,,False,
111237,verano_2024,2024-06-28,email,False,,False,
103860,verano_2024,2024-06-26,email,True,False,False,
106028,verano_2024,2024-06-15,push,,,True,2024-07-25
108485,verano_2024,2024-06-29,push,,,False,
110219,verano_2024,2024-06-17,email,False,,False,
104422,verano_2024,2024-06-28,email,True,True,True,2024-08-17
114601,verano_2024,2024-06-17,email,False,,False,
103188,verano_2024,2024-06-28,push_notification,,,False,
107069,verano_2024,2024-06-26,email,False,,False,
109965,verano_2024,2024-06-28,sms,,,True,2024-08-13
108799,verano_2024,2024-06-24,push,,,True,2024-07-07
100821,verano_2024,2024-06-24,Email,True,False,False,
101644,verano_2024,2024-06-24,email,True,False,True,2024-07-26
107776,verano_2024,2024-06-19,email,False,,False,
110440,verano_2024,2024-06-16,email,False,,False,
102632,verano_2024,2024-06-18,email,True,True,False,
100108,verano_2024,2024-06-21,email,False,,False,
113049,verano_2024,2024-06-19,email,True,False,False,
100368,verano_2024,2024-06-29,email,True,False,False,
104605,verano_2024,2024-06-15,Email,False,,False,
100417,verano_2024,2024-06-18,email,True,True,True,2024-08-27
102421,verano_2024,2024-06-18,push,,,False,
100730,verano_2024,2024-06-29,email,True,False,False,
106511,verano_2024,2024-06-21,email,True,False,False,
103922,verano_2024,2024-06-27,push_notification,,,False,
112818,verano_2024,2024-06-29,email,False,,False,
109400,verano_2024,2024-06-15,email,False,,False,
112442,verano_2024,2024-06-27,email,False,,True,2024-08-28
106238,verano_2024,2024-06-27,email,False,,False,
106694,verano_2024,2024-06-24,push,,,True,2024-07-20
102389,verano_2024,2024-06-16,push,,,True,2024-08-10
106486,verano_2024,2024-06-27,email,False,,False,
104041,verano_2024,2024-06-23,email,True,False,False,
108140,verano_2024,2024-06-18,push,,,False,
108769,verano_2024,2024-06-15,email,False,,True,2024-08-20
105517,verano_2024,2024-06-22,email,False,,False,
111897,verano_2024,2024-06-29,email,False,,False,
100511,verano_2024,2024-06-16,push,,,False,
100701,verano_2024,2024-06-26,email,True,True,False,
110217,verano_2024,2024-06-19,push,,,False,
111690,verano_2024,2024-06-22,push,,,False,
103470,verano_2024,2024-06-15,email,True,False,False,
102629,verano_2024,2024-06-24,push,,,False,
105573,verano_2024,2024-06-27,push,,,False,
101278,verano_2024,2024-06-21,email,False,,False,
108016,verano_2024,2024-06-27,push,,,False,
102031,verano_2024,2024-06-27,push,,,False,
105490,verano_2024,2024-06-27,push,,,False,
100040,verano_2024,2024-06-28,email,True,False,False,
101892,verano_2024,2024-06-15,email,True,True,False,
105279,verano_2024,2024-06-23,email,True,False,False,
112723,verano_2024,2024-06-25,sms,,,False,
107202,verano_2024,2024-06-19,email,True,True,False,
103509,verano_2024,2024-06-28,email,False,,False,
109245,verano_2024,2024-06-21,email,False,,False,
109379,verano_2024,2024-06-16,sms,,,True,2024-08-06
109955,verano_2024,2024-06-19,email,True,True,True,2024-07-15
102981,verano_2024,2024-06-26,push,,,True,2024-08-21
103438,verano_2024,2024-06-23,push,,,False,
105413,verano_2024,2024-06-24,email,False,,False,
112507,verano_2024,2024-06-29,Email,False,,False,
101304,verano_2024,2024-06-29,email,True,False,False,
100382,verano_2024,2024-06-16,email,False,,False,
110299,verano_2024,2024-06-23,email,False,,False,
101511,verano_2024,2024-06-21,push,,,False,
108523,verano_2024,2024-06-20,email,False,,False,
100347,verano_2024,2024-06-18,push,,,False,
108052,verano_2024,2024-06-29,email,False,,False,
111271,verano_2024,2024-06-25,push_notification,,,True,2024-08-11
110120,verano_2024,2024-06-28,sms,,,False,
100475,verano_2024,2024-06-25,email,False,,False,
104756,verano_2024,2024-06-24,Email,True,False,False,
107090,verano_2024,2024-06-22,push,,,False,
101879,verano_2024,2024-06-24,email,True,False,False,
107655,verano_2024,2024-06-17,email,False,,False,
108813,verano_2024,2024-06-16,push,,,True,2024-07-12
100323,verano_2024,2024-06-15,push,,,True,2024-08-08
106312,verano_2024,2024-06-23,email,False,,False,
105362,verano_2024,2024-06-24,email,False,,False,
110867,verano_2024,2024-06-28,email,False,,False,
102730,verano_2024,2024-06-17,email,False,,True,2024-07-20
111783,verano_2024,2024-06-22,email,True,True,False,
102755,verano_2024,2024-06-27,email,False,,False,
104818,verano_2024,2024-06-17,email,False,,False,
107334,verano_2024,2024-06-21,email,True,True,True,2024-08-29
108789,verano_2024,2024-06-26,push,,,False,
107793,verano_2024,2024-06-17,email,True,True,False,
103329,verano_2024,2024-06-19,email,False,,True,2024-07-30
100972,verano_2024,2024-06-15,email,False,,True,2024-07-05
103077,verano_2024,2024-06-18,push,,,True,2024-07-09
107223,verano_2024,2024-06-16,push,,,True,2024-08-24
107415,verano_2024,2024-06-17,email,False,,False,
104177,verano_2024,2024-06-21,email,True,False,False,
109358,verano_2024,2024-06-25,email,True,True,False,
106596,verano_2024,2024-06-29,email,True,False,False,
112867,verano_2024,2024-06-19,email,False,,False,
107320,verano_2024,2024-06-20,email,True,False,False,
101202,verano_2024,2024-06-15,push,,,False,
102728,verano_2024,2024-06-18,push,,,False,
113541,verano_2024,2024-06-25,email,True,False,False,
110530,verano_2024,2024-06-17,email,False,,False,
107624,verano_2024,2024-06-15,email,True,False,False,
100037,verano_2024,2024-06-15,email,False,,True,2024-07-06
106508,verano_2024,2024-06-22,email,False,,False,
105810,verano_2024,2024-06-17,push,,,True,2024-07-11
108601,verano_2024,2024-06-17,email,False,,False,
113330,verano_2024,2024-06-21,email,False,,False,
107135,verano_2024,2024-06-24,email,False,,False,
105529,verano_2024,2024-06-26,email,False,,False,
110888,verano_2024,2024-06-24,email,True,False,False,
107475,verano_2024,2024-06-22,email,False,,False,
114348,verano_2024,2024-06-27,email,True,False,False,
106342,verano_2024,2024-06-16,push,,,False,
110229,verano_2024,2024-06-29,email,True,True,True,2024-07-14
110995,verano_2024,2024-06-20,email,False,,False,
107933,verano_2024,2024-06-29,email,False,,False,
109402,verano_2024,2024-06-15,email,False,,False,
103571,verano_2024,2024-06-18,sms,,,True,2024-07-02
110785,verano_2024,2024-06-22,email,False,,False,
113506,verano_2024,2024-06-15,sms,,,False,
103091,verano_2024,2024-06-22,email,False,,False,
112710,verano_2024,2024-06-22,push,,,False,
101289,verano_2024,2024-06-20,email,True,False,False,
103032,verano_2024,2024-06-16,push,,,True,2024-07-10
114198,verano_2024,2024-06-26,email,False,,False,
102978,verano_2024,2024-06-26,email,False,,False,
102401,verano_2024,2024-06-16,push,,,False,
109943,verano_2024,2024-06-24,sms,,,True,2024-07-20
115056,verano_2024,2024-06-27,push,,,True,2024-08-09
104502,verano_2024,2024-06-29,email,False,,False,
108356,verano_2024,2024-06-25,email,False,,False,
101747,verano_2024,2024-06-16,sms,,,True,2024-08-16
105108,verano_2024,2024-06-20,email,True,False,False,
107730,verano_2024,2024-06-18,Email,False,,False,
110304,verano_2024,2024-06-20,email,False,,False,
106368,verano_2024,2024-06-22,email,False,,True,2024-08-06
107761,verano_2024,2024-06-21,email,True,True,False,
114394,verano_2024,2024-06-20,email,False,,False,
114042,verano_2024,2024-06-18,push,,,True,2024-07-21
103406,verano_2024,2024-06-22,email,True,False,False,
111213,verano_2024,2024-06-20,email,True,True,False,
104739,verano_2024,2024-06-15,email,True,True,False,
112366,verano_2024,2024-06-27,email,True,False,False,
103376,verano_2024,2024-06-21,email,True,False,False,
107771,verano_2024,2024-06-22,push,,,False,
104922,verano_2024,2024-06-26,email,True,False,False,
102508,verano_2024,2024-06-24,email,True,False,False,
108122,verano_2024,2024-06-18,email,True,False,False,
108635,verano_2024,2024-06-27,email,False,,False,
107647,verano_2024,2024-06-22,sms,,,False,
100211,verano_2024,2024-06-23,Email,False,,False,
113671,verano_2024,2024-06-16,push,,,False,
101951,verano_2024,2024-06-15,sms,,,False,
104833,verano_2024,2024-06-29,email,False,,False,
100652,verano_2024,2024-06-29,email,False,,False,
114485,verano_2024,2024-06-23,push,,,True,2024-07-19
107308,verano_2024,2024-06-21,email,False,,False,
102207,verano_2024,2024-06-25,email,True,False,False,
114678,verano_2024,2024-06-20,push,,,False,
102616,verano_2024,2024-06-22,sms,,,False,
101397,verano_2024,2024-06-25,sms,,,False,
110802,verano_2024,2024-06-26,email,True,False,False,
105866,verano_2024,2024-06-26,email,True,False,False,
104837,verano_2024,2024-06-29,email,False,,False,
101671,verano_2024,2024-06-15,sms,,,False,
102321,verano_2024,2024-06-23,push,,,False,
103496,verano_2024,2024-06-23,email,False,,False,
109877,verano_2024,2024-06-27,push,,,False,
108588,verano_2024,2024-06-19,Email,True,False,False,
108773,verano_2024,2024-06-16,push,,,True,2024-07-27
101953,verano_2024,2024-06-19,email,False,,False,
101444,verano_2024,2024-06-23,email,False,,False,
105021,verano_2024,2024-06-27,email,False,,False,
102938,verano_2024,2024-06-15,push,,,False,
111282,verano_2024,2024-06-19,email,False,,False,
111059,verano_2024,2024-06-28,push,,,False,
114473,verano_2024,2024-06-18,sms,,,False,
112660,verano_2024,2024-06-17,email,False,,False,
110291,verano_2024,2024-06-26,email,False,,False,
111931,verano_2024,2024-06-25,push,,,True,2024-07-30
113128,verano_2024,2024-06-23,email,False,,False,
108372,verano_2024,2024-06-15,sms,,,True,2024-08-04
100485,verano_2024,2024-06-21,email,False,,False,
104490,verano_2024,2024-06-29,email,False,,False,
104919,verano_2024,2024-06-18,push,,,False,
100899,verano_2024,2024-06-16,email,False,,False,
101733,verano_2024,2024-06-29,email,True,False,False,
108979,verano_2024,2024-06-22,email,False,,False,
102614,verano_2024,2024-06-24,email,True,False,False,
106096,verano_2024,2024-06-23,sms,,,False,
105555,verano_2024,2024-06-28,push,,,False,
106352,verano_2024,2024-06-26,email,False,,False,
111178,verano_2024,2024-06-17,sms,,,True,2024-07-12
110176,verano_2024,2024-06-20,push,,,False,
105934,verano_2024,2024-06-25,email,False,,True,2024-08-24
102641,verano_2024,2024-06-22,email,False,,False,
101251,verano_2024,2024-06-15,push,,,True,2024-08-05
110592,verano_2024,2024-06-23,email,True,False,False,
106087,verano_2024,2024-06-27,email,False,,False,
107214,verano_2024,2024-06-28,push,,,False,
108597,verano_2024,2024-06-28,push,,,False,
101780,verano_2024,2024-06-17,push,,,False,
113870,verano_2024,2024-06-27,push,,,True,2024-07-16
113428,verano_2024,2024-06-17,email,False,,False,
106245,verano_2024,2024-06-25,email,True,True,True,2024-08-10
108192,verano_2024,2024-06-27,push,,,True,2024-08-10
108951,verano_2024,2024-06-28,email,True,False,False,
102304,verano_2024,2024-06-18,email,True,False,False,
105982,verano_2024,2024-06-15,push,,,False,
105636,verano_2024,2024-06-16,email,False,,False,
112873,verano_2024,2024-06-20,sms,,,True,2024-08-11
100583,verano_2024,2024-06-18,email,False,,False,
111978,verano_2024,2024-06-28,push,,,False,
114094,verano_2024,2024-06-28,email,False,,False,
100719,verano_2024,2024-06-29,email,False,,False,
107440,verano_2024,2024-06-26,push,,,True,2024-08-01
110911,verano_2024,2024-06-23,email,False,,False,
100763,verano_2024,2024-06-28,push,,,False,
104085,verano_2024,2024-06-24,email,False,,True,2024-08-14
101871,verano_2024,2024-06-18,email,False,,False,
113062,verano_2024,2024-06-26,push,,,False,
106552,verano_2024,2024-06-29,email,False,,False,
105124,verano_2024,2024-06-15,email,True,False,False,
111792,verano_2024,2024-06-16,email,True,False,False,
100739,verano_2024,2024-06-16,email,False,,False,
103546,verano_2024,2024-06-19,email,False,,False,
105045,verano_2024,2024-06-17,email,True,False,False,
111885,verano_2024,2024-06-17,Email,True,False,False,
105013,verano_2024,2024-06-22,email,True,False,False,
110062,verano_2024,2024-06-27,email,False,,False,
110063,verano_2024,2024-06-22,email,False,,False,
106019,verano_2024,2024-06-15,sms,,,True,2024-07-06
114783,verano_2024,2024-06-15,email,False,,False,
115072,verano_2024,2024-06-25,email,False,,False,
105149,verano_2024,2024-06-28,email,False,,True,2024-07-14
114728,verano_2024,2024-06-29,sms,,,False,
111068,verano_2024,2024-06-26,email,False,,False,
100751,verano_2024,2024-06-19,email,False,,False,
103450,verano_2024,2024-06-21,email,True,False,False,
110815,verano_2024,2024-06-26,email,False,,False,
110188,verano_2024,2024-06-23,sms,,,True,2024-07-02
102330,verano_2024,2024-06-29,push,,,False,
106734,verano_2024,2024-06-17,push,,,False,
101840,verano_2024,2024-06-15,email,False,,False,
111741,verano_2024,2024-06-15,push,,,True,2024-08-15
107628,verano_2024,2024-06-23,sms,,,True,2024-07-14
101276,verano_2024,2024-06-25,push,,,True,2024-07-12
114840,verano_2024,2024-06-24,email,False,,False,
110499,verano_2024,2024-06-24,email,True,True,False,
106928,verano_2024,2024-06-20,email,False,,False,
106386,verano_2024,2024-06-16,push,,,False,
108461,verano_2024,2024-06-27,sms,,,True,2024-08-16
105563,verano_2024,2024-06-15,push,,,True,2024-08-17
114449,verano_2024,2024-06-28,push,,,True,2024-07-23
105951,verano_2024,2024-06-21,email,True,True,True,2024-07-16
108695,verano_2024,2024-06-23,email,False,,False,
102265,verano_2024,2024-06-20,push,,,True,2024-07-29
109357,verano_2024,2024-06-18,email,False,,False,
101537,verano_2024,2024-06-23,email,True,False,False,
104644,verano_2024,2024-06-21,push,,,True,2024-07-29
107307,verano_2024,2024-06-27,email,True,False,False,
103887,verano_2024,2024-06-26,email,False,,False,
101370,verano_2024,2024-06-29,push,,,True,2024-08-24
100741,verano_2024,2024-06-15,email,False,,False,
110703,verano_2024,2024-06-25,email,False,,False,
109864,verano_2024,2024-06-15,email,True,True,False,
101189,verano_2024,2024-06-20,push,,,True,2024-07-16
113969,verano_2024,2024-06-25,email,False,,False,
108479,verano_2024,2024-06-29,push,,,True,2024-07-05
101571,verano_2024,2024-06-22,push,,,False,
112675,verano_2024,2024-06-16,email,True,False,False,
107333,verano_2024,2024-06-16,Email,False,,False,
102528,verano_2024,2024-06-25,sms,,,False,
102128,verano_2024,2024-06-16,email,False,,False,
106957,verano_2024,2024-06-25,sms,,,False,
103488,verano_2024,2024-06-29,push,,,True,2024-07-25
110457,verano_2024,2024-06-19,email,True,False,False,
102765,verano_2024,2024-06-21,email,False,,False,
115142,verano_2024,2024-06-15,email,False,,False,
113288,verano_2024,2024-06-17,push,,,False,
105439,verano_2024,2024-06-27,email,False,,False,
106249,verano_2024,2024-06-20,email,False,,False,
108338,verano_2024,2024-06-16,push,,,False,
108879,verano_2024,2024-06-27,email,True,True,False,
101982,verano_2024,2024-06-17,email,True,False,False,
105427,verano_2024,2024-06-19,email,False,,False,
113908,verano_2024,2024-06-28,email,True,False,False,
111027,verano_2024,2024-06-24,email,False,,False,
106909,verano_2024,2024-06-27,email,False,,False,
110415,verano_2024,2024-06-28,email,True,True,False,
102058,verano_2024,2024-06-19,SMS,,,False,
104924,verano_2024,2024-06-18,email,True,False,False,
105072,verano_2024,2024-06-19,email,True,False,False,
113350,verano_2024,2024-06-18,push,,,True,2024-08-14
105693,verano_2024,2024-06-24,email,True,False,False,
110213,verano_2024,2024-06-29,push,,,False,
108274,verano_2024,2024-06-19,email,False,,False,
112149,verano_2024,2024-06-21,email,True,False,False,
103489,verano_2024,2024-06-23,sms,,,False,
113373,verano_2024,2024-06-17,email,True,False,False,
111529,verano_2024,2024-06-17,email,True,False,False,
114253,verano_2024,2024-06-29,email,False,,False,
108073,verano_2024,2024-06-19,sms,,,True,2024-07-11
109623,verano_2024,2024-06-18,email,False,,False,
111411,verano_2024,2024-06-26,email,False,,False,
106267,verano_2024,2024-06-25,email,True,False,False,
107174,verano_2024,2024-06-24,push,,,False,
108385,verano_2024,2024-06-26,email,False,,False,
101711,verano_2024,2024-06-17,push_notification,,,False,
113770,verano_2024,2024-06-20,email,True,True,False,
112961,verano_2024,2024-06-19,Email,False,,False,
104270,verano_2024,2024-06-27,Email,False,,False,
100563,verano_2024,2024-06-29,sms,,,False,
112927,verano_2024,2024-06-29,push,,,False,
112642,verano_2024,2024-06-21,email,False,,False,
100641,verano_2024,2024-06-25,email,False,,False,
101670,verano_2024,2024-06-16,email,True,False,False,
103001,verano_2024,2024-06-18,email,False,,False,
113961,verano_2024,2024-06-21,email,False,,False,
103703,verano_2024,2024-06-19,email,True,False,False,
113911,verano_2024,2024-06-16,push,,,False,
109034,verano_2024,2024-06-24,email,False,,False,
102408,verano_2024,2024-06-28,push,,,False,
113054,verano_2024,2024-06-29,email,False,,False,
103858,verano_2024,2024-06-19,push,,,True,2024-07-22
103612,verano_2024,2024-06-24,email,True,True,True,2024-08-21
113819,verano_2024,2024-06-19,email,True,False,False,
108298,verano_2024,2024-06-16,email,False,,False,
115061,verano_2024,2024-06-23,email,False,,False,
110013,verano_2024,2024-06-22,sms,,,False,
108867,verano_2024,2024-06-28,email,False,,False,
104193,verano_2024,2024-06-28,email,True,True,False,
102911,verano_2024,2024-06-19,email,False,,False,
102743,verano_2024,2024-06-27,email,True,False,True,2024-08-29
110330,verano_2024,2024-06-25,email,False,,False,
112572,verano_2024,2024-06-22,push,,,True,
100762,verano_2024,2024-06-28,email,True,False,False,
115043,verano_2024,2024-06-21,email,False,,False,
111577,verano_2024,2024-06-17,email,False,,False,
105937,verano_2024,2024-06-29,email,False,,False,
102929,verano_2024,2024-06-29,email,False,,False,
103167,verano_2024,2024-06-15,email,False,,False,
105864,verano_2024,2024-06-27,push,,,False,
104654,verano_2024,2024-06-18,push_notification,,,False,
100181,verano_2024,2024-06-15,push,,,False,
112387,verano_2024,2024-06-15,push,,,True,2024-07-31
105663,verano_2024,2024-06-26,email,False,,False,
104926,verano_2024,2024-06-28,push,,,False,
102219,verano_2024,2024-06-18,Email,True,False,False,
114290,verano_2024,2024-06-16,push,,,False,
101956,verano_2024,2024-06-23,email,False,,False,
101058,verano_2024,2024-06-24,Email,False,,False,
109308,verano_2024,2024-06-19,email,False,,False,
106880,verano_2024,2024-06-29,email,False,,False,
106006,verano_2024,2024-06-20,email,False,,False,
104661,verano_2024,2024-06-17,sms,,,False,
101400,verano_2024,2024-06-22,sms,,,True,2024-08-05
109936,verano_2024,2024-06-18,push,,,False,
107337,verano_2024,2024-06-27,push,,,False,
110385,verano_2024,2024-06-23,push,,,True,2024-07-28
109508,verano_2024,2024-06-28,email,False,,False,
110926,verano_2024,2024-06-29,sms,,,True,2024-08-23
103069,verano_2024,2024-06-16,sms,,,False,
106741,verano_2024,2024-06-25,email,True,True,False,
109791,verano_2024,2024-06-17,sms,,,False,
102235,verano_2024,2024-06-24,push,,,False,
112042,verano_2024,2024-06-29,email,False,,False,
109395,verano_2024,2024-06-26,email,False,,False,
112223,verano_2024,2024-06-28,email,False,,False,
101211,verano_2024,2024-06-28,push,,,False,
104195,verano_2024,2024-06-29,Email,True,True,True,2024-07-10
110835,verano_2024,2024-06-18,push,,,False,
102239,verano_2024,2024-06-24,email,True,True,False,
107145,verano_2024,2024-06-20,sms,,,False,
111162,verano_2024,2024-06-26,email,False,,False,
102949,verano_2024,2024-06-25,email,False,,False,
112221,verano_2024,2024-06-19,push,,,False,
110855,verano_2024,2024-06-20,email,True,True,True,2024-08-25
114844,verano_2024,2024-06-22,email,True,False,False,
110769,verano_2024,2024-06-25,email,False,,False,
108304,verano_2024,2024-06-27,email,False,,False,
109617,verano_2024,2024-06-18,push,,,False,
103818,verano_2024,2024-06-27,email,False,,False,
106631,verano_2024,2024-06-19,email,False,,False,
104768,verano_2024,2024-06-26,push,,,False,
106551,verano_2024,2024-06-17,email,True,True,False,
111675,verano_2024,2024-06-16,email,True,False,False,
101435,verano_2024,2024-06-28,email,True,True,False,
100190,verano_2024,2024-06-15,email,True,False,False,
100093,verano_2024,2024-06-20,push,,,False,
111827,verano_2024,2024-06-27,sms,,,False,
102301,verano_2024,2024-06-22,push,,,True,2024-07-09
108210,verano_2024,2024-06-16,email,False,,False,
111417,verano_2024,2024-06-25,email,True,False,False,
109578,verano_2024,2024-06-23,push,,,False,
113828,verano_2024,2024-06-28,push,,,False,
111026,verano_2024,2024-06-24,email,True,True,False,
114881,verano_2024,2024-06-20,email,False,,False,
103781,verano_2024,2024-06-29,email,True,False,False,
114735,verano_2024,2024-06-29,sms,,,True,2024-08-13
108864,verano_2024,2024-06-20,email,False,,False,
110671,verano_2024,2024-06-16,SMS,,,False,
107110,verano_2024,2024-06-29,sms,,,False,
106811,verano_2024,2024-06-24,push,,,False,
115212,verano_2024,2024-06-19,email,False,,False,
103379,verano_2024,2024-06-29,email,True,True,True,2024-08-25
111079,verano_2024,2024-06-16,email,False,,False,
101085,verano_2024,2024-06-29,email,False,,False,
112739,verano_2024,2024-06-19,email,False,,False,
102778,verano_2024,2024-06-18,email,False,,False,
106134,verano_2024,2024-06-16,email,True,True,False,
100429,verano_2024,2024-06-26,email,False,,False,
105426,verano_2024,2024-06-21,email,False,,False,
111300,verano_2024,2024-06-18,sms,,,False,
106581,verano_2024,2024-06-28,email,True,True,False,
111960,verano_2024,2024-06-25,email,True,False,False,
113715,verano_2024,2024-06-28,push,,,False,
111040,verano_2024,2024-06-26,push,,,False,
105339,verano_2024,2024-06-22,email,True,False,False,
102699,verano_2024,2024-06-15,email,True,False,False,
107041,verano_2024,2024-06-17,email,True,False,False,
115100,verano_2024,2024-06-17,email,False,,False,
103479,verano_2024,2024-06-25,email,False,,False,
107640,verano_2024,2024-06-15,email,False,,True,2024-08-10
108658,verano_2024,2024-06-24,email,False,,True,2024-08-28
100409,verano_2024,2024-06-17,email,True,False,False,
111663,verano_2024,2024-06-29,email,False,,False,
108100,verano_2024,2024-06-20,email,True,False,False,
114729,verano_2024,2024-06-17,sms,,,False,
101609,verano_2024,2024-06-24,push,,,False,
112794,verano_2024,2024-06-28,sms,,,False,
107705,verano_2024,2024-06-17,push,,,False,
105422,verano_2024,2024-06-22,email,False,,False,
113510,verano_2024,2024-06-29,email,True,False,False,
114106,verano_2024,2024-06-17,email,True,False,False,
110192,verano_2024,2024-06-29,email,True,False,False,
109565,verano_2024,2024-06-18,sms,,,False,
104046,verano_2024,2024-06-16,email,True,False,False,
100427,verano_2024,2024-06-16,email,True,True,True,2024-08-06
100950,verano_2024,2024-06-17,sms,,,True,2024-08-19
109721,verano_2024,2024-06-26,email,True,True,True,2024-08-07
104955,verano_2024,2024-06-17,sms,,,True,2024-08-22
103598,verano_2024,2024-06-26,email,False,,False,
102866,verano_2024,2024-06-22,email,False,,False,
109363,verano_2024,2024-06-16,push,,,True,2024-08-20
109304,verano_2024,2024-06-25,email,True,False,False,
112433,verano_2024,2024-06-27,email,False,,False,
111974,verano_2024,2024-06-25,push,,,False,
109670,verano_2024,2024-06-25,push,,,False,
114748,verano_2024,2024-06-25,email,True,False,False,
106612,verano_2024,2024-06-16,push,,,False,
109718,verano_2024,2024-06-16,email,False,,False,
115112,verano_2024,2024-06-15,email,False,,False,
101692,verano_2024,2024-06-28,email,False,,False,
107206,verano_2024,2024-06-27,push,,,False,
114340,verano_2024,2024-06-23,push,,,True,2024-07-28
108848,verano_2024,2024-06-22,push,,,False,
109175,verano_2024,2024-06-26,email,True,False,False,
101422,verano_2024,2024-06-24,email,False,,False,
106736,verano_2024,2024-06-18,email,False,,False,
103834,verano_2024,2024-06-18,email,True,False,False,
110762,verano_2024,2024-06-29,email,False,,False,
114463,verano_2024,2024-06-22,email,True,False,True,2024-07-20
100820,verano_2024,2024-06-19,email,False,,False,
109897,verano_2024,2024-06-16,email,False,,False,
111861,verano_2024,2024-06-15,email,True,False,False,
115185,verano_2024,2024-06-27,email,True,False,False,
112869,verano_2024,2024-06-29,push,,,False,
106642,verano_2024,2024-06-22,push,,,False,
104027,verano_2024,2024-06-22,email,True,True,False,
115228,verano_2024,2024-06-20,email,False,,False,
111647,verano_2024,2024-06-29,email,False,,False,
105170,verano_2024,2024-06-15,Email,True,True,False,
106848,verano_2024,2024-06-18,push,,,False,
112060,verano_2024,2024-06-24,push,,,False,
100410,verano_2024,2024-06-21,email,True,False,False,
101286,verano_2024,2024-06-27,email,True,True,False,
107582,verano_2024,2024-06-20,email,False,,False,
103838,verano_2024,2024-06-26,push,,,True,2024-08-04
103956,verano_2024,2024-06-15,push,,,True,2024-08-22
104456,verano_2024,2024-06-21,email,True,False,False,
109921,verano_2024,2024-06-23,email,True,True,False,
101942,verano_2024,2024-06-27,email,True,True,True,2024-08-27
106455,verano_2024,2024-06-25,email,False,,False,
101092,verano_2024,2024-06-18,email,False,,False,
110728,verano_2024,2024-06-19,push,,,False,
100074,verano_2024,2024-06-24,push,,,False,
112319,verano_2024,2024-06-29,sms,,,False,
104150,verano_2024,2024-06-20,email,False,,False,
108014,verano_2024,2024-06-24,sms,,,True,2024-08-02
112576,verano_2024,2024-06-17,sms,,,False,
111655,verano_2024,2024-06-27,push,,,False,
114665,verano_2024,2024-06-19,email,False,,False,
107414,verano_2024,2024-06-23,email,True,True,True,2024-08-03
111839,verano_2024,2024-06-15,sms,,,True,2024-08-11
105538,verano_2024,2024-06-28,push,,,False,
100292,verano_2024,2024-06-16,Email,True,False,False,
111618,verano_2024,2024-06-28,email,False,,False,
111911,verano_2024,2024-06-25,push,,,False,
110576,verano_2024,2024-06-29,sms,,,False,
110881,verano_2024,2024-06-22,push,,,False,
103579,verano_2024,2024-06-22,email,False,,False,
111852,verano_2024,2024-06-19,push,,,False,
110897,verano_2024,2024-06-19,push,,,False,
114969,verano_2024,2024-06-21,email,False,,False,
102090,verano_2024,2024-06-28,email,False,,False,
106418,verano_2024,2024-06-24,email,True,False,False,
101802,verano_2024,2024-06-18,push,,,False,
114277,verano_2024,2024-06-28,email,False,,False,
103964,verano_2024,2024-06-15,push,,,True,2024-08-30
107977,verano_2024,2024-06-23,push,,,True,2024-07-11
112277,verano_2024,2024-06-18,push,,,False,
101577,verano_2024,2024-06-24,sms,,,False,
101111,verano_2024,2024-06-15,push,,,True,2024-07-19
100319,verano_2024,2024-06-27,email,True,False,False,
105351,verano_2024,2024-06-18,email,False,,False,
113029,verano_2024,2024-06-29,email,False,,False,
114110,verano_2024,2024-06-20,push,,,False,
106680,verano_2024,2024-06-21,push,,,True,2024-08-27
101826,verano_2024,2024-06-16,push,,,False,
103147,verano_2024,2024-06-24,email,False,,False,
112549,verano_2024,2024-06-19,email,False,,False,
108115,verano_2024,2024-06-23,email,False,,True,2024-08-08
104106,verano_2024,2024-06-29,push,,,False,
103412,verano_2024,2024-06-22,push,,,True,2024-08-28
100145,verano_2024,2024-06-23,email,True,False,False,
109341,verano_2024,2024-06-19,email,False,,False,
109536,verano_2024,2024-06-19,email,False,,False,
108268,verano_2024,2024-06-15,email,True,False,False,
103515,verano_2024,2024-06-20,email,False,,False,
106216,verano_2024,2024-06-25,email,True,False,False,
112548,verano_2024,2024-06-21,email,True,False,False,
110447,verano_2024,2024-06-26,push,,,False,
111589,verano_2024,2024-06-15,email,True,False,False,
104123,verano_2024,2024-06-15,push,,,False,
105272,verano_2024,2024-06-20,email,True,True,False,
110811,verano_2024,2024-06-26,email,False,,False,
112629,verano_2024,2024-06-28,email,True,False,False,
113726,verano_2024,2024-06-18,email,True,False,False,
114033,verano_2024,2024-06-17,email,False,,False,
107721,verano_2024,2024-06-22,push,,,False,
107832,verano_2024,2024-06-15,email,False,,False,
101831,verano_2024,2024-06-25,sms,,,True,2024-08-19
109310,verano_2024,2024-06-29,email,False,,False,
100086,verano_2024,2024-06-23,email,False,,False,
112097,verano_2024,2024-06-21,email,False,,False,
109783,verano_2024,2024-06-18,Email,False,,False,
101220,verano_2024,2024-06-29,email,True,True,True,2024-07-19
104703,verano_2024,2024-06-22,sms,,,False,
107887,verano_2024,2024-06-15,email,False,,False,
108918,verano_2024,2024-06-25,email,False,,False,
108958,verano_2024,2024-06-22,email,True,False,False,
108063,verano_2024,2024-06-24,sms,,,False,
109403,verano_2024,2024-06-17,email,False,,False,
105848,verano_2024,2024-06-27,email,True,False,False,
106248,verano_2024,2024-06-19,push,,,True,2024-08-24
104550,verano_2024,2024-06-26,push,,,False,
107114,verano_2024,2024-06-27,email,False,,False,
100595,verano_2024,2024-06-15,email,False,,False,
113123,verano_2024,2024-06-18,push,,,False,
113093,verano_2024,2024-06-23,sms,,,False,
107080,verano_2024,2024-06-29,push,,,True,2024-07-04
111101,verano_2024,2024-06-19,email,True,True,True,2024-07-18
112716,verano_2024,2024-06-17,email,False,,False,
115110,verano_2024,2024-06-18,push,,,True,2024-07-25
109454,verano_2024,2024-06-27,email,False,,False,
115091,verano_2024,2024-06-21,email,True,True,True,2024-08-19
111553,verano_2024,2024-06-20,sms,,,False,
104194,verano_2024,2024-06-20,email,False,,False,
100533,verano_2024,2024-06-17,email,False,,False,
100959,verano_2024,2024-06-20,sms,,,False,
100473,verano_2024,2024-06-25,email,True,False,False,
102291,verano_2024,2024-06-23,email,False,,False,
113017,verano_2024,2024-06-22,email,False,,False,
110844,verano_2024,2024-06-18,push,,,False,
102900,verano_2024,2024-06-16,email,True,False,False,
103955,verano_2024,2024-06-23,push,,,True,2024-07-01
114129,verano_2024,2024-06-28,email,False,,False,
112439,verano_2024,2024-06-22,email,True,False,False,
105278,verano_2024,2024-06-29,email,True,False,False,
106078,verano_2024,2024-06-28,push,,,True,2024-07-02
110441,verano_2024,2024-06-26,push,,,True,2024-08-20
114409,verano_2024,2024-06-19,push,,,True,2024-08-22
107637,verano_2024,2024-06-18,email,True,False,False,
104238,verano_2024,2024-06-27,email,True,True,False,
114349,verano_2024,2024-06-23,email,False,,False,
105287,verano_2024,2024-06-16,push,,,True,2024-07-19
103725,verano_2024,2024-06-22,push_notification,,,False,
101265,verano_2024,2024-06-23,email,False,,False,
107572,verano_2024,2024-06-23,push,,,True,2024-07-21
105386,verano_2024,2024-06-23,email,False,,False,
104686,verano_2024,2024-06-22,email,False,,False,
101273,verano_2024,2024-06-23,email,False,,False,
104088,verano_2024,2024-06-21,email,False,,False,
109244,verano_2024,2024-06-18,sms,,,True,2024-07-29
101898,verano_2024,2024-06-21,email,False,,False,
112347,verano_2024,2024-06-15,email,True,False,False,
107612,verano_2024,2024-06-27,email,False,,False,
115243,verano_2024,2024-06-21,sms,,,True,2024-07-12
101459,verano_2024,2024-06-29,email,False,,False,
107672,verano_2024,2024-06-16,email,False,,False,
109838,verano_2024,2024-06-21,email,False,,False,
109810,verano_2024,2024-06-21,Email,False,,False,
113964,verano_2024,2024-06-15,email,False,,True,2024-08-05
103586,verano_2024,2024-06-15,email,False,,False,
100716,verano_2024,2024-06-15,email,False,,False,
110938,verano_2024,2024-06-29,email,False,,False,
113237,verano_2024,2024-06-16,email,True,False,False,
101119,verano_2024,2024-06-20,email,False,,False,
104716,verano_2024,2024-06-17,sms,,,False,
107026,verano_2024,2024-06-28,push,,,True,2024-08-27
109639,verano_2024,2024-06-17,sms,,,False,
102317,verano_2024,2024-06-28,email,True,False,False,
106351,verano_2024,2024-06-29,sms,,,False,
104640,verano_2024,2024-06-15,sms,,,False,
110521,verano_2024,2024-06-16,email,True,True,True,2024-07-21
112025,verano_2024,2024-06-18,sms,,,False,
105845,verano_2024,2024-06-28,email,True,False,False,
109924,verano_2024,2024-06-24,email,False,,False,
104565,verano_2024,2024-06-18,email,True,False,False,
102637,verano_2024,2024-06-27,push,,,False,
111019,verano_2024,2024-06-27,push,,,False,
107287,verano_2024,2024-06-21,email,False,,False,
101865,verano_2024,2024-06-24,email,False,,False,
109265,verano_2024,2024-06-27,email,False,,False,
105345,verano_2024,2024-06-15,push,,,False,
101146,verano_2024,2024-06-29,email,False,,False,
109988,verano_2024,2024-06-22,sms,,,False,
113864,verano_2024,2024-06-18,push,,,True,2024-08-02
114352,verano_2024,2024-06-22,email,False,,False,
114047,verano_2024,2024-06-27,email,False,,False,
110352,verano_2024,2024-06-17,email,False,,False,
108363,verano_2024,2024-06-20,email,True,False,False,
104722,verano_2024,2024-06-18,email,False,,False,
101836,verano_2024,2024-06-23,email,False,,False,
115238,verano_2024,2024-06-29,email,True,False,True,2024-07-28
106320,verano_2024,2024-06-22,email,False,,False,
115232,verano_2024,2024-06-22,email,False,,False,
106170,verano_2024,2024-06-28,push,,,False,
113384,verano_2024,2024-06-17,sms,,,True,2024-08-06
100478,verano_2024,2024-06-24,Email,True,False,False,
105749,verano_2024,2024-06-26,email,False,,True,2024-08-19
104337,verano_2024,2024-06-18,email,False,,False,
108116,verano_2024,2024-06-17,email,False,,False,
110429,verano_2024,2024-06-15,Email,False,,False,
100643,verano_2024,2024-06-29,email,False,,False,
105043,verano_2024,2024-06-19,email,False,,False,
110414,verano_2024,2024-06-20,push,,,False,
114649,verano_2024,2024-06-18,email,False,,False,
101794,verano_2024,2024-06-26,email,True,False,False,
101693,verano_2024,2024-06-16,email,False,,False,
105181,verano_2024,2024-06-28,email,False,,True,2024-07-08
100494,verano_2024,2024-06-18,email,True,False,False,
101464,verano_2024,2024-06-28,sms,,,False,
112849,verano_2024,2024-06-20,email,False,,False,
108522,verano_2024,2024-06-18,email,False,,False,
108541,verano_2024,2024-06-24,email,False,,False,
114842,verano_2024,2024-06-24,email,False,,False,
115181,verano_2024,2024-06-25,email,False,,False,
105567,verano_2024,2024-06-29,email,False,,False,
102288,verano_2024,2024-06-26,email,False,,False,
108110,verano_2024,2024-06-20,push,,,False,
106331,verano_2024,2024-06-29,push,,,True,2024-08-28
111954,verano_2024,2024-06-24,email,False,,False,
100966,verano_2024,2024-06-24,sms,,,False,
106662,verano_2024,2024-06-22,email,True,False,False,
106888,verano_2024,2024-06-27,email,False,,False,
100439,verano_2024,2024-06-29,email,True,False,False,
104451,verano_2024,2024-06-28,sms,,,False,
114029,verano_2024,2024-06-28,email,False,,False,
105184,verano_2024,2024-06-19,push,,,True,2024-08-06
104747,verano_2024,2024-06-19,email,True,True,False,
100468,verano_2024,2024-06-29,push,,,False,
113239,verano_2024,2024-06-16,email,True,False,False,
103752,verano_2024,2024-06-22,email,True,False,False,
104982,verano_2024,2024-06-18,push,,,False,
100757,verano_2024,2024-06-29,email,True,True,False,
104996,verano_2024,2024-06-15,email,False,,False,
102689,verano_2024,2024-06-25,email,True,False,False,
107256,verano_2024,2024-06-23,email,True,False,False,
105360,verano_2024,2024-06-23,email,False,,False,
103959,verano_2024,2024-06-21,email,False,,False,
106591,verano_2024,2024-06-28,push,,,True,2024-07-19
112013,verano_2024,2024-06-26,email,False,,True,2024-07-18
101375,verano_2024,2024-06-27,email,True,False,False,
109922,verano_2024,2024-06-23,email,False,,False,
110032,verano_2024,2024-06-26,email,True,False,False,
111190,verano_2024,2024-06-28,sms,,,False,
115046,verano_2024,2024-06-25,push,,,False,
104903,verano_2024,2024-06-17,email,True,False,False,
112356,verano_2024,2024-06-29,sms,,,True,2024-08-20
114063,verano_2024,2024-06-25,email,True,False,False,
106718,verano_2024,2024-06-19,email,True,False,False,
102187,verano_2024,2024-06-24,push,,,False,
110359,verano_2024,2024-06-20,email,False,,False,
106190,verano_2024,2024-06-17,Email,False,,False,
108744,verano_2024,2024-06-29,email,False,,False,
101433,verano_2024,2024-06-18,push,,,False,
111283,verano_2024,2024-06-22,push,,,True,
107853,verano_2024,2024-06-23,email,False,,False,
107972,verano_2024,2024-06-29,email,False,,True,2024-07-10
106885,verano_2024,2024-06-20,email,True,True,False,
114056,verano_2024,2024-06-18,email,True,True,True,2024-08-14
102103,verano_2024,2024-06-27,email,False,,False,
112372,verano_2024,2024-06-21,push,,,True,2024-07-21
107918,verano_2024,2024-06-27,email,False,,False,
103892,verano_2024,2024-06-23,push,,,True,2024-07-30
101996,verano_2024,2024-06-17,sms,,,False,
102953,verano_2024,2024-06-29,email,False,,False,
105358,verano_2024,2024-06-19,sms,,,False,
113619,verano_2024,2024-06-21,push,,,False,
107842,verano_2024,2024-06-22,push,,,True,2024-07-20
114811,verano_2024,2024-06-15,email,False,,False,
108652,verano_2024,2024-06-25,push,,,False,
102448,verano_2024,2024-06-26,push,,,True,2024-08-20
112173,verano_2024,2024-06-15,email,False,,True,2024-08-13
104732,verano_2024,2024-06-29,sms,,,True,2024-07-13
107654,verano_2024,2024-06-25,email,False,,False,
114552,verano_2024,2024-06-18,push,,,False,
113767,verano_2024,2024-06-18,email,False,,False,
113098,verano_2024,2024-06-26,email,False,,False,
113783,verano_2024,2024-06-17,email,True,False,False,
109287,verano_2024,2024-06-23,email,True,True,False,
107255,verano_2024,2024-06-24,email,False,,False,
108189,verano_2024,2024-06-21,email,False,,False,
113257,verano_2024,2024-06-29,email,True,True,False,
111819,verano_2024,2024-06-24,email,True,True,False,
108831,verano_2024,2024-06-27,email,True,False,False,
109441,verano_2024,2024-06-19,email,False,,False,
100135,verano_2024,2024-06-15,email,True,False,False,
108170,verano_2024,2024-06-18,email,True,False,False,
100800,verano_2024,2024-06-15,Email,False,,False,
110001,verano_2024,2024-06-23,email,False,,False,
100428,verano_2024,2024-06-19,sms,,,True,2024-08-06
109775,verano_2024,2024-06-26,email,True,True,False,
107909,verano_2024,2024-06-26,push,,,True,2024-07-11
108292,verano_2024,2024-06-26,email,False,,False,
109488,verano_2024,2024-06-21,email,True,True,False,
114304,verano_2024,2024-06-18,email,False,,False,
101256,verano_2024,2024-06-17,Email,True,False,False,
108987,verano_2024,2024-06-28,push,,,False,
115105,verano_2024,2024-06-22,email,True,False,False,
109485,verano_2024,2024-06-23,email,True,False,True,2024-08-21
107467,verano_2024,2024-06-26,Email,False,,False,
106226,verano_2024,2024-06-16,push,,,False,
103132,verano_2024,2024-06-19,sms,,,True,2024-07-06
101927,verano_2024,2024-06-23,email,False,,False,
112294,verano_2024,2024-06-17,email,False,,False,
103038,verano_2024,2024-06-21,push,,,True,2024-07-17
109831,verano_2024,2024-06-20,email,False,,False,
108138,verano_2024,2024-06-25,push,,,False,
109229,verano_2024,2024-06-21,email,False,,False,
112010,verano_2024,2024-06-26,push,,,False,
110688,verano_2024,2024-06-28,email,True,False,False,
107016,verano_2024,2024-06-17,push,,,True,
105881,verano_2024,2024-06-16,push,,,False,
108625,verano_2024,2024-06-21,email,True,True,False,
105708,verano_2024,2024-06-22,push,,,True,2024-08-27
103747,verano_2024,2024-06-27,email,True,False,False,
112274,verano_2024,2024-06-18,email,True,True,False,
112154,verano_2024,2024-06-20,push,,,False,
113241,verano_2024,2024-06-25,email,True,False,False,
113700,verano_2024,2024-06-15,sms,,,True,2024-08-07
104097,verano_2024,2024-06-29,push,,,False,
105850,verano_2024,2024-06-20,email,False,,False,
111409,verano_2024,2024-06-24,email,False,,False,
112752,verano_2024,2024-06-20,email,False,,False,
103504,verano_2024,2024-06-27,sms,,,True,2024-07-22
111380,verano_2024,2024-06-21,email,True,False,False,
112397,verano_2024,2024-06-21,push,,,False,
106260,verano_2024,2024-06-19,email,False,,False,
106120,verano_2024,2024-06-25,email,False,,False,
102315,verano_2024,2024-06-16,email,False,,False,
109628,verano_2024,2024-06-22,email,True,False,False,
110704,verano_2024,2024-06-18,email,True,False,False,
102019,verano_2024,2024-06-27,email,False,,False,
104801,verano_2024,2024-06-15,email,False,,False,
113848,verano_2024,2024-06-17,sms,,,False,
109387,verano_2024,2024-06-20,sms,,,True,2024-07-02
104610,verano_2024,2024-06-25,email,False,,False,
110244,verano_2024,2024-06-18,push,,,False,
110798,verano_2024,2024-06-28,email,False,,False,
104650,verano_2024,2024-06-23,email,False,,False,
104338,verano_2024,2024-06-24,email,True,False,False,
110336,verano_2024,2024-06-17,email,True,True,True,2024-08-05
103640,verano_2024,2024-06-23,email,True,True,False,
108861,verano_2024,2024-06-27,email,True,True,False,
109157,verano_2024,2024-06-26,Email,False,,False,
110924,verano_2024,2024-06-27,email,True,False,False,
109672,verano_2024,2024-06-17,email,True,False,False,
103449,verano_2024,2024-06-19,email,True,False,False,
113188,verano_2024,2024-06-26,email,True,True,True,2024-08-16
100044,verano_2024,2024-06-22,email,True,False,False,
100018,verano_2024,2024-06-26,push,,,False,
110145,verano_2024,2024-06-29,email,False,,False,
101884,verano_2024,2024-06-28,push,,,False,
110361,verano_2024,2024-06-15,email,True,False,False,
102373,verano_2024,2024-06-16,email,True,False,False,
113003,verano_2024,2024-06-19,push,,,False,
112920,verano_2024,2024-06-24,email,False,,False,
108194,verano_2024,2024-06-21,email,False,,False,
109653,verano_2024,2024-06-26,email,False,,False,
104095,verano_2024,2024-06-20,email,True,False,False,
106951,verano_2024,2024-06-15,push,,,True,2024-07-30
106561,verano_2024,2024-06-27,email,True,True,False,
112479,verano_2024,2024-06-22,email,True,False,False,
114492,verano_2024,2024-06-28,email,True,False,False,
109876,verano_2024,2024-06-29,push,,,False,
107059,verano_2024,2024-06-26,email,False,,False,
103306,verano_2024,2024-06-20,email,False,,False,
102909,verano_2024,2024-06-19,push,,,False,
100444,verano_2024,2024-06-17,email,True,False,False,
113526,verano_2024,2024-06-21,push,,,False,
104476,verano_2024,2024-06-18,sms,,,True,2024-08-11
101421,verano_2024,2024-06-24,email,False,,False,
110597,verano_2024,2024-06-18,push,,,False,
110045,verano_2024,2024-06-27,sms,,,False,
113255,verano_2024,2024-06-20,email,True,True,False,
114297,verano_2024,2024-06-25,push,,,True,2024-07-19
100431,verano_2024,2024-06-25,email,True,False,False,
106868,verano_2024,2024-06-23,email,True,False,False,
107018,verano_2024,2024-06-23,push,,,True,2024-07-16
102329,verano_2024,2024-06-27,email,False,,False,
105874,verano_2024,2024-06-18,email,True,True,False,
100578,verano_2024,2024-06-23,email,False,,True,2024-07-22
104234,verano_2024,2024-06-24,push,,,True,2024-07-31
100685,verano_2024,2024-06-22,email,False,,False,
114151,verano_2024,2024-06-23,email,True,False,False,
103786,verano_2024,2024-06-21,email,False,,False,
104673,verano_2024,2024-06-24,email,False,,False,
109857,verano_2024,2024-06-29,email,True,False,False,
108301,verano_2024,2024-06-25,email,False,,False,
100797,verano_2024,2024-06-25,email,True,False,False,
108689,verano_2024,2024-06-15,email,True,True,False,
107901,verano_2024,2024-06-28,email,False,,False,
109413,verano_2024,2024-06-16,email,True,False,True,2024-08-14
109846,verano_2024,2024-06-25,email,True,True,True,2024-08-12
112993,verano_2024,2024-06-16,email,False,,False,
112759,verano_2024,2024-06-23,sms,,,False,
114226,verano_2024,2024-06-20,email,False,,False,
111964,verano_2024,2024-06-29,email,True,False,True,2024-07-11
107908,verano_2024,2024-06-25,email,True,False,False,
113699,verano_2024,2024-06-22,email,True,False,False,
111354,verano_2024,2024-06-15,email,True,True,False,
101655,verano_2024,2024-06-29,push,,,True,2024-08-26
107757,verano_2024,2024-06-28,email,False,,False,
111388,verano_2024,2024-06-20,email,False,,False,
111778,verano_2024,2024-06-17,push,,,False,
100592,verano_2024,2024-06-16,email,True,True,True,
107657,verano_2024,2024-06-15,push,,,False,
102393,verano_2024,2024-06-23,email,True,True,True,2024-07-27
102222,verano_2024,2024-06-17,sms,,,False,
112659,verano_2024,2024-06-18,email,True,True,False,
104718,verano_2024,2024-06-18,email,False,,True,2024-07-01
110331,verano_2024,2024-06-24,email,True,True,True,
112767,verano_2024,2024-06-25,email,False,,False,
104631,verano_2024,2024-06-29,email,False,,False,
112634,verano_2024,2024-06-29,email,True,True,False,
112563,verano_2024,2024-06-15,push,,,False,
110408,verano_2024,2024-06-17,email,False,,False,
114759,verano_2024,2024-06-29,email,True,False,False,
109146,verano_2024,2024-06-15,push,,,False,
111458,verano_2024,2024-06-23,email,False,,False,
111077,verano_2024,2024-06-17,push,,,False,
108640,verano_2024,2024-06-28,email,False,,False,
105964,verano_2024,2024-06-29,email,False,,False,
105768,verano_2024,2024-06-21,email,True,False,False,
105586,verano_2024,2024-06-25,push,,,True,2024-08-16
105726,verano_2024,2024-06-21,email,True,True,True,2024-07-14
104639,verano_2024,2024-06-24,email,False,,False,
103541,verano_2024,2024-06-28,email,False,,False,
104803,verano_2024,2024-06-26,email,False,,False,
113486,verano_2024,2024-06-28,push,,,False,
101161,verano_2024,2024-06-18,email,False,,False,
112579,verano_2024,2024-06-21,push,,,False,
115087,verano_2024,2024-06-25,sms,,,True,2024-08-09
111221,verano_2024,2024-06-19,email,True,False,False,
112286,verano_2024,2024-06-16,email,False,,True,2024-07-14
111399,verano_2024,2024-06-26,email,True,True,True,
111656,verano_2024,2024-06-16,push,,,False,
108564,verano_2024,2024-06-20,push,,,False,
107723,verano_2024,2024-06-22,email,False,,False,
101330,verano_2024,2024-06-29,push,,,False,
105551,verano_2024,2024-06-19,email,False,,False,
105382,verano_2024,2024-06-23,email,False,,False,
103773,verano_2024,2024-06-23,email,False,,False,
113331,verano_2024,2024-06-25,push,,,False,
111341,verano_2024,2024-06-17,email,False,,False,
101887,verano_2024,2024-06-26,push,,,False,
100624,verano_2024,2024-06-23,push,,,False,
109193,verano_2024,2024-06-19,push,,,False,
101340,verano_2024,2024-06-26,push,,,False,
114082,verano_2024,2024-06-23,push,,,False,
110494,verano_2024,2024-06-22,email,False,,False,
103081,verano_2024,2024-06-21,email,False,,False,
111627,verano_2024,2024-06-16,push,,,True,2024-07-21
103795,verano_2024,2024-06-29,email,True,False,False,
101502,verano_2024,2024-06-21,Email,False,,False,
104520,verano_2024,2024-06-22,email,False,,False,
109712,verano_2024,2024-06-22,push,,,False,
109689,verano_2024,2024-06-18,email,False,,False,
106665,verano_2024,2024-06-23,push,,,True,2024-08-14
112051,verano_2024,2024-06-21,email,False,,False,
108332,verano_2024,2024-06-19,sms,,,False,
102533,verano_2024,2024-06-24,push,,,False,
107781,verano_2024,2024-06-21,email,False,,False,
106801,verano_2024,2024-06-18,email,True,False,False,
112793,verano_2024,2024-06-19,email,True,False,False,
108415,verano_2024,2024-06-19,email,False,,False,
115192,verano_2024,2024-06-24,email,False,,False,
113424,verano_2024,2024-06-23,email,True,False,False,
108927,verano_2024,2024-06-24,email,False,,False,
114203,verano_2024,2024-06-21,email,True,False,False,
110412,verano_2024,2024-06-15,push,,,True,2024-07-05
104239,verano_2024,2024-06-29,email,True,False,True,2024-07-26
112096,verano_2024,2024-06-15,email,False,,False,
112581,verano_2024,2024-06-25,email,False,,False,
112890,verano_2024,2024-06-26,email,False,,False,
101473,verano_2024,2024-06-29,email,False,,False,
112321,verano_2024,2024-06-28,email,True,False,False,
112429,verano_2024,2024-06-27,sms,,,True,2024-08-15
100850,verano_2024,2024-06-23,email,False,,False,
111892,verano_2024,2024-06-16,sms,,,False,
114602,verano_2024,2024-06-20,email,False,,False,
113713,verano_2024,2024-06-24,Email,False,,False,
109252,verano_2024,2024-06-26,email,True,False,False,
102211,verano_2024,2024-06-28,sms,,,False,
110983,verano_2024,2024-06-22,push,,,False,
103527,verano_2024,2024-06-16,email,True,False,False,
103203,verano_2024,2024-06-15,sms,,,False,
108010,verano_2024,2024-06-22,email,False,,False,
113968,verano_2024,2024-06-20,email,False,,False,
105035,verano_2024,2024-06-19,push,,,False,
103425,verano_2024,2024-06-29,email,True,False,False,
100415,verano_2024,2024-06-25,push,,,True,2024-07-18
106254,verano_2024,2024-06-25,email,True,False,False,
108499,verano_2024,2024-06-27,Email,True,True,False,
107458,verano_2024,2024-06-25,email,True,True,True,2024-08-28
107515,verano_2024,2024-06-18,email,True,False,True,2024-08-27
112462,verano_2024,2024-06-19,email,True,False,False,
102095,verano_2024,2024-06-26,sms,,,False,
107259,verano_2024,2024-06-25,email,True,False,False,
111147,verano_2024,2024-06-29,email,True,False,False,
105378,verano_2024,2024-06-15,email,False,,False,
102341,verano_2024,2024-06-27,push_notification,,,False,
100266,verano_2024,2024-06-28,Email,False,,True,2024-08-04
107370,verano_2024,2024-06-18,push,,,False,
111875,verano_2024,2024-06-20,email,True,False,False,
111295,verano_2024,2024-06-25,email,False,,False,
104626,verano_2024,2024-06-15,push,,,False,
106467,verano_2024,2024-06-27,push,,,True,2024-07-12
106803,verano_2024,2024-06-21,email,False,,False,
103543,verano_2024,2024-06-29,push,,,True,2024-08-11
106805,verano_2024,2024-06-18,sms,,,True,2024-07-10
112803,verano_2024,2024-06-21,sms,,,False,
115012,verano_2024,2024-06-26,push,,,True,2024-07-01
102143,verano_2024,2024-06-24,push,,,False,
103852,verano_2024,2024-06-15,email,True,False,False,
109594,verano_2024,2024-06-16,email,True,True,False,
101083,verano_2024,2024-06-18,Email,False,,False,
101672,verano_2024,2024-06-18,sms,,,False,
110797,verano_2024,2024-06-17,email,False,,False,
109647,verano_2024,2024-06-24,email,False,,False,
104808,verano_2024,2024-06-16,push,,,False,
113387,verano_2024,2024-06-17,email,False,,False,
101504,verano_2024,2024-06-20,email,False,,False,
101972,verano_2024,2024-06-16,email,False,,True,2024-08-27
113778,verano_2024,2024-06-21,email,False,,False,
103799,verano_2024,2024-06-20,push,,,False,
114468,verano_2024,2024-06-20,push,,,False,
100695,verano_2024,2024-06-28,push,,,False,
103856,verano_2024,2024-06-29,sms,,,False,
112307,verano_2024,2024-06-25,email,False,,False,
105932,verano_2024,2024-06-23,sms,,,False,
111306,verano_2024,2024-06-27,push,,,False,
109694,verano_2024,2024-06-19,sms,,,False,
106577,verano_2024,2024-06-17,push,,,False,
103095,verano_2024,2024-06-19,email,False,,False,
108969,verano_2024,2024-06-27,push,,,False,
108960,verano_2024,2024-06-29,push,,,False,
113703,verano_2024,2024-06-24,email,False,,False,
106492,verano_2024,2024-06-24,email,True,True,False,
105146,verano_2024,2024-06-15,email,True,False,False,
106828,verano_2024,2024-06-19,email,False,,True,2024-07-19
103245,verano_2024,2024-06-24,email,True,False,False,
103101,verano_2024,2024-06-16,push,,,False,
110380,verano_2024,2024-06-17,email,False,,False,
103564,verano_2024,2024-06-18,email,False,,False,
105759,verano_2024,2024-06-22,sms,,,False,
106456,verano_2024,2024-06-18,email,False,,False,
111043,verano_2024,2024-06-28,email,True,False,False,
111823,verano_2024,2024-06-16,email,True,True,True,2024-08-23
114525,verano_2024,2024-06-28,sms,,,False,
113565,verano_2024,2024-06-23,push,,,False,
113234,verano_2024,2024-06-18,sms,,,False,
109902,verano_2024,2024-06-18,email,False,,False,
114319,verano_2024,2024-06-21,email,True,False,True,2024-07-05
109705,verano_2024,2024-06-21,email,False,,False,
114215,verano_2024,2024-06-22,sms,,,False,
112228,verano_2024,2024-06-22,email,True,False,False,
112285,verano_2024,2024-06-29,email,True,False,False,
105026,verano_2024,2024-06-17,sms,,,True,2024-07-29
103232,verano_2024,2024-06-23,email,False,,False,
110360,verano_2024,2024-06-20,email,True,False,False,
112063,verano_2024,2024-06-22,email,False,,False,
102485,verano_2024,2024-06-28,email,True,True,False,
111219,verano_2024,2024-06-26,Email,False,,False,
110469,verano_2024,2024-06-22,push,,,False,
100953,verano_2024,2024-06-15,push,,,False,
112224,verano_2024,2024-06-27,email,False,,False,
110621,verano_2024,2024-06-21,email,True,False,False,
103410,verano_2024,2024-06-18,push,,,False,
105929,verano_2024,2024-06-25,email,True,False,False,
101719,verano_2024,2024-06-22,email,False,,False,
112048,verano_2024,2024-06-16,sms,,,True,2024-07-16
110564,verano_2024,2024-06-15,push_notification,,,False,
108507,verano_2024,2024-06-24,email,True,False,False,
106139,verano_2024,2024-06-17,email,False,,False,
111244,verano_2024,2024-06-29,Email,True,False,False,
111193,verano_2024,2024-06-20,email,False,,False,
110467,verano_2024,2024-06-16,email,False,,False,
111559,verano_2024,2024-06-29,email,False,,False,
102565,verano_2024,2024-06-22,push,,,False,
105166,verano_2024,2024-06-26,email,False,,False,
101147,verano_2024,2024-06-15,email,True,False,False,
101938,verano_2024,2024-06-25,SMS,,,True,2024-08-27
107457,verano_2024,2024-06-23,email,False,,False,
101032,verano_2024,2024-06-27,sms,,,False,
103885,verano_2024,2024-06-17,email,True,True,False,
108154,verano_2024,2024-06-18,email,True,True,True,2024-07-03
105397,verano_2024,2024-06-18,Email,True,True,False,
108493,verano_2024,2024-06-20,email,False,,False,
108172,verano_2024,2024-06-27,email,False,,False,
112143,verano_2024,2024-06-19,sms,,,False,
108526,verano_2024,2024-06-17,push,,,False,
103859,verano_2024,2024-06-26,push,,,False,
100097,verano_2024,2024-06-26,push,,,False,
114043,verano_2024,2024-06-27,email,True,False,False,
103131,verano_2024,2024-06-24,sms,,,False,
102475,verano_2024,2024-06-27,push_notification,,,False,
103932,verano_2024,2024-06-15,email,True,False,False,
102628,verano_2024,2024-06-15,sms,,,True,2024-07-17
103774,verano_2024,2024-06-20,email,True,True,False,
102240,verano_2024,2024-06-24,email,False,,False,
110770,verano_2024,2024-06-23,Email,False,,True,2024-07-16
113912,verano_2024,2024-06-27,email,False,,False,
111738,verano_2024,2024-06-28,push,,,False,
110613,verano_2024,2024-06-27,email,False,,False,
114444,verano_2024,2024-06-21,email,True,False,False,
103028,verano_2024,2024-06-21,email,False,,False,
108953,verano_2024,2024-06-20,email,True,True,False,
102390,verano_2024,2024-06-23,email,True,True,True,2024-08-23
105606,verano_2024,2024-06-19,email,False,,False,
108938,verano_2024,2024-06-19,push,,,True,2024-07-08
101593,verano_2024,2024-06-28,email,False,,False,
102392,verano_2024,2024-06-20,sms,,,False,
103083,verano_2024,2024-06-26,email,False,,False,
108963,verano_2024,2024-06-23,email,False,,False,
109732,verano_2024,2024-06-27,email,True,True,False,
104823,verano_2024,2024-06-20,email,True,True,False,
108574,verano_2024,2024-06-24,Email,True,False,False,
113818,verano_2024,2024-06-23,email,False,,False,
105406,verano_2024,2024-06-25,email,True,True,True,2024-08-27
110267,verano_2024,2024-06-21,push,,,True,2024-07-06
100870,verano_2024,2024-06-21,push,,,False,
102902,verano_2024,2024-06-28,email,False,,False,
104100,verano_2024,2024-06-19,email,False,,False,
112527,verano_2024,2024-06-15,email,True,True,False,
112718,verano_2024,2024-06-22,push,,,True,2024-08-16
102541,verano_2024,2024-06-22,email,False,,False,
114105,verano_2024,2024-06-24,push,,,False,
113325,verano_2024,2024-06-17,email,False,,False,
104920,verano_2024,2024-06-20,email,True,False,False,
115097,verano_2024,2024-06-27,email,True,False,False,
102355,verano_2024,2024-06-24,Email,False,,False,
106307,verano_2024,2024-06-25,email,True,False,False,
104748,verano_2024,2024-06-17,email,False,,False,
107589,verano_2024,2024-06-20,email,False,,False,
112760,verano_2024,2024-06-29,email,False,,False,
104185,verano_2024,2024-06-24,email,True,False,False,
113016,verano_2024,2024-06-17,push,,,False,
102577,verano_2024,2024-06-20,email,True,False,False,
107635,verano_2024,2024-06-24,email,False,,False,
109956,verano_2024,2024-06-20,email,False,,False,
110417,verano_2024,2024-06-15,email,False,,False,
109612,verano_2024,2024-06-16,email,False,,False,
105716,verano_2024,2024-06-29,email,True,False,False,
110944,verano_2024,2024-06-23,sms,,,False,
101282,verano_2024,2024-06-26,sms,,,False,
106426,verano_2024,2024-06-22,push,,,True,2024-07-02
108277,verano_2024,2024-06-21,email,False,,False,
111700,verano_2024,2024-06-28,push,,,False,
111814,verano_2024,2024-06-25,push,,,True,2024-08-09
109148,verano_2024,2024-06-17,email,False,,False,
105195,verano_2024,2024-06-23,email,False,,False,
114437,verano_2024,2024-06-21,email,False,,False,
110546,verano_2024,2024-06-24,email,True,False,False,
115034,verano_2024,2024-06-25,email,False,,False,
100416,verano_2024,2024-06-17,push,,,True,2024-07-09
104915,verano_2024,2024-06-27,email,True,False,False,
106978,verano_2024,2024-06-20,email,False,,False,
113903,verano_2024,2024-06-26,Email,False,,False,
100711,verano_2024,2024-06-25,email,False,,True,2024-07-09
106919,verano_2024,2024-06-24,push,,,False,
103529,verano_2024,2024-06-20,email,False,,False,
104504,verano_2024,2024-06-26,email,True,True,False,
102529,verano_2024,2024-06-23,email,True,False,False,
114564,verano_2024,2024-06-18,email,False,,False,
105704,verano_2024,2024-06-26,email,True,False,False,
113716,verano_2024,2024-06-24,push,,,False,
102894,verano_2024,2024-06-23,email,True,False,False,
111439,verano_2024,2024-06-29,email,False,,False,
109011,verano_2024,2024-06-15,push,,,False,
111926,verano_2024,2024-06-26,email,True,False,False,
110585,verano_2024,2024-06-15,email,False,,False,
110112,verano_2024,2024-06-25,email,False,,False,
104092,verano_2024,2024-06-24,email,False,,False,
113706,verano_2024,2024-06-22,email,True,False,False,
102889,verano_2024,2024-06-19,push,,,False,
112663,verano_2024,2024-06-26,email,False,,False,
101524,verano_2024,2024-06-26,email,False,,False,
108721,verano_2024,2024-06-29,email,False,,False,
107736,verano_2024,2024-06-24,email,False,,False,
112775,verano_2024,2024-06-29,email,True,False,False,
101407,verano_2024,2024-06-22,email,True,False,True,2024-07-03
113753,verano_2024,2024-06-20,push,,,False,
105047,verano_2024,2024-06-21,email,False,,False,
111568,verano_2024,2024-06-19,email,True,False,False,
110128,verano_2024,2024-06-24,email,False,,False,
107557,verano_2024,2024-06-24,email,False,,False,
101812,verano_2024,2024-06-27,push,,,False,
113781,verano_2024,2024-06-28,email,True,False,False,
109162,verano_2024,2024-06-21,push,,,False,
111431,verano_2024,2024-06-23,email,False,,False,
107517,verano_2024,2024-06-29,email,True,False,False,
111934,verano_2024,2024-06-28,push,,,False,
104689,verano_2024,2024-06-22,email,True,False,False,
112906,verano_2024,2024-06-15,push,,,False,
114191,verano_2024,2024-06-18,push,,,True,2024-07-21
111959,verano_2024,2024-06-26,email,False,,True,2024-08-28
101487,verano_2024,2024-06-22,push,,,True,2024-08-06
105461,verano_2024,2024-06-28,email,False,,False,
106988,verano_2024,2024-06-16,email,False,,False,
100775,verano_2024,2024-06-20,sms,,,False,
101632,verano_2024,2024-06-27,email,True,True,False,
105860,verano_2024,2024-06-17,email,False,,False,
106384,verano_2024,2024-06-23,email,True,False,False,
100470,verano_2024,2024-06-24,push,,,False,
113599,verano_2024,2024-06-23,push,,,False,
108630,verano_2024,2024-06-15,Email,False,,True,2024-08-30
110087,verano_2024,2024-06-19,push,,,True,2024-07-07
113252,verano_2024,2024-06-18,push,,,False,
112355,verano_2024,2024-06-17,email,False,,False,
110099,verano_2024,2024-06-16,email,True,False,False,
114025,verano_2024,2024-06-17,email,False,,False,
100599,verano_2024,2024-06-21,email,False,,False,
104563,verano_2024,2024-06-15,push,,,True,2024-07-05
107488,verano_2024,2024-06-22,push,,,False,
108514,verano_2024,2024-06-29,email,False,,False,
107500,verano_2024,2024-06-15,email,False,,False,
104660,verano_2024,2024-06-20,email,False,,False,
101906,verano_2024,2024-06-18,email,False,,False,
105083,verano_2024,2024-06-28,push,,,False,
107991,verano_2024,2024-06-15,email,False,,False,
104685,verano_2024,2024-06-22,email,False,,False,
107727,verano_2024,2024-06-16,sms,,,True,2024-07-19
110382,verano_2024,2024-06-19,email,True,False,False,
107426,verano_2024,2024-06-23,email,False,,False,
108013,verano_2024,2024-06-22,push,,,False,
113379,verano_2024,2024-06-25,email,True,True,False,
112632,verano_2024,2024-06-25,email,False,,False,
104820,verano_2024,2024-06-25,sms,,,True,2024-07-30
108012,verano_2024,2024-06-20,push,,,False,
105804,verano_2024,2024-06-27,push,,,True,2024-07-04
113658,verano_2024,2024-06-15,email,False,,False,
108078,verano_2024,2024-06-16,push,,,True,2024-07-28
108352,verano_2024,2024-06-21,sms,,,False,
105564,verano_2024,2024-06-17,email,False,,False,
113664,verano_2024,2024-06-26,push,,,True,2024-07-22
114530,verano_2024,2024-06-23,email,True,False,False,
109248,verano_2024,2024-06-21,push,,,False,
102838,verano_2024,2024-06-22,email,False,,False,
106861,verano_2024,2024-06-23,email,False,,False,
108184,verano_2024,2024-06-17,push,,,False,
103219,verano_2024,2024-06-26,email,False,,False,
103574,verano_2024,2024-06-29,email,True,False,False,
103133,verano_2024,2024-06-18,sms,,,False,
106823,verano_2024,2024-06-16,email,True,False,False,
103521,verano_2024,2024-06-20,push,,,True,2024-08-01
114367,verano_2024,2024-06-22,email,True,False,False,
102589,verano_2024,2024-06-24,push,,,False,
103339,verano_2024,2024-06-26,email,False,,False,
104696,verano_2024,2024-06-23,push,,,False,
110620,verano_2024,2024-06-19,email,True,False,False,
103354,verano_2024,2024-06-20,email,False,,False,
104309,verano_2024,2024-06-22,email,True,True,False,
101759,verano_2024,2024-06-19,push,,,False,
112059,verano_2024,2024-06-28,email,True,True,False,
110764,verano_2024,2024-06-23,email,False,,True,2024-07-21
100853,verano_2024,2024-06-19,email,True,False,True,2024-07-24
101495,verano_2024,2024-06-26,sms,,,True,2024-07-27
108774,verano_2024,2024-06-19,push,,,False,
108547,verano_2024,2024-06-27,email,False,,False,
102465,verano_2024,2024-06-23,SMS,,,False,
113397,verano_2024,2024-06-15,push,,,True,2024-08-07
111302,verano_2024,2024-06-21,push,,,False,
109423,verano_2024,2024-06-29,push,,,False,
107863,verano_2024,2024-06-25,email,False,,False,
107497,verano_2024,2024-06-19,push,,,False,
107921,verano_2024,2024-06-29,email,False,,True,2024-07-02
105997,verano_2024,2024-06-17,email,False,,False,
104609,verano_2024,2024-06-25,Email,False,,False,
112118,verano_2024,2024-06-23,email,True,False,False,
109335,verano_2024,2024-06-25,email,True,False,False,
113460,verano_2024,2024-06-28,email,False,,False,
100501,verano_2024,2024-06-24,push,,,True,2024-07-25
112350,verano_2024,2024-06-21,sms,,,True,2024-08-14
106146,verano_2024,2024-06-25,push,,,True,2024-07-23
113489,verano_2024,2024-06-29,email,True,False,False,
101047,verano_2024,2024-06-26,email,False,,False,
108930,verano_2024,2024-06-22,email,True,True,False,
102634,verano_2024,2024-06-24,email,False,,False,
107513,verano_2024,2024-06-25,email,False,,False,
109573,verano_2024,2024-06-27,SMS,,,False,
113465,verano_2024,2024-06-25,email,True,False,False,
108495,verano_2024,2024-06-29,email,True,False,False,
111841,verano_2024,2024-06-23,email,False,,False,
105494,verano_2024,2024-06-26,sms,,,False,
107915,verano_2024,2024-06-18,push,,,False,
106984,verano_2024,2024-06-18,email,False,,False,
106204,verano_2024,2024-06-23,push,,,True,2024-07-29
100778,verano_2024,2024-06-27,Email,False,,False,
104937,verano_2024,2024-06-28,email,True,False,True,2024-07-15
114195,verano_2024,2024-06-17,push,,,False,
104020,verano_2024,2024-06-27,email,False,,False,
101195,verano_2024,2024-06-29,Email,True,True,False,
112178,verano_2024,2024-06-27,email,False,,False,
100052,verano_2024,2024-06-16,email,False,,False,
104979,verano_2024,2024-06-22,push,,,False,
102305,verano_2024,2024-06-26,push,,,False,
115106,verano_2024,2024-06-28,email,False,,False,
109378,verano_2024,2024-06-21,push,,,True,
114667,verano_2024,2024-06-17,email,False,,False,
101114,verano_2024,2024-06-15,push,,,False,
102983,verano_2024,2024-06-21,email,True,False,False,
100657,verano_2024,2024-06-27,email,True,True,True,2024-08-11
103255,verano_2024,2024-06-27,push,,,True,2024-08-23
101188,verano_2024,2024-06-28,email,False,,False,
104800,verano_2024,2024-06-28,email,False,,False,
111635,verano_2024,2024-06-26,email,False,,False,
114332,verano_2024,2024-06-23,email,False,,False,
100566,verano_2024,2024-06-27,email,False,,False,
104119,verano_2024,2024-06-24,email,False,,False,
109471,verano_2024,2024-06-20,email,False,,False,
100841,verano_2024,2024-06-27,email,False,,True,2024-07-03
103889,verano_2024,2024-06-15,email,True,False,False,
101643,verano_2024,2024-06-22,push,,,False,
111909,verano_2024,2024-06-19,email,True,False,False,
106181,verano_2024,2024-06-17,email,False,,False,
108808,verano_2024,2024-06-29,email,False,,True,
102667,verano_2024,2024-06-22,sms,,,False,
101973,verano_2024,2024-06-26,email,False,,False,
108978,verano_2024,2024-06-21,email,True,True,False,
108560,verano_2024,2024-06-23,sms,,,True,
101150,verano_2024,2024-06-29,email,False,,False,
104784,verano_2024,2024-06-25,Email,False,,False,
104093,verano_2024,2024-06-27,sms,,,False,
112074,verano_2024,2024-06-19,email,True,False,False,
109226,verano_2024,2024-06-22,push,,,True,2024-07-06
100766,verano_2024,2024-06-23,push,,,False,
105392,verano_2024,2024-06-25,email,False,,False,
108147,verano_2024,2024-06-18,email,False,,False,
106409,verano_2024,2024-06-19,email,False,,False,
103873,verano_2024,2024-06-16,push,,,False,
112533,verano_2024,2024-06-27,Email,False,,False,
110074,verano_2024,2024-06-23,push,,,False,
102621,verano_2024,2024-06-27,email,False,,False,
108248,verano_2024,2024-06-17,Email,False,,False,
109758,verano_2024,2024-06-25,sms,,,False,
103027,verano_2024,2024-06-19,email,False,,False,
105121,verano_2024,2024-06-19,push,,,True,2024-08-13
104103,verano_2024,2024-06-29,email,False,,False,
107020,verano_2024,2024-06-18,sms,,,False,
114702,verano_2024,2024-06-15,email,True,False,False,
111684,verano_2024,2024-06-26,email,False,,False,
114092,verano_2024,2024-06-28,push,,,True,2024-08-24
106144,verano_2024,2024-06-15,push_notification,,,False,
108021,verano_2024,2024-06-29,email,True,True,True,2024-07-30
108219,verano_2024,2024-06-18,email,False,,False,
102686,verano_2024,2024-06-18,email,True,True,False,
109744,verano_2024,2024-06-26,email,True,False,False,
110121,verano_2024,2024-06-15,email,True,False,False,
107347,verano_2024,2024-06-24,email,False,,True,2024-07-26
100912,verano_2024,2024-06-22,push,,,False,
113973,verano_2024,2024-06-25,email,False,,False,
113226,verano_2024,2024-06-18,email,True,False,False,
113771,verano_2024,2024-06-19,email,True,True,True,2024-07-13
101346,verano_2024,2024-06-24,email,True,True,False,
101445,verano_2024,2024-06-18,email,True,True,True,2024-07-11
106102,verano_2024,2024-06-16,sms,,,True,2024-08-07
103500,verano_2024,2024-06-24,push,,,False,
107318,verano_2024,2024-06-22,push,,,False,
113378,verano_2024,2024-06-26,push,,,False,
113119,verano_2024,2024-06-18,email,False,,False,
106217,verano_2024,2024-06-27,email,False,,False,
102423,verano_2024,2024-06-27,email,True,True,False,
105303,verano_2024,2024-06-16,push,,,False,
102733,verano_2024,2024-06-26,email,False,,False,
100081,verano_2024,2024-06-21,push,,,True,
104218,verano_2024,2024-06-26,email,True,False,False,
113904,verano_2024,2024-06-28,email,False,,False,
110865,verano_2024,2024-06-29,sms,,,True,2024-07-12
105113,verano_2024,2024-06-16,push,,,False,
105275,verano_2024,2024-06-16,push,,,False,
112252,verano_2024,2024-06-23,email,False,,False,
108371,verano_2024,2024-06-27,email,False,,False,
104740,verano_2024,2024-06-15,sms,,,False,
105291,verano_2024,2024-06-20,email,False,,False,
101573,verano_2024,2024-06-29,email,False,,True,2024-08-13
113497,verano_2024,2024-06-22,email,True,True,False,
100880,verano_2024,2024-06-28,email,True,False,False,
101579,verano_2024,2024-06-18,email,True,True,False,
106974,verano_2024,2024-06-15,email,True,False,False,
101510,verano_2024,2024-06-21,email,True,True,True,2024-07-22
101897,verano_2024,2024-06-15,push_notification,,,False,
107874,verano_2024,2024-06-24,email,False,,False,
108880,verano_2024,2024-06-21,push_notification,,,False,
104113,verano_2024,2024-06-25,push,,,True,2024-08-03
108797,verano_2024,2024-06-16,email,False,,False,
101846,verano_2024,2024-06-25,email,True,True,False,
105319,verano_2024,2024-06-25,email,True,True,True,2024-07-21
109437,verano_2024,2024-06-20,email,True,False,True,2024-08-21
109635,verano_2024,2024-06-20,email,False,,False,
107133,verano_2024,2024-06-18,sms,,,False,
114867,verano_2024,2024-06-18,push,,,False,
105615,verano_2024,2024-06-18,email,False,,False,
104743,verano_2024,2024-06-16,sms,,,False,
101739,verano_2024,2024-06-21,email,True,False,False,
114428,verano_2024,2024-06-15,push,,,True,2024-08-16
113639,verano_2024,2024-06-28,push,,,False,
107982,verano_2024,2024-06-16,email,True,True,True,2024-08-14
114652,verano_2024,2024-06-17,email,False,,False,
112621,verano_2024,2024-06-28,sms,,,True,2024-07-20
106282,verano_2024,2024-06-22,sms,,,True,2024-07-18
103615,verano_2024,2024-06-19,email,False,,False,
110616,verano_2024,2024-06-26,SMS,,,False,
102109,verano_2024,2024-06-26,email,True,False,False,
106715,verano_2024,2024-06-15,Email,False,,True,2024-07-14
108926,verano_2024,2024-06-20,sms,,,False,
114183,verano_2024,2024-06-16,email,False,,False,
104697,verano_2024,2024-06-26,email,False,,False,
114908,verano_2024,2024-06-27,Email,True,True,False,
108281,verano_2024,2024-06-15,email,False,,False,
109658,verano_2024,2024-06-21,sms,,,True,2024-07-26
104991,verano_2024,2024-06-25,push,,,True,2024-08-14
111818,verano_2024,2024-06-20,email,True,True,True,2024-07-16
113721,verano_2024,2024-06-21,email,False,,False,
108758,verano_2024,2024-06-22,push,,,False,
114259,verano_2024,2024-06-24,sms,,,False,
113346,verano_2024,2024-06-28,sms,,,True,2024-08-22
104326,verano_2024,2024-06-27,sms,,,True,2024-07-08
103220,verano_2024,2024-06-16,email,True,False,False,
114214,verano_2024,2024-06-18,email,False,,False,
107092,verano_2024,2024-06-18,email,False,,False,
113443,verano_2024,2024-06-15,SMS,,,False,
101194,verano_2024,2024-06-25,email,False,,True,2024-07-15
100046,verano_2024,2024-06-22,sms,,,True,2024-08-02
114871,verano_2024,2024-06-26,email,False,,False,
100977,verano_2024,2024-06-28,email,False,,False,
108736,verano_2024,2024-06-15,email,False,,False,
102964,verano_2024,2024-06-17,push,,,False,
101585,verano_2024,2024-06-15,sms,,,False,
114618,verano_2024,2024-06-15,email,True,False,False,
104516,verano_2024,2024-06-28,email,True,False,False,
113294,verano_2024,2024-06-22,push,,,True,2024-08-04
112196,verano_2024,2024-06-15,email,False,,False,
101976,verano_2024,2024-06-18,email,False,,True,2024-08-16
103913,verano_2024,2024-06-18,email,False,,False,
111653,verano_2024,2024-06-18,push,,,False,
114942,verano_2024,2024-06-20,email,True,False,False,
104412,verano_2024,2024-06-27,email,False,,False,
113358,verano_2024,2024-06-22,sms,,,False,
107278,verano_2024,2024-06-20,email,True,False,False,
113145,verano_2024,2024-06-29,push,,,False,
113137,verano_2024,2024-06-24,email,False,,False,
112127,verano_2024,2024-06-27,email,False,,False,
105217,verano_2024,2024-06-25,email,False,,False,
102841,verano_2024,2024-06-17,email,True,False,False,
110514,verano_2024,2024-06-27,push,,,True,2024-07-24
111201,verano_2024,2024-06-16,email,False,,False,
108290,verano_2024,2024-06-24,push,,,False,
110919,verano_2024,2024-06-20,push,,,True,2024-07-06
105203,verano_2024,2024-06-24,email,True,False,False,
114411,verano_2024,2024-06-23,sms,,,False,
115111,verano_2024,2024-06-15,email,False,,False,
113009,verano_2024,2024-06-28,push,,,False,
112934,verano_2024,2024-06-25,email,False,,True,2024-08-14
109316,verano_2024,2024-06-25,email,True,True,True,2024-07-05
104506,verano_2024,2024-06-16,email,True,False,False,
112780,verano_2024,2024-06-25,email,False,,False,
100038,verano_2024,2024-06-29,push,,,False,
100577,verano_2024,2024-06-24,email,False,,False,
105220,verano_2024,2024-06-15,email,True,False,False,
103989,verano_2024,2024-06-20,sms,,,False,
109059,verano_2024,2024-06-27,email,False,,False,
100714,verano_2024,2024-06-19,email,False,,False,
114953,verano_2024,2024-06-15,sms,,,True,2024-07-17
109989,verano_2024,2024-06-18,email,False,,False,
104355,verano_2024,2024-06-19,email,True,False,False,
102336,verano_2024,2024-06-21,email,False,,True,2024-07-09
104900,verano_2024,2024-06-15,email,True,False,True,2024-08-17
105136,verano_2024,2024-06-17,email,False,,False,
104421,verano_2024,2024-06-25,sms,,,False,
109905,verano_2024,2024-06-22,email,True,False,False,
108395,verano_2024,2024-06-25,email,True,True,False,
100882,verano_2024,2024-06-21,sms,,,False,
104901,verano_2024,2024-06-21,push_notification,,,True,2024-07-03
100568,verano_2024,2024-06-26,email,False,,False,
107890,verano_2024,2024-06-16,email,True,False,True,2024-08-23
113344,verano_2024,2024-06-24,email,False,,False,
102246,verano_2024,2024-06-22,email,False,,False,
105225,verano_2024,2024-06-16,email,True,True,True,2024-07-09
106889,verano_2024,2024-06-18,push,,,False,
104166,verano_2024,2024-06-18,sms,,,False,
108456,verano_2024,2024-06-26,email,True,False,False,
114968,verano_2024,2024-06-28,email,True,False,False,
114410,verano_2024,2024-06-29,email,False,,False,
108984,verano_2024,2024-06-20,push,,,False,
100240,verano_2024,2024-06-16,push,,,False,
105655,verano_2024,2024-06-22,push,,,False,
110127,verano_2024,2024-06-18,push,,,False,
114005,verano_2024,2024-06-23,email,True,True,False,
107182,verano_2024,2024-06-22,email,False,,False,
101598,verano_2024,2024-06-19,email,False,,False,
111469,verano_2024,2024-06-17,push,,,False,
109991,verano_2024,2024-06-20,email,False,,True,2024-07-27
101902,verano_2024,2024-06-19,email,True,True,True,2024-08-02
101181,verano_2024,2024-06-29,push,,,False,
114856,verano_2024,2024-06-21,push,,,True,2024-07-29
107615,verano_2024,2024-06-17,email,True,False,False,
103728,verano_2024,2024-06-19,Email,False,,False,
103007,verano_2024,2024-06-26,Email,False,,False,
109815,verano_2024,2024-06-24,email,False,,False,
102782,verano_2024,2024-06-24,email,False,,False,
110477,verano_2024,2024-06-20,email,False,,False,
108899,verano_2024,2024-06-27,push,,,False,
107461,verano_2024,2024-06-15,email,True,False,False,
114524,verano_2024,2024-06-29,Email,False,,False,
112069,verano_2024,2024-06-17,sms,,,False,
114990,verano_2024,2024-06-22,email,False,,False,
102830,verano_2024,2024-06-23,email,False,,False,
109895,verano_2024,2024-06-21,email,True,True,True,2024-08-13
105609,verano_2024,2024-06-25,push,,,False,
105702,verano_2024,2024-06-15,email,False,,False,
108575,verano_2024,2024-06-28,push,,,False,
104220,verano_2024,2024-06-22,push,,,True,2024-08-22
112353,verano_2024,2024-06-20,push,,,False,
113342,verano_2024,2024-06-22,sms,,,False,
113300,verano_2024,2024-06-25,push,,,False,
105872,verano_2024,2024-06-17,push,,,False,
103414,verano_2024,2024-06-21,email,True,True,False,
105352,verano_2024,2024-06-21,email,False,,False,
100907,verano_2024,2024-06-29,email,True,True,False,
111461,verano_2024,2024-06-20,email,False,,False,
103694,verano_2024,2024-06-18,email,False,,False,
114457,verano_2024,2024-06-23,sms,,,False,
103119,verano_2024,2024-06-27,email,True,True,False,
113812,verano_2024,2024-06-16,email,True,False,False,
115202,verano_2024,2024-06-24,push,,,False,
106557,verano_2024,2024-06-22,email,True,True,False,
107748,verano_2024,2024-06-22,push,,,False,
105831,verano_2024,2024-06-21,email,True,False,False,
112738,verano_2024,2024-06-22,email,True,False,False,
106806,verano_2024,2024-06-29,sms,,,True,2024-07-13
107566,verano_2024,2024-06-28,email,True,True,True,2024-07-04
109660,verano_2024,2024-06-23,email,False,,False,
100296,verano_2024,2024-06-18,push_notification,,,False,
106746,verano_2024,2024-06-15,push,,,True,2024-07-27
105169,verano_2024,2024-06-16,push,,,False,
101786,verano_2024,2024-06-27,push,,,True,2024-07-13
104383,verano_2024,2024-06-18,email,True,False,False,
107014,verano_2024,2024-06-21,push,,,False,
112383,verano_2024,2024-06-25,email,True,False,False,
101285,verano_2024,2024-06-18,push,,,False,
107750,verano_2024,2024-06-16,email,True,False,False,
101363,verano_2024,2024-06-29,email,False,,False,
111258,verano_2024,2024-06-20,sms,,,False,
113163,verano_2024,2024-06-18,push,,,False,
104455,verano_2024,2024-06-15,push,,,True,2024-07-20
115065,verano_2024,2024-06-26,push,,,True,
105478,verano_2024,2024-06-17,push,,,True,2024-07-09
100550,verano_2024,2024-06-18,push_notification,,,False,
111898,verano_2024,2024-06-23,email,True,False,False,
105774,verano_2024,2024-06-20,email,True,True,True,2024-07-10
113216,verano_2024,2024-06-20,email,False,,False,
103575,verano_2024,2024-06-21,email,False,,False,
107108,verano_2024,2024-06-25,email,False,,False,
104353,verano_2024,2024-06-17,email,False,,True,
107360,verano_2024,2024-06-18,email,True,False,False,
102649,verano_2024,2024-06-18,push,,,False,
102587,verano_2024,2024-06-24,push,,,False,
108823,verano_2024,2024-06-28,email,False,,True,2024-08-30
104890,verano_2024,2024-06-19,email,False,,False,
113591,verano_2024,2024-06-19,push,,,True,2024-07-06
103161,verano_2024,2024-06-20,email,True,True,False,
109254,verano_2024,2024-06-26,push,,,False,
103183,verano_2024,2024-06-22,push,,,False,
103481,verano_2024,2024-06-21,sms,,,False,
102378,verano_2024,2024-06-22,email,True,False,False,
109390,verano_2024,2024-06-29,email,False,,False,
107478,verano_2024,2024-06-22,email,False,,False,
111371,verano_2024,2024-06-24,email,False,,False,
108525,verano_2024,2024-06-26,email,False,,False,
107507,verano_2024,2024-06-17,email,False,,False,
110392,verano_2024,2024-06-28,email,False,,False,
106128,verano_2024,2024-06-16,email,True,False,False,
106142,verano_2024,2024-06-27,email,True,True,True,2024-08-05
112580,verano_2024,2024-06-21,email,True,False,False,
114116,verano_2024,2024-06-20,email,True,False,False,
111542,verano_2024,2024-06-27,email,False,,False,
114848,verano_2024,2024-06-29,email,False,,False,
105873,verano_2024,2024-06-18,email,True,True,False,
108494,verano_2024,2024-06-27,email,False,,False,
107511,verano_2024,2024-06-18,email,True,True,False,
107886,verano_2024,2024-06-27,Email,False,,False,
110611,verano_2024,2024-06-16,email,True,False,False,
110173,verano_2024,2024-06-23,email,False,,False,
110091,verano_2024,2024-06-23,email,True,False,False,
104956,verano_2024,2024-06-15,push,,,False,
101614,verano_2024,2024-06-15,email,False,,False,
106076,verano_2024,2024-06-21,push,,,False,
108490,verano_2024,2024-06-27,email,False,,False,
113334,verano_2024,2024-06-18,Email,False,,False,
108970,verano_2024,2024-06-26,email,False,,False,
102016,verano_2024,2024-06-27,email,False,,False,
107387,verano_2024,2024-06-20,email,False,,False,
114882,verano_2024,2024-06-20,Email,True,True,True,2024-08-06
105763,verano_2024,2024-06-21,push,,,False,
114199,verano_2024,2024-06-21,email,False,,False,
102982,verano_2024,2024-06-29,email,False,,False,
108375,verano_2024,2024-06-25,push,,,False,
109431,verano_2024,2024-06-26,email,True,True,True,2024-07-27
113602,verano_2024,2024-06-19,push,,,False,
100244,verano_2024,2024-06-28,email,False,,False,
104879,verano_2024,2024-06-23,push,,,True,2024-08-18
105513,verano_2024,2024-06-27,push,,,False,
100107,verano_2024,2024-06-24,email,False,,False,
113662,verano_2024,2024-06-19,email,False,,False,
114642,verano_2024,2024-06-29,email,True,False,False,
113769,verano_2024,2024-06-24,email,False,,False,
114284,verano_2024,2024-06-28,push,,,False,
113814,verano_2024,2024-06-17,push,,,True,2024-07-12
104831,verano_2024,2024-06-27,email,True,True,False,
107402,verano_2024,2024-06-17,email,True,False,False,
113179,verano_2024,2024-06-27,email,True,True,False,
110261,verano_2024,2024-06-26,email,True,False,False,
104606,verano_2024,2024-06-28,email,True,True,False,
108374,verano_2024,2024-06-18,push,,,True,2024-07-19
106463,verano_2024,2024-06-19,email,False,,False,
105713,verano_2024,2024-06-19,push,,,False,
103961,verano_2024,2024-06-23,email,False,,False,
103874,verano_2024,2024-06-20,email,True,False,False,
100180,verano_2024,2024-06-23,email,False,,False,
106867,verano_2024,2024-06-18,push,,,True,2024-07-07
109190,verano_2024,2024-06-27,push,,,False,
108551,verano_2024,2024-06-23,email,False,,True,
112410,verano_2024,2024-06-18,email,True,False,True,2024-07-06
104794,verano_2024,2024-06-18,email,True,False,False,
107733,verano_2024,2024-06-22,email,False,,False,
111718,verano_2024,2024-06-28,email,True,False,True,2024-07-14
111171,verano_2024,2024-06-18,email,False,,False,
112915,verano_2024,2024-06-22,email,False,,True,2024-07-14
100030,verano_2024,2024-06-23,email,True,False,False,
102802,verano_2024,2024-06-15,email,True,False,True,2024-08-21
102223,verano_2024,2024-06-20,sms,,,True,2024-08-28
105900,verano_2024,2024-06-15,email,False,,False,
102923,verano_2024,2024-06-27,email,True,False,False,
114509,verano_2024,2024-06-25,email,True,False,False,
104665,verano_2024,2024-06-27,email,True,True,False,
113348,verano_2024,2024-06-21,sms,,,False,
108426,verano_2024,2024-06-21,push,,,False,
113802,verano_2024,2024-06-22,email,False,,False,
101246,verano_2024,2024-06-29,email,False,,False,
107692,verano_2024,2024-06-22,email,True,False,False,
104054,verano_2024,2024-06-25,Email,False,,False,
113485,verano_2024,2024-06-17,push,,,False,
104413,verano_2024,2024-06-17,email,False,,False,
100109,verano_2024,2024-06-16,email,False,,False,
111610,verano_2024,2024-06-28,email,True,False,False,
105924,verano_2024,2024-06-26,email,False,,False,
113992,verano_2024,2024-06-15,push,,,False,
108058,verano_2024,2024-06-24,email,False,,False,
111669,verano_2024,2024-06-19,push,,,False,
114632,verano_2024,2024-06-21,email,False,,False,
106500,verano_2024,2024-06-18,sms,,,False,
104395,verano_2024,2024-06-26,Email,False,,False,
109114,verano_2024,2024-06-28,push,,,False,
113189,verano_2024,2024-06-20,push_notification,,,False,
112918,verano_2024,2024-06-18,email,False,,False,
110475,verano_2024,2024-06-23,email,False,,False,
104349,verano_2024,2024-06-17,sms,,,True,2024-07-17
107232,verano_2024,2024-06-27,push,,,False,
113874,verano_2024,2024-06-22,email,False,,False,
108049,verano_2024,2024-06-22,email,True,False,False,
115139,verano_2024,2024-06-27,push,,,False,
113469,verano_2024,2024-06-27,Email,False,,False,
107625,verano_2024,2024-06-21,push,,,True,2024-07-03
105961,verano_2024,2024-06-20,email,False,,False,
110081,verano_2024,2024-06-19,push,,,True,2024-07-26
106862,verano_2024,2024-06-20,Email,False,,False,
100974,verano_2024,2024-06-18,push,,,False,
105408,verano_2024,2024-06-21,email,False,,False,
104300,verano_2024,2024-06-28,email,False,,False,
113230,verano_2024,2024-06-23,push,,,False,
103654,verano_2024,2024-06-28,push,,,False,
111948,verano_2024,2024-06-18,sms,,,True,2024-08-08
112607,verano_2024,2024-06-16,email,True,False,False,
107857,verano_2024,2024-06-22,email,False,,False,
103089,verano_2024,2024-06-20,sms,,,False,
105901,verano_2024,2024-06-15,push,,,False,
106115,verano_2024,2024-06-16,email,False,,False,
114030,verano_2024,2024-06-27,email,False,,False,
114504,verano_2024,2024-06-26,email,True,False,False,
106519,verano_2024,2024-06-27,email,False,,False,
100011,verano_2024,2024-06-23,email,False,,False,
102648,verano_2024,2024-06-28,push,,,False,
113264,verano_2024,2024-06-23,email,True,False,False,
101427,verano_2024,2024-06-27,email,False,,False,
112567,verano_2024,2024-06-23,push,,,False,
103266,verano_2024,2024-06-22,email,True,True,False,
114416,verano_2024,2024-06-27,email,True,False,True,2024-07-26
112401,verano_2024,2024-06-20,email,False,,False,
104815,verano_2024,2024-06-21,Email,False,,False,
108766,verano_2024,2024-06-25,email,False,,False,
110024,verano_2024,2024-06-18,email,True,False,False,
101216,verano_2024,2024-06-18,push,,,False,
112193,verano_2024,2024-06-18,push,,,False,
114422,verano_2024,2024-06-16,push,,,False,
113785,verano_2024,2024-06-15,email,False,,False,
113867,verano_2024,2024-06-23,email,False,,False,
113450,verano_2024,2024-06-29,email,True,False,False,
108611,verano_2024,2024-06-19,email,False,,False,
100324,verano_2024,2024-06-26,email,True,False,False,
101345,verano_2024,2024-06-25,email,True,False,False,
104458,verano_2024,2024-06-21,email,True,False,False,
112636,verano_2024,2024-06-17,email,False,,False,
100910,verano_2024,2024-06-21,sms,,,False,
111584,verano_2024,2024-06-28,email,False,,False,
106952,verano_2024,2024-06-26,Email,False,,False,
103400,verano_2024,2024-06-26,email,False,,False,
100497,verano_2024,2024-06-23,email,False,,False,
109706,verano_2024,2024-06-20,push,,,False,
113293,verano_2024,2024-06-29,email,False,,False,
110677,verano_2024,2024-06-29,email,False,,False,
110227,verano_2024,2024-06-17,push,,,True,2024-08-03
113299,verano_2024,2024-06-24,push,,,False,
103471,verano_2024,2024-06-16,push,,,True,2024-07-21
113673,verano_2024,2024-06-21,email,True,False,False,
107380,verano_2024,2024-06-17,email,False,,False,
104366,verano_2024,2024-06-17,sms,,,True,2024-08-17
110752,verano_2024,2024-06-15,email,True,False,False,
101196,verano_2024,2024-06-18,email,False,,False,
114909,verano_2024,2024-06-27,email,True,True,False,
104954,verano_2024,2024-06-27,email,False,,False,
101424,verano_2024,2024-06-21,email,True,False,False,
105922,verano_2024,2024-06-16,email,True,False,False,
100257,verano_2024,2024-06-20,push,,,False,
113120,verano_2024,2024-06-29,email,True,False,False,
109415,verano_2024,2024-06-25,SMS,,,False,
100289,verano_2024,2024-06-26,email,True,False,False,
106757,verano_2024,2024-06-15,email,False,,False,
110692,verano_2024,2024-06-24,email,True,True,False,
108901,verano_2024,2024-06-25,push,,,False,
110472,verano_2024,2024-06-22,email,False,,True,2024-07-16
108531,verano_2024,2024-06-28,email,False,,False,
104485,verano_2024,2024-06-23,email,False,,False,
114760,verano_2024,2024-06-26,email,False,,False,
114673,verano_2024,2024-06-20,sms,,,False,
106391,verano_2024,2024-06-17,push,,,False,
107021,verano_2024,2024-06-27,email,False,,True,2024-08-19
101233,verano_2024,2024-06-25,email,False,,False,
114413,verano_2024,2024-06-19,email,False,,False,
106001,verano_2024,2024-06-19,email,True,True,True,
102676,verano_2024,2024-06-29,email,False,,False,
101113,verano_2024,2024-06-23,email,True,True,False,
108411,verano_2024,2024-06-29,push,,,False,
107508,verano_2024,2024-06-23,email,False,,False,
106428,verano_2024,2024-06-28,push,,,False,
100268,verano_2024,2024-06-29,push,,,False,
111159,verano_2024,2024-06-17,email,True,False,False,
107002,verano_2024,2024-06-25,email,True,True,False,
105748,verano_2024,2024-06-18,email,False,,False,
109227,verano_2024,2024-06-15,Email,False,,False,
113837,verano_2024,2024-06-24,email,False,,False,
103049,verano_2024,2024-06-23,push,,,False,
108204,verano_2024,2024-06-25,email,True,False,False,
115241,verano_2024,2024-06-22,email,True,False,False,
101380,verano_2024,2024-06-24,sms,,,False,
105614,verano_2024,2024-06-23,email,False,,False,
111966,verano_2024,2024-06-28,email,False,,False,
112597,verano_2024,2024-06-29,push,,,True,2024-07-10
104760,verano_2024,2024-06-15,email,True,False,False,
110843,verano_2024,2024-06-25,email,False,,False,
114967,verano_2024,2024-06-23,email,False,,False,
107077,verano_2024,2024-06-15,push,,,True,2024-07-10
103791,verano_2024,2024-06-29,email,False,,False,
100621,verano_2024,2024-06-17,email,False,,False,
100653,verano_2024,2024-06-26,email,True,False,False,
105684,verano_2024,2024-06-28,push,,,False,
108421,verano_2024,2024-06-24,email,False,,False,
103474,verano_2024,2024-06-19,push,,,True,2024-07-23
112817,verano_2024,2024-06-26,email,False,,False,
105441,verano_2024,2024-06-19,email,True,True,False,
110834,verano_2024,2024-06-16,email,True,False,False,
105020,verano_2024,2024-06-18,Email,True,False,False,
107725,verano_2024,2024-06-15,SMS,,,True,2024-07-27
112204,verano_2024,2024-06-29,email,True,True,False,
102517,verano_2024,2024-06-15,push,,,False,
107935,verano_2024,2024-06-28,email,False,,False,
111925,verano_2024,2024-06-22,sms,,,False,
107629,verano_2024,2024-06-23,email,True,False,False,
113815,verano_2024,2024-06-27,email,True,False,False,
108543,verano_2024,2024-06-15,push,,,False,
114636,verano_2024,2024-06-25,email,False,,False,
110283,verano_2024,2024-06-23,sms,,,False,
103604,verano_2024,2024-06-22,push,,,True,2024-07-01
113008,verano_2024,2024-06-15,email,False,,False,
114791,verano_2024,2024-06-18,email,True,True,False,
105903,verano_2024,2024-06-16,email,False,,False,
109309,verano_2024,2024-06-21,email,True,True,True,2024-08-26
101507,verano_2024,2024-06-23,email,True,True,False,
106558,verano_2024,2024-06-22,sms,,,False,
113498,verano_2024,2024-06-22,email,False,,False,
105689,verano_2024,2024-06-25,sms,,,True,2024-07-01
112072,verano_2024,2024-06-24,email,False,,False,
112857,verano_2024,2024-06-15,push,,,False,
111485,verano_2024,2024-06-21,email,False,,False,
115177,verano_2024,2024-06-26,email,False,,False,
104891,verano_2024,2024-06-19,sms,,,True,2024-08-29
100731,verano_2024,2024-06-24,push,,,True,2024-08-15
105993,verano_2024,2024-06-21,email,True,False,False,
112831,verano_2024,2024-06-27,email,False,,False,
114549,verano_2024,2024-06-26,push,,,False,
108863,verano_2024,2024-06-29,email,True,False,True,2024-08-01
101746,verano_2024,2024-06-20,email,False,,False,
103854,verano_2024,2024-06-23,email,True,False,False,
114109,verano_2024,2024-06-23,email,False,,False,
105222,verano_2024,2024-06-29,push_notification,,,False,
115186,verano_2024,2024-06-29,SMS,,,True,2024-07-14
102710,verano_2024,2024-06-28,email,False,,False,
107299,verano_2024,2024-06-23,email,False,,False,
103389,verano_2024,2024-06-27,push,,,False,
112455,verano_2024,2024-06-22,push,,,False,
113513,verano_2024,2024-06-28,email,False,,False,
108920,verano_2024,2024-06-20,email,False,,False,
105596,verano_2024,2024-06-27,email,True,True,False,
113247,verano_2024,2024-06-28,Email,True,True,False,
108638,verano_2024,2024-06-26,email,True,False,False,
103127,verano_2024,2024-06-17,email,False,,False,
101157,verano_2024,2024-06-21,email,True,False,False,
113456,verano_2024,2024-06-28,email,True,False,False,
100033,verano_2024,2024-06-26,email,False,,True,2024-07-28
110507,verano_2024,2024-06-27,sms,,,False,
104702,verano_2024,2024-06-29,push,,,True,2024-08-12
101337,verano_2024,2024-06-21,email,False,,False,
114052,verano_2024,2024-06-26,email,True,False,False,
105788,verano_2024,2024-06-17,email,True,False,False,
113337,verano_2024,2024-06-17,email,True,False,False,
109160,verano_2024,2024-06-21,push,,,True,2024-08-14
101611,verano_2024,2024-06-17,email,True,False,False,
100940,verano_2024,2024-06-29,email,False,,False,
107812,verano_2024,2024-06-22,sms,,,True,2024-08-17
104024,verano_2024,2024-06-28,email,True,True,False,
112056,verano_2024,2024-06-27,email,False,,False,
111586,verano_2024,2024-06-25,email,False,,False,
100746,verano_2024,2024-06-20,sms,,,False,
104084,verano_2024,2024-06-26,push,,,True,2024-07-24
107439,verano_2024,2024-06-21,email,False,,False,
102878,verano_2024,2024-06-22,push,,,False,
105370,verano_2024,2024-06-17,email,False,,False,
101742,verano_2024,2024-06-20,email,True,False,False,
109624,verano_2024,2024-06-23,push,,,True,2024-08-26
102652,verano_2024,2024-06-29,email,True,True,True,2024-07-28
105504,verano_2024,2024-06-27,email,True,True,False,
110980,verano_2024,2024-06-26,email,False,,False,
103003,verano_2024,2024-06-18,push,,,False,
101822,verano_2024,2024-06-26,email,False,,False,
109035,verano_2024,2024-06-28,push,,,False,
101331,verano_2024,2024-06-18,push,,,True,2024-08-26
114588,verano_2024,2024-06-20,push,,,False,
100958,verano_2024,2024-06-28,push,,,True,2024-07-26
102111,verano_2024,2024-06-28,email,True,False,False,
106819,verano_2024,2024-06-26,email,True,False,False,
111977,verano_2024,2024-06-16,email,False,,True,2024-08-09
104692,verano_2024,2024-06-16,email,True,False,True,2024-08-04
101661,verano_2024,2024-06-19,email,False,,False,
114377,verano_2024,2024-06-15,email,False,,False,
113511,verano_2024,2024-06-16,sms,,,True,2024-08-23
107408,verano_2024,2024-06-28,email,True,True,False,
112311,verano_2024,2024-06-25,push,,,False,
113866,verano_2024,2024-06-18,push,,,True,2024-08-30
100656,verano_2024,2024-06-16,push,,,True,2024-07-10
112510,verano_2024,2024-06-24,email,False,,False,
111227,verano_2024,2024-06-23,push,,,True,
114518,verano_2024,2024-06-28,email,False,,False,
110464,verano_2024,2024-06-28,Email,True,False,False,
114419,verano_2024,2024-06-28,email,False,,False,
110937,verano_2024,2024-06-20,email,True,False,False,
102200,verano_2024,2024-06-21,sms,,,False,
102961,verano_2024,2024-06-17,Email,False,,False,
104641,verano_2024,2024-06-20,sms,,,False,
107079,verano_2024,2024-06-15,sms,,,True,2024-08-22
114354,verano_2024,2024-06-23,email,False,,False,
112982,verano_2024,2024-06-23,email,False,,False,
105913,verano_2024,2024-06-26,sms,,,False,
101406,verano_2024,2024-06-28,SMS,,,False,
113724,verano_2024,2024-06-25,email,True,False,False,
102626,verano_2024,2024-06-26,email,False,,False,
109937,verano_2024,2024-06-22,email,True,False,False,
113548,verano_2024,2024-06-24,Email,False,,False,
115117,verano_2024,2024-06-23,push,,,False,
108291,verano_2024,2024-06-27,email,True,True,False,
103149,verano_2024,2024-06-19,push,,,False,
109288,verano_2024,2024-06-24,sms,,,False,
102874,verano_2024,2024-06-16,push,,,False,
103917,verano_2024,2024-06-18,email,True,False,False,
114997,verano_2024,2024-06-27,email,False,,False,
105938,verano_2024,2024-06-21,push,,,True,2024-08-04
107071,verano_2024,2024-06-24,email,True,False,False,
110169,verano_2024,2024-06-27,email,True,False,False,
100077,verano_2024,2024-06-20,push,,,True,
105196,verano_2024,2024-06-26,email,False,,False,
107739,verano_2024,2024-06-21,sms,,,True,2024-08-25
109321,verano_2024,2024-06-20,push,,,False,
114465,verano_2024,2024-06-17,sms,,,True,2024-08-02
104948,verano_2024,2024-06-27,email,False,,False,
100436,verano_2024,2024-06-23,email,False,,False,
102261,verano_2024,2024-06-17,email,True,True,False,
101776,verano_2024,2024-06-22,email,True,True,False,
112018,verano_2024,2024-06-27,email,False,,False,
110716,verano_2024,2024-06-27,push,,,True,2024-08-21
100094,verano_2024,2024-06-23,push,,,False,
113633,verano_2024,2024-06-21,push,,,False,
110589,verano_2024,2024-06-15,email,False,,False,
104008,verano_2024,2024-06-21,Email,False,,False,
107976,verano_2024,2024-06-20,push,,,True,2024-07-10
110026,verano_2024,2024-06-17,sms,,,False,
111743,verano_2024,2024-06-20,email,True,False,False,
104811,verano_2024,2024-06-22,email,False,,False,
103182,verano_2024,2024-06-15,email,False,,False,
111963,verano_2024,2024-06-16,email,True,False,False,
101077,verano_2024,2024-06-20,email,True,True,False,
102339,verano_2024,2024-06-17,email,False,,False,
108705,verano_2024,2024-06-28,push,,,True,2024-08-19
111039,verano_2024,2024-06-17,email,True,False,False,
101886,verano_2024,2024-06-16,email,False,,False,
106378,verano_2024,2024-06-22,push,,,True,2024-07-29
110255,verano_2024,2024-06-26,email,False,,False,
104324,verano_2024,2024-06-21,sms,,,True,2024-08-16
104950,verano_2024,2024-06-28,email,True,False,False,
113034,verano_2024,2024-06-24,sms,,,True,2024-08-29
106594,verano_2024,2024-06-17,sms,,,False,
112949,verano_2024,2024-06-26,email,False,,False,
110364,verano_2024,2024-06-16,push,,,False,
102760,verano_2024,2024-06-21,push,,,False,
110630,verano_2024,2024-06-24,email,False,,False,
105803,verano_2024,2024-06-29,push,,,True,2024-07-26
104031,verano_2024,2024-06-25,email,False,,False,
103353,verano_2024,2024-06-19,Email,True,False,False,
101438,verano_2024,2024-06-29,email,False,,False,
101234,verano_2024,2024-06-22,email,False,,False,
108675,verano_2024,2024-06-24,email,False,,False,
104282,verano_2024,2024-06-15,email,True,True,False,
112402,verano_2024,2024-06-19,push,,,False,
107251,verano_2024,2024-06-27,email,False,,False,
103103,verano_2024,2024-06-23,email,False,,False,
102466,verano_2024,2024-06-18,email,True,True,True,2024-08-11
107147,verano_2024,2024-06-19,email,False,,False,
106404,verano_2024,2024-06-28,email,False,,False,
105405,verano_2024,2024-06-21,push,,,False,
107325,verano_2024,2024-06-26,sms,,,True,2024-08-21
100450,verano_2024,2024-06-27,email,True,False,False,
113292,verano_2024,2024-06-22,email,False,,False,
106111,verano_2024,2024-06-17,sms,,,False,
103622,verano_2024,2024-06-15,email,False,,True,2024-08-28
102318,verano_2024,2024-06-17,push,,,False,
109603,verano_2024,2024-06-15,sms,,,False,
102186,verano_2024,2024-06-19,email,False,,False,
104478,verano_2024,2024-06-29,push,,,False,
101891,verano_2024,2024-06-25,push,,,False,
101156,verano_2024,2024-06-24,push,,,False,
107636,verano_2024,2024-06-15,email,True,True,True,2024-07-27
113736,verano_2024,2024-06-26,email,False,,False,
110582,verano_2024,2024-06-26,sms,,,True,2024-08-01
101729,verano_2024,2024-06-27,sms,,,True,2024-07-20
111321,verano_2024,2024-06-24,email,False,,False,
111157,verano_2024,2024-06-18,email,True,True,True,2024-08-20
102998,verano_2024,2024-06-25,email,False,,False,
112453,verano_2024,2024-06-27,push,,,False,
105350,verano_2024,2024-06-20,email,False,,False,
111676,verano_2024,2024-06-27,email,False,,False,
109101,verano_2024,2024-06-15,push,,,False,
104393,verano_2024,2024-06-19,sms,,,True,2024-07-18
108824,verano_2024,2024-06-24,email,False,,False,
102504,verano_2024,2024-06-19,email,False,,False,
112623,verano_2024,2024-06-28,email,False,,False,
102464,verano_2024,2024-06-28,sms,,,True,2024-07-18
112089,verano_2024,2024-06-28,email,False,,False,
102847,verano_2024,2024-06-18,sms,,,False,
109631,verano_2024,2024-06-24,email,False,,False,
105475,verano_2024,2024-06-21,email,True,False,False,
101613,verano_2024,2024-06-16,push_notification,,,False,
110684,verano_2024,2024-06-26,email,True,False,False,
102192,verano_2024,2024-06-22,Email,False,,False,
101730,verano_2024,2024-06-25,email,False,,False,
104825,verano_2024,2024-06-19,email,False,,False,
114380,verano_2024,2024-06-23,push,,,False,
111602,verano_2024,2024-06-16,email,False,,False,
112969,verano_2024,2024-06-28,sms,,,True,2024-07-06
108501,verano_2024,2024-06-25,email,False,,False,
109995,verano_2024,2024-06-20,push,,,True,2024-07-05
106725,verano_2024,2024-06-16,email,False,,False,
115229,verano_2024,2024-06-17,email,False,,False,
107294,verano_2024,2024-06-25,email,True,False,False,
107291,verano_2024,2024-06-25,sms,,,False,
112032,verano_2024,2024-06-21,email,True,False,False,
104048,verano_2024,2024-06-26,email,True,False,False,
105949,verano_2024,2024-06-27,push,,,True,2024-07-13
108700,verano_2024,2024-06-28,Email,True,False,False,
112647,verano_2024,2024-06-27,email,False,,False,
107961,verano_2024,2024-06-24,email,False,,False,
105863,verano_2024,2024-06-22,push,,,False,
104241,verano_2024,2024-06-24,push,,,False,
113936,verano_2024,2024-06-22,email,True,False,False,
111203,verano_2024,2024-06-27,email,False,,False,
102756,verano_2024,2024-06-24,email,False,,False,
102493,verano_2024,2024-06-28,email,True,False,False,
103140,verano_2024,2024-06-18,email,True,False,True,2024-08-20
112489,verano_2024,2024-06-25,push,,,False,
105958,verano_2024,2024-06-22,email,True,False,False,
105235,verano_2024,2024-06-28,push,,,False,
114387,verano_2024,2024-06-21,email,False,,False,
103273,verano_2024,2024-06-15,email,False,,True,2024-08-21
113263,verano_2024,2024-06-20,email,False,,False,
105274,verano_2024,2024-06-22,email,True,False,False,
106462,verano_2024,2024-06-15,email,True,False,False,
102890,verano_2024,2024-06-17,email,False,,False,
114970,verano_2024,2024-06-21,email,False,,False,
100789,verano_2024,2024-06-23,push,,,False,
108962,verano_2024,2024-06-17,email,False,,False,
106182,verano_2024,2024-06-26,email,False,,False,
110561,verano_2024,2024-06-29,email,False,,False,
114763,verano_2024,2024-06-21,push,,,False,
110243,verano_2024,2024-06-18,email,True,False,False,
113953,verano_2024,2024-06-16,push,,,False,
110780,verano_2024,2024-06-25,sms,,,False,
105445,verano_2024,2024-06-20,email,False,,False,
106713,verano_2024,2024-06-25,push,,,True,2024-07-28
103378,verano_2024,2024-06-19,email,False,,False,
104528,verano_2024,2024-06-24,email,False,,False,
113303,verano_2024,2024-06-25,email,False,,False,
101781,verano_2024,2024-06-23,email,False,,False,
109820,verano_2024,2024-06-23,email,False,,False,
102960,verano_2024,2024-06-18,email,False,,False,
105583,verano_2024,2024-06-16,email,False,,False,
115041,verano_2024,2024-06-16,email,True,False,False,
100350,verano_2024,2024-06-18,email,True,False,False,
111104,verano_2024,2024-06-16,push,,,True,2024-07-02
114928,verano_2024,2024-06-24,push,,,True,2024-07-11
103350,verano_2024,2024-06-27,Email,False,,False,
100043,verano_2024,2024-06-24,email,False,,False,
100802,verano_2024,2024-06-17,email,False,,True,2024-07-11
103530,verano_2024,2024-06-27,email,False,,False,
100982,verano_2024,2024-06-23,email,False,,False,
103459,verano_2024,2024-06-22,sms,,,False,
106370,verano_2024,2024-06-22,email,True,True,False,
106089,verano_2024,2024-06-24,email,False,,False,
105174,verano_2024,2024-06-21,email,False,,False,
113603,verano_2024,2024-06-18,push,,,False,
108407,verano_2024,2024-06-16,email,False,,True,2024-08-06
111843,verano_2024,2024-06-21,sms,,,True,2024-08-29
108650,verano_2024,2024-06-25,email,False,,False,
103092,verano_2024,2024-06-15,email,True,True,True,2024-07-29
112358,verano_2024,2024-06-24,email,False,,False,
108388,verano_2024,2024-06-23,email,True,False,False,
102757,verano_2024,2024-06-24,email,False,,False,
107744,verano_2024,2024-06-15,email,True,False,False,
100917,verano_2024,2024-06-16,email,True,False,False,
104618,verano_2024,2024-06-16,email,False,,False,
101617,verano_2024,2024-06-17,push,,,True,2024-08-28
113503,verano_2024,2024-06-29,email,True,False,False,
107525,verano_2024,2024-06-22,email,False,,False,
102147,verano_2024,2024-06-20,push,,,False,
107747,verano_2024,2024-06-19,push,,,False,
101834,verano_2024,2024-06-16,push,,,True,2024-08-30
106437,verano_2024,2024-06-25,Email,True,False,False,
109919,verano_2024,2024-06-16,email,True,True,False,
105956,verano_2024,2024-06-25,email,False,,False,
114034,verano_2024,2024-06-20,SMS,,,False,
104715,verano_2024,2024-06-22,SMS,,,True,2024-08-01
109249,verano_2024,2024-06-28,push,,,True,2024-08-14
110075,verano_2024,2024-06-29,email,False,,False,
111194,verano_2024,2024-06-18,email,False,,False,
100783,verano_2024,2024-06-19,email,True,False,False,
113083,verano_2024,2024-06-23,email,False,,False,
114335,verano_2024,2024-06-27,email,False,,False,
111086,verano_2024,2024-06-22,email,False,,True,2024-08-11
109707,verano_2024,2024-06-21,push,,,False,
112761,verano_2024,2024-06-21,email,True,False,False,
112225,verano_2024,2024-06-18,email,False,,False,
110086,verano_2024,2024-06-25,push,,,True,2024-07-02
109381,verano_2024,2024-06-25,email,False,,False,
104839,verano_2024,2024-06-21,sms,,,False,
102402,verano_2024,2024-06-26,email,False,,False,
109119,verano_2024,2024-06-22,SMS,,,True,2024-08-27
104206,verano_2024,2024-06-18,push,,,True,2024-07-15
104642,verano_2024,2024-06-17,email,True,False,False,
102153,verano_2024,2024-06-20,email,True,True,False,
108440,verano_2024,2024-06-29,email,True,False,False,
102948,verano_2024,2024-06-23,email,False,,False,
109935,verano_2024,2024-06-26,email,False,,True,2024-07-20
107742,verano_2024,2024-06-18,push,,,False,
103879,verano_2024,2024-06-21,push,,,True,2024-08-12
112595,verano_2024,2024-06-23,push,,,True,2024-08-09
112361,verano_2024,2024-06-15,push,,,True,2024-07-31
105800,verano_2024,2024-06-21,push,,,True,2024-07-26
111290,verano_2024,2024-06-23,email,False,,False,
106628,verano_2024,2024-06-21,email,False,,False,
105698,verano_2024,2024-06-20,email,True,False,True,2024-07-11
106766,verano_2024,2024-06-28,email,True,True,True,2024-07-31
103024,verano_2024,2024-06-25,email,False,,False,
107076,verano_2024,2024-06-28,push,,,False,
103542,verano_2024,2024-06-18,email,False,,False,
103280,verano_2024,2024-06-25,push,,,False,
106949,verano_2024,2024-06-19,email,False,,True,2024-07-04
110765,verano_2024,2024-06-22,email,True,False,False,
114824,verano_2024,2024-06-16,email,False,,False,
109085,verano_2024,2024-06-26,email,True,True,False,
106071,verano_2024,2024-06-23,email,False,,False,
102805,verano_2024,2024-06-29,email,False,,True,2024-07-04
107714,verano_2024,2024-06-28,push,,,False,
102212,verano_2024,2024-06-25,email,False,,False,
113776,verano_2024,2024-06-25,Email,True,False,False,
109258,verano_2024,2024-06-22,push,,,False,
111406,verano_2024,2024-06-22,email,False,,False,
103134,verano_2024,2024-06-29,email,True,True,False,
111988,verano_2024,2024-06-20,email,False,,False,
113530,verano_2024,2024-06-19,email,False,,True,2024-07-30
107338,verano_2024,2024-06-25,email,False,,False,
104321,verano_2024,2024-06-17,push,,,False,
100921,verano_2024,2024-06-17,email,True,False,False,
102108,verano_2024,2024-06-28,email,True,False,False,
105129,verano_2024,2024-06-21,email,True,True,False,
110022,verano_2024,2024-06-17,email,False,,False,
112931,verano_2024,2024-06-20,push,,,False,
103974,verano_2024,2024-06-19,Email,True,True,True,2024-07-17
105829,verano_2024,2024-06-27,push,,,False,
103035,verano_2024,2024-06-22,email,True,False,False,
107158,verano_2024,2024-06-28,email,True,False,False,
110110,verano_2024,2024-06-22,email,False,,False,
104664,verano_2024,2024-06-18,sms,,,False,
108019,verano_2024,2024-06-15,email,False,,False,
103287,verano_2024,2024-06-26,push,,,True,2024-07-04
102368,verano_2024,2024-06-29,email,False,,False,
109532,verano_2024,2024-06-17,email,False,,True,2024-08-21
113805,verano_2024,2024-06-21,email,False,,True,2024-07-14
100441,verano_2024,2024-06-17,email,True,True,False,
113121,verano_2024,2024-06-16,push,,,False,
112521,verano_2024,2024-06-23,email,True,True,False,
107987,verano_2024,2024-06-27,email,False,,False,
104693,verano_2024,2024-06-16,email,False,,False,
113939,verano_2024,2024-06-24,push,,,True,
108129,verano_2024,2024-06-15,email,True,True,False,
110225,verano_2024,2024-06-23,sms,,,True,2024-08-02
101225,verano_2024,2024-06-27,push,,,False,
109759,verano_2024,2024-06-24,email,False,,False,
102593,verano_2024,2024-06-28,email,True,False,False,
103248,verano_2024,2024-06-23,email,False,,False,
102813,verano_2024,2024-06-20,sms,,,True,2024-07-16
113087,verano_2024,2024-06-25,push,,,False,
108825,verano_2024,2024-06-29,email,False,,False,
108553,verano_2024,2024-06-17,sms,,,False,
102692,verano_2024,2024-06-24,push,,,False,
104133,verano_2024,2024-06-17,Email,False,,False,
107268,verano_2024,2024-06-26,email,False,,False,
106573,verano_2024,2024-06-23,email,False,,False,
102250,verano_2024,2024-06-27,push,,,False,
102553,verano_2024,2024-06-16,email,False,,False,
108442,verano_2024,2024-06-23,email,False,,False,
114276,verano_2024,2024-06-28,email,False,,False,
111877,verano_2024,2024-06-21,push_notification,,,False,
113547,verano_2024,2024-06-26,email,True,True,False,
103650,verano_2024,2024-06-15,push,,,False,
100381,verano_2024,2024-06-22,push,,,False,
110265,verano_2024,2024-06-22,email,True,False,False,
111067,verano_2024,2024-06-22,email,False,,False,
107964,verano_2024,2024-06-19,push,,,False,
105854,verano_2024,2024-06-21,sms,,,False,
109802,verano_2024,2024-06-22,push,,,False,
101361,verano_2024,2024-06-19,push,,,True,2024-07-19
103197,verano_2024,2024-06-28,push,,,False,
102038,verano_2024,2024-06-22,email,False,,False,
100487,verano_2024,2024-06-15,email,True,False,False,
110316,verano_2024,2024-06-15,email,False,,False,
108020,verano_2024,2024-06-26,push,,,True,2024-08-02
100784,verano_2024,2024-06-24,push_notification,,,False,
108474,verano_2024,2024-06-25,email,False,,False,
106416,verano_2024,2024-06-27,email,False,,False,
110484,verano_2024,2024-06-25,email,False,,False,
103239,verano_2024,2024-06-25,email,True,False,False,
112234,verano_2024,2024-06-16,sms,,,True,2024-08-11
110090,verano_2024,2024-06-15,Email,False,,False,
105795,verano_2024,2024-06-15,sms,,,True,2024-07-22
109913,verano_2024,2024-06-25,sms,,,True,2024-07-26
114462,verano_2024,2024-06-22,email,True,True,True,2024-07-01
111694,verano_2024,2024-06-18,email,False,,False,
112856,verano_2024,2024-06-24,email,True,False,False,
108518,verano_2024,2024-06-24,email,False,,False,
113822,verano_2024,2024-06-16,push,,,False,
101916,verano_2024,2024-06-22,email,False,,False,
108872,verano_2024,2024-06-18,push,,,True,2024-08-18
109554,verano_2024,2024-06-23,email,True,False,False,
108166,verano_2024,2024-06-22,email,True,False,False,
100110,verano_2024,2024-06-19,email,True,False,False,
108711,verano_2024,2024-06-25,push,,,False,
103465,verano_2024,2024-06-23,push_notification,,,False,
102139,verano_2024,2024-06-20,sms,,,False,
109892,verano_2024,2024-06-17,email,False,,False,
114635,verano_2024,2024-06-19,email,False,,False,
100743,verano_2024,2024-06-18,email,True,False,False,
113604,verano_2024,2024-06-16,email,False,,False,
111975,verano_2024,2024-06-17,email,False,,False,
107646,verano_2024,2024-06-25,push,,,True,2024-07-17
108626,verano_2024,2024-06-15,email,False,,False,
114605,verano_2024,2024-06-16,sms,,,True,2024-07-11
114391,verano_2024,2024-06-22,push,,,False,
104481,verano_2024,2024-06-28,email,False,,False,
103443,verano_2024,2024-06-23,email,False,,False,
111697,verano_2024,2024-06-22,sms,,,False,
104522,verano_2024,2024-06-19,push,,,False,
102848,verano_2024,2024-06-27,email,False,,False,
112674,verano_2024,2024-06-25,email,False,,False,
113406,verano_2024,2024-06-21,email,True,False,False,
109490,verano_2024,2024-06-15,email,False,,False,
107485,verano_2024,2024-06-19,push,,,True,2024-08-19
105839,verano_2024,2024-06-24,email,False,,False,
107221,verano_2024,2024-06-28,sms,,,False,
107895,verano_2024,2024-06-28,push,,,False,
105415,verano_2024,2024-06-15,push,,,False,
111074,verano_2024,2024-06-29,email,False,,False,
114001,verano_2024,2024-06-20,email,True,False,False,
106850,verano_2024,2024-06-21,email,True,True,False,
101835,verano_2024,2024-06-19,email,False,,False,
109851,verano_2024,2024-06-22,sms,,,False,
109239,verano_2024,2024-06-19,email,True,False,False,
113070,verano_2024,2024-06-23,push,,,False,
106683,verano_2024,2024-06-20,push,,,False,
107476,verano_2024,2024-06-21,email,True,False,False,
110320,verano_2024,2024-06-25,email,False,,False,
104802,verano_2024,2024-06-17,email,True,True,False,
106195,verano_2024,2024-06-21,sms,,,True,2024-08-09
114576,verano_2024,2024-06-22,email,False,,False,
106129,verano_2024,2024-06-19,email,False,,False,
110502,verano_2024,2024-06-27,email,True,False,False,
113790,verano_2024,2024-06-22,push,,,False,
103004,verano_2024,2024-06-27,sms,,,False,
100024,verano_2024,2024-06-17,push,,,False,
114581,verano_2024,2024-06-17,email,False,,False,
103525,verano_2024,2024-06-16,email,False,,False,
114430,verano_2024,2024-06-18,Email,False,,False,
105390,verano_2024,2024-06-20,email,True,False,False,
106109,verano_2024,2024-06-16,sms,,,True,2024-07-04
109364,verano_2024,2024-06-25,email,False,,True,2024-07-12
101310,verano_2024,2024-06-16,sms,,,True,2024-08-27
114961,verano_2024,2024-06-17,email,False,,False,
108720,verano_2024,2024-06-20,email,False,,False,
103476,verano_2024,2024-06-16,email,False,,False,
100790,verano_2024,2024-06-17,email,False,,False,
112340,verano_2024,2024-06-19,email,False,,False,
114288,verano_2024,2024-06-28,email,True,False,False,
107564,verano_2024,2024-06-27,push,,,True,2024-07-06
103285,verano_2024,2024-06-15,email,True,True,True,2024-08-01
109575,verano_2024,2024-06-24,email,True,False,False,
102515,verano_2024,2024-06-29,email,False,,False,
110116,verano_2024,2024-06-29,email,True,False,False,
104386,verano_2024,2024-06-23,email,False,,False,
104762,verano_2024,2024-06-21,email,True,False,True,2024-08-17
104906,verano_2024,2024-06-29,email,True,False,False,
109064,verano_2024,2024-06-19,Email,True,False,False,
111414,verano_2024,2024-06-19,email,False,,False,
114868,verano_2024,2024-06-24,push,,,True,2024-08-23
112362,verano_2024,2024-06-18,email,False,,False,
109267,verano_2024,2024-06-22,email,True,True,False,
103689,verano_2024,2024-06-22,push,,,True,
101396,verano_2024,2024-06-22,email,False,,False,
108036,verano_2024,2024-06-24,email,False,,False,
106444,verano_2024,2024-06-24,push,,,True,2024-08-07
105007,verano_2024,2024-06-24,email,False,,True,2024-08-14
106030,verano_2024,2024-06-16,email,True,False,False,
105178,verano_2024,2024-06-26,email,False,,True,2024-08-17
107912,verano_2024,2024-06-21,push,,,False,
114732,verano_2024,2024-06-24,email,True,False,False,
105258,verano_2024,2024-06-15,Email,False,,False,
106082,verano_2024,2024-06-18,email,True,True,True,2024-07-19
107529,verano_2024,2024-06-17,email,False,,False,
105741,verano_2024,2024-06-22,sms,,,False,
108132,verano_2024,2024-06-19,sms,,,False,
114405,verano_2024,2024-06-18,email,False,,False,
109388,verano_2024,2024-06-28,push,,,True,2024-07-25
110406,verano_2024,2024-06-27,email,True,True,True,2024-07-15
106835,verano_2024,2024-06-19,email,True,False,False,
106193,verano_2024,2024-06-21,email,False,,True,2024-08-27
109643,verano_2024,2024-06-19,push_notification,,,False,
106347,verano_2024,2024-06-19,email,False,,False,
109852,verano_2024,2024-06-17,email,False,,False,
103302,verano_2024,2024-06-20,email,False,,False,
113305,verano_2024,2024-06-19,email,True,False,False,
110676,verano_2024,2024-06-28,email,True,False,False,
111217,verano_2024,2024-06-26,sms,,,False,
105407,verano_2024,2024-06-17,email,False,,False,
111317,verano_2024,2024-06-21,push,,,False,
100713,verano_2024,2024-06-20,push,,,False,
104280,verano_2024,2024-06-25,email,False,,False,
114362,verano_2024,2024-06-28,sms,,,False,
111430,verano_2024,2024-06-24,sms,,,False,
109657,verano_2024,2024-06-27,email,False,,False,
110822,verano_2024,2024-06-15,push,,,False,
101823,verano_2024,2024-06-27,Email,False,,False,
109773,verano_2024,2024-06-22,push,,,False,
105412,verano_2024,2024-06-20,email,False,,False,
111218,verano_2024,2024-06-21,email,False,,False,
106735,verano_2024,2024-06-29,Email,True,True,False,
108181,verano_2024,2024-06-23,email,True,False,False,
113647,verano_2024,2024-06-19,sms,,,False,
114724,verano_2024,2024-06-20,email,True,False,False,
107049,verano_2024,2024-06-25,email,False,,True,2024-08-17
101978,verano_2024,2024-06-19,email,False,,False,
112359,verano_2024,2024-06-16,email,False,,True,2024-08-16
112665,verano_2024,2024-06-18,email,False,,False,
103265,verano_2024,2024-06-22,email,True,False,False,
107074,verano_2024,2024-06-18,email,False,,False,
104835,verano_2024,2024-06-26,email,False,,False,
105062,verano_2024,2024-06-18,sms,,,False,
100253,verano_2024,2024-06-27,email,False,,False,
108856,verano_2024,2024-06-23,push,,,True,2024-07-12
102099,verano_2024,2024-06-27,push,,,True,2024-07-23
106177,verano_2024,2024-06-15,email,True,False,False,
111753,verano_2024,2024-06-21,email,True,False,False,
103672,verano_2024,2024-06-19,email,False,,False,
111220,verano_2024,2024-06-21,push,,,False,
106348,verano_2024,2024-06-23,email,False,,False,
100434,verano_2024,2024-06-27,email,True,False,False,
104417,verano_2024,2024-06-18,push,,,True,2024-08-16
114676,verano_2024,2024-06-22,sms,,,False,
115051,verano_2024,2024-06-20,email,False,,False,
109669,verano_2024,2024-06-24,email,False,,False,
108974,verano_2024,2024-06-27,push,,,False,
106915,verano_2024,2024-06-18,push,,,False,
112481,verano_2024,2024-06-16,email,True,False,False,
113523,verano_2024,2024-06-15,email,False,,False,
102935,verano_2024,2024-06-18,push,,,False,
106493,verano_2024,2024-06-24,email,True,True,False,
114903,verano_2024,2024-06-16,email,True,True,True,
113376,verano_2024,2024-06-20,email,False,,False,
108684,verano_2024,2024-06-29,email,False,,False,
110646,verano_2024,2024-06-27,email,False,,False,
113913,verano_2024,2024-06-28,push,,,True,2024-08-21
112829,verano_2024,2024-06-18,email,False,,False,
112477,verano_2024,2024-06-19,push,,,False,
109804,verano_2024,2024-06-20,email,False,,False,
113444,verano_2024,2024-06-19,push,,,False,
107626,verano_2024,2024-06-17,email,False,,False,
100057,verano_2024,2024-06-26,email,True,False,False,
103413,verano_2024,2024-06-27,push,,,False,
106033,verano_2024,2024-06-17,Email,False,,False,
102856,verano_2024,2024-06-21,push,,,True,2024-08-02
106970,verano_2024,2024-06-21,push,,,False,
102987,verano_2024,2024-06-16,email,True,False,False,
104573,verano_2024,2024-06-21,email,False,,False,
106474,verano_2024,2024-06-17,email,True,False,False,
109569,verano_2024,2024-06-19,push,,,False,
112519,verano_2024,2024-06-19,sms,,,True,2024-07-20
110849,verano_2024,2024-06-20,email,False,,False,
106673,verano_2024,2024-06-15,email,True,False,False,
110324,verano_2024,2024-06-18,email,True,False,False,
109129,verano_2024,2024-06-19,push,,,False,
112240,verano_2024,2024-06-28,email,True,False,False,
104723,verano_2024,2024-06-28,email,False,,True,2024-07-12
108613,verano_2024,2024-06-16,push,,,False,
114491,verano_2024,2024-06-29,sms,,,True,2024-08-12
104473,verano_2024,2024-06-22,email,True,False,False,
109872,verano_2024,2024-06-23,sms,,,False,
108452,verano_2024,2024-06-29,email,True,False,False,
102189,verano_2024,2024-06-23,push,,,False,
108125,verano_2024,2024-06-16,email,False,,False,
105782,verano_2024,2024-06-18,email,False,,False,
104050,verano_2024,2024-06-28,email,True,False,False,
110857,verano_2024,2024-06-23,email,False,,False,
105941,verano_2024,2024-06-22,push,,,False,
113593,verano_2024,2024-06-24,email,False,,False,
111119,verano_2024,2024-06-16,email,True,False,False,
107959,verano_2024,2024-06-23,email,False,,True,2024-08-28
103545,verano_2024,2024-06-16,email,True,False,False,
113609,verano_2024,2024-06-19,email,False,,False,
100520,verano_2024,2024-06-23,email,True,True,False,
101756,verano_2024,2024-06-28,email,False,,False,
104509,verano_2024,2024-06-22,email,True,False,False,
110820,verano_2024,2024-06-26,Email,True,False,False,
107160,verano_2024,2024-06-25,push,,,True,2024-08-30
105264,verano_2024,2024-06-22,push,,,False,
115101,verano_2024,2024-06-22,email,True,True,False,
107454,verano_2024,2024-06-15,email,False,,False,
100228,verano_2024,2024-06-28,email,True,False,False,
109073,verano_2024,2024-06-20,email,False,,False,
107276,verano_2024,2024-06-26,push,,,False,
100666,verano_2024,2024-06-26,push,,,False,
108886,verano_2024,2024-06-19,Email,True,True,True,2024-08-09
114270,verano_2024,2024-06-18,email,False,,False,
112215,verano_2024,2024-06-20,push,,,False,
114544,verano_2024,2024-06-21,email,False,,False,
110220,verano_2024,2024-06-26,email,True,False,False,
110753,verano_2024,2024-06-18,push,,,True,2024-08-01
110511,verano_2024,2024-06-15,email,False,,False,
101700,verano_2024,2024-06-18,sms,,,False,
113514,verano_2024,2024-06-27,push,,,True,2024-07-30
101878,verano_2024,2024-06-28,sms,,,True,2024-08-03
113907,verano_2024,2024-06-27,push,,,False,
100514,verano_2024,2024-06-25,push,,,False,
110913,verano_2024,2024-06-17,Email,True,False,True,2024-08-01
114681,verano_2024,2024-06-20,email,False,,False,
111516,verano_2024,2024-06-29,push,,,True,2024-08-26
109984,verano_2024,2024-06-29,push,,,True,2024-07-23
107421,verano_2024,2024-06-24,email,True,True,False,
111096,verano_2024,2024-06-22,email,True,False,False,
112783,verano_2024,2024-06-17,email,False,,False,
110916,verano_2024,2024-06-19,email,False,,False,
108883,verano_2024,2024-06-19,email,False,,False,
106434,verano_2024,2024-06-15,email,False,,False,
106148,verano_2024,2024-06-29,email,False,,False,
108754,verano_2024,2024-06-21,email,True,False,False,
102917,verano_2024,2024-06-17,email,True,True,False,
107979,verano_2024,2024-06-20,email,True,True,False,
100481,verano_2024,2024-06-19,email,False,,False,
106877,verano_2024,2024-06-27,push,,,False,
108015,verano_2024,2024-06-25,push,,,True,2024-08-06
102578,verano_2024,2024-06-28,push,,,True,2024-08-17
108062,verano_2024,2024-06-21,Email,True,False,False,
114113,verano_2024,2024-06-19,email,False,,False,
108688,verano_2024,2024-06-27,email,True,False,False,
111779,verano_2024,2024-06-18,email,False,,False,
111666,verano_2024,2024-06-19,email,True,True,False,
105273,verano_2024,2024-06-16,email,True,False,False,
109317,verano_2024,2024-06-17,push,,,True,2024-08-18
108980,verano_2024,2024-06-16,email,True,False,False,
101597,verano_2024,2024-06-22,email,True,False,False,
112114,verano_2024,2024-06-28,push,,,False,
103897,verano_2024,2024-06-25,push,,,False,
111944,verano_2024,2024-06-28,sms,,,True,2024-07-10
101350,verano_2024,2024-06-17,push,,,True,2024-07-13
106265,verano_2024,2024-06-24,sms,,,True,2024-08-28
107734,verano_2024,2024-06-23,email,False,,False,
109774,verano_2024,2024-06-16,email,True,False,False,
103778,verano_2024,2024-06-17,push,,,True,2024-07-06
111501,verano_2024,2024-06-24,email,False,,False,
111771,verano_2024,2024-06-16,email,False,,False,
114301,verano_2024,2024-06-29,email,False,,False,
104051,verano_2024,2024-06-24,push,,,False,
114554,verano_2024,2024-06-16,email,True,False,False,
111849,verano_2024,2024-06-17,email,True,False,False,
105703,verano_2024,2024-06-16,push,,,True,2024-07-24
108206,verano_2024,2024-06-27,email,True,False,False,
112698,verano_2024,2024-06-24,email,True,True,False,
102763,verano_2024,2024-06-16,sms,,,False,
106884,verano_2024,2024-06-18,email,True,False,False,
103686,verano_2024,2024-06-25,push,,,False,
105063,verano_2024,2024-06-28,email,False,,False,
103603,verano_2024,2024-06-23,email,False,,False,
112465,verano_2024,2024-06-17,sms,,,True,2024-07-24
110827,verano_2024,2024-06-26,sms,,,False,
101447,verano_2024,2024-06-24,email,True,True,True,2024-08-30
111491,verano_2024,2024-06-17,email,True,False,False,
101021,verano_2024,2024-06-19,push,,,True,2024-08-25
100706,verano_2024,2024-06-23,email,False,,False,
106873,verano_2024,2024-06-20,push,,,False,
101867,verano_2024,2024-06-20,email,True,False,False,
107919,verano_2024,2024-06-29,push,,,False,
114479,verano_2024,2024-06-23,Email,False,,False,
107116,verano_2024,2024-06-27,email,False,,False,
112171,verano_2024,2024-06-18,email,False,,False,
102575,verano_2024,2024-06-21,push,,,True,2024-08-13
112568,verano_2024,2024-06-18,sms,,,False,
102957,verano_2024,2024-06-26,email,True,False,False,
108065,verano_2024,2024-06-17,email,False,,False,
103743,verano_2024,2024-06-27,email,True,False,False,
103915,verano_2024,2024-06-27,push,,,False,
109187,verano_2024,2024-06-25,email,True,True,False,
111335,verano_2024,2024-06-20,email,False,,False,
101420,verano_2024,2024-06-23,email,False,,False,
101104,verano_2024,2024-06-22,email,False,,True,2024-07-10
108389,verano_2024,2024-06-18,push,,,False,
109547,verano_2024,2024-06-22,email,True,False,False,
115102,verano_2024,2024-06-27,email,False,,False,
110754,verano_2024,2024-06-29,email,True,False,False,
101559,verano_2024,2024-06-18,push,,,False,
109724,verano_2024,2024-06-24,email,False,,False,
113813,verano_2024,2024-06-24,email,True,True,True,2024-07-18
109792,verano_2024,2024-06-16,sms,,,False,
113313,verano_2024,2024-06-23,email,True,True,True,2024-07-30
103524,verano_2024,2024-06-18,email,False,,False,
104543,verano_2024,2024-06-28,email,False,,False,
100035,verano_2024,2024-06-18,email,False,,False,
103401,verano_2024,2024-06-24,email,False,,False,
115068,verano_2024,2024-06-21,sms,,,True,2024-07-06
111176,verano_2024,2024-06-26,email,False,,False,
110958,verano_2024,2024-06-15,email,False,,False,
111132,verano_2024,2024-06-22,email,True,True,True,2024-07-07
107792,verano_2024,2024-06-24,email,False,,False,
102653,verano_2024,2024-06-16,email,True,False,False,
105329,verano_2024,2024-06-29,email,True,False,False,
107800,verano_2024,2024-06-20,email,True,True,False,
107896,verano_2024,2024-06-17,email,False,,False,
112619,verano_2024,2024-06-24,email,False,,False,
112671,verano_2024,2024-06-21,push,,,False,
112468,verano_2024,2024-06-28,email,True,False,False,
107382,verano_2024,2024-06-26,email,True,False,False,
100293,verano_2024,2024-06-25,email,False,,False,
102837,verano_2024,2024-06-19,email,True,False,False,
115055,verano_2024,2024-06-25,push,,,True,2024-08-13
108483,verano_2024,2024-06-19,email,False,,False,
111996,verano_2024,2024-06-26,email,False,,False,
102871,verano_2024,2024-06-17,push,,,False,
109069,verano_2024,2024-06-23,Email,True,False,False,
113741,verano_2024,2024-06-24,email,True,True,True,2024-07-12
107753,verano_2024,2024-06-22,email,False,,False,
110943,verano_2024,2024-06-18,push,,,False,
107691,verano_2024,2024-06-25,push,,,False,
108150,verano_2024,2024-06-16,push,,,False,
101536,verano_2024,2024-06-27,email,False,,False,
101319,verano_2024,2024-06-28,email,True,False,False,
102731,verano_2024,2024-06-16,push,,,False,
110610,verano_2024,2024-06-20,email,False,,False,
108269,verano_2024,2024-06-16,SMS,,,False,
107230,verano_2024,2024-06-24,email,False,,True,2024-07-06
113718,verano_2024,2024-06-28,email,True,False,False,
104880,verano_2024,2024-06-16,email,False,,False,
110821,verano_2024,2024-06-27,email,True,False,False,
114526,verano_2024,2024-06-15,push,,,True,2024-08-17
111848,verano_2024,2024-06-21,sms,,,False,
114210,verano_2024,2024-06-20,email,True,False,False,
102229,verano_2024,2024-06-17,sms,,,False,
102642,verano_2024,2024-06-16,email,False,,False,
104419,verano_2024,2024-06-26,email,True,False,False,
114045,verano_2024,2024-06-15,email,False,,False,
112928,verano_2024,2024-06-27,sms,,,False,
108370,verano_2024,2024-06-16,email,True,False,True,2024-07-27
106388,verano_2024,2024-06-18,email,False,,False,
107406,verano_2024,2024-06-18,email,False,,False,
100357,verano_2024,2024-06-20,email,True,False,False,
108447,verano_2024,2024-06-25,email,False,,False,
111595,verano_2024,2024-06-29,email,False,,False,
114956,verano_2024,2024-06-28,push,,,True,2024-08-29
104585,verano_2024,2024-06-25,email,False,,False,
100838,verano_2024,2024-06-26,push,,,False,
100267,verano_2024,2024-06-20,push,,,True,2024-08-05
111038,verano_2024,2024-06-29,push,,,True,2024-08-19
102007,verano_2024,2024-06-15,sms,,,True,2024-07-28
112005,verano_2024,2024-06-15,sms,,,True,2024-07-07
111259,verano_2024,2024-06-29,push,,,True,2024-08-03
102363,verano_2024,2024-06-20,email,True,False,False,
107448,verano_2024,2024-06-27,Email,True,True,False,
109797,verano_2024,2024-06-29,push,,,False,
112807,verano_2024,2024-06-19,email,True,False,False,
111536,verano_2024,2024-06-26,email,True,False,False,
106844,verano_2024,2024-06-16,email,True,False,False,
106495,verano_2024,2024-06-26,push,,,True,2024-08-28
111809,verano_2024,2024-06-15,push,,,True,2024-08-04
100827,verano_2024,2024-06-20,sms,,,True,2024-08-29
110130,verano_2024,2024-06-18,email,False,,False,
104254,verano_2024,2024-06-20,sms,,,True,2024-07-19
106530,verano_2024,2024-06-18,email,False,,False,
113868,verano_2024,2024-06-24,email,False,,False,
108604,verano_2024,2024-06-24,email,False,,False,
101442,verano_2024,2024-06-18,push,,,False,
103067,verano_2024,2024-06-26,email,False,,False,
111941,verano_2024,2024-06-16,push_notification,,,True,2024-07-21
102749,verano_2024,2024-06-20,push,,,True,2024-07-20
107956,verano_2024,2024-06-20,push,,,False,
110698,verano_2024,2024-06-23,email,True,False,False,
103062,verano_2024,2024-06-17,push,,,True,2024-07-20
100890,verano_2024,2024-06-20,email,False,,False,
114002,verano_2024,2024-06-25,sms,,,False,
113039,verano_2024,2024-06-24,email,True,True,False,
106914,verano_2024,2024-06-27,email,True,True,True,2024-07-19
101964,verano_2024,2024-06-15,sms,,,False,
103126,verano_2024,2024-06-22,email,True,True,True,2024-07-21
106356,verano_2024,2024-06-23,email,False,,False,
111110,verano_2024,2024-06-23,email,True,False,False,
101128,verano_2024,2024-06-28,email,True,True,True,2024-07-20
114501,verano_2024,2024-06-18,push,,,False,
113827,verano_2024,2024-06-19,email,True,True,False,
113467,verano_2024,2024-06-17,email,False,,False,
110100,verano_2024,2024-06-18,push,,,False,
111299,verano_2024,2024-06-20,email,True,False,False,
108064,verano_2024,2024-06-23,sms,,,True,2024-08-15
106689,verano_2024,2024-06-25,sms,,,False,
101544,verano_2024,2024-06-15,push,,,False,
103264,verano_2024,2024-06-29,sms,,,False,
114250,verano_2024,2024-06-27,push,,,True,2024-08-30
110152,verano_2024,2024-06-17,email,False,,False,
102269,verano_2024,2024-06-16,sms,,,True,2024-08-10
103771,verano_2024,2024-06-28,push,,,False,
107574,verano_2024,2024-06-21,push,,,True,2024-07-09
110466,verano_2024,2024-06-28,email,False,,False,
100133,verano_2024,2024-06-23,email,False,,True,2024-08-05
109714,verano_2024,2024-06-22,Email,False,,False,
112141,verano_2024,2024-06-25,push,,,False,
100604,verano_2024,2024-06-15,push,,,True,2024-07-23
108765,verano_2024,2024-06-18,email,False,,False,
100844,verano_2024,2024-06-16,email,False,,False,
100394,verano_2024,2024-06-23,email,False,,False,
114252,verano_2024,2024-06-28,email,False,,False,
106516,verano_2024,2024-06-21,Email,False,,False,
113709,verano_2024,2024-06-23,email,False,,False,
114707,verano_2024,2024-06-24,push,,,False,
104990,verano_2024,2024-06-25,push,,,True,2024-07-07
103929,verano_2024,2024-06-22,Email,True,False,False,
105512,verano_2024,2024-06-15,sms,,,False,
107465,verano_2024,2024-06-18,email,True,False,False,
113130,verano_2024,2024-06-18,sms,,,False,
113505,verano_2024,2024-06-24,push,,,True,
113731,verano_2024,2024-06-19,push,,,False,
107552,verano_2024,2024-06-22,push,,,False,
102278,verano_2024,2024-06-21,email,False,,False,
106917,verano_2024,2024-06-27,email,True,False,False,
103235,verano_2024,2024-06-24,email,False,,False,
112731,verano_2024,2024-06-22,email,True,True,True,2024-07-05
103499,verano_2024,2024-06-25,push,,,False,
107239,verano_2024,2024-06-15,push,,,False,
104614,verano_2024,2024-06-27,email,False,,False,
107559,verano_2024,2024-06-27,email,True,False,False,
113206,verano_2024,2024-06-26,push,,,False,
100402,verano_2024,2024-06-29,email,True,False,False,
106422,verano_2024,2024-06-28,email,True,False,True,2024-08-19
106162,verano_2024,2024-06-27,email,True,True,True,2024-07-19
105728,verano_2024,2024-06-23,push,,,False,
106487,verano_2024,2024-06-19,push,,,True,2024-07-27
107600,verano_2024,2024-06-22,email,True,False,False,
111000,verano_2024,2024-06-17,email,True,True,False,
114239,verano_2024,2024-06-29,email,True,True,True,2024-08-25
104681,verano_2024,2024-06-29,email,False,,False,
105009,verano_2024,2024-06-24,push,,,False,
107785,verano_2024,2024-06-17,email,False,,False,
103404,verano_2024,2024-06-18,email,True,False,False,
110055,verano_2024,2024-06-18,push,,,False,
103884,verano_2024,2024-06-22,sms,,,False,
107801,verano_2024,2024-06-23,sms,,,True,2024-07-13
111085,verano_2024,2024-06-26,email,True,False,False,
108904,verano_2024,2024-06-21,push_notification,,,True,2024-08-05
106780,verano_2024,2024-06-16,email,False,,False,
101574,verano_2024,2024-06-23,email,False,,False,
114532,verano_2024,2024-06-22,email,False,,False,
109685,verano_2024,2024-06-16,email,True,False,False,
102424,verano_2024,2024-06-18,email,False,,False,
109091,verano_2024,2024-06-23,email,False,,False,
105265,verano_2024,2024-06-17,email,True,True,False,
114722,verano_2024,2024-06-24,sms,,,False,
103549,verano_2024,2024-06-18,push,,,True,2024-07-31
100254,verano_2024,2024-06-24,email,True,False,False,
108251,verano_2024,2024-06-20,email,False,,False,
109598,verano_2024,2024-06-27,email,False,,False,
111731,verano_2024,2024-06-17,sms,,,True,2024-07-11
108271,verano_2024,2024-06-28,email,False,,False,
111837,verano_2024,2024-06-16,email,True,False,False,
114915,verano_2024,2024-06-22,sms,,,False,
113476,verano_2024,2024-06-25,email,False,,False,
105502,verano_2024,2024-06-23,sms,,,False,
114755,verano_2024,2024-06-22,SMS,,,True,2024-07-05
100810,verano_2024,2024-06-21,email,True,False,False,
114119,verano_2024,2024-06-25,email,False,,False,
106126,verano_2024,2024-06-23,email,False,,False,
109793,verano_2024,2024-06-28,push,,,False,
102651,verano_2024,2024-06-26,email,True,False,True,2024-08-06
108360,verano_2024,2024-06-27,sms,,,False,
106638,verano_2024,2024-06-18,push,,,True,2024-08-18
113434,verano_2024,2024-06-28,push,,,False,
103191,verano_2024,2024-06-24,push,,,False,
103621,verano_2024,2024-06-28,email,True,False,False,
101703,verano_2024,2024-06-18,email,True,True,True,2024-08-13
111309,verano_2024,2024-06-15,email,False,,False,
112413,verano_2024,2024-06-17,push,,,False,
103651,verano_2024,2024-06-27,email,True,True,False,
110391,verano_2024,2024-06-28,email,True,True,False,
115118,verano_2024,2024-06-19,sms,,,True,2024-07-05
114946,verano_2024,2024-06-23,email,False,,False,
112795,verano_2024,2024-06-26,Email,True,False,True,2024-07-03
113149,verano_2024,2024-06-26,email,False,,False,
112104,verano_2024,2024-06-28,email,False,,False,
103371,verano_2024,2024-06-20,email,True,True,False,
114634,verano_2024,2024-06-22,email,False,,False,
114026,verano_2024,2024-06-27,email,True,False,False,
107810,verano_2024,2024-06-21,push,,,False,
110567,verano_2024,2024-06-28,push,,,False,
112810,verano_2024,2024-06-15,email,True,False,False,
112504,verano_2024,2024-06-22,email,False,,False,
111567,verano_2024,2024-06-24,email,False,,False,
114894,verano_2024,2024-06-18,email,True,False,False,
113532,verano_2024,2024-06-19,email,False,,False,
111768,verano_2024,2024-06-26,email,False,,True,2024-08-24
107262,verano_2024,2024-06-28,sms,,,False,
100665,verano_2024,2024-06-17,Email,False,,False,
110732,verano_2024,2024-06-21,email,False,,False,
110264,verano_2024,2024-06-20,sms,,,False,
114175,verano_2024,2024-06-29,push,,,True,2024-08-28
101737,verano_2024,2024-06-21,email,True,True,False,
105260,verano_2024,2024-06-16,email,False,,False,
110187,verano_2024,2024-06-15,email,False,,False,
103348,verano_2024,2024-06-22,push,,,False,
101569,verano_2024,2024-06-25,email,False,,False,
100463,verano_2024,2024-06-23,email,True,False,False,
100744,verano_2024,2024-06-15,email,False,,False,
100223,verano_2024,2024-06-20,email,False,,False,
110195,verano_2024,2024-06-16,email,True,True,True,2024-08-06
103995,verano_2024,2024-06-29,email,True,True,False,
101980,verano_2024,2024-06-29,email,False,,False,
108238,verano_2024,2024-06-15,push,,,True,2024-07-14
100626,verano_2024,2024-06-18,email,True,True,False,
111056,verano_2024,2024-06-18,sms,,,False,
109495,verano_2024,2024-06-18,sms,,,False,
111287,verano_2024,2024-06-28,email,False,,False,
112454,verano_2024,2024-06-15,SMS,,,True,2024-08-22
100345,verano_2024,2024-06-29,email,True,False,False,
105495,verano_2024,2024-06-26,email,False,,False,
114934,verano_2024,2024-06-27,email,False,,False,
109220,verano_2024,2024-06-20,push,,,False,
101005,verano_2024,2024-06-17,email,True,False,False,
104450,verano_2024,2024-06-23,email,True,True,False,
102281,verano_2024,2024-06-27,email,True,True,True,2024-07-03
100457,verano_2024,2024-06-22,push,,,False,
112483,verano_2024,2024-06-22,email,False,,False,
109560,verano_2024,2024-06-29,push,,,True,2024-07-04
104336,verano_2024,2024-06-29,sms,,,False,
102622,verano_2024,2024-06-16,email,False,,False,
100874,verano_2024,2024-06-22,email,True,False,False,
107493,verano_2024,2024-06-17,email,False,,False,
114051,verano_2024,2024-06-25,email,False,,False,
106946,verano_2024,2024-06-29,email,True,False,False,
109968,verano_2024,2024-06-23,email,True,False,False,
114994,verano_2024,2024-06-18,push,,,True,2024-08-29
105115,verano_2024,2024-06-20,push,,,False,
109914,verano_2024,2024-06-25,email,True,False,False,
105213,verano_2024,2024-06-17,email,False,,False,
110568,verano_2024,2024-06-24,email,False,,False,
101761,verano_2024,2024-06-23,push,,,False,
100843,verano_2024,2024-06-18,email,False,,True,2024-08-08
113687,verano_2024,2024-06-25,email,True,False,False,
113221,verano_2024,2024-06-23,email,False,,False,
111199,verano_2024,2024-06-17,push,,,False,
105200,verano_2024,2024-06-26,push,,,True,2024-07-28
104804,verano_2024,2024-06-29,sms,,,False,
102903,verano_2024,2024-06-15,push,,,False,
110374,verano_2024,2024-06-27,sms,,,False,
111703,verano_2024,2024-06-18,email,True,False,False,
115213,verano_2024,2024-06-17,email,False,,False,
108279,verano_2024,2024-06-26,push,,,False,
106649,verano_2024,2024-06-15,email,True,False,False,
112267,verano_2024,2024-06-20,Email,False,,False,
113035,verano_2024,2024-06-22,email,True,False,False,
109262,verano_2024,2024-06-19,email,False,,False,
108566,verano_2024,2024-06-26,push,,,True,2024-08-26
103432,verano_2024,2024-06-15,email,False,,False,
114680,verano_2024,2024-06-18,email,False,,False,
109385,verano_2024,2024-06-28,sms,,,True,2024-07-12
113571,verano_2024,2024-06-16,Email,True,False,False,
106408,verano_2024,2024-06-28,email,False,,False,
107686,verano_2024,2024-06-20,email,False,,False,
112635,verano_2024,2024-06-16,push,,,False,
104726,verano_2024,2024-06-23,email,True,False,False,
101470,verano_2024,2024-06-25,email,False,,True,2024-08-29
105131,verano_2024,2024-06-27,email,False,,False,
111776,verano_2024,2024-06-16,email,False,,False,
110313,verano_2024,2024-06-22,Email,False,,False,
107809,verano_2024,2024-06-19,email,False,,False,
114916,verano_2024,2024-06-24,email,True,True,True,2024-07-14
112315,verano_2024,2024-06-21,email,True,False,False,
111106,verano_2024,2024-06-29,sms,,,False,
100369,verano_2024,2024-06-25,email,False,,True,2024-08-14
113057,verano_2024,2024-06-19,push,,,True,2024-08-08
103594,verano_2024,2024-06-22,sms,,,True,2024-07-21
101416,verano_2024,2024-06-22,sms,,,False,
106761,verano_2024,2024-06-29,SMS,,,True,2024-08-24
111967,verano_2024,2024-06-21,sms,,,False,
112624,verano_2024,2024-06-27,email,False,,False,
109159,verano_2024,2024-06-28,email,False,,False,
110547,verano_2024,2024-06-18,email,True,False,False,
106339,verano_2024,2024-06-20,push,,,False,
102826,verano_2024,2024-06-16,email,False,,True,2024-08-16
109676,verano_2024,2024-06-27,email,True,True,False,
101722,verano_2024,2024-06-15,email,True,False,False,
115027,verano_2024,2024-06-29,email,True,False,False,
105325,verano_2024,2024-06-27,email,False,,False,
104061,verano_2024,2024-06-27,email,False,,False,
115001,verano_2024,2024-06-20,push,,,True,2024-08-07
101825,verano_2024,2024-06-27,sms,,,False,
110941,verano_2024,2024-06-24,email,False,,False,
107609,verano_2024,2024-06-25,email,False,,False,
112517,verano_2024,2024-06-15,push,,,False,
112239,verano_2024,2024-06-24,email,True,True,False,
109756,verano_2024,2024-06-23,email,False,,False,
103233,verano_2024,2024-06-20,email,False,,False,
101919,verano_2024,2024-06-21,push,,,False,
106995,verano_2024,2024-06-28,email,False,,False,
101570,verano_2024,2024-06-19,sms,,,True,2024-07-17
101832,verano_2024,2024-06-26,push,,,True,2024-07-08
100348,verano_2024,2024-06-20,email,False,,False,
101243,verano_2024,2024-06-15,email,True,False,False,
108261,verano_2024,2024-06-18,email,True,False,False,
111729,verano_2024,2024-06-25,email,True,False,False,
114436,verano_2024,2024-06-16,email,True,False,False,
112826,verano_2024,2024-06-19,email,True,True,False,
108179,verano_2024,2024-06-21,email,False,,False,
107198,verano_2024,2024-06-23,email,True,True,True,2024-07-09
112352,verano_2024,2024-06-19,sms,,,True,2024-07-06
113590,verano_2024,2024-06-27,push,,,False,
108365,verano_2024,2024-06-27,push,,,False,
108659,verano_2024,2024-06-16,push,,,False,
109644,verano_2024,2024-06-28,sms,,,False,
112889,verano_2024,2024-06-29,email,False,,False,
111732,verano_2024,2024-06-24,Email,True,False,False,
112923,verano_2024,2024-06-18,email,True,False,False,
107008,verano_2024,2024-06-16,push,,,False,
113857,verano_2024,2024-06-25,email,True,False,False,
109850,verano_2024,2024-06-22,push,,,True,2024-07-08
111011,verano_2024,2024-06-23,push,,,False,
113579,verano_2024,2024-06-27,push,,,True,2024-07-30
101223,verano_2024,2024-06-15,email,True,False,False,
110058,verano_2024,2024-06-19,push,,,False,
102135,verano_2024,2024-06-24,push,,,False,
109297,verano_2024,2024-06-27,email,False,,False,
114172,verano_2024,2024-06-20,email,True,False,False,
108488,verano_2024,2024-06-27,email,True,False,False,
112111,verano_2024,2024-06-28,push,,,False,
112571,verano_2024,2024-06-25,email,True,False,True,2024-08-10
100510,verano_2024,2024-06-28,email,False,,False,
106299,verano_2024,2024-06-17,email,True,True,False,
112170,verano_2024,2024-06-29,email,True,False,False,
103987,verano_2024,2024-06-29,email,True,False,False,
100749,verano_2024,2024-06-23,email,False,,False,
105247,verano_2024,2024-06-27,push,,,False,
101260,verano_2024,2024-06-23,email,True,False,False,
104719,verano_2024,2024-06-25,email,False,,False,
101889,verano_2024,2024-06-29,email,False,,False,
106346,verano_2024,2024-06-20,sms,,,True,2024-08-13
100712,verano_2024,2024-06-26,email,False,,False,
113665,verano_2024,2024-06-19,email,False,,False,
114222,verano_2024,2024-06-15,email,True,False,False,
108328,verano_2024,2024-06-24,sms,,,True,2024-08-04
105834,verano_2024,2024-06-16,email,False,,False,
109626,verano_2024,2024-06-27,push,,,True,2024-08-17
113657,verano_2024,2024-06-15,push,,,False,
108145,verano_2024,2024-06-15,push,,,False,
104809,verano_2024,2024-06-22,email,False,,False,
103330,verano_2024,2024-06-26,email,True,False,False,
103294,verano_2024,2024-06-20,push,,,True,2024-08-03
108814,verano_2024,2024-06-28,push,,,True,2024-08-23
112254,verano_2024,2024-06-19,email,True,False,False,
109844,verano_2024,2024-06-18,email,True,False,False,
110163,verano_2024,2024-06-18,push,,,True,2024-08-22
106563,verano_2024,2024-06-15,email,False,,False,
113566,verano_2024,2024-06-28,sms,,,False,
110428,verano_2024,2024-06-26,push,,,True,2024-08-12
104866,verano_2024,2024-06-20,email,False,,False,
105552,verano_2024,2024-06-29,email,False,,True,2024-08-17
109605,verano_2024,2024-06-17,email,False,,False,
107938,verano_2024,2024-06-25,email,True,True,False,
100105,verano_2024,2024-06-22,email,True,True,False,
113574,verano_2024,2024-06-15,push,,,True,2024-08-24
101795,verano_2024,2024-06-16,push,,,True,2024-08-14
110863,verano_2024,2024-06-29,email,True,False,False,
114808,verano_2024,2024-06-21,push,,,False,
102387,verano_2024,2024-06-21,email,True,False,False,
106926,verano_2024,2024-06-18,email,True,True,True,2024-07-30
104848,verano_2024,2024-06-24,push,,,False,
107273,verano_2024,2024-06-22,email,False,,False,
105838,verano_2024,2024-06-17,email,False,,False,
113611,verano_2024,2024-06-19,email,False,,False,
101659,verano_2024,2024-06-17,email,True,False,False,
100213,verano_2024,2024-06-19,push,,,False,
112409,verano_2024,2024-06-19,Email,True,False,False,
105887,verano_2024,2024-06-16,email,False,,False,
104420,verano_2024,2024-06-19,email,True,False,False,
114687,verano_2024,2024-06-20,sms,,,False,
105194,verano_2024,2024-06-15,email,False,,False,
105736,verano_2024,2024-06-18,email,True,True,True,2024-07-16
101360,verano_2024,2024-06-17,email,False,,True,2024-07-14
102167,verano_2024,2024-06-15,email,False,,False,
103111,verano_2024,2024-06-15,email,False,,False,
105710,verano_2024,2024-06-29,email,False,,False,
110378,verano_2024,2024-06-18,email,False,,False,
100793,verano_2024,2024-06-22,push,,,False,
100234,verano_2024,2024-06-17,Email,False,,False,
112406,verano_2024,2024-06-20,push,,,False,
107823,verano_2024,2024-06-18,email,False,,False,
101065,verano_2024,2024-06-27,email,False,,False,
100210,verano_2024,2024-06-21,sms,,,True,2024-07-26
111876,verano_2024,2024-06-28,email,True,False,False,
111232,verano_2024,2024-06-27,email,False,,False,
108680,verano_2024,2024-06-23,email,False,,True,2024-07-11
109893,verano_2024,2024-06-27,sms,,,True,2024-07-29
104499,verano_2024,2024-06-27,push,,,False,
113613,verano_2024,2024-06-15,push,,,True,
106460,verano_2024,2024-06-27,email,False,,False,
102414,verano_2024,2024-06-23,push,,,False,
109966,verano_2024,2024-06-28,sms,,,False,
114565,verano_2024,2024-06-16,push,,,False,
112007,verano_2024,2024-06-15,push,,,False,
113661,verano_2024,2024-06-28,email,True,True,True,2024-08-27
100872,verano_2024,2024-06-22,email,False,,False,
101264,verano_2024,2024-06-29,Email,False,,False,
101619,verano_2024,2024-06-27,sms,,,True,2024-08-26
113894,verano_2024,2024-06-17,email,False,,False,
104346,verano_2024,2024-06-27,email,True,False,False,
110459,verano_2024,2024-06-25,push,,,True,
102415,verano_2024,2024-06-22,email,True,False,False,
113524,verano_2024,2024-06-23,sms,,,False,
114023,verano_2024,2024-06-23,email,True,False,True,2024-08-02
106897,verano_2024,2024-06-17,email,True,False,False,
101221,verano_2024,2024-06-28,push,,,False,
113362,verano_2024,2024-06-19,email,False,,False,
101766,verano_2024,2024-06-26,email,True,False,False,
115031,verano_2024,2024-06-23,email,False,,False,
108822,verano_2024,2024-06-15,push_notification,,,True,2024-08-30
113875,verano_2024,2024-06-26,email,False,,False,
102002,verano_2024,2024-06-16,email,True,True,True,2024-07-19
105610,verano_2024,2024-06-27,email,False,,False,
104582,verano_2024,2024-06-22,email,False,,False,
101486,verano_2024,2024-06-27,push,,,False,
103583,verano_2024,2024-06-16,push,,,False,
102524,verano_2024,2024-06-17,push,,,False,
105991,verano_2024,2024-06-26,push_notification,,,True,2024-07-09
108741,verano_2024,2024-06-21,email,False,,False,
113666,verano_2024,2024-06-23,email,True,False,False,
106827,verano_2024,2024-06-25,email,False,,False,
103079,verano_2024,2024-06-26,push,,,True,2024-08-30
104834,verano_2024,2024-06-21,email,False,,False,
111524,verano_2024,2024-06-18,sms,,,False,
101306,verano_2024,2024-06-15,sms,,,False,
104783,verano_2024,2024-06-21,email,False,,False,
106207,verano_2024,2024-06-18,email,True,False,False,
114666,verano_2024,2024-06-17,email,True,False,False,
104382,verano_2024,2024-06-26,email,False,,False,
111869,verano_2024,2024-06-27,push,,,False,
112017,verano_2024,2024-06-28,email,True,False,True,2024-08-07
111348,verano_2024,2024-06-18,push,,,False,
108690,verano_2024,2024-06-22,sms,,,False,
106244,verano_2024,2024-06-24,email,False,,False,
109933,verano_2024,2024-06-19,sms,,,False,
102166,verano_2024,2024-06-15,email,False,,False,
100618,verano_2024,2024-06-21,email,False,,False,
115095,verano_2024,2024-06-22,email,True,False,False,
107925,verano_2024,2024-06-23,sms,,,False,
106685,verano_2024,2024-06-26,push,,,False,
108847,verano_2024,2024-06-16,push,,,True,2024-07-09
110632,verano_2024,2024-06-17,push,,,False,
113108,verano_2024,2024-06-16,email,False,,False,
114766,verano_2024,2024-06-25,email,False,,False,
102164,verano_2024,2024-06-20,email,True,False,False,
104771,verano_2024,2024-06-28,email,False,,False,
113196,verano_2024,2024-06-27,email,False,,False,
115088,verano_2024,2024-06-29,push,,,True,2024-08-25
102005,verano_2024,2024-06-26,email,True,True,False,
110495,verano_2024,2024-06-21,email,False,,False,
114880,verano_2024,2024-06-24,email,False,,False,
103048,verano_2024,2024-06-20,Email,False,,False,
108285,verano_2024,2024-06-15,email,True,False,False,
113806,verano_2024,2024-06-20,email,False,,False,
112115,verano_2024,2024-06-15,push,,,True,2024-08-12
111968,verano_2024,2024-06-29,push_notification,,,False,
106832,verano_2024,2024-06-18,push,,,False,
108521,verano_2024,2024-06-21,email,False,,False,
109467,verano_2024,2024-06-27,email,False,,False,
103096,verano_2024,2024-06-25,email,False,,False,
114471,verano_2024,2024-06-15,push,,,False,
103286,verano_2024,2024-06-15,email,False,,False,
114892,verano_2024,2024-06-15,push,,,True,2024-07-20
109826,verano_2024,2024-06-25,email,True,False,False,
107878,verano_2024,2024-06-15,email,False,,False,
101314,verano_2024,2024-06-22,Email,False,,False,
109896,verano_2024,2024-06-23,email,True,False,False,
106424,verano_2024,2024-06-20,sms,,,False,
107667,verano_2024,2024-06-23,email,True,False,False,
108704,verano_2024,2024-06-20,email,True,True,False,
102904,verano_2024,2024-06-25,email,True,False,True,2024-08-07
109058,verano_2024,2024-06-18,email,False,,False,
103334,verano_2024,2024-06-22,push,,,True,2024-07-21
111717,verano_2024,2024-06-23,email,False,,False,
103054,verano_2024,2024-06-23,email,False,,False,
111511,verano_2024,2024-06-17,email,True,False,False,
105073,verano_2024,2024-06-20,email,True,True,True,2024-08-27
109007,verano_2024,2024-06-24,email,False,,False,
110191,verano_2024,2024-06-29,sms,,,False,
109206,verano_2024,2024-06-17,push,,,True,2024-07-08
102270,verano_2024,2024-06-20,email,True,True,False,
102695,verano_2024,2024-06-21,email,True,True,True,2024-08-06
108496,verano_2024,2024-06-15,email,True,True,False,
107710,verano_2024,2024-06-28,push,,,False,
111154,verano_2024,2024-06-27,email,False,,False,
109735,verano_2024,2024-06-28,push,,,False,
114085,verano_2024,2024-06-27,email,False,,True,2024-08-23
110009,verano_2024,2024-06-17,email,False,,False,
110171,verano_2024,2024-06-29,email,False,,False,
108257,verano_2024,2024-06-16,email,True,False,False,
109432,verano_2024,2024-06-25,Email,True,False,False,
104708,verano_2024,2024-06-20,email,False,,False,
113887,verano_2024,2024-06-29,Email,True,True,True,2024-07-24
102115,verano_2024,2024-06-24,email,True,False,True,2024-07-09
107827,verano_2024,2024-06-15,email,False,,False,
107627,verano_2024,2024-06-15,push,,,True,2024-08-26
101542,verano_2024,2024-06-18,email,True,True,False,
106625,verano_2024,2024-06-15,email,True,False,True,2024-08-03
102603,verano_2024,2024-06-23,push,,,False,
113367,verano_2024,2024-06-16,email,False,,False,
104608,verano_2024,2024-06-26,push,,,True,2024-07-12
110973,verano_2024,2024-06-20,sms,,,True,2024-08-19
109320,verano_2024,2024-06-21,Email,False,,False,
111225,verano_2024,2024-06-24,email,False,,False,
104757,verano_2024,2024-06-27,push,,,True,2024-08-08
114692,verano_2024,2024-06-21,email,True,False,False,
105539,verano_2024,2024-06-27,email,True,True,False,
112344,verano_2024,2024-06-27,email,True,False,False,
100521,verano_2024,2024-06-15,Email,True,False,False,
111453,verano_2024,2024-06-26,email,False,,False,
111648,verano_2024,2024-06-15,sms,,,True,2024-07-24
114031,verano_2024,2024-06-27,push,,,False,
114520,verano_2024,2024-06-25,push,,,True,2024-08-15
101093,verano_2024,2024-06-26,email,True,False,False,
107094,verano_2024,2024-06-19,email,False,,False,
108889,verano_2024,2024-06-22,push,,,False,
104914,verano_2024,2024-06-22,sms,,,False,
106124,verano_2024,2024-06-29,email,False,,False,
109264,verano_2024,2024-06-28,push,,,False,
103772,verano_2024,2024-06-23,email,False,,True,
111538,verano_2024,2024-06-18,email,False,,True,2024-08-30
101110,verano_2024,2024-06-21,push,,,False,
104656,verano_2024,2024-06-26,email,True,True,True,2024-08-14
110355,verano_2024,2024-06-15,push,,,True,2024-07-28
101039,verano_2024,2024-06-17,sms,,,False,
107177,verano_2024,2024-06-21,email,True,True,False,
100021,verano_2024,2024-06-25,email,False,,False,
108702,verano_2024,2024-06-17,push,,,True,2024-07-08
108137,verano_2024,2024-06-28,email,True,True,False,
105532,verano_2024,2024-06-26,push,,,False,
109414,verano_2024,2024-06-19,push,,,True,2024-07-12
100935,verano_2024,2024-06-20,email,False,,True,2024-07-25
108273,verano_2024,2024-06-29,Email,False,,False,
109283,verano_2024,2024-06-19,email,False,,False,
114084,verano_2024,2024-06-24,email,True,False,True,2024-07-20
114712,verano_2024,2024-06-27,email,False,,False,
101727,verano_2024,2024-06-25,push,,,True,2024-08-10
104491,verano_2024,2024-06-27,email,False,,True,2024-08-17
110681,verano_2024,2024-06-20,email,True,False,False,
111331,verano_2024,2024-06-15,Email,False,,False,
101738,verano_2024,2024-06-26,push,,,True,2024-08-22
113220,verano_2024,2024-06-15,email,True,True,False,
100562,verano_2024,2024-06-23,email,False,,False,
107696,verano_2024,2024-06-20,push,,,False,
114369,verano_2024,2024-06-23,sms,,,False,
112322,verano_2024,2024-06-15,push,,,True,
101163,verano_2024,2024-06-23,email,False,,True,2024-08-04
111301,verano_2024,2024-06-21,email,True,False,True,2024-08-12
110401,verano_2024,2024-06-20,email,True,False,False,
112024,verano_2024,2024-06-16,push,,,False,
108080,verano_2024,2024-06-27,email,False,,False,
101528,verano_2024,2024-06-29,email,False,,False,
109619,verano_2024,2024-06-26,sms,,,False,
114333,verano_2024,2024-06-24,sms,,,False,
102931,verano_2024,2024-06-27,email,True,False,False,
105722,verano_2024,2024-06-22,SMS,,,False,
100059,verano_2024,2024-06-20,email,True,True,True,2024-08-02
109080,verano_2024,2024-06-27,email,False,,False,
111979,verano_2024,2024-06-23,email,True,True,False,
113435,verano_2024,2024-06-15,email,True,False,False,
104484,verano_2024,2024-06-22,email,True,False,False,
102292,verano_2024,2024-06-29,email,False,,False,
107579,verano_2024,2024-06-24,push,,,False,
113359,verano_2024,2024-06-23,email,True,False,False,
108538,verano_2024,2024-06-17,push,,,True,2024-08-23
109948,verano_2024,2024-06-24,sms,,,False,
114573,verano_2024,2024-06-23,email,True,False,False,
113845,verano_2024,2024-06-15,email,False,,False,
101650,verano_2024,2024-06-21,email,True,True,False,
108134,verano_2024,2024-06-20,email,False,,False,
108118,verano_2024,2024-06-21,email,True,True,False,
102725,verano_2024,2024-06-23,email,True,False,False,
100939,verano_2024,2024-06-18,sms,,,False,
104511,verano_2024,2024-06-22,email,True,False,False,
113352,verano_2024,2024-06-22,push,,,False,
114795,verano_2024,2024-06-24,push,,,True,2024-08-12
115236,verano_2024,2024-06-25,sms,,,False,
104695,verano_2024,2024-06-15,sms,,,False,
107797,verano_2024,2024-06-21,email,False,,False,
107040,verano_2024,2024-06-19,email,True,False,False,
100999,verano_2024,2024-06-18,email,True,False,False,
109384,verano_2024,2024-06-20,push,,,False,
104529,verano_2024,2024-06-24,sms,,,False,
103871,verano_2024,2024-06-24,email,True,True,False,
111698,verano_2024,2024-06-18,email,True,False,False,
105355,verano_2024,2024-06-23,email,False,,False,
114810,verano_2024,2024-06-27,email,False,,False,
102908,verano_2024,2024-06-27,push,,,False,
111181,verano_2024,2024-06-24,email,False,,False,
110159,verano_2024,2024-06-15,email,True,False,False,
103539,verano_2024,2024-06-27,push,,,True,2024-07-08
114353,verano_2024,2024-06-27,email,True,False,False,
105994,verano_2024,2024-06-24,email,True,False,False,
114711,verano_2024,2024-06-22,email,True,True,True,2024-07-07
100916,verano_2024,2024-06-28,push,,,False,
114078,verano_2024,2024-06-21,push,,,False,
104416,verano_2024,2024-06-24,email,True,False,True,2024-08-12
112197,verano_2024,2024-06-20,push,,,False,
110672,verano_2024,2024-06-23,email,False,,False,
110512,verano_2024,2024-06-22,email,True,False,False,
101818,verano_2024,2024-06-29,email,True,False,True,2024-08-24
115196,verano_2024,2024-06-15,email,False,,False,
110273,verano_2024,2024-06-27,push,,,False,
103950,verano_2024,2024-06-16,Email,True,False,False,
100338,verano_2024,2024-06-15,email,True,True,False,
106432,verano_2024,2024-06-24,email,False,,False,
102073,verano_2024,2024-06-24,email,True,True,False,
113492,verano_2024,2024-06-20,sms,,,False,
105823,verano_2024,2024-06-16,email,True,False,False,
110921,verano_2024,2024-06-27,push,,,False,
105144,verano_2024,2024-06-19,email,True,False,False,
111985,verano_2024,2024-06-15,email,True,False,False,
103514,verano_2024,2024-06-27,push,,,True,2024-08-16
102816,verano_2024,2024-06-29,push,,,False,
109125,verano_2024,2024-06-16,Email,False,,False,
106376,verano_2024,2024-06-24,push,,,False,
109923,verano_2024,2024-06-19,email,True,True,False,
114662,verano_2024,2024-06-17,push,,,False,
108234,verano_2024,2024-06-18,email,False,,False,
111286,verano_2024,2024-06-17,email,False,,False,
108749,verano_2024,2024-06-22,email,False,,False,
100767,verano_2024,2024-06-15,email,False,,False,
103783,verano_2024,2024-06-16,email,False,,False,
111166,verano_2024,2024-06-28,push,,,False,
101145,verano_2024,2024-06-25,email,False,,False,
112709,verano_2024,2024-06-28,email,True,False,False,
102511,verano_2024,2024-06-21,email,True,False,False,
107947,verano_2024,2024-06-26,email,False,,False,
102274,verano_2024,2024-06-29,email,True,False,True,2024-08-10
102861,verano_2024,2024-06-25,email,False,,False,
101222,verano_2024,2024-06-29,push,,,False,
111234,verano_2024,2024-06-27,email,False,,False,
104865,verano_2024,2024-06-27,email,True,False,False,
107873,verano_2024,2024-06-27,email,True,False,False,
108404,verano_2024,2024-06-16,email,True,False,True,2024-08-15
110712,verano_2024,2024-06-29,email,True,False,False,
107850,verano_2024,2024-06-24,email,False,,False,
104925,verano_2024,2024-06-24,email,False,,False,
104533,verano_2024,2024-06-20,push,,,False,
106890,verano_2024,2024-06-28,email,False,,False,
101673,verano_2024,2024-06-25,push,,,True,2024-07-16
112426,verano_2024,2024-06-25,push,,,True,2024-07-22
107343,verano_2024,2024-06-17,Email,True,True,False,
114897,verano_2024,2024-06-28,email,False,,False,
104056,verano_2024,2024-06-17,email,True,False,False,
112545,verano_2024,2024-06-28,push,,,False,
101809,verano_2024,2024-06-23,email,False,,False,
102276,verano_2024,2024-06-20,push,,,True,2024-07-30
103762,verano_2024,2024-06-28,push,,,False,
107535,verano_2024,2024-06-25,push,,,True,2024-08-23
110971,verano_2024,2024-06-17,email,False,,False,
110252,verano_2024,2024-06-25,email,False,,False,
111677,verano_2024,2024-06-21,email,True,False,False,
102046,verano_2024,2024-06-26,Email,False,,False,
113976,verano_2024,2024-06-24,email,False,,False,
107309,verano_2024,2024-06-24,email,False,,False,
105114,verano_2024,2024-06-17,email,False,,True,2024-08-15
101296,verano_2024,2024-06-24,email,False,,False,
108843,verano_2024,2024-06-22,sms,,,False,
104688,verano_2024,2024-06-18,email,False,,False,
103953,verano_2024,2024-06-20,email,False,,False,
108448,verano_2024,2024-06-28,email,False,,False,
104318,verano_2024,2024-06-17,email,False,,False,
110432,verano_2024,2024-06-19,email,False,,False,
100445,verano_2024,2024-06-16,email,True,False,False,
105520,verano_2024,2024-06-18,email,True,False,False,
100859,verano_2024,2024-06-25,email,True,False,False,
112747,verano_2024,2024-06-24,push,,,False,
104440,verano_2024,2024-06-24,email,True,False,False,
105322,verano_2024,2024-06-24,email,True,True,False,
100842,verano_2024,2024-06-22,email,True,False,False,
111284,verano_2024,2024-06-15,email,True,True,True,2024-07-29
108829,verano_2024,2024-06-21,push,,,False,
114420,verano_2024,2024-06-28,push,,,False,
111993,verano_2024,2024-06-23,email,True,True,False,
100995,verano_2024,2024-06-18,push,,,False,
107772,verano_2024,2024-06-22,email,False,,False,
111943,verano_2024,2024-06-25,email,False,,True,2024-07-16
101555,verano_2024,2024-06-23,push,,,True,2024-07-17
110608,verano_2024,2024-06-20,email,True,True,False,
101974,verano_2024,2024-06-19,email,True,False,False,
101952,verano_2024,2024-06-29,sms,,,False,
114679,verano_2024,2024-06-15,email,True,False,False,
109860,verano_2024,2024-06-27,email,False,,True,2024-07-24
115180,verano_2024,2024-06-29,email,True,True,False,
111327,verano_2024,2024-06-15,email,True,False,False,
112144,verano_2024,2024-06-20,push,,,False,
102514,verano_2024,2024-06-24,email,True,False,False,
105560,verano_2024,2024-06-28,email,False,,False,
111583,verano_2024,2024-06-17,email,False,,False,
106302,verano_2024,2024-06-25,email,False,,False,
102836,verano_2024,2024-06-28,push,,,False,
104701,verano_2024,2024-06-19,email,True,False,False,
102446,verano_2024,2024-06-22,push,,,True,2024-08-11
102234,verano_2024,2024-06-24,Email,False,,False,
103051,verano_2024,2024-06-29,email,False,,False,
114710,verano_2024,2024-06-22,email,False,,True,2024-08-28
100401,verano_2024,2024-06-16,email,False,,False,
107984,verano_2024,2024-06-16,push,,,True,2024-08-30
114370,verano_2024,2024-06-24,push,,,False,
105199,verano_2024,2024-06-23,sms,,,False,
111817,verano_2024,2024-06-25,push,,,False,
110238,verano_2024,2024-06-27,email,True,True,False,
108148,verano_2024,2024-06-23,email,True,False,False,
101024,verano_2024,2024-06-20,push,,,True,2024-08-13
103299,verano_2024,2024-06-17,sms,,,False,
113915,verano_2024,2024-06-20,email,False,,False,
109417,verano_2024,2024-06-26,email,True,False,False,
115197,verano_2024,2024-06-19,Email,False,,True,2024-07-27
114580,verano_2024,2024-06-20,push_notification,,,False,
109811,verano_2024,2024-06-25,email,False,,False,
105895,verano_2024,2024-06-25,email,True,False,True,2024-08-30
104242,verano_2024,2024-06-23,email,True,False,False,
105425,verano_2024,2024-06-27,sms,,,False,
107078,verano_2024,2024-06-20,push,,,False,
103402,verano_2024,2024-06-27,email,False,,False,
113394,verano_2024,2024-06-29,push_notification,,,True,2024-08-04
104310,verano_2024,2024-06-22,push,,,False,
104081,verano_2024,2024-06-29,email,False,,False,
100804,verano_2024,2024-06-29,email,True,False,False,
101551,verano_2024,2024-06-18,email,False,,False,
101010,verano_2024,2024-06-29,push,,,False,
106651,verano_2024,2024-06-29,push,,,False,
112271,verano_2024,2024-06-23,email,False,,False,
113637,verano_2024,2024-06-20,email,True,True,True,2024-08-24
102738,verano_2024,2024-06-24,sms,,,False,
110906,verano_2024,2024-06-28,email,False,,False,
104367,verano_2024,2024-06-28,sms,,,True,2024-08-01
105096,verano_2024,2024-06-19,email,False,,True,2024-08-06
100649,verano_2024,2024-06-16,email,False,,False,
109145,verano_2024,2024-06-19,email,False,,False,
102863,verano_2024,2024-06-24,email,False,,True,2024-07-12
104976,verano_2024,2024-06-16,email,False,,False,
107690,verano_2024,2024-06-26,push,,,True,2024-07-31
106400,verano_2024,2024-06-21,Email,True,False,False,
109286,verano_2024,2024-06-16,email,False,,False,
113494,verano_2024,2024-06-19,email,False,,False,
100551,verano_2024,2024-06-18,email,False,,False,
113816,verano_2024,2024-06-29,push,,,False,
105618,verano_2024,2024-06-25,Email,False,,False,
108280,verano_2024,2024-06-26,email,True,False,False,
114962,verano_2024,2024-06-22,push,,,True,2024-07-17
100212,verano_2024,2024-06-21,push,,,True,2024-07-18
113018,verano_2024,2024-06-23,push,,,False,
106344,verano_2024,2024-06-21,sms,,,False,
101782,verano_2024,2024-06-18,email,True,False,False,
111366,verano_2024,2024-06-29,SMS,,,False,
103544,verano_2024,2024-06-15,push,,,False,
108050,verano_2024,2024-06-15,sms,,,True,2024-08-11
101439,verano_2024,2024-06-29,push,,,True,2024-08-02
102516,verano_2024,2024-06-17,sms,,,False,
102869,verano_2024,2024-06-25,email,False,,False,
102435,verano_2024,2024-06-17,push,,,True,2024-08-22
105046,verano_2024,2024-06-16,email,True,False,False,
104793,verano_2024,2024-06-25,email,True,False,True,2024-08-26
114000,verano_2024,2024-06-24,email,False,,False,
109618,verano_2024,2024-06-27,push,,,False,
112188,verano_2024,2024-06-28,push,,,True,2024-08-01
106799,verano_2024,2024-06-24,email,False,,False,
106476,verano_2024,2024-06-26,email,False,,False,
101315,verano_2024,2024-06-17,email,True,False,False,
109683,verano_2024,2024-06-25,email,False,,False,
112558,verano_2024,2024-06-27,email,False,,False,
109250,verano_2024,2024-06-26,email,True,True,False,
103980,verano_2024,2024-06-27,email,True,True,True,2024-08-02
100013,verano_2024,2024-06-15,push_notification,,,True,
107019,verano_2024,2024-06-26,push,,,False,
100819,verano_2024,2024-06-24,push,,,False,
102785,verano_2024,2024-06-15,email,True,False,False,
111418,verano_2024,2024-06-26,email,True,True,True,2024-07-09
113667,verano_2024,2024-06-28,email,False,,False,
100454,verano_2024,2024-06-24,Email,False,,False,
101050,verano_2024,2024-06-23,email,True,False,False,
115082,verano_2024,2024-06-28,push,,,False,
101657,verano_2024,2024-06-26,push_notification,,,True,2024-07-23
103458,verano_2024,2024-06-19,email,True,False,False,
107096,verano_2024,2024-06-28,email,False,,False,
113610,verano_2024,2024-06-20,email,False,,False,
112211,verano_2024,2024-06-17,email,True,False,False,
114921,verano_2024,2024-06-21,push,,,False,
105140,verano_2024,2024-06-18,email,False,,False,
104916,verano_2024,2024-06-28,email,False,,False,
100941,verano_2024,2024-06-16,email,True,False,False,
107234,verano_2024,2024-06-19,email,False,,False,
108795,verano_2024,2024-06-23,email,False,,False,
111976,verano_2024,2024-06-23,email,True,False,False,
108207,verano_2024,2024-06-20,push,,,True,2024-08-29
112695,verano_2024,2024-06-20,email,False,,False,
109939,verano_2024,2024-06-26,email,False,,False,
104635,verano_2024,2024-06-16,push,,,False,
114521,verano_2024,2024-06-24,email,True,False,False,
107310,verano_2024,2024-06-20,email,True,False,False,
114366,verano_2024,2024-06-27,sms,,,False,
101401,verano_2024,2024-06-19,push,,,True,2024-07-17
110079,verano_2024,2024-06-25,Email,True,False,False,
100031,verano_2024,2024-06-17,push,,,False,
106364,verano_2024,2024-06-15,email,False,,False,
106259,verano_2024,2024-06-21,push,,,False,
113834,verano_2024,2024-06-27,email,False,,False,
103678,verano_2024,2024-06-18,email,True,False,False,
112086,verano_2024,2024-06-24,email,False,,False,
100673,verano_2024,2024-06-25,email,True,False,False,
110520,verano_2024,2024-06-29,email,False,,False,
107922,verano_2024,2024-06-26,push,,,False,
106818,verano_2024,2024-06-24,email,True,False,False,
114822,verano_2024,2024-06-25,email,False,,False,
105467,verano_2024,2024-06-27,email,False,,False,
113002,verano_2024,2024-06-16,email,True,False,False,
108087,verano_2024,2024-06-18,push,,,True,2024-07-05
113186,verano_2024,2024-06-25,email,False,,False,
101109,verano_2024,2024-06-16,email,False,,False,
111880,verano_2024,2024-06-16,email,False,,False,
114108,verano_2024,2024-06-28,push,,,False,
103230,verano_2024,2024-06-27,push,,,True,2024-07-31
108212,verano_2024,2024-06-20,email,True,False,False,
109812,verano_2024,2024-06-19,email,True,False,False,
108481,verano_2024,2024-06-28,email,True,False,False,
103320,verano_2024,2024-06-20,sms,,,False,
111840,verano_2024,2024-06-29,Email,False,,False,
105836,verano_2024,2024-06-19,push,,,False,
108072,verano_2024,2024-06-24,email,True,False,False,
110419,verano_2024,2024-06-21,email,False,,False,
112273,verano_2024,2024-06-29,push,,,False,
112500,verano_2024,2024-06-28,push,,,False,
102554,verano_2024,2024-06-24,push,,,False,
104776,verano_2024,2024-06-28,push,,,True,2024-07-29
106836,verano_2024,2024-06-25,email,False,,False,
102687,verano_2024,2024-06-26,push,,,False,
107949,verano_2024,2024-06-23,email,False,,False,
112435,verano_2024,2024-06-18,email,False,,False,
101564,verano_2024,2024-06-15,email,False,,False,
106878,verano_2024,2024-06-24,email,False,,False,
100556,verano_2024,2024-06-24,email,True,True,False,
103072,verano_2024,2024-06-24,email,False,,False,
112094,verano_2024,2024-06-15,push_notification,,,False,
113050,verano_2024,2024-06-26,email,False,,False,
104475,verano_2024,2024-06-21,email,False,,False,
107948,verano_2024,2024-06-26,SMS,,,True,2024-08-14
111587,verano_2024,2024-06-24,email,True,False,False,
104857,verano_2024,2024-06-25,sms,,,False,
105269,verano_2024,2024-06-20,email,True,True,False,
102854,verano_2024,2024-06-17,email,True,True,False,
107088,verano_2024,2024-06-19,push,,,False,
112897,verano_2024,2024-06-17,email,True,False,False,
111831,verano_2024,2024-06-17,email,True,False,False,
111078,verano_2024,2024-06-28,email,True,True,True,2024-08-06
108590,verano_2024,2024-06-20,push,,,False,
104602,verano_2024,2024-06-21,email,False,,False,
114578,verano_2024,2024-06-27,email,True,False,False,
107388,verano_2024,2024-06-16,sms,,,False,
114365,verano_2024,2024-06-18,email,True,False,False,
102214,verano_2024,2024-06-19,email,True,True,True,2024-08-25
104930,verano_2024,2024-06-25,push,,,False,
111332,verano_2024,2024-06-20,email,True,False,False,
112600,verano_2024,2024-06-23,push,,,False,
112403,verano_2024,2024-06-18,email,False,,False,
110006,verano_2024,2024-06-25,email,False,,False,
102112,verano_2024,2024-06-15,sms,,,True,2024-08-21
113275,verano_2024,2024-06-26,sms,,,True,2024-07-17
108427,verano_2024,2024-06-21,push,,,False,
107151,verano_2024,2024-06-28,email,False,,False,
114131,verano_2024,2024-06-28,email,False,,False,
108299,verano_2024,2024-06-27,email,False,,False,
113231,verano_2024,2024-06-16,email,False,,False,
107709,verano_2024,2024-06-26,email,True,False,False,
107378,verano_2024,2024-06-26,Email,True,False,False,
104447,verano_2024,2024-06-22,SMS,,,False,
114086,verano_2024,2024-06-15,push,,,False,
111662,verano_2024,2024-06-18,email,True,False,False,
108258,verano_2024,2024-06-17,email,False,,False,
105027,verano_2024,2024-06-20,Email,False,,False,
100029,verano_2024,2024-06-28,sms,,,True,2024-08-23
114744,verano_2024,2024-06-18,email,False,,False,
112486,verano_2024,2024-06-19,email,False,,False,
110598,verano_2024,2024-06-15,email,False,,False,
110624,verano_2024,2024-06-18,Email,True,True,False,
100356,verano_2024,2024-06-25,email,False,,False,
101430,verano_2024,2024-06-15,push,,,False,
111489,verano_2024,2024-06-23,email,False,,False,
112054,verano_2024,2024-06-16,sms,,,True,2024-07-19
111236,verano_2024,2024-06-26,email,False,,False,
112740,verano_2024,2024-06-28,sms,,,False,
107473,verano_2024,2024-06-16,sms,,,True,2024-08-06
100333,verano_2024,2024-06-28,email,False,,True,2024-08-12
105644,verano_2024,2024-06-24,email,False,,False,
106866,verano_2024,2024-06-17,email,True,False,False,
113792,verano_2024,2024-06-17,email,True,False,False,
109881,verano_2024,2024-06-25,push,,,False,
113927,verano_2024,2024-06-25,email,False,,False,
104225,verano_2024,2024-06-26,push,,,True,2024-07-28
100965,verano_2024,2024-06-25,email,False,,False,
111263,verano_2024,2024-06-19,email,False,,False,
106750,verano_2024,2024-06-29,SMS,,,True,2024-08-02
100121,verano_2024,2024-06-19,email,False,,False,
106795,verano_2024,2024-06-24,email,True,False,False,
104931,verano_2024,2024-06-25,push,,,False,
107364,verano_2024,2024-06-19,email,False,,False,
105580,verano_2024,2024-06-23,email,True,False,False,
107845,verano_2024,2024-06-16,sms,,,True,2024-07-05
100329,verano_2024,2024-06-20,email,False,,False,
104711,verano_2024,2024-06-19,email,True,False,False,
103282,verano_2024,2024-06-16,email,False,,True,2024-07-25
102371,verano_2024,2024-06-23,push,,,True,2024-08-30
105523,verano_2024,2024-06-22,email,False,,False,
102545,verano_2024,2024-06-25,push,,,False,
111722,verano_2024,2024-06-28,email,False,,False,
109633,verano_2024,2024-06-28,email,False,,True,2024-07-03
102886,verano_2024,2024-06-19,email,False,,False,
110425,verano_2024,2024-06-27,email,True,False,False,
102179,verano_2024,2024-06-21,push,,,False,
112157,verano_2024,2024-06-28,email,True,True,False,
104899,verano_2024,2024-06-26,Email,True,False,False,
105154,verano_2024,2024-06-29,push,,,True,2024-07-30
101210,verano_2024,2024-06-22,email,True,True,False,
105171,verano_2024,2024-06-25,email,False,,False,
115122,verano_2024,2024-06-26,email,False,,False,
109971,verano_2024,2024-06-18,Email,True,True,False,
108167,verano_2024,2024-06-18,sms,,,False,
103124,verano_2024,2024-06-27,email,False,,False,
112473,verano_2024,2024-06-21,push,,,True,2024-07-26
101545,verano_2024,2024-06-17,push,,,False,
108188,verano_2024,2024-06-24,email,True,False,False,
114814,verano_2024,2024-06-15,email,True,False,False,
111145,verano_2024,2024-06-19,Email,False,,False,
107417,verano_2024,2024-06-16,email,False,,False,
113439,verano_2024,2024-06-20,email,False,,False,
109994,verano_2024,2024-06-16,push,,,True,2024-07-04
110498,verano_2024,2024-06-28,email,False,,False,
114190,verano_2024,2024-06-19,email,False,,True,2024-07-20
100946,verano_2024,2024-06-21,email,False,,False,
111114,verano_2024,2024-06-27,email,False,,False,
104551,verano_2024,2024-06-23,email,False,,False,
113910,verano_2024,2024-06-16,push,,,False,
112684,verano_2024,2024-06-22,email,False,,False,
108349,verano_2024,2024-06-29,email,True,False,False,
112586,verano_2024,2024-06-18,push,,,False,
111730,verano_2024,2024-06-27,email,False,,False,
114826,verano_2024,2024-06-20,email,True,False,True,2024-08-23
101676,verano_2024,2024-06-29,email,True,False,False,
109786,verano_2024,2024-06-23,email,False,,False,
101562,verano_2024,2024-06-15,email,True,False,False,
112034,verano_2024,2024-06-24,email,True,False,False,
115011,verano_2024,2024-06-21,Email,False,,True,2024-07-10
111018,verano_2024,2024-06-29,email,False,,False,
106214,verano_2024,2024-06-22,push,,,False,
110478,verano_2024,2024-06-23,email,False,,False,
106045,verano_2024,2024-06-21,email,False,,True,2024-07-30
104542,verano_2024,2024-06-17,email,True,False,True,
101783,verano_2024,2024-06-28,email,True,False,False,
112249,verano_2024,2024-06-20,email,False,,False,
113963,verano_2024,2024-06-17,email,False,,False,
101096,verano_2024,2024-06-18,email,False,,False,
107614,verano_2024,2024-06-20,email,False,,False,
111071,verano_2024,2024-06-20,sms,,,False,
108205,verano_2024,2024-06-18,email,True,False,False,
103288,verano_2024,2024-06-18,email,False,,False,
112871,verano_2024,2024-06-17,email,False,,False,
100678,verano_2024,2024-06-27,Email,False,,False,
106194,verano_2024,2024-06-16,push,,,True,2024-07-24
102606,verano_2024,2024-06-23,Email,False,,False,
106929,verano_2024,2024-06-21,sms,,,False,
101393,verano_2024,2024-06-17,email,False,,False,
108730,verano_2024,2024-06-26,email,False,,False,
113475,verano_2024,2024-06-25,push,,,False,
100753,verano_2024,2024-06-16,email,True,False,True,2024-08-12
101712,verano_2024,2024-06-21,push,,,False,
103738,verano_2024,2024-06-22,email,True,False,False,
115226,verano_2024,2024-06-27,email,True,False,False,
115223,verano_2024,2024-06-22,email,True,False,False,
113301,verano_2024,2024-06-29,email,True,False,False,
103216,verano_2024,2024-06-26,push,,,False,
100798,verano_2024,2024-06-19,push,,,False,
105366,verano_2024,2024-06-17,email,True,False,False,
101778,verano_2024,2024-06-28,push,,,False,
104114,verano_2024,2024-06-16,Email,True,False,False,
101771,verano_2024,2024-06-17,sms,,,True,2024-07-01
114176,verano_2024,2024-06-19,email,True,False,False,
106935,verano_2024,2024-06-21,email,True,True,False,
114611,verano_2024,2024-06-26,email,False,,False,
113273,verano_2024,2024-06-24,email,True,True,True,2024-08-04
107519,verano_2024,2024-06-27,email,False,,False,
106413,verano_2024,2024-06-27,email,True,True,False,
103023,verano_2024,2024-06-29,email,False,,False,
114427,verano_2024,2024-06-27,push,,,True,2024-08-20
104229,verano_2024,2024-06-17,email,False,,False,
114326,verano_2024,2024-06-15,email,False,,False,
103013,verano_2024,2024-06-20,push,,,True,2024-07-29
114219,verano_2024,2024-06-18,email,True,False,False,
106876,verano_2024,2024-06-16,SMS,,,False,
112727,verano_2024,2024-06-19,push,,,True,2024-08-26
105765,verano_2024,2024-06-18,email,False,,False,
104620,verano_2024,2024-06-27,email,True,False,False,
111420,verano_2024,2024-06-15,email,False,,False,
107277,verano_2024,2024-06-26,email,False,,False,
108569,verano_2024,2024-06-15,push_notification,,,True,2024-07-17
110314,verano_2024,2024-06-27,email,False,,False,
100528,verano_2024,2024-06-25,email,True,False,False,
100367,verano_2024,2024-06-18,email,False,,False,
106099,verano_2024,2024-06-21,email,False,,False,
114296,verano_2024,2024-06-16,push,,,True,2024-07-06
104265,verano_2024,2024-06-24,email,True,False,False,
104263,verano_2024,2024-06-20,sms,,,False,
113302,verano_2024,2024-06-17,email,False,,False,
106826,verano_2024,2024-06-24,push,,,True,2024-08-03
101920,verano_2024,2024-06-17,push,,,False,
100702,verano_2024,2024-06-28,push,,,True,2024-08-09
106171,verano_2024,2024-06-26,email,False,,False,
113191,verano_2024,2024-06-24,sms,,,False,
109768,verano_2024,2024-06-26,email,False,,False,
105019,verano_2024,2024-06-24,email,True,True,True,2024-07-09
106871,verano_2024,2024-06-24,email,False,,False,
108950,verano_2024,2024-06-22,email,False,,False,
104424,verano_2024,2024-06-21,push,,,False,
113653,verano_2024,2024-06-20,email,True,False,False,
106863,verano_2024,2024-06-19,push,,,False,
114307,verano_2024,2024-06-20,email,False,,False,
104869,verano_2024,2024-06-17,email,False,,False,
101299,verano_2024,2024-06-19,sms,,,False,
107516,verano_2024,2024-06-16,push,,,False,
101353,verano_2024,2024-06-25,email,False,,False,
102927,verano_2024,2024-06-17,email,True,False,False,
109514,verano_2024,2024-06-15,push,,,True,2024-07-24
112083,verano_2024,2024-06-24,push,,,True,2024-08-05
101288,verano_2024,2024-06-16,email,False,,False,
107112,verano_2024,2024-06-19,email,False,,False,
111727,verano_2024,2024-06-22,email,True,False,False,
104351,verano_2024,2024-06-24,email,True,False,False,
109005,verano_2024,2024-06-22,email,False,,False,
103698,verano_2024,2024-06-24,email,True,True,True,2024-08-08
102014,verano_2024,2024-06-21,push_notification,,,False,
112414,verano_2024,2024-06-29,email,False,,False,
104374,verano_2024,2024-06-28,push,,,False,
115098,verano_2024,2024-06-17,email,False,,False,
105678,verano_2024,2024-06-29,sms,,,False,
110839,verano_2024,2024-06-18,email,False,,False,
108811,verano_2024,2024-06-26,email,False,,False,
102148,verano_2024,2024-06-24,email,False,,False,
108742,verano_2024,2024-06-27,Email,True,False,False,
102706,verano_2024,2024-06-17,email,True,False,False,
105474,verano_2024,2024-06-24,push,,,True,2024-08-12
108826,verano_2024,2024-06-22,email,True,False,False,
102571,verano_2024,2024-06-21,email,True,False,False,
110490,verano_2024,2024-06-16,email,False,,False,
107311,verano_2024,2024-06-19,Email,False,,False,
114932,verano_2024,2024-06-24,push,,,True,2024-08-13
110398,verano_2024,2024-06-18,push,,,False,
111815,verano_2024,2024-06-27,push,,,False,
112251,verano_2024,2024-06-27,email,False,,False,
112859,verano_2024,2024-06-15,email,True,True,True,2024-08-30
100811,verano_2024,2024-06-25,email,False,,False,
107969,verano_2024,2024-06-26,push,,,False,
105685,verano_2024,2024-06-25,push,,,False,
108571,verano_2024,2024-06-26,email,True,True,False,
100313,verano_2024,2024-06-17,sms,,,True,2024-07-25
102074,verano_2024,2024-06-15,email,True,True,True,2024-08-15
113616,verano_2024,2024-06-21,email,True,False,False,
111708,verano_2024,2024-06-15,sms,,,False,
111403,verano_2024,2024-06-26,push,,,True,2024-08-25
100886,verano_2024,2024-06-16,push,,,False,
101478,verano_2024,2024-06-25,push,,,False,
101791,verano_2024,2024-06-26,email,False,,False,
103143,verano_2024,2024-06-17,email,True,False,False,
108666,verano_2024,2024-06-16,email,True,False,False,
102009,verano_2024,2024-06-24,push,,,False,
103455,verano_2024,2024-06-20,email,True,False,True,2024-07-14
100683,verano_2024,2024-06-16,email,True,False,False,
103896,verano_2024,2024-06-18,email,False,,False,
112555,verano_2024,2024-06-29,email,False,,False,
111910,verano_2024,2024-06-22,Email,False,,False,
106956,verano_2024,2024-06-26,email,True,False,False,
112617,verano_2024,2024-06-22,email,True,False,False,
100058,verano_2024,2024-06-23,push,,,False,
112456,verano_2024,2024-06-21,push,,,False,
114058,verano_2024,2024-06-29,sms,,,False,
107290,verano_2024,2024-06-27,push,,,False,
102400,verano_2024,2024-06-29,push,,,True,2024-08-22
108743,verano_2024,2024-06-19,email,True,False,False,
114988,verano_2024,2024-06-19,push,,,True,2024-08-01
104127,verano_2024,2024-06-16,sms,,,False,
109237,verano_2024,2024-06-20,email,False,,False,
112420,verano_2024,2024-06-26,email,True,True,False,
109640,verano_2024,2024-06-18,email,True,False,False,
101469,verano_2024,2024-06-28,email,False,,False,
105762,verano_2024,2024-06-24,push,,,True,2024-07-15
101417,verano_2024,2024-06-29,email,False,,False,
100471,verano_2024,2024-06-20,sms,,,True,2024-07-07
102359,verano_2024,2024-06-22,sms,,,True,2024-08-29
102723,verano_2024,2024-06-23,push,,,False,
107599,verano_2024,2024-06-19,email,False,,False,
106887,verano_2024,2024-06-26,email,True,False,False,
107718,verano_2024,2024-06-26,push,,,False,
113281,verano_2024,2024-06-29,sms,,,True,2024-07-09
113208,verano_2024,2024-06-28,email,False,,False,
109150,verano_2024,2024-06-20,email,True,False,False,
104526,verano_2024,2024-06-27,email,False,,False,
104611,verano_2024,2024-06-20,email,False,,False,
111512,verano_2024,2024-06-24,email,True,True,False,
112546,verano_2024,2024-06-15,push,,,False,
106042,verano_2024,2024-06-16,email,False,,False,
114461,verano_2024,2024-06-23,sms,,,True,2024-07-02
103870,verano_2024,2024-06-15,email,False,,False,
109186,verano_2024,2024-06-21,push,,,False,
114933,verano_2024,2024-06-21,email,True,True,True,2024-08-23
113414,verano_2024,2024-06-21,email,True,True,False,
106787,verano_2024,2024-06-24,email,False,,False,
107164,verano_2024,2024-06-21,email,False,,False,
109214,verano_2024,2024-06-23,email,False,,False,
110953,verano_2024,2024-06-18,email,False,,True,2024-08-21
114460,verano_2024,2024-06-25,email,False,,False,
104675,verano_2024,2024-06-27,sms,,,False,
101056,verano_2024,2024-06-23,Email,False,,False,
102282,verano_2024,2024-06-27,email,False,,False,
111392,verano_2024,2024-06-23,sms,,,False,
112909,verano_2024,2024-06-29,email,False,,False,
108159,verano_2024,2024-06-25,email,False,,False,
108241,verano_2024,2024-06-21,email,True,True,True,2024-07-26
101925,verano_2024,2024-06-25,push,,,False,
106380,verano_2024,2024-06-26,email,True,False,False,
104908,verano_2024,2024-06-20,sms,,,False,
111686,verano_2024,2024-06-27,email,False,,False,
114079,verano_2024,2024-06-23,email,True,False,False,
101076,verano_2024,2024-06-28,push,,,True,2024-08-08
101116,verano_2024,2024-06-27,push,,,True,2024-08-20
103937,verano_2024,2024-06-29,push,,,False,
103534,verano_2024,2024-06-26,push,,,False,
111032,verano_2024,2024-06-17,email,True,False,False,
108342,verano_2024,2024-06-18,email,False,,False,
100461,verano_2024,2024-06-22,email,False,,False,
103033,verano_2024,2024-06-19,email,False,,False,
104208,verano_2024,2024-06-29,Email,False,,False,
106714,verano_2024,2024-06-28,email,False,,False,
113886,verano_2024,2024-06-29,email,False,,False,
106399,verano_2024,2024-06-15,Email,False,,True,2024-07-26
112280,verano_2024,2024-06-16,email,False,,False,
105842,verano_2024,2024-06-15,email,False,,False,
107143,verano_2024,2024-06-17,push,,,True,2024-08-24
101453,verano_2024,2024-06-22,email,True,True,False,
102150,verano_2024,2024-06-21,email,False,,False,
100320,verano_2024,2024-06-16,email,False,,False,
104970,verano_2024,2024-06-21,email,True,False,False,
108095,verano_2024,2024-06-24,sms,,,False,
106770,verano_2024,2024-06-22,SMS,,,True,2024-08-05
101923,verano_2024,2024-06-27,push,,,True,2024-08-15
110791,verano_2024,2024-06-21,email,False,,False,
113843,verano_2024,2024-06-23,email,True,False,False,
110011,verano_2024,2024-06-19,email,True,True,False,
112560,verano_2024,2024-06-26,push,,,False,
108028,verano_2024,2024-06-23,email,False,,False,
109925,verano_2024,2024-06-25,email,False,,False,
114701,verano_2024,2024-06-22,email,False,,False,
102130,verano_2024,2024-06-28,push,,,False,
107622,verano_2024,2024-06-27,push,,,True,2024-08-06
106479,verano_2024,2024-06-27,email,True,True,False,
106301,verano_2024,2024-06-20,email,True,False,False,
108992,verano_2024,2024-06-16,sms,,,False,
112301,verano_2024,2024-06-16,email,False,,False,
109181,verano_2024,2024-06-15,email,False,,False,
112789,verano_2024,2024-06-16,sms,,,True,2024-07-15
102510,verano_2024,2024-06-26,email,False,,False,
101053,verano_2024,2024-06-24,email,False,,False,
108048,verano_2024,2024-06-26,email,False,,False,
106153,verano_2024,2024-06-21,push,,,False,
101682,verano_2024,2024-06-28,push,,,False,
110674,verano_2024,2024-06-27,push,,,False,
104068,verano_2024,2024-06-17,email,True,False,False,
105025,verano_2024,2024-06-16,sms,,,False,
101457,verano_2024,2024-06-17,email,True,False,False,
106820,verano_2024,2024-06-26,email,False,,False,
100362,verano_2024,2024-06-23,email,False,,True,2024-08-12
113174,verano_2024,2024-06-29,push,,,False,
114929,verano_2024,2024-06-20,email,True,False,False,
109333,verano_2024,2024-06-26,email,False,,False,
108916,verano_2024,2024-06-16,email,True,False,False,
103146,verano_2024,2024-06-24,push,,,False,
108876,verano_2024,2024-06-19,email,False,,False,
100506,verano_2024,2024-06-24,email,True,False,False,
110816,verano_2024,2024-06-22,email,False,,False,
107888,verano_2024,2024-06-25,email,False,,False,
113879,verano_2024,2024-06-23,push,,,False,
110748,verano_2024,2024-06-28,email,False,,False,
112214,verano_2024,2024-06-18,email,False,,False,
112443,verano_2024,2024-06-22,email,False,,False,
100541,verano_2024,2024-06-20,push_notification,,,False,
104236,verano_2024,2024-06-19,sms,,,False,
105508,verano_2024,2024-06-25,email,False,,False,
113882,verano_2024,2024-06-22,email,True,False,False,
113905,verano_2024,2024-06-29,sms,,,False,
112436,verano_2024,2024-06-19,email,False,,False,
114066,verano_2024,2024-06-23,push,,,True,2024-07-22
100755,verano_2024,2024-06-18,push,,,False,
108455,verano_2024,2024-06-24,email,True,False,False,
102004,verano_2024,2024-06-19,email,False,,False,
108830,verano_2024,2024-06-15,sms,,,True,2024-07-08
102543,verano_2024,2024-06-27,email,False,,True,2024-08-03
106074,verano_2024,2024-06-24,email,False,,False,
102919,verano_2024,2024-06-21,email,True,False,False,
114762,verano_2024,2024-06-27,push,,,False,
105219,verano_2024,2024-06-26,email,False,,False,
107054,verano_2024,2024-06-17,push,,,False,
100238,verano_2024,2024-06-19,email,True,False,False,
104272,verano_2024,2024-06-24,email,True,True,False,
105876,verano_2024,2024-06-17,push,,,True,2024-08-29
107590,verano_2024,2024-06-21,email,False,,False,
100101,verano_2024,2024-06-16,email,True,True,False,
110656,verano_2024,2024-06-18,email,False,,False,
111223,verano_2024,2024-06-23,push,,,True,2024-07-01
109947,verano_2024,2024-06-22,push,,,False,
111915,verano_2024,2024-06-28,push,,,True,2024-08-12
105363,verano_2024,2024-06-27,email,True,False,False,
104767,verano_2024,2024-06-20,email,False,,False,
111007,verano_2024,2024-06-15,email,False,,True,2024-07-17
104881,verano_2024,2024-06-16,email,False,,False,
109725,verano_2024,2024-06-18,sms,,,False,
100602,verano_2024,2024-06-22,email,True,False,False,
112137,verano_2024,2024-06-20,email,False,,False,
113899,verano_2024,2024-06-15,email,False,,False,
106183,verano_2024,2024-06-29,email,True,False,False,
111882,verano_2024,2024-06-15,email,True,True,False,
102432,verano_2024,2024-06-29,sms,,,True,2024-08-26
108855,verano_2024,2024-06-17,email,False,,False,
101045,verano_2024,2024-06-17,email,False,,False,
114204,verano_2024,2024-06-16,push,,,False,
101558,verano_2024,2024-06-22,email,False,,False,
105010,verano_2024,2024-06-22,email,False,,True,2024-08-07
101488,verano_2024,2024-06-28,email,False,,False,
106578,verano_2024,2024-06-22,sms,,,False,
110898,verano_2024,2024-06-16,email,False,,False,
114327,verano_2024,2024-06-24,email,True,False,False,
109211,verano_2024,2024-06-16,push,,,False,
102116,verano_2024,2024-06-17,email,True,False,False,
105796,verano_2024,2024-06-26,sms,,,True,2024-07-16
113838,verano_2024,2024-06-16,email,False,,False,
107581,verano_2024,2024-06-18,email,True,False,False,
108413,verano_2024,2024-06-20,email,True,False,False,
105492,verano_2024,2024-06-24,email,True,False,False,
110933,verano_2024,2024-06-20,push,,,True,2024-07-25
100619,verano_2024,2024-06-15,push,,,True,2024-08-29
114386,verano_2024,2024-06-16,email,False,,False,
108665,verano_2024,2024-06-29,push,,,False,
108216,verano_2024,2024-06-19,sms,,,False,
115224,verano_2024,2024-06-24,email,False,,False,
103397,verano_2024,2024-06-28,email,True,False,False,
101601,verano_2024,2024-06-16,SMS,,,True,2024-08-20
110763,verano_2024,2024-06-19,sms,,,False,
113531,verano_2024,2024-06-23,email,False,,False,
101616,verano_2024,2024-06-24,email,False,,False,
101753,verano_2024,2024-06-22,sms,,,False,
109038,verano_2024,2024-06-22,email,False,,False,
102041,verano_2024,2024-06-19,email,False,,False,
102084,verano_2024,2024-06-25,email,False,,False,
110871,verano_2024,2024-06-25,email,True,False,False,
100547,verano_2024,2024-06-17,email,True,False,False,
106200,verano_2024,2024-06-29,push,,,False,
111161,verano_2024,2024-06-16,push,,,False,
109941,verano_2024,2024-06-23,email,True,False,False,
113881,verano_2024,2024-06-17,push,,,False,
105148,verano_2024,2024-06-24,push,,,True,2024-07-11
112863,verano_2024,2024-06-26,push,,,True,2024-08-14
100676,verano_2024,2024-06-26,email,True,True,False,
102546,verano_2024,2024-06-21,email,False,,False,
104372,verano_2024,2024-06-15,email,False,,False,
112960,verano_2024,2024-06-26,push,,,True,2024-07-12
104000,verano_2024,2024-06-16,email,False,,False,
114789,verano_2024,2024-06-24,push,,,False,
106015,verano_2024,2024-06-29,email,True,False,False,
105097,verano_2024,2024-06-17,sms,,,False,
107170,verano_2024,2024-06-19,push,,,False,
100176,verano_2024,2024-06-28,push,,,True,2024-08-10
114831,verano_2024,2024-06-19,email,False,,False,
102209,verano_2024,2024-06-23,email,True,True,True,2024-08-21
103610,verano_2024,2024-06-15,email,True,False,False,
112373,verano_2024,2024-06-23,push,,,True,2024-07-11
114012,verano_2024,2024-06-24,email,False,,False,
103788,verano_2024,2024-06-27,sms,,,True,2024-07-16
115023,verano_2024,2024-06-17,push,,,False,
111012,verano_2024,2024-06-17,email,True,False,False,
106459,verano_2024,2024-06-26,push,,,False,
107111,verano_2024,2024-06-25,email,False,,False,
102226,verano_2024,2024-06-15,email,False,,False,
103050,verano_2024,2024-06-28,email,True,False,True,2024-08-12
100297,verano_2024,2024-06-25,email,True,False,False,
101127,verano_2024,2024-06-19,email,True,False,False,
108740,verano_2024,2024-06-18,email,True,False,False,
114823,verano_2024,2024-06-25,email,False,,False,
111359,verano_2024,2024-06-25,sms,,,True,2024-08-18
102442,verano_2024,2024-06-18,push,,,False,
113383,verano_2024,2024-06-28,email,True,False,False,
107584,verano_2024,2024-06-27,email,False,,False,
101323,verano_2024,2024-06-16,email,False,,False,
101604,verano_2024,2024-06-28,email,False,,False,
104211,verano_2024,2024-06-16,email,True,False,False,
112109,verano_2024,2024-06-25,email,False,,False,
113416,verano_2024,2024-06-23,sms,,,False,
101344,verano_2024,2024-06-25,email,False,,False,
104066,verano_2024,2024-06-16,email,False,,False,
106905,verano_2024,2024-06-27,email,False,,False,
101295,verano_2024,2024-06-22,email,True,False,False,
105008,verano_2024,2024-06-17,push,,,False,
106070,verano_2024,2024-06-15,email,True,False,False,
106387,verano_2024,2024-06-18,push,,,True,2024-08-04
114562,verano_2024,2024-06-17,email,False,,False,
111028,verano_2024,2024-06-17,push,,,False,
111013,verano_2024,2024-06-19,email,True,False,False,
104072,verano_2024,2024-06-27,email,False,,True,2024-07-12
101508,verano_2024,2024-06-23,email,True,False,False,
109021,verano_2024,2024-06-17,email,True,False,False,
101560,verano_2024,2024-06-20,sms,,,True,2024-08-04
109247,verano_2024,2024-06-27,email,True,True,True,2024-07-28
105578,verano_2024,2024-06-19,email,True,False,False,
109470,verano_2024,2024-06-21,email,False,,False,
107741,verano_2024,2024-06-21,email,False,,False,
114604,verano_2024,2024-06-17,email,True,False,False,
114147,verano_2024,2024-06-22,push,,,False,
101837,verano_2024,2024-06-24,push,,,False,
105612,verano_2024,2024-06-27,email,False,,False,
114248,verano_2024,2024-06-22,push,,,False,
108669,verano_2024,2024-06-27,email,False,,False,
105336,verano_2024,2024-06-27,email,False,,False,
101355,verano_2024,2024-06-29,email,False,,False,
114987,verano_2024,2024-06-19,email,False,,False,
104142,verano_2024,2024-06-28,email,True,False,False,
109376,verano_2024,2024-06-26,push,,,True,2024-07-07
108201,verano_2024,2024-06-16,email,False,,False,
114274,verano_2024,2024-06-25,email,False,,False,
104845,verano_2024,2024-06-19,email,False,,False,
104724,verano_2024,2024-06-23,sms,,,False,
106261,verano_2024,2024-06-23,email,False,,False,
113956,verano_2024,2024-06-18,email,True,False,False,
106907,verano_2024,2024-06-21,email,True,False,False,
103281,verano_2024,2024-06-22,push,,,False,
104033,verano_2024,2024-06-22,Email,True,False,False,
106721,verano_2024,2024-06-16,push,,,False,
101236,verano_2024,2024-06-20,email,False,,False,
108787,verano_2024,2024-06-17,push,,,True,2024-07-01
108671,verano_2024,2024-06-28,email,True,True,False,
106603,verano_2024,2024-06-29,email,True,False,False,
110969,verano_2024,2024-06-27,email,True,False,False,
114941,verano_2024,2024-06-17,push,,,True,2024-07-10
102252,verano_2024,2024-06-25,email,False,,False,
101026,verano_2024,2024-06-19,email,False,,False,
112110,verano_2024,2024-06-26,push,,,False,
107862,verano_2024,2024-06-18,email,True,False,False,
106650,verano_2024,2024-06-17,sms,,,False,
114845,verano_2024,2024-06-25,sms,,,False,
110899,verano_2024,2024-06-19,push,,,False,
107568,verano_2024,2024-06-25,sms,,,False,
103398,verano_2024,2024-06-20,email,False,,False,
100314,verano_2024,2024-06-25,push,,,True,2024-07-01
100637,verano_2024,2024-06-17,email,True,False,False,
106150,verano_2024,2024-06-20,email,False,,False,
108903,verano_2024,2024-06-25,email,True,False,False,
109680,verano_2024,2024-06-27,push,,,False,
110193,verano_2024,2024-06-27,email,True,False,False,
114805,verano_2024,2024-06-18,sms,,,True,2024-07-10
111622,verano_2024,2024-06-29,push,,,False,
112729,verano_2024,2024-06-19,email,False,,False,
101153,verano_2024,2024-06-29,email,False,,False,
102971,verano_2024,2024-06-25,email,False,,True,2024-08-23
110660,verano_2024,2024-06-25,email,True,False,True,2024-08-11
114879,verano_2024,2024-06-17,email,False,,False,
102585,verano_2024,2024-06-19,email,False,,False,
111200,verano_2024,2024-06-20,push,,,False,
103886,verano_2024,2024-06-26,sms,,,False,
114960,verano_2024,2024-06-21,push,,,True,2024-08-21
112002,verano_2024,2024-06-16,email,False,,False,
110565,verano_2024,2024-06-24,email,False,,False,
104772,verano_2024,2024-06-15,push,,,False,
114188,verano_2024,2024-06-24,email,True,False,False,
111914,verano_2024,2024-06-16,sms,,,True,2024-07-15
106698,verano_2024,2024-06-22,sms,,,False,
107483,verano_2024,2024-06-15,email,False,,False,
101245,verano_2024,2024-06-15,push,,,False,
111681,verano_2024,2024-06-28,email,True,False,False,
113471,verano_2024,2024-06-22,email,True,False,False,
112151,verano_2024,2024-06-25,email,False,,False,
107132,verano_2024,2024-06-29,email,True,False,False,
106059,verano_2024,2024-06-17,sms,,,False,
101841,verano_2024,2024-06-21,email,False,,True,2024-08-05
114161,verano_2024,2024-06-16,email,False,,True,2024-08-06
101565,verano_2024,2024-06-21,email,True,True,False,
103674,verano_2024,2024-06-24,sms,,,True,2024-07-24
114522,verano_2024,2024-06-25,email,True,True,False,
113488,verano_2024,2024-06-25,email,False,,False,
104699,verano_2024,2024-06-22,push,,,False,
103008,verano_2024,2024-06-29,email,False,,False,
103321,verano_2024,2024-06-23,email,False,,False,
105193,verano_2024,2024-06-26,push,,,True,2024-07-27
102273,verano_2024,2024-06-22,email,False,,False,
114633,verano_2024,2024-06-24,push,,,False,
106158,verano_2024,2024-06-16,push,,,False,
104255,verano_2024,2024-06-21,email,False,,False,
104774,verano_2024,2024-06-29,email,True,True,False,
106576,verano_2024,2024-06-19,email,False,,False,
111160,verano_2024,2024-06-21,email,False,,False,
104710,verano_2024,2024-06-16,push,,,False,
100848,verano_2024,2024-06-26,email,True,True,True,2024-07-16
110422,verano_2024,2024-06-22,email,True,False,False,
108164,verano_2024,2024-06-28,push,,,True,2024-08-21
105545,verano_2024,2024-06-22,push,,,True,2024-07-18
105527,verano_2024,2024-06-21,sms,,,False,
100839,verano_2024,2024-06-25,push,,,False,
105462,verano_2024,2024-06-22,push,,,True,2024-08-29
112602,verano_2024,2024-06-21,push,,,False,
108874,verano_2024,2024-06-19,push,,,False,
107252,verano_2024,2024-06-16,email,True,False,False,
110375,verano_2024,2024-06-27,push,,,False,
104598,verano_2024,2024-06-21,sms,,,False,
105917,verano_2024,2024-06-18,email,False,,False,
101418,verano_2024,2024-06-20,email,True,False,True,2024-08-14
105786,verano_2024,2024-06-27,email,True,False,False,
108405,verano_2024,2024-06-24,email,True,True,True,2024-07-21
103849,verano_2024,2024-06-19,SMS,,,False,
100605,verano_2024,2024-06-18,email,True,False,False,
109723,verano_2024,2024-06-23,email,True,False,False,
113832,verano_2024,2024-06-29,email,True,True,False,
102079,verano_2024,2024-06-19,email,False,,False,
110088,verano_2024,2024-06-23,email,True,False,False,
107226,verano_2024,2024-06-21,push,,,True,2024-07-04
102312,verano_2024,2024-06-29,email,False,,False,
109419,verano_2024,2024-06-22,push,,,False,
104344,verano_2024,2024-06-22,push,,,True,2024-07-21
101472,verano_2024,2024-06-23,email,True,False,False,
108643,verano_2024,2024-06-25,push,,,False,
101983,verano_2024,2024-06-20,sms,,,True,2024-08-12
110772,verano_2024,2024-06-26,email,False,,False,
104467,verano_2024,2024-06-15,push,,,True,2024-07-17
100200,verano_2024,2024-06-25,push,,,True,2024-08-07
106677,verano_2024,2024-06-22,push,,,True,2024-08-10
100486,verano_2024,2024-06-22,email,True,False,False,
106976,verano_2024,2024-06-16,email,True,False,True,2024-08-28
103271,verano_2024,2024-06-29,email,False,,False,
104725,verano_2024,2024-06-19,email,False,,False,
105729,verano_2024,2024-06-25,email,True,False,False,
102824,verano_2024,2024-06-24,email,False,,False,
104552,verano_2024,2024-06-19,email,False,,False,
110108,verano_2024,2024-06-29,email,False,,False,
105337,verano_2024,2024-06-23,push,,,True,2024-07-28
103246,verano_2024,2024-06-20,email,False,,False,
104454,verano_2024,2024-06-24,email,True,False,False,
110605,verano_2024,2024-06-21,push,,,True,2024-07-03
105818,verano_2024,2024-06-24,email,True,True,True,2024-07-15
111907,verano_2024,2024-06-21,sms,,,True,2024-07-31
103750,verano_2024,2024-06-23,sms,,,True,2024-08-13
102203,verano_2024,2024-06-29,email,False,,False,
108614,verano_2024,2024-06-23,sms,,,False,
112699,verano_2024,2024-06-21,push,,,True,2024-08-27
102795,verano_2024,2024-06-18,email,False,,False,
111270,verano_2024,2024-06-23,email,False,,False,
112722,verano_2024,2024-06-25,email,True,False,False,
110735,verano_2024,2024-06-24,email,True,False,False,
100525,verano_2024,2024-06-20,email,False,,False,
110900,verano_2024,2024-06-23,sms,,,False,
114412,verano_2024,2024-06-16,push_notification,,,False,
100948,verano_2024,2024-06-26,email,False,,False,
112003,verano_2024,2024-06-19,email,False,,False,
109151,verano_2024,2024-06-29,push,,,False,
112318,verano_2024,2024-06-28,sms,,,True,2024-07-17
101281,verano_2024,2024-06-22,email,True,False,False,
109586,verano_2024,2024-06-20,email,True,False,False,
100123,verano_2024,2024-06-20,email,False,,False,
105886,verano_2024,2024-06-16,push,,,True,2024-07-27
107429,verano_2024,2024-06-26,push,,,True,2024-08-25
109133,verano_2024,2024-06-19,email,False,,False,
112045,verano_2024,2024-06-19,email,False,,False,
114008,verano_2024,2024-06-17,email,True,False,False,
102303,verano_2024,2024-06-21,email,True,True,False,
112750,verano_2024,2024-06-24,email,True,False,False,
114059,verano_2024,2024-06-16,email,True,False,False,
111683,verano_2024,2024-06-19,email,False,,False,
109776,verano_2024,2024-06-24,sms,,,True,2024-07-19
105821,verano_2024,2024-06-27,email,False,,False,
110706,verano_2024,2024-06-22,email,False,,False,
101006,verano_2024,2024-06-20,push,,,True,2024-07-18
103461,verano_2024,2024-06-19,email,False,,False,
107504,verano_2024,2024-06-25,push,,,True,2024-07-24
112147,verano_2024,2024-06-25,email,True,False,False,
113998,verano_2024,2024-06-21,email,True,False,False,
103056,verano_2024,2024-06-20,email,False,,True,2024-08-12
113842,verano_2024,2024-06-19,email,False,,False,
103567,verano_2024,2024-06-20,email,True,False,False,
110987,verano_2024,2024-06-22,email,False,,False,
102133,verano_2024,2024-06-23,email,False,,False,
100502,verano_2024,2024-06-17,SMS,,,False,
113793,verano_2024,2024-06-19,push,,,True,2024-08-06
113345,verano_2024,2024-06-28,push,,,False,
103186,verano_2024,2024-06-20,email,False,,False,
106154,verano_2024,2024-06-22,email,False,,False,
108701,verano_2024,2024-06-16,sms,,,True,2024-08-02
100230,verano_2024,2024-06-27,push,,,True,2024-07-08
109223,verano_2024,2024-06-24,push,,,False,
104002,verano_2024,2024-06-24,sms,,,False,
114747,verano_2024,2024-06-19,email,False,,False,
114232,verano_2024,2024-06-23,Email,False,,False,
112360,verano_2024,2024-06-29,email,True,False,False,
109553,verano_2024,2024-06-27,email,False,,False,
109743,verano_2024,2024-06-21,email,False,,False,
104588,verano_2024,2024-06-16,email,True,False,False,
104222,verano_2024,2024-06-16,push_notification,,,False,
104306,verano_2024,2024-06-23,push,,,False,
109533,verano_2024,2024-06-20,email,True,False,True,2024-08-10
102751,verano_2024,2024-06-18,push,,,False,
114631,verano_2024,2024-06-27,email,True,False,True,2024-08-21
100596,verano_2024,2024-06-16,email,True,False,False,
107211,verano_2024,2024-06-17,Email,True,True,True,2024-07-31
104377,verano_2024,2024-06-29,email,False,,False,
102945,verano_2024,2024-06-29,email,True,False,False,
106759,verano_2024,2024-06-27,email,False,,False,
114456,verano_2024,2024-06-27,email,True,True,False,
102719,verano_2024,2024-06-15,email,False,,False,
103363,verano_2024,2024-06-19,email,False,,False,
111617,verano_2024,2024-06-21,email,False,,False,
111858,verano_2024,2024-06-29,sms,,,False,
105825,verano_2024,2024-06-26,sms,,,False,
115198,verano_2024,2024-06-16,email,False,,False,
115162,verano_2024,2024-06-16,Email,True,False,False,
105231,verano_2024,2024-06-15,email,True,False,False,
109342,verano_2024,2024-06-18,sms,,,True,2024-07-04
109704,verano_2024,2024-06-25,email,False,,False,
106747,verano_2024,2024-06-22,push,,,False,
104162,verano_2024,2024-06-18,email,False,,False,
113276,verano_2024,2024-06-18,email,False,,False,
115161,verano_2024,2024-06-22,email,False,,False,
106879,verano_2024,2024-06-27,push_notification,,,True,2024-07-23
108937,verano_2024,2024-06-17,Email,True,False,False,
112811,verano_2024,2024-06-16,email,True,False,False,
105323,verano_2024,2024-06-29,email,False,,False,
105562,verano_2024,2024-06-17,push,,,True,2024-07-20
109272,verano_2024,2024-06-16,email,False,,False,
108724,verano_2024,2024-06-22,push,,,True,2024-07-28
113683,verano_2024,2024-06-29,push,,,False,
113799,verano_2024,2024-06-19,email,False,,False,
113863,verano_2024,2024-06-22,email,False,,True,2024-08-18
113268,verano_2024,2024-06-24,push,,,False,
114582,verano_2024,2024-06-25,email,True,False,False,
108834,verano_2024,2024-06-24,email,False,,False,
104868,verano_2024,2024-06-20,email,False,,False,
113748,verano_2024,2024-06-16,push,,,False,
109074,verano_2024,2024-06-28,SMS,,,True,2024-07-10
101018,verano_2024,2024-06-25,Email,False,,True,
108373,verano_2024,2024-06-23,email,False,,False,
108331,verano_2024,2024-06-19,email,False,,False,
108272,verano_2024,2024-06-22,email,False,,False,
101929,verano_2024,2024-06-20,email,False,,False,
113487,verano_2024,2024-06-19,push,,,False,
100351,verano_2024,2024-06-25,email,True,False,False,
106704,verano_2024,2024-06-16,push,,,False,
113287,verano_2024,2024-06-21,email,True,False,False,
100224,verano_2024,2024-06-26,email,False,,False,
106031,verano_2024,2024-06-18,push,,,False,
114555,verano_2024,2024-06-22,email,False,,False,
103436,verano_2024,2024-06-15,email,False,,False,
114660,verano_2024,2024-06-23,sms,,,False,
114156,verano_2024,2024-06-23,push,,,True,2024-08-02
102501,verano_2024,2024-06-22,email,False,,False,
108972,verano_2024,2024-06-27,email,True,False,False,
110039,verano_2024,2024-06-17,push,,,False,
100565,verano_2024,2024-06-16,email,True,False,False,
101583,verano_2024,2024-06-26,Email,False,,False,
105546,verano_2024,2024-06-23,push,,,False,
102176,verano_2024,2024-06-28,push,,,False,
110305,verano_2024,2024-06-18,email,False,,False,
109456,verano_2024,2024-06-19,email,True,False,False,
104980,verano_2024,2024-06-23,email,False,,False,
103934,verano_2024,2024-06-26,email,True,False,False,
112405,verano_2024,2024-06-16,email,True,False,True,2024-08-12
107357,verano_2024,2024-06-18,email,False,,False,
102708,verano_2024,2024-06-23,email,False,,False,
111100,verano_2024,2024-06-26,sms,,,True,2024-08-29
101934,verano_2024,2024-06-17,email,False,,False,
111987,verano_2024,2024-06-17,email,True,False,True,2024-08-03
105212,verano_2024,2024-06-22,email,False,,False,
115134,verano_2024,2024-06-23,email,False,,True,2024-07-05
114009,verano_2024,2024-06-25,sms,,,False,
113787,verano_2024,2024-06-21,Email,False,,False,
103536,verano_2024,2024-06-28,SMS,,,False,
108586,verano_2024,2024-06-15,email,False,,True,2024-07-11
110036,verano_2024,2024-06-29,email,True,False,False,
102398,verano_2024,2024-06-20,email,True,True,True,2024-07-05
106658,verano_2024,2024-06-22,email,True,True,False,
103740,verano_2024,2024-06-26,push,,,True,2024-08-09
112153,verano_2024,2024-06-24,sms,,,False,
107526,verano_2024,2024-06-23,email,True,False,False,
100822,verano_2024,2024-06-15,push,,,False,
102064,verano_2024,2024-06-26,email,True,False,False,
113266,verano_2024,2024-06-22,email,False,,False,
111387,verano_2024,2024-06-17,sms,,,False,
100082,verano_2024,2024-06-25,push,,,True,2024-07-18
105420,verano_2024,2024-06-17,email,False,,False,
114359,verano_2024,2024-06-20,Email,False,,False,
114429,verano_2024,2024-06-24,push,,,False,
110284,verano_2024,2024-06-20,email,False,,False,
102698,verano_2024,2024-06-19,push,,,False,
100832,verano_2024,2024-06-23,email,False,,False,
104575,verano_2024,2024-06-21,sms,,,False,
103827,verano_2024,2024-06-16,email,False,,False,
105925,verano_2024,2024-06-25,email,False,,False,
111136,verano_2024,2024-06-16,push,,,True,2024-07-15
101398,verano_2024,2024-06-15,push,,,False,
110934,verano_2024,2024-06-27,push,,,False,
102834,verano_2024,2024-06-27,email,False,,False,
114584,verano_2024,2024-06-19,email,True,False,False,
114481,verano_2024,2024-06-25,sms,,,False,
107407,verano_2024,2024-06-24,push,,,True,2024-07-04
114843,verano_2024,2024-06-24,email,True,False,False,
109351,verano_2024,2024-06-28,sms,,,True,2024-07-14
113779,verano_2024,2024-06-19,email,True,False,False,
107749,verano_2024,2024-06-24,email,True,False,True,2024-07-19
100049,verano_2024,2024-06-23,email,False,,False,
109506,verano_2024,2024-06-24,email,True,True,False,
107860,verano_2024,2024-06-18,email,True,False,False,
111896,verano_2024,2024-06-15,push,,,False,
106513,verano_2024,2024-06-24,email,False,,False,
111879,verano_2024,2024-06-27,email,False,,False,
107900,verano_2024,2024-06-27,push,,,True,2024-08-26
114015,verano_2024,2024-06-25,email,False,,False,
106358,verano_2024,2024-06-23,email,True,True,False,
104096,verano_2024,2024-06-24,push,,,False,
102690,verano_2024,2024-06-22,push,,,False,
101190,verano_2024,2024-06-25,push,,,True,2024-08-28
114489,verano_2024,2024-06-28,push_notification,,,False,
104846,verano_2024,2024-06-24,push,,,True,2024-07-07
105211,verano_2024,2024-06-26,push_notification,,,False,
103991,verano_2024,2024-06-18,email,True,False,False,
102374,verano_2024,2024-06-21,email,True,False,False,
111464,verano_2024,2024-06-22,email,False,,False,
105677,verano_2024,2024-06-25,email,False,,False,
110025,verano_2024,2024-06-23,email,True,True,True,2024-07-14
102759,verano_2024,2024-06-16,sms,,,False,
110317,verano_2024,2024-06-17,push,,,False,
106608,verano_2024,2024-06-29,email,False,,False,
110123,verano_2024,2024-06-19,email,False,,True,2024-08-08
114788,verano_2024,2024-06-26,push,,,True,2024-08-21
102489,verano_2024,2024-06-16,push,,,True,2024-07-25
102580,verano_2024,2024-06-20,push,,,True,2024-08-02
110155,verano_2024,2024-06-26,email,False,,False,
112605,verano_2024,2024-06-21,push,,,False,
103881,verano_2024,2024-06-26,push,,,False,
110287,verano_2024,2024-06-26,email,True,False,False,
109192,verano_2024,2024-06-23,email,True,True,True,2024-07-25
112745,verano_2024,2024-06-23,push,,,False,
104935,verano_2024,2024-06-27,email,True,False,False,
110326,verano_2024,2024-06-17,email,False,,True,2024-08-01
114298,verano_2024,2024-06-19,email,False,,False,
108486,verano_2024,2024-06-15,push,,,True,2024-08-12
102210,verano_2024,2024-06-15,sms,,,False,
105236,verano_2024,2024-06-24,email,True,False,False,
103946,verano_2024,2024-06-18,push,,,False,
112272,verano_2024,2024-06-20,email,True,False,False,
110070,verano_2024,2024-06-23,push_notification,,,True,2024-07-24
102165,verano_2024,2024-06-24,email,False,,False,
102887,verano_2024,2024-06-25,push,,,False,
108325,verano_2024,2024-06-18,Email,False,,True,2024-08-07
111243,verano_2024,2024-06-27,email,True,False,False,
100517,verano_2024,2024-06-29,push,,,False,
113840,verano_2024,2024-06-24,email,False,,False,
105667,verano_2024,2024-06-20,push,,,False,
100173,verano_2024,2024-06-18,push,,,True,2024-07-28
100640,verano_2024,2024-06-29,Email,False,,False,
108197,verano_2024,2024-06-18,email,False,,False,
113508,verano_2024,2024-06-20,email,False,,False,
113493,verano_2024,2024-06-26,push,,,False,
107225,verano_2024,2024-06-29,email,False,,False,
108242,verano_2024,2024-06-22,push,,,True,2024-08-18
105066,verano_2024,2024-06-23,email,True,False,False,
101144,verano_2024,2024-06-17,email,False,,False,
111189,verano_2024,2024-06-19,sms,,,True,2024-07-04
107436,verano_2024,2024-06-29,email,False,,True,2024-08-07
114925,verano_2024,2024-06-16,email,False,,False,
113040,verano_2024,2024-06-25,push,,,True,2024-08-14
113211,verano_2024,2024-06-23,email,False,,True,2024-08-30
111857,verano_2024,2024-06-23,Email,False,,True,2024-08-29
109200,verano_2024,2024-06-17,email,False,,True,2024-07-25
103687,verano_2024,2024-06-29,email,False,,True,2024-08-17
106228,verano_2024,2024-06-28,sms,,,False,
105701,verano_2024,2024-06-17,email,False,,False,
111787,verano_2024,2024-06-22,push_notification,,,False,
114095,verano_2024,2024-06-18,sms,,,False,
104538,verano_2024,2024-06-18,email,False,,False,
103516,verano_2024,2024-06-24,email,True,False,True,2024-08-14
110043,verano_2024,2024-06-21,push,,,False,
100835,verano_2024,2024-06-21,Email,False,,False,
102487,verano_2024,2024-06-22,email,True,False,False,
111619,verano_2024,2024-06-24,email,False,,True,2024-08-26
115093,verano_2024,2024-06-28,email,False,,False,
110599,verano_2024,2024-06-20,email,False,,False,
113740,verano_2024,2024-06-18,email,True,False,False,
103487,verano_2024,2024-06-17,email,True,True,False,
105468,verano_2024,2024-06-16,email,True,False,False,
100066,verano_2024,2024-06-29,sms,,,True,2024-07-20
108423,verano_2024,2024-06-26,email,False,,False,
108086,verano_2024,2024-06-24,Email,True,False,True,2024-07-06
110570,verano_2024,2024-06-21,email,True,True,True,2024-08-11
102025,verano_2024,2024-06-19,email,False,,False,
101873,verano_2024,2024-06-26,push,,,False,
100355,verano_2024,2024-06-17,Email,False,,False,
105361,verano_2024,2024-06-23,push,,,False,
101768,verano_2024,2024-06-15,email,False,,False,
112870,verano_2024,2024-06-27,email,True,False,False,
109755,verano_2024,2024-06-25,push_notification,,,False,
106406,verano_2024,2024-06-29,email,True,True,False,
104763,verano_2024,2024-06-24,email,True,True,True,2024-07-10
101165,verano_2024,2024-06-28,email,True,True,False,
112610,verano_2024,2024-06-20,email,True,False,False,
103396,verano_2024,2024-06-25,email,False,,False,
111362,verano_2024,2024-06-16,email,False,,False,
108732,verano_2024,2024-06-16,email,True,False,False,
104569,verano_2024,2024-06-27,email,False,,False,
114944,verano_2024,2024-06-25,email,False,,False,
103128,verano_2024,2024-06-15,push,,,True,2024-07-01
113272,verano_2024,2024-06-18,email,False,,False,
106947,verano_2024,2024-06-22,email,False,,False,
100310,verano_2024,2024-06-27,sms,,,False,
107760,verano_2024,2024-06-22,email,True,False,False,
109217,verano_2024,2024-06-21,push,,,False,
114622,verano_2024,2024-06-22,push,,,False,
113265,verano_2024,2024-06-25,sms,,,False,
108862,verano_2024,2024-06-23,sms,,,False,
109027,verano_2024,2024-06-29,email,False,,False,
110325,verano_2024,2024-06-18,email,False,,False,
108524,verano_2024,2024-06-28,email,False,,False,
103588,verano_2024,2024-06-24,email,False,,False,
107780,verano_2024,2024-06-23,email,True,True,False,
102584,verano_2024,2024-06-19,email,True,True,False,
107989,verano_2024,2024-06-15,email,False,,False,
102771,verano_2024,2024-06-25,push,,,True,2024-08-24
104813,verano_2024,2024-06-23,Email,True,True,True,2024-08-03
111202,verano_2024,2024-06-21,email,True,False,True,2024-07-13
114305,verano_2024,2024-06-22,email,True,False,False,
105088,verano_2024,2024-06-16,push,,,False,
100325,verano_2024,2024-06-21,sms,,,False,
105172,verano_2024,2024-06-20,email,True,False,True,2024-08-09
105649,verano_2024,2024-06-15,push,,,False,
106744,verano_2024,2024-06-16,email,False,,False,
111324,verano_2024,2024-06-21,push,,,False,
103210,verano_2024,2024-06-16,push,,,True,2024-08-12
109662,verano_2024,2024-06-17,email,False,,False,
103906,verano_2024,2024-06-19,email,False,,False,
112842,verano_2024,2024-06-19,email,False,,False,
101293,verano_2024,2024-06-24,email,False,,False,
105639,verano_2024,2024-06-15,email,False,,False,
114977,verano_2024,2024-06-15,email,False,,False,
108828,verano_2024,2024-06-15,email,False,,False,
109241,verano_2024,2024-06-25,email,True,False,False,
102380,verano_2024,2024-06-21,email,False,,False,
112866,verano_2024,2024-06-26,email,True,False,False,
109863,verano_2024,2024-06-15,email,True,False,False,
103635,verano_2024,2024-06-24,push,,,False,
104170,verano_2024,2024-06-23,push,,,False,
109016,verano_2024,2024-06-23,email,True,True,False,
106659,verano_2024,2024-06-21,email,True,False,False,
113245,verano_2024,2024-06-19,push,,,False,
103429,verano_2024,2024-06-24,push,,,False,
101102,verano_2024,2024-06-22,email,False,,False,
109126,verano_2024,2024-06-28,email,True,False,False,
115154,verano_2024,2024-06-23,email,False,,False,
114850,verano_2024,2024-06-17,email,True,False,False,
103251,verano_2024,2024-06-24,email,False,,False,
104410,verano_2024,2024-06-22,email,True,False,False,
104141,verano_2024,2024-06-25,email,True,False,False,
103558,verano_2024,2024-06-28,sms,,,False,
107666,verano_2024,2024-06-18,email,False,,False,
100710,verano_2024,2024-06-15,push,,,False,
100119,verano_2024,2024-06-15,email,False,,False,
102023,verano_2024,2024-06-27,email,True,True,True,2024-07-04
104599,verano_2024,2024-06-18,email,True,False,False,
107848,verano_2024,2024-06-19,email,False,,False,
114716,verano_2024,2024-06-20,email,True,False,False,
106131,verano_2024,2024-06-15,push,,,False,
112559,verano_2024,2024-06-19,email,False,,False,
106953,verano_2024,2024-06-17,email,False,,True,2024-08-29
113499,verano_2024,2024-06-16,push,,,False,
102375,verano_2024,2024-06-27,email,True,False,False,
114993,verano_2024,2024-06-16,sms,,,False,
112232,verano_2024,2024-06-21,email,True,False,False,
113005,verano_2024,2024-06-21,email,True,False,False,
105228,verano_2024,2024-06-19,email,False,,False,
111058,verano_2024,2024-06-25,push,,,False,
106607,verano_2024,2024-06-20,Email,True,False,True,2024-08-29
104682,verano_2024,2024-06-26,email,False,,False,
111156,verano_2024,2024-06-29,email,False,,False,
108699,verano_2024,2024-06-25,email,True,False,False,
105004,verano_2024,2024-06-22,push,,,True,2024-07-06
110997,verano_2024,2024-06-23,email,True,False,False,
108067,verano_2024,2024-06-19,email,True,False,False,
102858,verano_2024,2024-06-16,email,True,False,False,
104274,verano_2024,2024-06-15,email,False,,False,
105740,verano_2024,2024-06-20,push,,,False,
113086,verano_2024,2024-06-24,email,False,,False,
109464,verano_2024,2024-06-28,email,True,True,True,2024-08-18
114971,verano_2024,2024-06-15,Email,False,,False,
105471,verano_2024,2024-06-23,email,False,,False,
105817,verano_2024,2024-06-28,email,False,,False,
101159,verano_2024,2024-06-15,email,False,,False,
111378,verano_2024,2024-06-24,email,True,False,False,
109234,verano_2024,2024-06-21,push,,,False,
100088,verano_2024,2024-06-18,email,False,,False,
107631,verano_2024,2024-06-22,email,True,True,False,
104164,verano_2024,2024-06-25,email,True,False,False,
103383,verano_2024,2024-06-23,email,True,False,False,
110309,verano_2024,2024-06-26,push,,,False,
110270,verano_2024,2024-06-16,email,True,False,False,
100404,verano_2024,2024-06-24,email,False,,True,2024-07-24
115149,verano_2024,2024-06-24,email,False,,False,
103351,verano_2024,2024-06-29,email,False,,True,2024-07-29
112967,verano_2024,2024-06-17,email,True,False,False,
112070,verano_2024,2024-06-17,sms,,,False,
113654,verano_2024,2024-06-24,email,False,,False,
106379,verano_2024,2024-06-16,push,,,False,
102242,verano_2024,2024-06-24,email,True,False,False,
109323,verano_2024,2024-06-25,email,False,,False,
111093,verano_2024,2024-06-17,sms,,,True,2024-07-21
106553,verano_2024,2024-06-29,email,True,False,False,
108139,verano_2024,2024-06-25,push,,,True,2024-07-13
110216,verano_2024,2024-06-24,push,,,False,
106311,verano_2024,2024-06-20,email,False,,False,
101028,verano_2024,2024-06-17,email,False,,False,
115103,verano_2024,2024-06-25,push_notification,,,True,2024-08-09
103804,verano_2024,2024-06-28,email,True,True,False,
105518,verano_2024,2024-06-18,sms,,,True,2024-07-08
102437,verano_2024,2024-06-15,email,False,,False,
104690,verano_2024,2024-06-26,sms,,,False,
110509,verano_2024,2024-06-16,email,True,False,False,
105299,verano_2024,2024-06-19,email,False,,False,
101279,verano_2024,2024-06-17,push,,,False,
108472,verano_2024,2024-06-15,push,,,False,
106857,verano_2024,2024-06-24,push,,,True,2024-07-08
102043,verano_2024,2024-06-28,email,False,,False,
110053,verano_2024,2024-06-18,email,False,,False,
106655,verano_2024,2024-06-29,push,,,False,
106075,verano_2024,2024-06-21,email,True,True,False,
105158,verano_2024,2024-06-24,email,True,False,False,
108894,verano_2024,2024-06-26,push,,,False,
101426,verano_2024,2024-06-15,push,,,False,
105028,verano_2024,2024-06-15,Email,False,,False,
105282,verano_2024,2024-06-25,push,,,False,
109567,verano_2024,2024-06-22,email,True,False,False,
101503,verano_2024,2024-06-21,email,True,True,False,
115160,verano_2024,2024-06-21,email,True,False,False,
101991,verano_2024,2024-06-27,push,,,False,
112754,verano_2024,2024-06-27,Email,False,,False,
114134,verano_2024,2024-06-25,email,True,True,True,2024-07-16
113364,verano_2024,2024-06-25,sms,,,True,2024-08-01
106065,verano_2024,2024-06-17,email,True,True,True,2024-08-29
100679,verano_2024,2024-06-27,email,False,,False,
106674,verano_2024,2024-06-27,push,,,False,
105852,verano_2024,2024-06-24,push,,,True,2024-08-09
107195,verano_2024,2024-06-24,push_notification,,,False,
110812,verano_2024,2024-06-27,email,True,False,False,
105266,verano_2024,2024-06-29,push,,,False,
114940,verano_2024,2024-06-23,email,False,,False,
108785,verano_2024,2024-06-21,email,True,True,False,
109682,verano_2024,2024-06-15,email,False,,False,
105054,verano_2024,2024-06-23,email,False,,True,2024-07-18
105216,verano_2024,2024-06-24,email,False,,False,
101851,verano_2024,2024-06-28,push,,,True,2024-08-07
106523,verano_2024,2024-06-15,push,,,False,
101071,verano_2024,2024-06-18,push,,,False,
111685,verano_2024,2024-06-24,email,True,True,True,2024-07-29
106785,verano_2024,2024-06-20,email,False,,False,
107975,verano_2024,2024-06-21,email,False,,False,
102481,verano_2024,2024-06-23,email,True,False,False,
112945,verano_2024,2024-06-18,email,True,False,False,
103393,verano_2024,2024-06-18,email,False,,False,
113580,verano_2024,2024-06-23,email,False,,False,
101100,verano_2024,2024-06-21,push,,,True,2024-08-19
105485,verano_2024,2024-06-20,sms,,,True,2024-07-29
112279,verano_2024,2024-06-23,email,True,True,False,
109451,verano_2024,2024-06-16,email,True,True,True,2024-07-24
113298,verano_2024,2024-06-21,push,,,False,
100419,verano_2024,2024-06-15,email,False,,False,
112415,verano_2024,2024-06-24,email,False,,False,
105820,verano_2024,2024-06-25,push,,,True,2024-08-16
109212,verano_2024,2024-06-21,sms,,,True,2024-07-23
101948,verano_2024,2024-06-23,email,False,,False,
108779,verano_2024,2024-06-15,email,True,False,False,
103337,verano_2024,2024-06-21,push,,,True,2024-07-16
102300,verano_2024,2024-06-25,sms,,,True,2024-08-26
109512,verano_2024,2024-06-16,push,,,False,
109515,verano_2024,2024-06-16,push_notification,,,False,
115220,verano_2024,2024-06-24,email,True,False,False,
100209,verano_2024,2024-06-19,email,False,,False,
108609,verano_2024,2024-06-25,push,,,False,
103683,verano_2024,2024-06-19,push,,,False,
109049,verano_2024,2024-06-15,sms,,,True,2024-08-25
108542,verano_2024,2024-06-24,email,True,False,False,
115121,verano_2024,2024-06-24,sms,,,False,
100529,verano_2024,2024-06-24,email,False,,False,
105330,verano_2024,2024-06-24,sms,,,False,
100780,verano_2024,2024-06-25,email,True,False,False,
100723,verano_2024,2024-06-29,push,,,False,
114379,verano_2024,2024-06-19,email,False,,False,
109878,verano_2024,2024-06-28,email,True,True,False,
107314,verano_2024,2024-06-18,push,,,False,
101861,verano_2024,2024-06-19,push,,,True,2024-08-11
113213,verano_2024,2024-06-17,push,,,True,
114884,verano_2024,2024-06-26,push,,,False,
113195,verano_2024,2024-06-21,email,True,True,False,
114136,verano_2024,2024-06-25,email,False,,False,
101993,verano_2024,2024-06-23,sms,,,True,2024-08-29
102333,verano_2024,2024-06-27,email,True,False,False,
110851,verano_2024,2024-06-18,email,False,,False,
106340,verano_2024,2024-06-23,email,False,,False,
110293,verano_2024,2024-06-21,email,False,,False,
109195,verano_2024,2024-06-22,push,,,False,
111035,verano_2024,2024-06-26,push,,,False,
108841,verano_2024,2024-06-29,push,,,False,
106118,verano_2024,2024-06-24,email,True,False,False,
103460,verano_2024,2024-06-26,Email,False,,False,
108198,verano_2024,2024-06-17,email,False,,False,
106568,verano_2024,2024-06-28,sms,,,True,2024-08-05
113777,verano_2024,2024-06-24,email,False,,False,
111709,verano_2024,2024-06-29,email,True,False,True,2024-07-05
108619,verano_2024,2024-06-19,email,True,False,False,
114223,verano_2024,2024-06-20,email,True,True,False,
109692,verano_2024,2024-06-19,email,False,,False,
105493,verano_2024,2024-06-20,push,,,False,
108995,verano_2024,2024-06-25,email,True,True,False,
104519,verano_2024,2024-06-25,push,,,False,
111416,verano_2024,2024-06-25,push,,,True,2024-08-17
109377,verano_2024,2024-06-22,email,True,False,False,
105139,verano_2024,2024-06-21,sms,,,False,
106756,verano_2024,2024-06-16,email,False,,False,
111629,verano_2024,2024-06-27,push,,,False,
112975,verano_2024,2024-06-27,email,False,,False,
100258,verano_2024,2024-06-18,email,True,False,False,
115164,verano_2024,2024-06-29,email,False,,True,2024-08-11
111748,verano_2024,2024-06-29,email,False,,False,
113420,verano_2024,2024-06-26,email,True,True,False,
112423,verano_2024,2024-06-25,email,False,,False,
106932,verano_2024,2024-06-18,email,True,False,False,
109973,verano_2024,2024-06-18,email,True,True,False,
113757,verano_2024,2024-06-29,sms,,,False,
103626,verano_2024,2024-06-21,push,,,False,
100703,verano_2024,2024-06-19,email,False,,False,
103190,verano_2024,2024-06-16,sms,,,False,
100504,verano_2024,2024-06-27,email,False,,False,
114931,verano_2024,2024-06-20,email,False,,False,
113743,verano_2024,2024-06-17,email,True,False,False,
105442,verano_2024,2024-06-15,email,True,True,True,2024-07-13
102557,verano_2024,2024-06-16,push,,,False,
100849,verano_2024,2024-06-24,email,True,True,True,2024-07-21
102249,verano_2024,2024-06-22,email,False,,False,
109382,verano_2024,2024-06-22,email,False,,False,
105617,verano_2024,2024-06-15,email,True,True,True,2024-07-28
109052,verano_2024,2024-06-29,email,False,,False,
100373,verano_2024,2024-06-16,email,False,,False,
113801,verano_2024,2024-06-18,email,False,,False,
105318,verano_2024,2024-06-28,email,False,,False,
111036,verano_2024,2024-06-25,email,True,False,False,
105488,verano_2024,2024-06-26,push,,,True,2024-08-23
105304,verano_2024,2024-06-24,Email,True,True,False,
104053,verano_2024,2024-06-28,email,False,,False,
103938,verano_2024,2024-06-17,email,True,False,False,
106253,verano_2024,2024-06-24,SMS,,,False,
108458,verano_2024,2024-06-17,sms,,,False,
112704,verano_2024,2024-06-26,push,,,False,
111143,verano_2024,2024-06-16,push,,,False,
104077,verano_2024,2024-06-17,email,True,False,False,
100998,verano_2024,2024-06-22,email,True,False,False,
104333,verano_2024,2024-06-25,email,False,,False,
112702,verano_2024,2024-06-27,email,False,,False,
101177,verano_2024,2024-06-24,email,False,,True,2024-07-19
115078,verano_2024,2024-06-22,email,False,,False,
100552,verano_2024,2024-06-15,email,True,False,False,
104841,verano_2024,2024-06-18,email,True,True,False,
112506,verano_2024,2024-06-20,email,False,,True,2024-07-06
104373,verano_2024,2024-06-25,push,,,False,
103498,verano_2024,2024-06-29,sms,,,True,2024-07-08
108409,verano_2024,2024-06-26,email,True,True,False,
108256,verano_2024,2024-06-27,push,,,True,2024-08-23
108061,verano_2024,2024-06-25,push,,,False,
101408,verano_2024,2024-06-16,push,,,True,2024-08-24
112958,verano_2024,2024-06-16,email,False,,False,
113091,verano_2024,2024-06-15,email,False,,False,
105177,verano_2024,2024-06-19,email,False,,False,
105830,verano_2024,2024-06-28,email,True,False,False,
106063,verano_2024,2024-06-29,push,,,True,2024-07-28
113250,verano_2024,2024-06-29,email,True,False,False,
110342,verano_2024,2024-06-23,email,True,False,False,
106776,verano_2024,2024-06-16,email,False,,False,
103589,verano_2024,2024-06-28,email,True,False,False,
111908,verano_2024,2024-06-19,email,True,False,False,
110658,verano_2024,2024-06-23,push,,,False,
100694,verano_2024,2024-06-21,email,True,False,False,
102534,verano_2024,2024-06-16,Email,False,,False,
105012,verano_2024,2024-06-19,email,False,,False,
103444,verano_2024,2024-06-20,email,False,,False,
100983,verano_2024,2024-06-21,email,False,,False,
108392,verano_2024,2024-06-27,push,,,True,2024-07-29
105944,verano_2024,2024-06-15,email,False,,False,
114668,verano_2024,2024-06-29,email,False,,False,
104223,verano_2024,2024-06-24,sms,,,False,
100092,verano_2024,2024-06-27,sms,,,True,2024-07-12
105653,verano_2024,2024-06-23,email,True,False,True,2024-08-12
102267,verano_2024,2024-06-28,email,True,True,False,
111142,verano_2024,2024-06-27,email,False,,False,
112552,verano_2024,2024-06-29,SMS,,,False,
109879,verano_2024,2024-06-28,sms,,,False,
109944,verano_2024,2024-06-26,email,True,False,False,
100262,verano_2024,2024-06-19,email,False,,False,
114454,verano_2024,2024-06-27,push,,,False,
103338,verano_2024,2024-06-29,email,False,,False,
108262,verano_2024,2024-06-22,email,False,,False,
105498,verano_2024,2024-06-20,email,True,True,True,2024-08-08
110167,verano_2024,2024-06-28,email,False,,False,
104017,verano_2024,2024-06-21,email,True,True,False,
103627,verano_2024,2024-06-17,email,True,False,False,
109521,verano_2024,2024-06-27,push,,,False,
100446,verano_2024,2024-06-21,email,False,,False,
106753,verano_2024,2024-06-15,sms,,,False,
105112,verano_2024,2024-06-27,email,True,True,True,2024-08-28
105966,verano_2024,2024-06-24,push,,,False,
107821,verano_2024,2024-06-27,email,False,,True,2024-08-30
107841,verano_2024,2024-06-27,email,False,,False,
113033,verano_2024,2024-06-22,email,True,False,False,
103556,verano_2024,2024-06-27,email,True,False,False,
102195,verano_2024,2024-06-15,email,False,,False,
108460,verano_2024,2024-06-26,email,False,,False,
107339,verano_2024,2024-06-29,email,True,False,False,
113311,verano_2024,2024-06-25,sms,,,True,
103368,verano_2024,2024-06-27,push,,,False,
111744,verano_2024,2024-06-19,push,,,True,2024-08-09
102868,verano_2024,2024-06-21,email,False,,False,
102527,verano_2024,2024-06-23,push,,,False,
110337,verano_2024,2024-06-24,push,,,False,
108146,verano_2024,2024-06-22,push,,,False,
113682,verano_2024,2024-06-26,email,False,,False,
110612,verano_2024,2024-06-17,Email,False,,False,
101169,verano_2024,2024-06-17,email,False,,False,
107945,verano_2024,2024-06-25,push,,,False,
104145,verano_2024,2024-06-22,push,,,False,
108309,verano_2024,2024-06-18,Email,False,,False,
105150,verano_2024,2024-06-27,push,,,False,
100085,verano_2024,2024-06-24,email,True,False,False,
103150,verano_2024,2024-06-22,email,False,,False,
113115,verano_2024,2024-06-21,email,False,,False,
100881,verano_2024,2024-06-18,email,True,False,False,
106748,verano_2024,2024-06-15,email,False,,False,
109636,verano_2024,2024-06-16,push,,,False,
106536,verano_2024,2024-06-29,push,,,True,2024-07-05
107573,verano_2024,2024-06-29,sms,,,False,
114876,verano_2024,2024-06-25,push,,,True,2024-07-12
109404,verano_2024,2024-06-22,email,False,,False,
101468,verano_2024,2024-06-21,email,True,True,False,
111360,verano_2024,2024-06-19,email,True,True,True,2024-07-20
105642,verano_2024,2024-06-24,push,,,True,2024-07-28
106538,verano_2024,2024-06-27,email,False,,False,
111305,verano_2024,2024-06-26,sms,,,False,
100453,verano_2024,2024-06-27,email,False,,False,
104327,verano_2024,2024-06-29,email,False,,False,
104045,verano_2024,2024-06-28,email,True,True,True,2024-08-28
113048,verano_2024,2024-06-23,push,,,False,
104138,verano_2024,2024-06-23,email,False,,False,
103040,verano_2024,2024-06-22,email,True,True,False,
109444,verano_2024,2024-06-19,push,,,False,
113786,verano_2024,2024-06-16,email,False,,False,
105591,verano_2024,2024-06-17,email,True,True,False,
105826,verano_2024,2024-06-27,email,True,True,False,
108296,verano_2024,2024-06-20,email,False,,True,2024-08-17
110636,verano_2024,2024-06-17,email,False,,False,
100580,verano_2024,2024-06-20,email,False,,False,
105237,verano_2024,2024-06-25,email,False,,True,2024-07-29
106572,verano_2024,2024-06-24,sms,,,True,2024-07-22
115028,verano_2024,2024-06-20,email,False,,False,
107175,verano_2024,2024-06-24,Email,False,,False,
107468,verano_2024,2024-06-29,email,False,,False,
114733,verano_2024,2024-06-29,email,False,,False,
111952,verano_2024,2024-06-28,email,True,True,True,2024-08-08
111451,verano_2024,2024-06-27,email,True,False,False,
105588,verano_2024,2024-06-26,email,True,False,False,
112231,verano_2024,2024-06-18,email,False,,False,
102468,verano_2024,2024-06-29,push,,,False,
104158,verano_2024,2024-06-16,push,,,False,
106350,verano_2024,2024-06-17,push,,,False,
112391,verano_2024,2024-06-27,sms,,,False,
109526,verano_2024,2024-06-24,Email,False,,False,
100414,verano_2024,2024-06-27,push,,,False,
100403,verano_2024,2024-06-20,Email,False,,False,
104429,verano_2024,2024-06-20,push,,,False,
102085,verano_2024,2024-06-19,push,,,False,
103058,verano_2024,2024-06-24,SMS,,,True,2024-08-02
113550,verano_2024,2024-06-26,email,True,True,True,2024-08-05
111632,verano_2024,2024-06-23,email,False,,True,2024-07-29
107061,verano_2024,2024-06-27,email,True,False,False,
100165,verano_2024,2024-06-18,push,,,True,2024-07-28
109523,verano_2024,2024-06-25,sms,,,True,2024-07-25
113597,verano_2024,2024-06-19,email,False,,False,
113906,verano_2024,2024-06-24,email,True,False,False,
104303,verano_2024,2024-06-26,email,True,True,False,
110115,verano_2024,2024-06-15,push,,,False,
111613,verano_2024,2024-06-29,push,,,True,2024-08-30
103318,verano_2024,2024-06-25,email,False,,False,
113914,verano_2024,2024-06-24,push,,,False,
107866,verano_2024,2024-06-22,email,True,False,False,
107583,verano_2024,2024-06-23,Email,True,True,False,
109179,verano_2024,2024-06-24,email,False,,False,
103935,verano_2024,2024-06-15,email,True,True,False,
106852,verano_2024,2024-06-18,email,False,,False,
101848,verano_2024,2024-06-16,sms,,,False,
112654,verano_2024,2024-06-27,email,False,,False,
101335,verano_2024,2024-06-19,sms,,,True,2024-07-19
111942,verano_2024,2024-06-22,email,True,True,False,
113739,verano_2024,2024-06-26,email,False,,False,
110689,verano_2024,2024-06-27,sms,,,False,
109528,verano_2024,2024-06-27,push,,,False,
100754,verano_2024,2024-06-21,email,False,,False,
103065,verano_2024,2024-06-27,email,True,False,False,
113502,verano_2024,2024-06-17,sms,,,False,
106998,verano_2024,2024-06-15,email,True,False,False,
107537,verano_2024,2024-06-27,email,False,,False,
109602,verano_2024,2024-06-23,push,,,False,
100707,verano_2024,2024-06-27,email,False,,False,
103492,verano_2024,2024-06-28,email,False,,False,
114417,verano_2024,2024-06-27,push,,,True,2024-07-27
114083,verano_2024,2024-06-21,push,,,False,
104574,verano_2024,2024-06-18,push,,,False,
112348,verano_2024,2024-06-23,push_notification,,,False,
107632,verano_2024,2024-06-27,email,True,False,False,
110670,verano_2024,2024-06-19,email,True,False,False,
107707,verano_2024,2024-06-19,email,False,,False,
107055,verano_2024,2024-06-27,email,False,,False,
105581,verano_2024,2024-06-28,email,False,,False,
108158,verano_2024,2024-06-21,email,False,,False,
106841,verano_2024,2024-06-27,Email,False,,False,
103152,verano_2024,2024-06-18,push,,,False,
114918,verano_2024,2024-06-24,push,,,True,2024-07-17
106524,verano_2024,2024-06-16,email,False,,False,
114574,verano_2024,2024-06-22,push,,,False,
103800,verano_2024,2024-06-23,sms,,,False,
104023,verano_2024,2024-06-27,sms,,,True,2024-08-27
110208,verano_2024,2024-06-28,sms,,,True,2024-07-07
113521,verano_2024,2024-06-22,email,True,True,True,2024-08-21
101075,verano_2024,2024-06-21,push,,,False,
110403,verano_2024,2024-06-28,sms,,,False,
110781,verano_2024,2024-06-21,push,,,True,2024-08-12
103439,verano_2024,2024-06-17,email,False,,True,2024-07-05
109480,verano_2024,2024-06-20,sms,,,False,
114505,verano_2024,2024-06-27,email,True,False,False,
102430,verano_2024,2024-06-27,email,False,,False,
100247,verano_2024,2024-06-19,email,False,,True,2024-07-06
103816,verano_2024,2024-06-27,push,,,False,
111115,verano_2024,2024-06-17,push,,,True,2024-08-03
103633,verano_2024,2024-06-20,push,,,False,
110373,verano_2024,2024-06-19,email,False,,False,
102263,verano_2024,2024-06-25,push,,,False,
102247,verano_2024,2024-06-16,email,False,,True,2024-07-01
100836,verano_2024,2024-06-25,email,False,,False,
105065,verano_2024,2024-06-16,push,,,False,
106203,verano_2024,2024-06-26,email,False,,False,
100433,verano_2024,2024-06-21,sms,,,True,2024-08-20
108381,verano_2024,2024-06-25,email,False,,False,
101174,verano_2024,2024-06-28,email,True,True,False,
109235,verano_2024,2024-06-15,push,,,False,
106438,verano_2024,2024-06-19,email,True,False,False,
109627,verano_2024,2024-06-27,email,False,,False,
104657,verano_2024,2024-06-27,email,False,,False,
109256,verano_2024,2024-06-28,email,False,,False,
109970,verano_2024,2024-06-23,email,True,False,False,
107926,verano_2024,2024-06-29,email,False,,False,
105290,verano_2024,2024-06-29,email,True,True,False,
103758,verano_2024,2024-06-18,sms,,,True,
108099,verano_2024,2024-06-19,email,False,,True,2024-08-08
110444,verano_2024,2024-06-19,push,,,False,
110260,verano_2024,2024-06-23,email,True,True,False,
100251,verano_2024,2024-06-26,email,True,False,False,
108232,verano_2024,2024-06-25,email,False,,False,
107953,verano_2024,2024-06-27,email,False,,True,2024-08-17
107898,verano_2024,2024-06-23,push,,,False,
115230,verano_2024,2024-06-19,email,False,,False,
107335,verano_2024,2024-06-25,sms,,,False,
102794,verano_2024,2024-06-27,email,False,,False,
107796,verano_2024,2024-06-25,email,False,,False,
113278,verano_2024,2024-06-21,email,True,True,False,
103408,verano_2024,2024-06-19,email,False,,False,
114772,verano_2024,2024-06-18,email,True,True,False,
107423,verano_2024,2024-06-17,email,False,,False,
114165,verano_2024,2024-06-22,email,True,True,False,
110948,verano_2024,2024-06-24,email,False,,False,
105630,verano_2024,2024-06-27,email,False,,False,
104003,verano_2024,2024-06-25,push,,,False,
112954,verano_2024,2024-06-16,email,True,False,False,
104754,verano_2024,2024-06-29,email,False,,True,2024-07-01
111600,verano_2024,2024-06-29,email,False,,False,
104197,verano_2024,2024-06-22,sms,,,False,
103682,verano_2024,2024-06-24,email,False,,False,
103020,verano_2024,2024-06-21,email,True,False,False,
104311,verano_2024,2024-06-27,email,True,False,False,
107449,verano_2024,2024-06-21,email,True,False,False,
108420,verano_2024,2024-06-22,email,False,,False,
103986,verano_2024,2024-06-24,email,True,False,False,
110296,verano_2024,2024-06-21,push,,,False,
102570,verano_2024,2024-06-24,email,True,False,False,
112840,verano_2024,2024-06-25,email,False,,False,
104278,verano_2024,2024-06-23,email,False,,False,
103667,verano_2024,2024-06-17,email,True,False,False,
111242,verano_2024,2024-06-24,push,,,True,2024-07-04
102447,verano_2024,2024-06-29,email,True,False,False,
106822,verano_2024,2024-06-17,push,,,True,2024-07-28
106521,verano_2024,2024-06-23,push,,,False,
115016,verano_2024,2024-06-15,email,False,,False,
103173,verano_2024,2024-06-18,email,False,,False,
101224,verano_2024,2024-06-28,email,True,True,False,
100545,verano_2024,2024-06-29,push,,,False,
101205,verano_2024,2024-06-19,email,False,,True,2024-07-10
107243,verano_2024,2024-06-25,push,,,True,2024-07-28
102638,verano_2024,2024-06-24,email,False,,False,
112953,verano_2024,2024-06-19,email,True,True,False,
112721,verano_2024,2024-06-21,email,True,False,True,2024-07-20
113584,verano_2024,2024-06-21,email,False,,False,
100878,verano_2024,2024-06-29,push,,,False,
104380,verano_2024,2024-06-19,email,True,True,False,
103909,verano_2024,2024-06-27,email,False,,False,
107689,verano_2024,2024-06-19,email,True,False,False,
106497,verano_2024,2024-06-22,sms,,,True,2024-08-27
113442,verano_2024,2024-06-29,sms,,,True,2024-07-13
114910,verano_2024,2024-06-29,email,False,,False,
108076,verano_2024,2024-06-18,email,False,,False,
106965,verano_2024,2024-06-20,email,False,,False,
106480,verano_2024,2024-06-17,email,False,,False,
104712,verano_2024,2024-06-18,email,True,True,True,2024-07-26
111674,verano_2024,2024-06-27,push,,,False,
112872,verano_2024,2024-06-16,push,,,False,
102683,verano_2024,2024-06-20,email,False,,False,
111957,verano_2024,2024-06-26,email,False,,False,
102509,verano_2024,2024-06-26,sms,,,True,2024-07-25
104315,verano_2024,2024-06-19,email,True,False,False,
109807,verano_2024,2024-06-17,email,False,,False,
111053,verano_2024,2024-06-15,email,True,False,False,
105357,verano_2024,2024-06-22,push,,,False,
106640,verano_2024,2024-06-24,push,,,False,
105973,verano_2024,2024-06-25,email,False,,False,
103735,verano_2024,2024-06-28,push,,,True,2024-08-14
113045,verano_2024,2024-06-25,push,,,False,
107788,verano_2024,2024-06-20,sms,,,True,2024-08-14
113289,verano_2024,2024-06-15,push,,,True,2024-07-08
101877,verano_2024,2024-06-29,email,False,,False,
111757,verano_2024,2024-06-27,email,True,False,False,
105263,verano_2024,2024-06-22,email,False,,False,
105160,verano_2024,2024-06-18,email,False,,False,
112846,verano_2024,2024-06-18,Email,False,,False,
109610,verano_2024,2024-06-24,email,False,,False,
100760,verano_2024,2024-06-18,sms,,,True,2024-07-03
105482,verano_2024,2024-06-22,sms,,,False,
100655,verano_2024,2024-06-24,email,False,,False,
105813,verano_2024,2024-06-20,push,,,False,
105289,verano_2024,2024-06-21,push,,,False,
102893,verano_2024,2024-06-15,email,True,False,False,
105637,verano_2024,2024-06-23,email,True,False,False,
103045,verano_2024,2024-06-17,push,,,True,
110566,verano_2024,2024-06-25,email,True,False,False,
107319,verano_2024,2024-06-23,email,True,True,False,
106160,verano_2024,2024-06-16,email,False,,False,
108994,verano_2024,2024-06-27,push,,,False,
106023,verano_2024,2024-06-24,email,False,,False,
105093,verano_2024,2024-06-20,push,,,False,
113686,verano_2024,2024-06-16,email,True,True,False,
112841,verano_2024,2024-06-15,push,,,False,
101132,verano_2024,2024-06-19,email,False,,False,
103660,verano_2024,2024-06-27,email,False,,False,
113937,verano_2024,2024-06-28,email,False,,False,
102664,verano_2024,2024-06-15,email,True,False,False,
114260,verano_2024,2024-06-21,email,False,,False,
105379,verano_2024,2024-06-22,email,True,False,False,
105534,verano_2024,2024-06-24,email,True,False,False,
114995,verano_2024,2024-06-28,email,True,False,False,
111391,verano_2024,2024-06-17,push,,,False,
113201,verano_2024,2024-06-19,email,True,True,True,
108391,verano_2024,2024-06-21,email,False,,False,
109691,verano_2024,2024-06-21,email,False,,False,
102881,verano_2024,2024-06-26,email,True,False,False,
105840,verano_2024,2024-06-22,SMS,,,False,
103382,verano_2024,2024-06-17,email,True,True,True,2024-08-07
104958,verano_2024,2024-06-15,push,,,False,
111062,verano_2024,2024-06-18,email,False,,False,
105721,verano_2024,2024-06-29,email,False,,False,
113153,verano_2024,2024-06-20,sms,,,False,
100943,verano_2024,2024-06-18,email,True,False,False,
103236,verano_2024,2024-06-20,email,True,False,False,
103258,verano_2024,2024-06-26,push,,,False,
111763,verano_2024,2024-06-21,email,False,,False,
111502,verano_2024,2024-06-15,email,False,,False,
100309,verano_2024,2024-06-15,email,False,,False,
101566,verano_2024,2024-06-28,email,False,,False,
106728,verano_2024,2024-06-22,email,True,False,False,
102136,verano_2024,2024-06-16,email,True,False,False,
109823,verano_2024,2024-06-16,Email,True,False,False,
113680,verano_2024,2024-06-16,email,True,True,True,2024-07-06
108973,verano_2024,2024-06-18,push,,,True,2024-07-03
108993,verano_2024,2024-06-18,push,,,False,
112734,verano_2024,2024-06-29,sms,,,True,2024-08-12
107394,verano_2024,2024-06-27,sms,,,False,
102277,verano_2024,2024-06-18,email,True,False,False,
107073,verano_2024,2024-06-26,push,,,False,
112275,verano_2024,2024-06-19,email,True,False,False,
102624,verano_2024,2024-06-17,email,False,,False,
110000,verano_2024,2024-06-20,email,True,False,False,
114255,verano_2024,2024-06-29,push,,,False,
100232,verano_2024,2024-06-17,sms,,,True,2024-07-22
108344,verano_2024,2024-06-23,email,False,,True,2024-08-02
100738,verano_2024,2024-06-22,email,False,,False,
114966,verano_2024,2024-06-20,email,True,True,True,2024-08-19
108804,verano_2024,2024-06-15,push,,,False,
108217,verano_2024,2024-06-22,email,False,,False,
113440,verano_2024,2024-06-21,email,False,,False,
110371,verano_2024,2024-06-15,email,True,False,False,
114563,verano_2024,2024-06-16,email,True,False,False,
105706,verano_2024,2024-06-22,push,,,True,2024-08-16
108810,verano_2024,2024-06-20,email,True,False,False,
105936,verano_2024,2024-06-19,email,True,False,False,
106496,verano_2024,2024-06-18,email,False,,True,2024-07-06
100756,verano_2024,2024-06-15,sms,,,True,2024-08-24
108539,verano_2024,2024-06-18,Email,True,True,False,
114610,verano_2024,2024-06-19,email,True,True,False,
108120,verano_2024,2024-06-15,email,False,,False,
113752,verano_2024,2024-06-21,email,False,,False,
106201,verano_2024,2024-06-28,email,False,,False,
109920,verano_2024,2024-06-18,push,,,True,2024-07-17
100070,verano_2024,2024-06-22,email,False,,False,
105368,verano_2024,2024-06-16,email,False,,False,
108085,verano_2024,2024-06-15,email,True,False,False,
105683,verano_2024,2024-06-18,email,False,,False,
101681,verano_2024,2024-06-26,push,,,False,
111065,verano_2024,2024-06-24,sms,,,False,
105962,verano_2024,2024-06-18,email,False,,False,
102604,verano_2024,2024-06-15,push,,,False,
107869,verano_2024,2024-06-21,sms,,,False,
109165,verano_2024,2024-06-20,SMS,,,True,2024-07-06
112068,verano_2024,2024-06-23,email,False,,False,
114101,verano_2024,2024-06-23,push,,,False,
102284,verano_2024,2024-06-26,email,True,False,False,
103733,verano_2024,2024-06-29,push,,,False,
110051,verano_2024,2024-06-26,push,,,False,
114654,verano_2024,2024-06-21,Email,True,False,True,2024-07-18
106621,verano_2024,2024-06-29,email,True,True,True,2024-08-18
108777,verano_2024,2024-06-26,Email,False,,False,
105128,verano_2024,2024-06-24,push,,,True,2024-08-09
101546,verano_2024,2024-06-21,email,False,,False,
100740,verano_2024,2024-06-28,sms,,,True,2024-08-20
112123,verano_2024,2024-06-22,email,False,,False,
111481,verano_2024,2024-06-22,email,False,,True,2024-07-21
106985,verano_2024,2024-06-23,sms,,,False,
106796,verano_2024,2024-06-27,email,False,,False,
103519,verano_2024,2024-06-28,email,True,False,False,
113146,verano_2024,2024-06-17,email,True,True,False,
100774,verano_2024,2024-06-16,email,False,,False,
100866,verano_2024,2024-06-28,sms,,,False,
105201,verano_2024,2024-06-19,push,,,False,
112292,verano_2024,2024-06-15,sms,,,False,
100642,verano_2024,2024-06-16,email,True,True,True,2024-08-04
111820,verano_2024,2024-06-20,email,False,,False,
108887,verano_2024,2024-06-19,push,,,False,
103204,verano_2024,2024-06-29,sms,,,False,
107289,verano_2024,2024-06-15,push,,,True,2024-07-04
105205,verano_2024,2024-06-20,email,True,False,False,
114895,verano_2024,2024-06-16,email,True,False,True,2024-08-29
106924,verano_2024,2024-06-23,sms,,,False,
101309,verano_2024,2024-06-26,email,True,True,False,
111055,verano_2024,2024-06-20,email,True,True,False,
111527,verano_2024,2024-06-21,email,False,,False,
114907,verano_2024,2024-06-25,sms,,,False,
110878,verano_2024,2024-06-18,Email,True,True,False,
113646,verano_2024,2024-06-24,email,False,,False,
103310,verano_2024,2024-06-16,email,False,,False,
100364,verano_2024,2024-06-15,push,,,True,2024-07-09
103724,verano_2024,2024-06-17,email,False,,False,
107671,verano_2024,2024-06-20,email,True,False,False,
104727,verano_2024,2024-06-20,email,True,False,False,
102941,verano_2024,2024-06-19,push,,,True,2024-08-03
101642,verano_2024,2024-06-27,email,True,False,False,
113691,verano_2024,2024-06-26,push,,,True,2024-07-02
112561,verano_2024,2024-06-29,sms,,,False,
101173,verano_2024,2024-06-19,email,True,False,True,2024-07-03
114213,verano_2024,2024-06-17,email,False,,False,
106086,verano_2024,2024-06-22,sms,,,False,
113381,verano_2024,2024-06-25,email,True,True,False,
109513,verano_2024,2024-06-20,sms,,,True,2024-08-12
103365,verano_2024,2024-06-28,email,False,,False,
114167,verano_2024,2024-06-18,sms,,,True,2024-07-31
101411,verano_2024,2024-06-18,email,False,,False,
110792,verano_2024,2024-06-16,email,False,,False,
106667,verano_2024,2024-06-27,email,False,,False,
100816,verano_2024,2024-06-25,email,True,False,False,
106501,verano_2024,2024-06-23,email,False,,False,
107323,verano_2024,2024-06-18,email,True,False,False,
102132,verano_2024,2024-06-22,push,,,True,2024-07-10
101798,verano_2024,2024-06-22,email,False,,False,
107728,verano_2024,2024-06-24,email,True,False,False,
104576,verano_2024,2024-06-25,email,False,,False,
105191,verano_2024,2024-06-26,push,,,False,
108168,verano_2024,2024-06-20,email,True,False,False,
103123,verano_2024,2024-06-22,email,True,False,False,
104276,verano_2024,2024-06-23,push,,,False,
114423,verano_2024,2024-06-24,email,True,True,False,
103090,verano_2024,2024-06-25,email,True,False,False,
114317,verano_2024,2024-06-21,email,True,True,True,2024-07-14
109981,verano_2024,2024-06-25,email,True,False,False,
105254,verano_2024,2024-06-19,email,False,,False,
112630,verano_2024,2024-06-18,email,False,,False,
101533,verano_2024,2024-06-19,push,,,False,
108727,verano_2024,2024-06-19,email,False,,False,
102832,verano_2024,2024-06-23,push,,,False,
108270,verano_2024,2024-06-24,push,,,True,2024-07-25
114291,verano_2024,2024-06-26,Email,False,,True,2024-08-07
109346,verano_2024,2024-06-19,push,,,False,
114973,verano_2024,2024-06-27,email,False,,False,
108798,verano_2024,2024-06-29,email,False,,False,
101300,verano_2024,2024-06-17,email,False,,False,
106274,verano_2024,2024-06-25,email,False,,True,2024-07-15
105500,verano_2024,2024-06-28,email,False,,False,
109582,verano_2024,2024-06-17,email,False,,False,
111120,verano_2024,2024-06-16,email,False,,False,
112466,verano_2024,2024-06-28,push,,,False,
101481,verano_2024,2024-06-23,push,,,False,
101602,verano_2024,2024-06-16,email,True,False,False,
105092,verano_2024,2024-06-26,push,,,False,
107068,verano_2024,2024-06-17,email,True,False,False,
109599,verano_2024,2024-06-15,email,True,True,True,2024-07-01
103662,verano_2024,2024-06-25,email,True,False,False,
114875,verano_2024,2024-06-28,push,,,True,2024-08-09
104826,verano_2024,2024-06-18,email,False,,True,2024-07-05
105681,verano_2024,2024-06-29,sms,,,False,
100398,verano_2024,2024-06-22,push,,,False,
112078,verano_2024,2024-06-25,push,,,False,
102507,verano_2024,2024-06-26,email,False,,False,
110240,verano_2024,2024-06-16,push,,,True,2024-07-08
109544,verano_2024,2024-06-17,Email,True,True,True,2024-08-08
103011,verano_2024,2024-06-28,push,,,False,
111344,verano_2024,2024-06-24,push,,,False,
100724,verano_2024,2024-06-26,email,False,,False,
100301,verano_2024,2024-06-28,email,False,,False,
113077,verano_2024,2024-06-23,email,False,,False,
114181,verano_2024,2024-06-28,email,False,,False,
107329,verano_2024,2024-06-15,email,False,,False,
104186,verano_2024,2024-06-26,email,False,,True,2024-07-01
114006,verano_2024,2024-06-21,sms,,,False,
113997,verano_2024,2024-06-18,email,True,False,False,
114318,verano_2024,2024-06-28,Email,True,False,False,
104583,verano_2024,2024-06-26,push,,,True,2024-07-31
114121,verano_2024,2024-06-16,email,True,False,False,
107368,verano_2024,2024-06-28,email,False,,False,
109484,verano_2024,2024-06-19,email,False,,False,
115242,verano_2024,2024-06-26,email,False,,False,
107434,verano_2024,2024-06-28,sms,,,True,2024-08-21
112883,verano_2024,2024-06-27,email,False,,False,
106966,verano_2024,2024-06-20,email,False,,False,
101213,verano_2024,2024-06-19,push,,,True,2024-08-14
107056,verano_2024,2024-06-23,sms,,,True,2024-07-02
108484,verano_2024,2024-06-20,email,False,,False,
112778,verano_2024,2024-06-26,push,,,False,
111326,verano_2024,2024-06-24,email,False,,False,
108966,verano_2024,2024-06-23,email,False,,False,
111174,verano_2024,2024-06-19,email,False,,False,
105428,verano_2024,2024-06-22,email,True,False,False,
112615,verano_2024,2024-06-22,email,True,True,False,
111358,verano_2024,2024-06-24,email,False,,False,
107217,verano_2024,2024-06-21,email,True,False,False,
105995,verano_2024,2024-06-18,email,False,,False,
103768,verano_2024,2024-06-24,push,,,False,
104273,verano_2024,2024-06-28,email,False,,False,
115054,verano_2024,2024-06-20,email,False,,True,
108655,verano_2024,2024-06-21,email,True,True,True,2024-07-07
100787,verano_2024,2024-06-19,email,False,,False,
109799,verano_2024,2024-06-23,email,False,,False,
109940,verano_2024,2024-06-21,email,False,,False,
110710,verano_2024,2024-06-28,email,True,False,False,
107854,verano_2024,2024-06-20,email,False,,False,
113768,verano_2024,2024-06-23,email,False,,False,
102906,verano_2024,2024-06-16,email,False,,False,
104627,verano_2024,2024-06-19,sms,,,True,2024-07-12
100997,verano_2024,2024-06-24,push,,,False,
112885,verano_2024,2024-06-23,sms,,,True,2024-08-02
115060,verano_2024,2024-06-17,email,False,,False,
107247,verano_2024,2024-06-19,push,,,False,
106251,verano_2024,2024-06-17,email,False,,False,
113160,verano_2024,2024-06-16,push,,,False,
108056,verano_2024,2024-06-26,email,False,,False,
114839,verano_2024,2024-06-21,email,True,False,False,
105524,verano_2024,2024-06-20,push,,,False,
111645,verano_2024,2024-06-25,email,False,,True,2024-07-07
107506,verano_2024,2024-06-18,push,,,False,
100157,verano_2024,2024-06-18,push,,,False,
114399,verano_2024,2024-06-24,push,,,True,2024-08-06
103086,verano_2024,2024-06-22,email,False,,False,
112256,verano_2024,2024-06-21,email,True,True,False,
101553,verano_2024,2024-06-18,sms,,,True,2024-07-05
113901,verano_2024,2024-06-28,email,False,,False,
110095,verano_2024,2024-06-26,email,True,False,False,
100496,verano_2024,2024-06-15,push,,,True,2024-07-02
102322,verano_2024,2024-06-23,email,True,False,False,
100913,verano_2024,2024-06-22,push,,,True,2024-08-09
109391,verano_2024,2024-06-29,email,False,,False,
100152,verano_2024,2024-06-16,email,False,,False,
109124,verano_2024,2024-06-26,email,True,False,False,
111207,verano_2024,2024-06-28,push_notification,,,False,
112520,verano_2024,2024-06-16,email,False,,False,
103002,verano_2024,2024-06-23,email,False,,True,2024-07-22
109616,verano_2024,2024-06-17,email,True,False,False,
106962,verano_2024,2024-06-26,email,True,False,False,
114041,verano_2024,2024-06-21,email,True,False,False,
102884,verano_2024,2024-06-27,email,True,False,False,
103721,verano_2024,2024-06-23,Email,False,,True,2024-07-08
107128,verano_2024,2024-06-17,sms,,,True,2024-07-15
100889,verano_2024,2024-06-21,email,False,,False,
105472,verano_2024,2024-06-26,email,True,False,False,
103202,verano_2024,2024-06-25,email,False,,False,
110072,verano_2024,2024-06-18,email,True,True,True,2024-08-17
104824,verano_2024,2024-06-19,email,True,False,False,
104705,verano_2024,2024-06-19,email,False,,False,
100344,verano_2024,2024-06-24,sms,,,False,
104137,verano_2024,2024-06-26,sms,,,False,
111211,verano_2024,2024-06-25,push,,,True,2024-07-14
103189,verano_2024,2024-06-28,email,False,,False,
104523,verano_2024,2024-06-20,push,,,False,
102224,verano_2024,2024-06-28,email,True,False,False,
102122,verano_2024,2024-06-28,push_notification,,,False,
106859,verano_2024,2024-06-23,email,True,False,False,
110783,verano_2024,2024-06-26,email,True,False,False,
110044,verano_2024,2024-06-27,push,,,False,
110625,verano_2024,2024-06-26,push,,,False,
109841,verano_2024,2024-06-21,push_notification,,,False,
107367,verano_2024,2024-06-26,email,False,,False,
112683,verano_2024,2024-06-25,email,False,,False,
104735,verano_2024,2024-06-25,email,False,,False,
113116,verano_2024,2024-06-18,push,,,False,
101466,verano_2024,2024-06-22,sms,,,False,
104594,verano_2024,2024-06-24,push,,,True,2024-08-12
103566,verano_2024,2024-06-16,email,False,,False,
105841,verano_2024,2024-06-20,email,False,,False,
100284,verano_2024,2024-06-16,email,True,False,False,
114441,verano_2024,2024-06-24,email,True,False,False,
106176,verano_2024,2024-06-20,email,False,,False,
113935,verano_2024,2024-06-17,email,True,True,True,2024-08-24
104152,verano_2024,2024-06-21,email,False,,False,
115048,verano_2024,2024-06-21,push,,,False,
111463,verano_2024,2024-06-23,sms,,,False,
107377,verano_2024,2024-06-18,push,,,False,
108871,verano_2024,2024-06-21,push,,,True,2024-08-29
114464,verano_2024,2024-06-28,push,,,False,
109113,verano_2024,2024-06-25,sms,,,False,
103162,verano_2024,2024-06-15,email,False,,False,
102631,verano_2024,2024-06-25,email,False,,True,2024-08-17
112306,verano_2024,2024-06-21,email,True,False,False,
113259,verano_2024,2024-06-27,push,,,True,2024-08-24
110399,verano_2024,2024-06-18,email,True,True,False,
101204,verano_2024,2024-06-20,push,,,False,
114201,verano_2024,2024-06-15,email,True,False,False,
110552,verano_2024,2024-06-24,push,,,True,2024-08-06
100617,verano_2024,2024-06-15,push,,,False,
103115,verano_2024,2024-06-19,email,False,,False,
113421,verano_2024,2024-06-25,email,False,,False,
107482,verano_2024,2024-06-22,email,True,False,False,
110338,verano_2024,2024-06-23,push,,,False,
102729,verano_2024,2024-06-26,Email,False,,True,2024-08-23
114705,verano_2024,2024-06-18,email,False,,True,2024-07-18
112823,verano_2024,2024-06-15,email,False,,True,2024-08-16
110275,verano_2024,2024-06-29,Email,True,True,False,
101358,verano_2024,2024-06-22,push,,,False,
109938,verano_2024,2024-06-26,email,True,False,False,
107799,verano_2024,2024-06-19,email,True,False,False,
112006,verano_2024,2024-06-25,email,False,,True,2024-08-05
113928,verano_2024,2024-06-17,sms,,,False,
101591,verano_2024,2024-06-21,push,,,True,2024-07-19
115114,verano_2024,2024-06-18,email,False,,False,
103141,verano_2024,2024-06-24,sms,,,False,
100548,verano_2024,2024-06-18,sms,,,True,2024-08-21
107119,verano_2024,2024-06-15,sms,,,True,2024-07-14
112038,verano_2024,2024-06-19,email,False,,False,
114414,verano_2024,2024-06-20,push_notification,,,False,
100027,verano_2024,2024-06-21,email,True,False,False,
101068,verano_2024,2024-06-28,email,False,,False,
103919,verano_2024,2024-06-17,email,True,False,False,
106605,verano_2024,2024-06-18,email,True,True,False,
105530,verano_2024,2024-06-27,push,,,False,
106679,verano_2024,2024-06-25,push,,,False,
105399,verano_2024,2024-06-26,push,,,True,2024-08-02
113238,verano_2024,2024-06-26,push,,,True,2024-08-23
108082,verano_2024,2024-06-23,email,True,True,False,
109980,verano_2024,2024-06-18,email,True,False,False,
114753,verano_2024,2024-06-19,email,False,,False,
100438,verano_2024,2024-06-25,email,False,,False,
114269,verano_2024,2024-06-18,email,True,False,False,
114180,verano_2024,2024-06-23,sms,,,True,2024-07-19
105270,verano_2024,2024-06-19,email,False,,False,
101862,verano_2024,2024-06-21,Email,False,,False,
110841,verano_2024,2024-06-28,email,False,,False,
108317,verano_2024,2024-06-15,email,False,,False,
102707,verano_2024,2024-06-19,email,True,True,True,2024-07-24
113214,verano_2024,2024-06-26,email,True,False,False,
108519,verano_2024,2024-06-21,email,True,True,False,
105326,verano_2024,2024-06-24,push,,,True,2024-08-16
106958,verano_2024,2024-06-25,email,True,True,False,
111973,verano_2024,2024-06-27,email,True,False,False,
111482,verano_2024,2024-06-16,push,,,True,2024-08-12
109474,verano_2024,2024-06-20,Email,False,,False,
104012,verano_2024,2024-06-27,Email,False,,False,
113941,verano_2024,2024-06-18,email,True,True,False,
100535,verano_2024,2024-06-23,email,True,False,True,2024-07-28
114324,verano_2024,2024-06-15,email,False,,False,
100586,verano_2024,2024-06-26,email,True,False,False,
111025,verano_2024,2024-06-23,email,True,False,False,
109046,verano_2024,2024-06-16,email,False,,False,
113977,verano_2024,2024-06-26,push,,,False,
111873,verano_2024,2024-06-25,push,,,True,2024-08-25
108888,verano_2024,2024-06-17,push,,,True,2024-08-03
106465,verano_2024,2024-06-27,push_notification,,,False,
112194,verano_2024,2024-06-24,push,,,False,
114510,verano_2024,2024-06-28,email,False,,False,
101917,verano_2024,2024-06-26,email,False,,False,
113754,verano_2024,2024-06-26,sms,,,True,2024-07-12
108108,verano_2024,2024-06-26,push,,,True,2024-07-26
114792,verano_2024,2024-06-25,email,False,,False,
101911,verano_2024,2024-06-24,email,False,,False,
109194,verano_2024,2024-06-18,sms,,,True,2024-08-05
110035,verano_2024,2024-06-20,email,False,,False,
101134,verano_2024,2024-06-25,email,False,,False,
110135,verano_2024,2024-06-18,email,True,True,False,
111592,verano_2024,2024-06-25,sms,,,False,
101318,verano_2024,2024-06-19,email,False,,False,
104369,verano_2024,2024-06-26,email,False,,False,
108314,verano_2024,2024-06-23,push,,,False,
111900,verano_2024,2024-06-25,sms,,,False,
108982,verano_2024,2024-06-24,email,True,False,False,
107326,verano_2024,2024-06-24,sms,,,False,
106081,verano_2024,2024-06-28,email,True,True,False,
110426,verano_2024,2024-06-22,push,,,True,2024-08-22
102602,verano_2024,2024-06-18,email,False,,False,
106569,verano_2024,2024-06-20,push,,,True,2024-07-02
102174,verano_2024,2024-06-27,sms,,,False,
103606,verano_2024,2024-06-18,email,False,,False,
106430,verano_2024,2024-06-23,push,,,True,2024-07-27
107996,verano_2024,2024-06-16,email,True,False,False,
103769,verano_2024,2024-06-24,email,False,,False,
105078,verano_2024,2024-06-19,sms,,,True,2024-08-02
108275,verano_2024,2024-06-25,Email,False,,False,
104632,verano_2024,2024-06-15,push,,,False,
114901,verano_2024,2024-06-24,email,True,False,False,
100241,verano_2024,2024-06-22,push,,,True,2024-08-05
110150,verano_2024,2024-06-29,push,,,False,
108748,verano_2024,2024-06-16,email,False,,False,
107603,verano_2024,2024-06-17,push_notification,,,False,
108898,verano_2024,2024-06-20,email,False,,False,
101868,verano_2024,2024-06-20,email,False,,False,
109141,verano_2024,2024-06-15,email,True,False,False,
108579,verano_2024,2024-06-15,email,False,,False,
102522,verano_2024,2024-06-17,push,,,True,2024-08-21
110256,verano_2024,2024-06-25,email,True,True,False,
101821,verano_2024,2024-06-23,email,False,,False,
102411,verano_2024,2024-06-18,email,True,False,False,
108244,verano_2024,2024-06-26,email,True,False,False,
105188,verano_2024,2024-06-20,email,False,,False,
110437,verano_2024,2024-06-23,email,False,,False,
104566,verano_2024,2024-06-26,sms,,,False,
107943,verano_2024,2024-06-19,push,,,True,2024-07-11
112813,verano_2024,2024-06-26,email,False,,False,
106392,verano_2024,2024-06-15,push,,,False,
102119,verano_2024,2024-06-28,push,,,True,2024-07-24
103780,verano_2024,2024-06-29,push,,,False,
104962,verano_2024,2024-06-17,Email,False,,False,
102810,verano_2024,2024-06-28,push,,,True,2024-07-30
100499,verano_2024,2024-06-26,email,False,,False,
114375,verano_2024,2024-06-29,push,,,False,
113072,verano_2024,2024-06-28,email,True,False,False,
108618,verano_2024,2024-06-19,sms,,,True,2024-07-21
104285,verano_2024,2024-06-20,sms,,,False,
110578,verano_2024,2024-06-21,push,,,False,
109314,verano_2024,2024-06-20,sms,,,False,
100229,verano_2024,2024-06-24,email,False,,False,
115052,verano_2024,2024-06-20,email,False,,False,
110172,verano_2024,2024-06-26,push,,,True,2024-08-15
102742,verano_2024,2024-06-18,email,False,,False,
114978,verano_2024,2024-06-21,email,False,,False,
106002,verano_2024,2024-06-19,email,False,,False,
105719,verano_2024,2024-06-27,sms,,,False,
110609,verano_2024,2024-06-19,email,False,,False,
105584,verano_2024,2024-06-20,email,True,False,False,
113124,verano_2024,2024-06-21,email,True,True,False,
113215,verano_2024,2024-06-20,email,False,,False,
109050,verano_2024,2024-06-18,email,True,False,True,2024-08-15
101129,verano_2024,2024-06-27,email,True,True,False,
110803,verano_2024,2024-06-20,email,True,False,False,
101707,verano_2024,2024-06-28,email,True,False,False,
107451,verano_2024,2024-06-28,email,False,,False,
103154,verano_2024,2024-06-23,email,False,,False,
109847,verano_2024,2024-06-17,email,True,False,False,
111088,verano_2024,2024-06-26,email,False,,False,
114958,verano_2024,2024-06-18,email,True,False,False,
106241,verano_2024,2024-06-22,email,True,False,False,
107105,verano_2024,2024-06-15,email,False,,False,
114914,verano_2024,2024-06-19,email,True,False,False,
102722,verano_2024,2024-06-18,sms,,,True,2024-08-23
107446,verano_2024,2024-06-22,email,True,False,False,
107894,verano_2024,2024-06-27,email,False,,False,
115008,verano_2024,2024-06-16,email,False,,False,
111865,verano_2024,2024-06-20,email,True,False,False,
108043,verano_2024,2024-06-25,push,,,True,2024-07-06
110147,verano_2024,2024-06-17,email,True,False,False,
115150,verano_2024,2024-06-21,email,True,False,False,
114812,verano_2024,2024-06-27,email,True,False,True,2024-08-17
112029,verano_2024,2024-06-25,email,True,False,False,
112983,verano_2024,2024-06-16,email,False,,False,
112368,verano_2024,2024-06-24,email,False,,False,
111275,verano_2024,2024-06-24,email,True,False,True,2024-07-12
113841,verano_2024,2024-06-21,email,False,,True,2024-08-11
106055,verano_2024,2024-06-23,email,False,,False,
110491,verano_2024,2024-06-15,push,,,True,2024-07-04
113478,verano_2024,2024-06-23,Email,False,,False,
102551,verano_2024,2024-06-29,email,True,False,False,
113849,verano_2024,2024-06-25,email,True,False,False,
107441,verano_2024,2024-06-23,email,False,,False,
106769,verano_2024,2024-06-16,push,,,False,
110084,verano_2024,2024-06-28,email,True,False,False,
113811,verano_2024,2024-06-29,push,,,True,2024-07-09
106450,verano_2024,2024-06-26,Email,False,,False,
112711,verano_2024,2024-06-27,email,False,,False,
115133,verano_2024,2024-06-18,sms,,,False,
102645,verano_2024,2024-06-21,email,True,False,False,
113618,verano_2024,2024-06-15,email,False,,False,
104488,verano_2024,2024-06-23,sms,,,False,
102062,verano_2024,2024-06-17,email,False,,False,
104646,verano_2024,2024-06-20,email,False,,False,
114619,verano_2024,2024-06-27,sms,,,False,
114669,verano_2024,2024-06-23,email,True,False,False,
115049,verano_2024,2024-06-19,push_notification,,,True,2024-07-17
114017,verano_2024,2024-06-21,email,True,False,False,
107266,verano_2024,2024-06-22,email,False,,False,
104175,verano_2024,2024-06-17,email,True,False,False,
112511,verano_2024,2024-06-16,email,True,False,False,
112970,verano_2024,2024-06-26,push,,,True,2024-08-08
109285,verano_2024,2024-06-21,email,False,,False,
108544,verano_2024,2024-06-29,sms,,,True,2024-08-14
112404,verano_2024,2024-06-16,email,False,,False,
100984,verano_2024,2024-06-27,email,False,,False,
110558,verano_2024,2024-06-20,push,,,False,
105481,verano_2024,2024-06-23,email,False,,True,2024-07-03
104798,verano_2024,2024-06-19,email,False,,False,
110004,verano_2024,2024-06-28,push,,,False,
103663,verano_2024,2024-06-17,email,False,,False,
114334,verano_2024,2024-06-21,push,,,False,
106948,verano_2024,2024-06-22,email,False,,True,2024-07-30
104658,verano_2024,2024-06-27,email,True,True,True,2024-08-12
106415,verano_2024,2024-06-29,push,,,False,
103151,verano_2024,2024-06-27,push,,,False,
109762,verano_2024,2024-06-19,email,False,,False,
109255,verano_2024,2024-06-26,Email,True,False,False,
104814,verano_2024,2024-06-19,email,True,False,False,
105970,verano_2024,2024-06-16,push,,,False,
102940,verano_2024,2024-06-22,email,False,,False,
101341,verano_2024,2024-06-23,email,True,False,False,
101392,verano_2024,2024-06-21,email,False,,False,
113669,verano_2024,2024-06-27,email,True,False,False,
109607,verano_2024,2024-06-23,Email,True,False,False,
113451,verano_2024,2024-06-24,email,True,False,False,
111433,verano_2024,2024-06-15,Email,False,,False,
111554,verano_2024,2024-06-15,email,False,,False,
106147,verano_2024,2024-06-29,email,False,,False,
101413,verano_2024,2024-06-23,email,True,False,False,
102257,verano_2024,2024-06-20,push,,,True,2024-08-18
111505,verano_2024,2024-06-21,push,,,False,
111150,verano_2024,2024-06-17,push,,,True,2024-07-04
106121,verano_2024,2024-06-23,email,False,,False,
102213,verano_2024,2024-06-21,sms,,,True,2024-08-08
105604,verano_2024,2024-06-25,email,False,,False,
106005,verano_2024,2024-06-29,email,True,False,False,
105418,verano_2024,2024-06-20,push,,,False,
104939,verano_2024,2024-06-29,push,,,True,2024-08-16
103625,verano_2024,2024-06-22,email,False,,False,
103159,verano_2024,2024-06-18,email,False,,False,
104268,verano_2024,2024-06-20,email,True,False,False,
100464,verano_2024,2024-06-25,email,False,,True,2024-08-11
101755,verano_2024,2024-06-17,email,True,True,True,2024-08-01
109574,verano_2024,2024-06-18,email,False,,False,
109369,verano_2024,2024-06-15,push,,,True,2024-08-19
106381,verano_2024,2024-06-16,Email,False,,False,
103830,verano_2024,2024-06-26,sms,,,False,
100379,verano_2024,2024-06-20,email,False,,True,2024-07-23
110389,verano_2024,2024-06-23,email,True,False,True,2024-07-30
101336,verano_2024,2024-06-18,email,True,False,False,
115085,verano_2024,2024-06-16,push,,,False,
102717,verano_2024,2024-06-17,email,False,,False,
109983,verano_2024,2024-06-15,email,False,,True,2024-07-16
111644,verano_2024,2024-06-22,email,True,False,False,
114065,verano_2024,2024-06-20,push,,,False,
110080,verano_2024,2024-06-27,email,False,,False,
106323,verano_2024,2024-06-19,email,False,,False,
109576,verano_2024,2024-06-28,Email,False,,False,
112609,verano_2024,2024-06-28,Email,False,,False,
101895,verano_2024,2024-06-25,email,True,False,False,
104662,verano_2024,2024-06-18,email,False,,False,
110066,verano_2024,2024-06-25,email,True,True,False,
107770,verano_2024,2024-06-24,email,False,,False,
107091,verano_2024,2024-06-27,email,False,,False,
106222,verano_2024,2024-06-25,email,False,,False,
111496,verano_2024,2024-06-28,push,,,False,
110998,verano_2024,2024-06-16,push,,,False,
107038,verano_2024,2024-06-19,email,True,False,False,
113204,verano_2024,2024-06-16,push,,,True,2024-07-11
110438,verano_2024,2024-06-20,email,True,False,False,
111863,verano_2024,2024-06-25,sms,,,False,
108975,verano_2024,2024-06-24,email,False,,False,
113509,verano_2024,2024-06-29,email,False,,False,
103993,verano_2024,2024-06-26,email,False,,True,2024-07-27
106692,verano_2024,2024-06-22,push,,,False,
101031,verano_2024,2024-06-27,push_notification,,,True,2024-08-21
102221,verano_2024,2024-06-24,sms,,,True,2024-08-28
112037,verano_2024,2024-06-20,push,,,True,2024-07-28
114331,verano_2024,2024-06-23,sms,,,True,2024-07-10
103794,verano_2024,2024-06-28,sms,,,True,2024-08-28
111357,verano_2024,2024-06-15,email,False,,False,
110884,verano_2024,2024-06-22,push,,,True,2024-07-14
104328,verano_2024,2024-06-16,push,,,False,
113308,verano_2024,2024-06-15,email,True,False,False,
108303,verano_2024,2024-06-21,email,False,,False,
114771,verano_2024,2024-06-29,push,,,False,
113694,verano_2024,2024-06-19,email,False,,False,
105732,verano_2024,2024-06-25,email,True,False,True,2024-08-17
102918,verano_2024,2024-06-19,email,False,,False,
105587,verano_2024,2024-06-21,push,,,True,2024-07-06
113148,verano_2024,2024-06-25,push,,,False,
106327,verano_2024,2024-06-23,email,True,False,True,2024-07-12
101516,verano_2024,2024-06-16,push,,,True,2024-08-12
114721,verano_2024,2024-06-24,push,,,False,
114118,verano_2024,2024-06-16,push,,,True,2024-07-07
113952,verano_2024,2024-06-24,email,False,,True,2024-08-27
102264,verano_2024,2024-06-23,email,False,,False,
104480,verano_2024,2024-06-29,email,False,,False,
104240,verano_2024,2024-06-29,email,False,,False,
113232,verano_2024,2024-06-15,push_notification,,,True,2024-08-27
113066,verano_2024,2024-06-24,push,,,False,
100894,verano_2024,2024-06-17,email,False,,False,
101491,verano_2024,2024-06-25,sms,,,False,
112515,verano_2024,2024-06-26,email,False,,False,
112893,verano_2024,2024-06-20,email,True,False,True,2024-07-20
108517,verano_2024,2024-06-18,push,,,False,
102934,verano_2024,2024-06-25,Email,False,,False,
114312,verano_2024,2024-06-20,email,False,,False,
101130,verano_2024,2024-06-15,email,False,,False,
100732,verano_2024,2024-06-28,email,False,,False,
103085,verano_2024,2024-06-16,email,True,False,False,
107298,verano_2024,2024-06-20,email,True,False,False,
104589,verano_2024,2024-06-25,email,True,False,False,
102796,verano_2024,2024-06-18,email,True,True,True,2024-08-12
107602,verano_2024,2024-06-27,email,True,True,False,
100799,verano_2024,2024-06-19,email,False,,False,
106233,verano_2024,2024-06-28,email,False,,False,
100735,verano_2024,2024-06-21,push,,,False,
109017,verano_2024,2024-06-25,email,True,False,False,
102245,verano_2024,2024-06-20,email,True,True,False,
100179,verano_2024,2024-06-17,email,False,,False,
101175,verano_2024,2024-06-15,sms,,,False,
100791,verano_2024,2024-06-28,email,True,False,False,
112492,verano_2024,2024-06-27,email,False,,False,
100199,verano_2024,2024-06-29,push,,,False,
110631,verano_2024,2024-06-17,email,False,,False,
107676,verano_2024,2024-06-22,email,True,False,False,
100549,verano_2024,2024-06-19,email,False,,False,
103340,verano_2024,2024-06-28,email,False,,False,
109564,verano_2024,2024-06-23,push,,,False,
107466,verano_2024,2024-06-27,email,False,,False,
112203,verano_2024,2024-06-23,email,False,,False,
114512,verano_2024,2024-06-26,SMS,,,True,2024-07-17
112832,verano_2024,2024-06-29,email,True,False,False,
107534,verano_2024,2024-06-26,email,True,False,False,
100067,verano_2024,2024-06-24,email,False,,False,
104713,verano_2024,2024-06-16,email,True,False,False,
105215,verano_2024,2024-06-28,email,False,,False,
113525,verano_2024,2024-06-22,email,True,False,False,
105034,verano_2024,2024-06-23,email,False,,True,2024-07-24
110554,verano_2024,2024-06-20,email,True,False,False,
102573,verano_2024,2024-06-17,email,True,True,False,
110633,verano_2024,2024-06-29,push,,,False,
111177,verano_2024,2024-06-23,email,True,True,False,
100623,verano_2024,2024-06-20,push,,,False,
106223,verano_2024,2024-06-20,email,False,,False,
100788,verano_2024,2024-06-17,email,False,,False,
103333,verano_2024,2024-06-19,email,False,,False,
114985,verano_2024,2024-06-22,email,False,,False,
106009,verano_2024,2024-06-22,push,,,True,2024-07-29
108335,verano_2024,2024-06-17,push,,,False,
113628,verano_2024,2024-06-23,email,True,True,False,
110929,verano_2024,2024-06-19,email,True,False,False,
109026,verano_2024,2024-06-26,email,True,False,False,
100516,verano_2024,2024-06-27,email,True,False,False,
100479,verano_2024,2024-06-15,email,False,,False,
104477,verano_2024,2024-06-29,email,True,True,False,
112756,verano_2024,2024-06-22,sms,,,False,
112924,verano_2024,2024-06-16,email,False,,False,
106900,verano_2024,2024-06-29,push,,,True,2024-08-22
101034,verano_2024,2024-06-15,push_notification,,,True,2024-07-10
109681,verano_2024,2024-06-26,sms,,,False,
102599,verano_2024,2024-06-18,email,False,,False,
101515,verano_2024,2024-06-15,push,,,False,
106192,verano_2024,2024-06-18,sms,,,False,
111288,verano_2024,2024-06-27,email,False,,False,
107238,verano_2024,2024-06-28,email,True,False,False,
105754,verano_2024,2024-06-20,email,True,False,False,
114185,verano_2024,2024-06-29,email,False,,True,2024-08-03
113395,verano_2024,2024-06-28,email,False,,False,
108237,verano_2024,2024-06-26,push,,,False,
108537,verano_2024,2024-06-22,email,True,False,False,
105522,verano_2024,2024-06-26,email,False,,False,
101463,verano_2024,2024-06-28,push,,,True,2024-07-04
107916,verano_2024,2024-06-18,push,,,True,2024-08-07
101872,verano_2024,2024-06-26,email,True,False,False,
112685,verano_2024,2024-06-21,sms,,,False,
107210,verano_2024,2024-06-29,email,True,False,False,
113985,verano_2024,2024-06-18,sms,,,False,
107350,verano_2024,2024-06-25,email,False,,False,
104624,verano_2024,2024-06-29,email,False,,False,
114899,verano_2024,2024-06-15,sms,,,True,2024-08-17
104819,verano_2024,2024-06-19,Email,False,,False,
100221,verano_2024,2024-06-23,email,True,True,False,
112957,verano_2024,2024-06-28,email,False,,False,
114719,verano_2024,2024-06-23,email,False,,False,
102477,verano_2024,2024-06-20,email,True,True,False,
104249,verano_2024,2024-06-28,sms,,,True,2024-08-13
111884,verano_2024,2024-06-26,email,True,False,False,
114261,verano_2024,2024-06-29,push,,,False,
114022,verano_2024,2024-06-24,push,,,False,
106488,verano_2024,2024-06-27,email,False,,False,
109782,verano_2024,2024-06-29,email,False,,False,
110093,verano_2024,2024-06-19,email,True,False,False,
105651,verano_2024,2024-06-29,email,False,,True,2024-08-01
114169,verano_2024,2024-06-20,push,,,False,
111228,verano_2024,2024-06-29,email,True,True,False,
108053,verano_2024,2024-06-25,email,False,,True,
114311,verano_2024,2024-06-20,sms,,,False,
102882,verano_2024,2024-06-15,email,True,False,False,
101678,verano_2024,2024-06-17,push,,,True,2024-07-03
106061,verano_2024,2024-06-19,email,False,,False,
100902,verano_2024,2024-06-24,sms,,,True,2024-08-13
111867,verano_2024,2024-06-20,email,False,,False,
114835,verano_2024,2024-06-27,sms,,,True,2024-08-29
102297,verano_2024,2024-06-28,push,,,True,2024-07-25
109144,verano_2024,2024-06-17,email,False,,False,
108489,verano_2024,2024-06-16,email,False,,True,2024-08-30
109350,verano_2024,2024-06-19,email,False,,False,
109149,verano_2024,2024-06-20,email,True,False,False,
113110,verano_2024,2024-06-15,email,False,,False,
111497,verano_2024,2024-06-17,email,False,,False,
106773,verano_2024,2024-06-19,sms,,,False,
112300,verano_2024,2024-06-21,email,False,,False,
107258,verano_2024,2024-06-19,push,,,False,
102581,verano_2024,2024-06-20,email,False,,True,2024-07-31
107967,verano_2024,2024-06-24,email,False,,False,
114768,verano_2024,2024-06-15,email,True,False,False,
111545,verano_2024,2024-06-17,email,True,True,True,2024-07-17
110157,verano_2024,2024-06-23,email,True,False,False,
109708,verano_2024,2024-06-23,email,True,True,False,
105255,verano_2024,2024-06-20,email,False,,False,
100682,verano_2024,2024-06-24,email,True,False,False,
114506,verano_2024,2024-06-18,email,True,False,False,
103160,verano_2024,2024-06-25,email,False,,True,2024-08-28
111293,verano_2024,2024-06-21,email,False,,False,
102988,verano_2024,2024-06-16,email,False,,False,
104909,verano_2024,2024-06-22,push,,,False,
101883,verano_2024,2024-06-26,email,True,True,True,2024-07-28
109907,verano_2024,2024-06-24,email,True,False,False,
101941,verano_2024,2024-06-15,email,True,True,False,
103297,verano_2024,2024-06-27,email,True,False,False,
103535,verano_2024,2024-06-25,push,,,False,
105975,verano_2024,2024-06-17,sms,,,False,
103730,verano_2024,2024-06-23,push,,,True,2024-07-11
100491,verano_2024,2024-06-26,sms,,,True,2024-08-05
105709,verano_2024,2024-06-28,Email,True,False,False,
101182,verano_2024,2024-06-25,sms,,,False,
101376,verano_2024,2024-06-21,push,,,True,2024-07-06
105015,verano_2024,2024-06-26,email,False,,True,2024-08-17
100627,verano_2024,2024-06-16,email,True,True,True,2024-07-21
104759,verano_2024,2024-06-27,push,,,False,
110731,verano_2024,2024-06-17,push,,,True,2024-07-06
111893,verano_2024,2024-06-15,email,True,False,False,
111386,verano_2024,2024-06-24,sms,,,False,
104181,verano_2024,2024-06-21,sms,,,True,2024-07-14
111754,verano_2024,2024-06-27,email,True,True,False,
113025,verano_2024,2024-06-15,push,,,False,
102888,verano_2024,2024-06-18,email,False,,False,
108877,verano_2024,2024-06-24,email,False,,False,
104540,verano_2024,2024-06-21,email,False,,False,
111108,verano_2024,2024-06-18,email,True,True,False,
106672,verano_2024,2024-06-16,email,False,,False,
106454,verano_2024,2024-06-27,email,False,,False,
101367,verano_2024,2024-06-25,email,False,,True,2024-08-06
102640,verano_2024,2024-06-28,email,False,,False,
114742,verano_2024,2024-06-28,email,False,,False,
105603,verano_2024,2024-06-18,push,,,False,
114077,verano_2024,2024-06-18,email,True,False,False,
105731,verano_2024,2024-06-18,push,,,True,2024-07-19
107205,verano_2024,2024-06-27,email,True,False,False,
105297,verano_2024,2024-06-19,email,True,True,False,
110747,verano_2024,2024-06-22,push,,,True,2024-08-12
102939,verano_2024,2024-06-21,sms,,,False,
110629,verano_2024,2024-06-28,email,True,False,False,
113942,verano_2024,2024-06-27,push,,,False,
108891,verano_2024,2024-06-22,push,,,True,2024-08-09
105980,verano_2024,2024-06-26,email,False,,False,
104535,verano_2024,2024-06-24,email,False,,False,
110503,verano_2024,2024-06-28,email,True,False,False,
107670,verano_2024,2024-06-24,email,False,,False,
107608,verano_2024,2024-06-18,email,True,False,False,
112476,verano_2024,2024-06-23,email,False,,False,
113111,verano_2024,2024-06-19,sms,,,False,
111651,verano_2024,2024-06-29,email,False,,False,
115132,verano_2024,2024-06-29,email,True,False,False,
106682,verano_2024,2024-06-23,email,False,,False,
105429,verano_2024,2024-06-19,email,False,,False,
105267,verano_2024,2024-06-24,Email,False,,False,
110950,verano_2024,2024-06-16,email,False,,False,
101785,verano_2024,2024-06-23,sms,,,False,
107117,verano_2024,2024-06-20,email,False,,False,
100495,verano_2024,2024-06-25,email,False,,False,
109424,verano_2024,2024-06-22,email,False,,False,
112938,verano_2024,2024-06-28,email,False,,True,2024-07-19
102039,verano_2024,2024-06-16,push,,,False,
104042,verano_2024,2024-06-29,email,True,True,False,
102898,verano_2024,2024-06-17,push,,,False,
108559,verano_2024,2024-06-22,push,,,False,
113552,verano_2024,2024-06-26,email,False,,False,
110877,verano_2024,2024-06-15,push,,,False,
110224,verano_2024,2024-06-26,sms,,,False,
112553,verano_2024,2024-06-19,email,False,,False,
102654,verano_2024,2024-06-29,email,False,,False,
110711,verano_2024,2024-06-27,email,False,,False,
108515,verano_2024,2024-06-29,email,True,True,True,2024-08-21
102032,verano_2024,2024-06-18,email,False,,False,
105090,verano_2024,2024-06-26,push,,,False,
100814,verano_2024,2024-06-15,push,,,False,
107236,verano_2024,2024-06-16,sms,,,False,
106281,verano_2024,2024-06-24,push,,,False,
114337,verano_2024,2024-06-16,email,True,True,False,
101080,verano_2024,2024-06-21,email,False,,False,
102227,verano_2024,2024-06-28,push,,,False,
112132,verano_2024,2024-06-21,email,False,,False,
114236,verano_2024,2024-06-23,push,,,False,
111621,verano_2024,2024-06-23,email,True,False,False,
103262,verano_2024,2024-06-23,push_notification,,,True,2024-07-21
105650,verano_2024,2024-06-17,email,False,,False,
103863,verano_2024,2024-06-15,push,,,False,
102937,verano_2024,2024-06-27,push,,,True,2024-07-10
111671,verano_2024,2024-06-21,email,False,,True,2024-08-01
107081,verano_2024,2024-06-26,push,,,True,2024-08-04
103918,verano_2024,2024-06-17,push,,,False,
112673,verano_2024,2024-06-29,push,,,True,2024-07-01
100306,verano_2024,2024-06-27,email,False,,False,
104057,verano_2024,2024-06-26,email,False,,False,
114815,verano_2024,2024-06-21,email,False,,False,
103000,verano_2024,2024-06-27,push,,,True,2024-08-24
109911,verano_2024,2024-06-28,email,True,True,False,
101232,verano_2024,2024-06-22,push,,,False,
102314,verano_2024,2024-06-18,email,True,True,True,2024-07-28
112227,verano_2024,2024-06-26,sms,,,False,
112336,verano_2024,2024-06-20,push,,,False,
113284,verano_2024,2024-06-25,email,False,,False,
104322,verano_2024,2024-06-15,push,,,False,
109031,verano_2024,2024-06-23,email,False,,True,2024-08-30
112884,verano_2024,2024-06-20,push,,,True,2024-07-12
106471,verano_2024,2024-06-15,email,False,,False,
104775,verano_2024,2024-06-26,push,,,False,
107501,verano_2024,2024-06-19,email,True,False,False,
113131,verano_2024,2024-06-28,sms,,,False,
103900,verano_2024,2024-06-18,push,,,True,2024-08-17
103568,verano_2024,2024-06-22,email,True,False,False,
105453,verano_2024,2024-06-28,email,True,True,True,2024-07-10
108023,verano_2024,2024-06-28,Email,True,False,False,
115195,verano_2024,2024-06-22,email,False,,False,
112312,verano_2024,2024-06-24,email,True,True,True,2024-07-07
104271,verano_2024,2024-06-15,email,False,,False,
108532,verano_2024,2024-06-16,email,False,,False,
104087,verano_2024,2024-06-20,push,,,True,2024-07-10
106664,verano_2024,2024-06-16,push,,,False,
110105,verano_2024,2024-06-28,sms,,,True,2024-07-09
112651,verano_2024,2024-06-26,email,False,,False,
100589,verano_2024,2024-06-24,email,False,,False,
103366,verano_2024,2024-06-15,push_notification,,,False,
102671,verano_2024,2024-06-23,email,True,False,False,
105516,verano_2024,2024-06-20,sms,,,True,2024-08-29
113398,verano_2024,2024-06-19,push,,,False,
102396,verano_2024,2024-06-29,email,False,,False,
105507,verano_2024,2024-06-29,email,True,False,False,
102171,verano_2024,2024-06-22,push,,,False,
114609,verano_2024,2024-06-15,email,False,,False,
108135,verano_2024,2024-06-22,email,False,,False,
110805,verano_2024,2024-06-27,email,False,,False,
109082,verano_2024,2024-06-18,push,,,False,
115007,verano_2024,2024-06-24,email,True,True,True,2024-08-16
109392,verano_2024,2024-06-29,email,False,,False,
113629,verano_2024,2024-06-26,email,False,,False,
105674,verano_2024,2024-06-19,email,False,,False,
102775,verano_2024,2024-06-17,email,False,,False,
107621,verano_2024,2024-06-23,email,False,,False,
106560,verano_2024,2024-06-22,email,True,False,False,
110357,verano_2024,2024-06-19,email,True,True,True,2024-07-16
108457,verano_2024,2024-06-28,push,,,False,
110019,verano_2024,2024-06-25,email,False,,False,
114585,verano_2024,2024-06-26,email,True,True,False,
105799,verano_2024,2024-06-15,email,False,,False,
105983,verano_2024,2024-06-15,email,False,,False,
105883,verano_2024,2024-06-19,sms,,,False,
109805,verano_2024,2024-06-26,email,True,False,False,
112128,verano_2024,2024-06-22,email,False,,False,
102182,verano_2024,2024-06-15,email,True,True,False,
111606,verano_2024,2024-06-27,sms,,,False,
101474,verano_2024,2024-06-15,email,True,False,False,
106104,verano_2024,2024-06-16,email,False,,False,
109083,verano_2024,2024-06-18,push,,,False,
109695,verano_2024,2024-06-15,email,True,False,False,
114769,verano_2024,2024-06-15,email,False,,False,
100422,verano_2024,2024-06-26,push,,,False,
102307,verano_2024,2024-06-22,push,,,False,
100172,verano_2024,2024-06-29,email,True,False,True,2024-07-31
103957,verano_2024,2024-06-25,sms,,,False,
105607,verano_2024,2024-06-21,email,True,False,False,
114395,verano_2024,2024-06-21,email,False,,False,
108463,verano_2024,2024-06-23,push,,,True,2024-08-17
101726,verano_2024,2024-06-21,push,,,False,
108939,verano_2024,2024-06-27,email,False,,False,
110603,verano_2024,2024-06-27,email,True,True,True,2024-08-07
109036,verano_2024,2024-06-26,email,False,,True,2024-07-23
115129,verano_2024,2024-06-15,push,,,True,2024-07-17
109435,verano_2024,2024-06-27,sms,,,False,
100905,verano_2024,2024-06-15,push,,,False,
103495,verano_2024,2024-06-29,email,False,,False,
108347,verano_2024,2024-06-15,email,False,,False,
110587,verano_2024,2024-06-24,email,False,,False,
107798,verano_2024,2024-06-28,email,True,False,False,
107397,verano_2024,2024-06-23,email,False,,False,
112999,verano_2024,2024-06-18,email,True,True,False,
102081,verano_2024,2024-06-15,email,False,,False,
107929,verano_2024,2024-06-16,push,,,False,
111631,verano_2024,2024-06-28,email,False,,False,
107934,verano_2024,2024-06-19,sms,,,True,2024-08-05
110236,verano_2024,2024-06-17,email,False,,False,
111064,verano_2024,2024-06-19,email,True,False,False,
107212,verano_2024,2024-06-26,sms,,,True,2024-08-08
104678,verano_2024,2024-06-28,sms,,,False,
105210,verano_2024,2024-06-21,push_notification,,,False,
102647,verano_2024,2024-06-22,email,False,,False,
111894,verano_2024,2024-06-27,push,,,False,
111369,verano_2024,2024-06-20,Email,True,True,False,
112230,verano_2024,2024-06-16,push,,,False,
112461,verano_2024,2024-06-29,email,False,,False,
110957,verano_2024,2024-06-28,email,False,,False,
106366,verano_2024,2024-06-27,email,False,,False,
112027,verano_2024,2024-06-23,email,True,False,True,2024-08-13
102156,verano_2024,2024-06-16,email,True,False,True,2024-08-20
111346,verano_2024,2024-06-21,push,,,False,
107371,verano_2024,2024-06-23,push,,,False,
113853,verano_2024,2024-06-25,sms,,,False,
107838,verano_2024,2024-06-28,email,False,,False,
103716,verano_2024,2024-06-20,email,False,,True,2024-07-18
108112,verano_2024,2024-06-21,email,False,,False,
112910,verano_2024,2024-06-21,email,False,,False,
103623,verano_2024,2024-06-17,email,False,,False,
104517,verano_2024,2024-06-16,Email,True,True,True,2024-08-17
107355,verano_2024,2024-06-21,email,False,,False,
108751,verano_2024,2024-06-23,push,,,True,2024-08-29
101437,verano_2024,2024-06-28,email,False,,False,
100508,verano_2024,2024-06-16,push,,,False,
105276,verano_2024,2024-06-27,email,True,False,False,
105664,verano_2024,2024-06-15,Email,False,,False,
105403,verano_2024,2024-06-21,email,True,False,False,
105931,verano_2024,2024-06-25,email,True,False,False,
108948,verano_2024,2024-06-18,email,True,True,False,
102340,verano_2024,2024-06-16,push,,,False,
110250,verano_2024,2024-06-18,email,True,False,False,
112784,verano_2024,2024-06-27,email,False,,False,
107681,verano_2024,2024-06-20,email,False,,False,
111972,verano_2024,2024-06-15,push,,,False,
111749,verano_2024,2024-06-29,push,,,False,
108694,verano_2024,2024-06-26,push,,,True,2024-08-25
100644,verano_2024,2024-06-25,email,False,,False,
109961,verano_2024,2024-06-23,email,False,,False,
101540,verano_2024,2024-06-28,push,,,False,
109122,verano_2024,2024-06-29,push,,,False,
101212,verano_2024,2024-06-17,email,False,,False,
112243,verano_2024,2024-06-24,email,False,,False,
114212,verano_2024,2024-06-22,push,,,False,
108865,verano_2024,2024-06-19,email,False,,False,
106107,verano_2024,2024-06-15,push,,,True,2024-07-10
105616,verano_2024,2024-06-24,email,True,False,False,
113698,verano_2024,2024-06-19,email,True,True,True,2024-08-30
101465,verano_2024,2024-06-25,push,,,False,
101193,verano_2024,2024-06-26,email,False,,False,
103591,verano_2024,2024-06-18,push,,,False,
110073,verano_2024,2024-06-20,push,,,False,
106361,verano_2024,2024-06-21,email,False,,False,
108698,verano_2024,2024-06-23,email,True,True,False,
112664,verano_2024,2024-06-27,email,True,False,False,
106720,verano_2024,2024-06-15,sms,,,False,
100507,verano_2024,2024-06-19,push,,,False,
111513,verano_2024,2024-06-19,email,False,,False,
112844,verano_2024,2024-06-27,push,,,True,2024-07-28
109661,verano_2024,2024-06-22,email,False,,False,
109986,verano_2024,2024-06-28,email,False,,False,
101774,verano_2024,2024-06-22,push,,,False,
100273,verano_2024,2024-06-29,sms,,,False,
114595,verano_2024,2024-06-27,email,False,,False,
103619,verano_2024,2024-06-16,email,True,False,False,
102382,verano_2024,2024-06-23,email,False,,False,
107009,verano_2024,2024-06-22,email,False,,False,
113621,verano_2024,2024-06-22,sms,,,False,
104634,verano_2024,2024-06-29,email,False,,False,
108505,verano_2024,2024-06-19,email,False,,False,
100747,verano_2024,2024-06-15,email,True,False,False,
107708,verano_2024,2024-06-17,sms,,,True,2024-07-22
103570,verano_2024,2024-06-25,email,False,,False,
108983,verano_2024,2024-06-24,sms,,,False,
112594,verano_2024,2024-06-18,push,,,False,
108558,verano_2024,2024-06-18,email,False,,False,
106449,verano_2024,2024-06-25,email,False,,True,2024-08-27
105600,verano_2024,2024-06-16,email,True,False,False,
111402,verano_2024,2024-06-21,email,True,True,True,2024-07-17
112421,verano_2024,2024-06-20,email,False,,False,
108573,verano_2024,2024-06-18,sms,,,False,
110974,verano_2024,2024-06-28,push,,,False,
101913,verano_2024,2024-06-24,push,,,True,2024-07-17
109559,verano_2024,2024-06-25,SMS,,,False,
100600,verano_2024,2024-06-25,sms,,,False,
103893,verano_2024,2024-06-19,push,,,False,
105541,verano_2024,2024-06-22,email,False,,False,
101653,verano_2024,2024-06-15,email,False,,False,
108107,verano_2024,2024-06-23,email,False,,False,
101894,verano_2024,2024-06-16,email,False,,False,
111555,verano_2024,2024-06-18,push,,,False,
106503,verano_2024,2024-06-17,push,,,False,
104363,verano_2024,2024-06-16,email,False,,False,
115209,verano_2024,2024-06-17,push,,,True,2024-08-17
100376,verano_2024,2024-06-26,email,False,,False,
101967,verano_2024,2024-06-22,email,False,,False,
103958,verano_2024,2024-06-18,email,True,True,True,2024-07-07
113679,verano_2024,2024-06-28,email,True,False,False,
105697,verano_2024,2024-06-17,sms,,,False,
101244,verano_2024,2024-06-21,email,True,False,False,
112854,verano_2024,2024-06-16,push,,,True,2024-07-23
112542,verano_2024,2024-06-15,push,,,False,
109491,verano_2024,2024-06-26,email,True,False,False,
100942,verano_2024,2024-06-25,push_notification,,,False,
110742,verano_2024,2024-06-15,email,True,False,False,
103347,verano_2024,2024-06-19,push,,,False,
102658,verano_2024,2024-06-28,push,,,False,
115219,verano_2024,2024-06-27,email,False,,False,
110156,verano_2024,2024-06-23,email,False,,False,
105327,verano_2024,2024-06-27,email,True,False,False,
110183,verano_2024,2024-06-26,push,,,False,
106579,verano_2024,2024-06-24,push,,,False,
102800,verano_2024,2024-06-22,push,,,False,
104307,verano_2024,2024-06-23,email,True,True,True,2024-08-04
111266,verano_2024,2024-06-16,push,,,True,2024-07-15
113096,verano_2024,2024-06-19,email,False,,False,
107245,verano_2024,2024-06-17,push,,,True,2024-08-15
100299,verano_2024,2024-06-20,email,False,,True,2024-07-14
109242,verano_2024,2024-06-24,email,False,,True,2024-07-22
112706,verano_2024,2024-06-20,email,False,,False,
103824,verano_2024,2024-06-20,email,False,,False,
114035,verano_2024,2024-06-22,email,True,False,False,
107978,verano_2024,2024-06-18,email,False,,False,
104040,verano_2024,2024-06-24,push,,,False,
110185,verano_2024,2024-06-17,email,True,False,False,
111998,verano_2024,2024-06-22,email,True,True,False,
101500,verano_2024,2024-06-22,email,False,,False,
103513,verano_2024,2024-06-25,email,True,False,False,
108845,verano_2024,2024-06-21,email,False,,False,
106829,verano_2024,2024-06-19,sms,,,False,
107131,verano_2024,2024-06-21,push,,,False,
111447,verano_2024,2024-06-17,email,False,,False,
109543,verano_2024,2024-06-28,email,False,,True,2024-08-30
104086,verano_2024,2024-06-18,push,,,True,2024-08-11
100243,verano_2024,2024-06-16,SMS,,,False,
113533,verano_2024,2024-06-19,push,,,False,
101645,verano_2024,2024-06-26,email,True,False,False,
107372,verano_2024,2024-06-24,email,True,False,False,
109819,verano_2024,2024-06-19,sms,,,True,2024-07-03
105595,verano_2024,2024-06-22,email,False,,False,
111673,verano_2024,2024-06-22,push_notification,,,True,2024-07-29
110664,verano_2024,2024-06-24,sms,,,False,
105232,verano_2024,2024-06-15,push,,,False,
102077,verano_2024,2024-06-21,email,False,,False,
104104,verano_2024,2024-06-17,email,False,,False,
107494,verano_2024,2024-06-17,email,True,False,False,
109044,verano_2024,2024-06-24,push,,,True,2024-08-17
105969,verano_2024,2024-06-28,push,,,False,
113011,verano_2024,2024-06-20,push,,,False,
112485,verano_2024,2024-06-26,email,True,False,False,
103967,verano_2024,2024-06-28,SMS,,,False,
110779,verano_2024,2024-06-26,push,,,True,2024-08-05
115234,verano_2024,2024-06-25,sms,,,False,
114607,verano_2024,2024-06-16,push,,,False,
106755,verano_2024,2024-06-29,email,True,False,False,
110329,verano_2024,2024-06-26,email,True,False,False,
109459,verano_2024,2024-06-15,push,,,False,
112950,verano_2024,2024-06-23,SMS,,,True,2024-07-24
104079,verano_2024,2024-06-27,push,,,False,
107755,verano_2024,2024-06-29,push,,,False,
108833,verano_2024,2024-06-23,push,,,False,
102779,verano_2024,2024-06-18,email,False,,False,
104604,verano_2024,2024-06-21,email,True,False,False,
104933,verano_2024,2024-06-27,email,False,,False,
101986,verano_2024,2024-06-29,push,,,False,
103862,verano_2024,2024-06-16,push,,,False,
107775,verano_2024,2024-06-16,sms,,,True,
100326,verano_2024,2024-06-16,email,True,True,True,2024-08-03
114612,verano_2024,2024-06-29,email,False,,False,
106395,verano_2024,2024-06-19,email,True,True,False,
104055,verano_2024,2024-06-20,sms,,,False,
102238,verano_2024,2024-06-20,email,True,False,False,
105230,verano_2024,2024-06-27,SMS,,,True,2024-08-04
104572,verano_2024,2024-06-27,push,,,True,2024-08-14
108977,verano_2024,2024-06-26,email,False,,True,2024-07-29
107455,verano_2024,2024-06-22,email,True,False,False,
101269,verano_2024,2024-06-28,email,False,,False,
100865,verano_2024,2024-06-22,email,False,,False,
104943,verano_2024,2024-06-23,email,False,,False,
102254,verano_2024,2024-06-27,email,False,,False,
106011,verano_2024,2024-06-24,push,,,True,2024-08-16
106912,verano_2024,2024-06-29,push,,,False,
111033,verano_2024,2024-06-23,email,False,,False,
106999,verano_2024,2024-06-16,email,False,,False,
100372,verano_2024,2024-06-28,sms,,,False,
111377,verano_2024,2024-06-26,email,False,,False,
107941,verano_2024,2024-06-29,sms,,,False,
100610,verano_2024,2024-06-28,email,False,,False,
104652,verano_2024,2024-06-29,sms,,,False,
113028,verano_2024,2024-06-15,email,False,,False,
108873,verano_2024,2024-06-26,push,,,False,
112140,verano_2024,2024-06-29,email,False,,False,
115021,verano_2024,2024-06-24,email,False,,False,
111702,verano_2024,2024-06-16,email,False,,False,
102365,verano_2024,2024-06-19,push,,,False,
107767,verano_2024,2024-06-20,email,False,,False,
107149,verano_2024,2024-06-22,push,,,True,2024-08-29
109104,verano_2024,2024-06-27,email,False,,False,
103790,verano_2024,2024-06-23,email,True,False,False,
111361,verano_2024,2024-06-24,email,False,,False,
105582,verano_2024,2024-06-18,email,False,,False,
112446,verano_2024,2024-06-17,email,True,True,False,
105061,verano_2024,2024-06-23,push,,,False,
101532,verano_2024,2024-06-22,email,False,,False,
113710,verano_2024,2024-06-25,email,False,,False,
108672,verano_2024,2024-06-16,email,False,,False,
100663,verano_2024,2024-06-27,email,True,False,False,
111125,verano_2024,2024-06-17,email,False,,False,
110591,verano_2024,2024-06-29,email,True,False,False,
109312,verano_2024,2024-06-22,Email,True,True,False,
102777,verano_2024,2024-06-15,email,False,,False,
104536,verano_2024,2024-06-18,push,,,True,2024-07-05
107190,verano_2024,2024-06-16,email,True,True,False,
110096,verano_2024,2024-06-25,push,,,False,
105574,verano_2024,2024-06-23,push,,,True,2024-07-14
106136,verano_2024,2024-06-20,email,False,,False,
104428,verano_2024,2024-06-24,push,,,True,2024-07-12
105248,verano_2024,2024-06-28,sms,,,False,
114103,verano_2024,2024-06-17,email,True,False,False,
103982,verano_2024,2024-06-22,push,,,True,2024-08-16
107826,verano_2024,2024-06-29,push,,,False,
102670,verano_2024,2024-06-26,email,False,,False,
103978,verano_2024,2024-06-17,email,True,False,False,
100280,verano_2024,2024-06-21,email,True,False,False,
114836,verano_2024,2024-06-26,email,False,,False,
108719,verano_2024,2024-06-17,email,False,,False,
107453,verano_2024,2024-06-15,Email,True,False,True,2024-07-06
105198,verano_2024,2024-06-16,email,False,,False,
113891,verano_2024,2024-06-19,email,True,True,False,
114508,verano_2024,2024-06-17,email,False,,False,
104156,verano_2024,2024-06-21,push,,,True,2024-07-23
111804,verano_2024,2024-06-27,email,False,,False,
104884,verano_2024,2024-06-24,email,True,False,False,
105808,verano_2024,2024-06-15,email,False,,False,
103810,verano_2024,2024-06-29,push,,,False,
108714,verano_2024,2024-06-18,email,False,,False,
109587,verano_2024,2024-06-27,push,,,True,2024-07-17
104684,verano_2024,2024-06-15,push,,,True,2024-07-26
110581,verano_2024,2024-06-22,push,,,True,2024-08-28
113105,verano_2024,2024-06-17,push,,,True,2024-07-20
105594,verano_2024,2024-06-19,sms,,,False,
111229,verano_2024,2024-06-29,push,,,True,2024-08-24
106898,verano_2024,2024-06-25,email,True,False,False,
104564,verano_2024,2024-06-21,sms,,,False,
108377,verano_2024,2024-06-15,email,False,,False,
109637,verano_2024,2024-06-15,email,False,,False,
114345,verano_2024,2024-06-18,email,False,,False,
101270,verano_2024,2024-06-27,email,False,,False,
102351,verano_2024,2024-06-26,email,False,,False,
108746,verano_2024,2024-06-28,email,False,,False,
101385,verano_2024,2024-06-23,email,False,,True,2024-08-03
109738,verano_2024,2024-06-26,email,True,False,False,
109037,verano_2024,2024-06-18,email,False,,False,
105857,verano_2024,2024-06-18,sms,,,False,
100298,verano_2024,2024-06-24,email,True,True,True,2024-07-14
108636,verano_2024,2024-06-22,email,True,False,False,
113707,verano_2024,2024-06-18,push,,,False,
104643,verano_2024,2024-06-23,email,False,,True,2024-07-31
110215,verano_2024,2024-06-23,email,True,False,False,
102078,verano_2024,2024-06-23,sms,,,True,2024-08-21
109736,verano_2024,2024-06-27,push,,,False,
112422,verano_2024,2024-06-25,email,False,,False,
102230,verano_2024,2024-06-24,email,False,,False,
102843,verano_2024,2024-06-15,email,False,,False,
102538,verano_2024,2024-06-28,Email,False,,False,
100195,verano_2024,2024-06-19,email,False,,False,
112912,verano_2024,2024-06-16,email,True,False,True,2024-08-30
107363,verano_2024,2024-06-24,email,False,,False,
106637,verano_2024,2024-06-18,email,True,True,False,
107499,verano_2024,2024-06-22,sms,,,False,
111278,verano_2024,2024-06-17,push,,,True,2024-08-06
104043,verano_2024,2024-06-18,email,True,True,False,
106554,verano_2024,2024-06-27,push,,,False,
113651,verano_2024,2024-06-19,email,False,,False,
105506,verano_2024,2024-06-18,email,True,False,True,2024-07-17
106855,verano_2024,2024-06-29,email,False,,False,
106762,verano_2024,2024-06-20,push,,,False,
105301,verano_2024,2024-06-22,push,,,False,
112015,verano_2024,2024-06-27,email,False,,False,
100321,verano_2024,2024-06-22,push,,,False,
107136,verano_2024,2024-06-24,email,True,False,False,
101372,verano_2024,2024-06-29,email,False,,False,
111958,verano_2024,2024-06-15,email,False,,False,
102655,verano_2024,2024-06-20,email,False,,False,
109100,verano_2024,2024-06-18,email,True,False,False,
110874,verano_2024,2024-06-22,email,True,True,True,2024-08-28
103399,verano_2024,2024-06-26,email,True,False,True,2024-08-22
108533,verano_2024,2024-06-24,email,False,,False,
109964,verano_2024,2024-06-19,push,,,True,2024-08-12
114658,verano_2024,2024-06-28,email,False,,False,
114640,verano_2024,2024-06-27,push,,,True,2024-07-22
113076,verano_2024,2024-06-21,sms,,,True,2024-08-25
100927,verano_2024,2024-06-16,email,False,,False,
100245,verano_2024,2024-06-18,email,False,,True,2024-08-16
107470,verano_2024,2024-06-28,sms,,,False,
108208,verano_2024,2024-06-15,email,True,False,False,
100144,verano_2024,2024-06-19,push,,,False,
105984,verano_2024,2024-06-15,push,,,True,
108152,verano_2024,2024-06-19,email,False,,False,
102364,verano_2024,2024-06-18,email,False,,False,
100130,verano_2024,2024-06-25,email,True,True,True,2024-08-05
101162,verano_2024,2024-06-19,sms,,,False,
110796,verano_2024,2024-06-22,push,,,True,2024-08-10
115244,verano_2024,2024-06-25,email,False,,False,
105954,verano_2024,2024-06-15,email,False,,False,
100288,verano_2024,2024-06-19,push,,,False,
114653,verano_2024,2024-06-21,email,True,False,False,
105309,verano_2024,2024-06-20,email,False,,False,
113674,verano_2024,2024-06-18,email,True,False,False,
108682,verano_2024,2024-06-27,email,False,,False,
101171,verano_2024,2024-06-19,sms,,,False,
113539,verano_2024,2024-06-21,email,False,,False,
109542,verano_2024,2024-06-22,email,False,,False,
106793,verano_2024,2024-06-19,email,True,False,False,
111400,verano_2024,2024-06-21,email,True,False,False,
101860,verano_2024,2024-06-23,push,,,True,2024-07-20
113140,verano_2024,2024-06-23,push,,,False,
110290,verano_2024,2024-06-29,sms,,,False,
106782,verano_2024,2024-06-19,email,False,,False,
109858,verano_2024,2024-06-26,push,,,True,2024-08-18
112079,verano_2024,2024-06-25,email,False,,False,
103122,verano_2024,2024-06-18,push,,,False,
108580,verano_2024,2024-06-26,email,True,False,False,
101312,verano_2024,2024-06-24,email,True,False,False,
101033,verano_2024,2024-06-18,email,False,,False,
108340,verano_2024,2024-06-15,email,False,,False,
110395,verano_2024,2024-06-19,email,True,False,False,
106383,verano_2024,2024-06-16,push,,,True,2024-07-06
107911,verano_2024,2024-06-28,email,False,,False,
100932,verano_2024,2024-06-26,email,True,False,False,
100692,verano_2024,2024-06-18,email,True,False,False,
110288,verano_2024,2024-06-20,Email,True,False,False,
106365,verano_2024,2024-06-17,email,True,False,False,
101910,verano_2024,2024-06-25,push_notification,,,True,2024-08-13
109022,verano_2024,2024-06-21,email,True,True,False,
113889,verano_2024,2024-06-15,email,True,False,False,
114714,verano_2024,2024-06-24,email,False,,False,
100045,verano_2024,2024-06-19,push,,,False,
103940,verano_2024,2024-06-29,push,,,False,
108478,verano_2024,2024-06-26,push,,,False,
107109,verano_2024,2024-06-18,email,False,,False,
109593,verano_2024,2024-06-19,email,True,True,False,
104320,verano_2024,2024-06-27,push,,,False,
102966,verano_2024,2024-06-26,email,False,,False,
103970,verano_2024,2024-06-19,email,True,True,True,2024-08-23
109380,verano_2024,2024-06-21,email,True,False,False,
114272,verano_2024,2024-06-23,email,False,,False,
113407,verano_2024,2024-06-16,Email,False,,False,
107479,verano_2024,2024-06-17,push,,,False,
106309,verano_2024,2024-06-24,sms,,,True,2024-07-09
104160,verano_2024,2024-06-21,email,False,,False,
103093,verano_2024,2024-06-17,sms,,,False,
113315,verano_2024,2024-06-20,Email,False,,False,
107955,verano_2024,2024-06-23,email,True,True,False,
105556,verano_2024,2024-06-29,email,True,True,False,
103983,verano_2024,2024-06-26,sms,,,False,
110310,verano_2024,2024-06-25,push,,,True,2024-08-05
106941,verano_2024,2024-06-24,sms,,,True,2024-08-21
101405,verano_2024,2024-06-27,push,,,False,
103196,verano_2024,2024-06-27,push,,,False,
109808,verano_2024,2024-06-28,push,,,False,
110657,verano_2024,2024-06-20,email,True,False,False,
110122,verano_2024,2024-06-20,email,True,False,False,
100970,verano_2024,2024-06-18,email,False,,False,
112633,verano_2024,2024-06-25,email,True,False,False,
106544,verano_2024,2024-06-22,push,,,False,
109118,verano_2024,2024-06-16,email,False,,False,
102844,verano_2024,2024-06-17,email,False,,False,
102852,verano_2024,2024-06-16,email,True,True,True,2024-07-17
112825,verano_2024,2024-06-23,email,False,,False,
113256,verano_2024,2024-06-22,email,True,False,False,
105957,verano_2024,2024-06-18,push,,,False,
111021,verano_2024,2024-06-26,email,True,True,False,
112418,verano_2024,2024-06-19,email,True,False,False,
104472,verano_2024,2024-06-22,sms,,,True,2024-07-21
110139,verano_2024,2024-06-24,email,True,False,False,
112497,verano_2024,2024-06-26,push,,,True,2024-08-15
101790,verano_2024,2024-06-26,email,False,,False,
102060,verano_2024,2024-06-18,email,False,,False,
107144,verano_2024,2024-06-23,email,False,,False,
110057,verano_2024,2024-06-20,push,,,False,
101903,verano_2024,2024-06-27,email,False,,False,
104687,verano_2024,2024-06-17,push,,,True,
110529,verano_2024,2024-06-25,email,True,False,False,
108091,verano_2024,2024-06-18,email,False,,False,
104923,verano_2024,2024-06-20,push,,,False,
106786,verano_2024,2024-06-29,Email,False,,True,2024-07-09
113854,verano_2024,2024-06-19,email,True,False,False,
109549,verano_2024,2024-06-22,email,False,,False,
100076,verano_2024,2024-06-17,email,True,False,False,
102346,verano_2024,2024-06-18,email,False,,False,
106448,verano_2024,2024-06-20,push,,,True,2024-08-30
108431,verano_2024,2024-06-20,push,,,False,
108623,verano_2024,2024-06-24,email,True,False,False,
104587,verano_2024,2024-06-27,push,,,False,
114984,verano_2024,2024-06-15,email,False,,False,
110030,verano_2024,2024-06-26,email,True,False,False,
109698,verano_2024,2024-06-18,push,,,True,2024-07-09
112692,verano_2024,2024-06-19,sms,,,True,2024-08-20
101554,verano_2024,2024-06-20,push,,,False,
105875,verano_2024,2024-06-17,sms,,,False,
108433,verano_2024,2024-06-23,sms,,,False,
108976,verano_2024,2024-06-20,email,False,,False,
114019,verano_2024,2024-06-19,email,True,False,False,
115183,verano_2024,2024-06-29,sms,,,False,
109170,verano_2024,2024-06-19,email,True,True,False,
114452,verano_2024,2024-06-15,push,,,True,2024-07-03
105696,verano_2024,2024-06-21,push,,,False,
102942,verano_2024,2024-06-17,email,False,,False,
110356,verano_2024,2024-06-15,email,False,,False,
110393,verano_2024,2024-06-22,email,True,True,False,
112544,verano_2024,2024-06-24,email,True,False,False,
101621,verano_2024,2024-06-23,email,True,False,False,
107906,verano_2024,2024-06-16,email,True,False,False,
110960,verano_2024,2024-06-23,push,,,False,
109550,verano_2024,2024-06-16,push,,,True,2024-08-25
112625,verano_2024,2024-06-21,email,False,,False,
106783,verano_2024,2024-06-23,email,True,True,False,
112724,verano_2024,2024-06-18,email,True,False,False,
113678,verano_2024,2024-06-20,email,True,False,False,
110416,verano_2024,2024-06-24,push,,,True,2024-08-21
101610,verano_2024,2024-06-27,email,False,,False,
103097,verano_2024,2024-06-21,email,False,,False,
102416,verano_2024,2024-06-22,push,,,False,
110904,verano_2024,2024-06-25,sms,,,False,
102018,verano_2024,2024-06-22,email,False,,False,
102972,verano_2024,2024-06-15,email,False,,False,
103247,verano_2024,2024-06-17,email,False,,False,
100125,verano_2024,2024-06-25,Email,True,False,False,
101107,verano_2024,2024-06-22,push_notification,,,False,
101815,verano_2024,2024-06-15,email,True,True,False,
112139,verano_2024,2024-06-15,email,True,False,False,
114266,verano_2024,2024-06-19,email,False,,False,
108791,verano_2024,2024-06-18,push,,,False,
102124,verano_2024,2024-06-24,push,,,False,
106304,verano_2024,2024-06-18,email,False,,False,
110886,verano_2024,2024-06-29,email,True,False,False,
111134,verano_2024,2024-06-21,email,False,,True,2024-08-29
108971,verano_2024,2024-06-15,email,True,False,False,
115047,verano_2024,2024-06-20,email,False,,False,
102198,verano_2024,2024-06-22,push,,,False,
104052,verano_2024,2024-06-21,email,False,,False,
101217,verano_2024,2024-06-22,push,,,False,
107702,verano_2024,2024-06-17,email,False,,False,
100726,verano_2024,2024-06-20,email,True,False,False,
109171,verano_2024,2024-06-28,email,True,True,True,2024-08-28
100809,verano_2024,2024-06-23,sms,,,False,
111660,verano_2024,2024-06-15,sms,,,True,2024-08-27
110836,verano_2024,2024-06-21,email,True,False,False,
104907,verano_2024,2024-06-20,email,False,,False,
110989,verano_2024,2024-06-15,push,,,False,
115208,verano_2024,2024-06-27,push_notification,,,False,
103963,verano_2024,2024-06-16,sms,,,False,
112055,verano_2024,2024-06-19,email,False,,False,
102672,verano_2024,2024-06-17,email,False,,False,
109899,verano_2024,2024-06-18,email,False,,False,
109428,verano_2024,2024-06-21,email,False,,False,
109418,verano_2024,2024-06-19,email,False,,False,
101765,verano_2024,2024-06-27,email,False,,False,
111130,verano_2024,2024-06-28,push,,,False,
100608,verano_2024,2024-06-26,email,False,,False,
109800,verano_2024,2024-06-16,email,False,,False,
110085,verano_2024,2024-06-29,email,False,,False,
103218,verano_2024,2024-06-17,email,True,False,False,
105738,verano_2024,2024-06-26,email,True,True,True,2024-07-03
108480,verano_2024,2024-06-21,email,False,,False,
102054,verano_2024,2024-06-15,email,False,,False,
103165,verano_2024,2024-06-19,email,True,False,False,
110910,verano_2024,2024-06-26,email,False,,False,
111920,verano_2024,2024-06-15,push,,,True,2024-08-15
113852,verano_2024,2024-06-27,email,False,,False,
101658,verano_2024,2024-06-23,push,,,False,
108070,verano_2024,2024-06-27,push,,,False,
108645,verano_2024,2024-06-17,sms,,,True,2024-08-20
102711,verano_2024,2024-06-22,email,True,False,False,
114273,verano_2024,2024-06-16,email,False,,True,2024-08-19
107550,verano_2024,2024-06-19,push,,,False,
104267,verano_2024,2024-06-17,email,False,,False,
106716,verano_2024,2024-06-28,push,,,False,
100423,verano_2024,2024-06-19,Email,False,,False,
105317,verano_2024,2024-06-16,push,,,True,2024-08-26
108850,verano_2024,2024-06-27,email,False,,False,
109674,verano_2024,2024-06-21,email,False,,False,
102846,verano_2024,2024-06-20,email,True,False,False,
104067,verano_2024,2024-06-17,email,True,False,False,
113720,verano_2024,2024-06-20,push,,,False,
105245,verano_2024,2024-06-18,push,,,True,2024-08-20
101002,verano_2024,2024-06-19,push,,,False,
104199,verano_2024,2024-06-19,sms,,,True,2024-08-23
102419,verano_2024,2024-06-23,email,True,False,False,
112159,verano_2024,2024-06-15,push,,,False,
103576,verano_2024,2024-06-27,email,True,False,False,
106727,verano_2024,2024-06-29,push,,,True,2024-07-01
103848,verano_2024,2024-06-25,email,True,True,False,
100962,verano_2024,2024-06-29,push,,,False,
109993,verano_2024,2024-06-21,Email,True,False,False,
110837,verano_2024,2024-06-24,sms,,,True,2024-07-30
100955,verano_2024,2024-06-28,email,False,,False,
100758,verano_2024,2024-06-25,email,True,True,False,
105314,verano_2024,2024-06-28,email,True,False,False,
102285,verano_2024,2024-06-22,push,,,False,
113078,verano_2024,2024-06-15,push,,,False,
111504,verano_2024,2024-06-24,email,False,,False,
104828,verano_2024,2024-06-25,email,False,,False,
113791,verano_2024,2024-06-23,email,False,,True,2024-08-27
103908,verano_2024,2024-06-15,push,,,True,2024-08-17
107024,verano_2024,2024-06-25,Email,True,False,False,
101957,verano_2024,2024-06-28,push,,,False,
109344,verano_2024,2024-06-26,email,False,,False,
110651,verano_2024,2024-06-22,email,False,,True,2024-07-19
113782,verano_2024,2024-06-26,push,,,False,
102403,verano_2024,2024-06-22,email,False,,False,
101074,verano_2024,2024-06-27,push,,,True,2024-07-01
106525,verano_2024,2024-06-19,email,False,,False,
113248,verano_2024,2024-06-21,email,True,False,False,
108096,verano_2024,2024-06-24,email,False,,False,
111598,verano_2024,2024-06-19,email,True,False,False,
113582,verano_2024,2024-06-27,email,False,,False,
111636,verano_2024,2024-06-29,Email,False,,False,
112428,verano_2024,2024-06-21,sms,,,False,
101004,verano_2024,2024-06-18,sms,,,False,
107659,verano_2024,2024-06-22,email,False,,False,
114174,verano_2024,2024-06-25,email,False,,False,
107567,verano_2024,2024-06-17,email,True,False,False,
109678,verano_2024,2024-06-25,push,,,True,2024-07-01
114381,verano_2024,2024-06-23,email,True,False,False,
105369,verano_2024,2024-06-22,email,True,False,True,2024-07-06
112570,verano_2024,2024-06-15,push,,,False,
109604,verano_2024,2024-06-25,email,False,,False,
106290,verano_2024,2024-06-27,email,False,,False,
111337,verano_2024,2024-06-22,push,,,False,
114064,verano_2024,2024-06-19,email,False,,False,
115156,verano_2024,2024-06-28,email,False,,False,
100986,verano_2024,2024-06-23,sms,,,True,2024-08-10
111506,verano_2024,2024-06-24,push,,,True,2024-07-25
111913,verano_2024,2024-06-26,sms,,,False,
107385,verano_2024,2024-06-18,email,False,,False,
110831,verano_2024,2024-06-20,email,True,False,False,
114225,verano_2024,2024-06-17,email,False,,False,
114347,verano_2024,2024-06-28,push,,,True,2024-08-05
115199,verano_2024,2024-06-22,push,,,True,2024-07-11
109461,verano_2024,2024-06-18,Email,False,,False,
102463,verano_2024,2024-06-20,Email,False,,False,
100269,verano_2024,2024-06-16,email,True,False,False,
107963,verano_2024,2024-06-16,email,False,,True,2024-07-05
103581,verano_2024,2024-06-22,email,True,True,True,2024-08-13
100072,verano_2024,2024-06-18,sms,,,False,
113625,verano_2024,2024-06-20,email,True,True,False,
112649,verano_2024,2024-06-16,sms,,,True,2024-07-04
111986,verano_2024,2024-06-28,email,True,True,False,
102822,verano_2024,2024-06-21,email,False,,False,
113975,verano_2024,2024-06-28,push,,,True,2024-07-19
100590,verano_2024,2024-06-18,email,False,,False,
113795,verano_2024,2024-06-21,sms,,,False,
111479,verano_2024,2024-06-17,sms,,,True,2024-07-20
112084,verano_2024,2024-06-18,email,False,,False,
103759,verano_2024,2024-06-24,push,,,False,
106846,verano_2024,2024-06-25,email,False,,True,2024-08-13
102029,verano_2024,2024-06-26,email,False,,False,
108870,verano_2024,2024-06-26,email,True,True,False,
110687,verano_2024,2024-06-21,email,False,,False,
114494,verano_2024,2024-06-19,email,True,False,False,
105455,verano_2024,2024-06-26,sms,,,False,
110286,verano_2024,2024-06-15,email,True,False,False,
112120,verano_2024,2024-06-20,email,False,,False,
114493,verano_2024,2024-06-18,push_notification,,,False,
112390,verano_2024,2024-06-18,email,False,,False,
102433,verano_2024,2024-06-16,email,True,False,False,
104648,verano_2024,2024-06-25,email,False,,False,
108470,verano_2024,2024-06-28,push,,,False,
110424,verano_2024,2024-06-23,email,False,,False,
100897,verano_2024,2024-06-22,email,False,,True,2024-07-18
112814,verano_2024,2024-06-21,email,True,False,False,
101588,verano_2024,2024-06-25,Email,True,False,False,
106687,verano_2024,2024-06-27,email,False,,False,
101720,verano_2024,2024-06-20,email,False,,False,
106101,verano_2024,2024-06-16,sms,,,False,
103807,verano_2024,2024-06-17,email,True,True,True,2024-07-22
108807,verano_2024,2024-06-23,email,True,False,False,
111945,verano_2024,2024-06-29,email,True,False,False,
103962,verano_2024,2024-06-26,push,,,False,
110394,verano_2024,2024-06-20,email,True,False,False,
107037,verano_2024,2024-06-17,push,,,False,
113180,verano_2024,2024-06-18,email,False,,False,
100891,verano_2024,2024-06-15,email,False,,False,
114036,verano_2024,2024-06-15,email,False,,False,
104007,verano_2024,2024-06-29,push,,,True,2024-07-25
104940,verano_2024,2024-06-26,email,False,,True,2024-08-24
114817,verano_2024,2024-06-23,push,,,False,
111777,verano_2024,2024-06-24,email,False,,True,2024-07-30
105899,verano_2024,2024-06-19,email,False,,False,
111712,verano_2024,2024-06-27,email,False,,False,
112424,verano_2024,2024-06-22,email,True,True,False,
111745,verano_2024,2024-06-29,sms,,,True,2024-08-21
100585,verano_2024,2024-06-27,email,False,,False,
103933,verano_2024,2024-06-15,push,,,False,
101261,verano_2024,2024-06-17,push,,,False,
110856,verano_2024,2024-06-24,email,False,,False,
100311,verano_2024,2024-06-21,email,True,False,False,
101717,verano_2024,2024-06-17,email,False,,False,
106010,verano_2024,2024-06-21,push,,,False,
102053,verano_2024,2024-06-26,email,True,True,True,2024-08-20
110808,verano_2024,2024-06-27,push,,,False,
104669,verano_2024,2024-06-17,email,True,True,False,
104299,verano_2024,2024-06-27,sms,,,False,
106647,verano_2024,2024-06-29,email,False,,False,
103784,verano_2024,2024-06-27,email,False,,False,
101009,verano_2024,2024-06-22,push,,,True,2024-07-31
107348,verano_2024,2024-06-16,SMS,,,True,2024-08-13
113445,verano_2024,2024-06-15,push,,,False,
114890,verano_2024,2024-06-16,email,False,,False,
108384,verano_2024,2024-06-19,email,True,False,False,
110500,verano_2024,2024-06-28,email,True,True,True,2024-07-29
104060,verano_2024,2024-06-26,push,,,True,2024-07-10
108722,verano_2024,2024-06-24,email,True,False,False,
100091,verano_2024,2024-06-26,email,True,True,True,2024-07-08
101988,verano_2024,2024-06-16,push,,,False,
112746,verano_2024,2024-06-29,email,False,,False,
112217,verano_2024,2024-06-28,email,False,,False,
112166,verano_2024,2024-06-18,push,,,False,
107280,verano_2024,2024-06-21,email,False,,False,
112499,verano_2024,2024-06-28,sms,,,False,
111274,verano_2024,2024-06-21,Email,True,False,False,
113519,verano_2024,2024-06-23,email,True,True,False,
114777,verano_2024,2024-06-22,push,,,False,
109518,verano_2024,2024-06-22,email,False,,False,
113517,verano_2024,2024-06-17,email,True,False,False,
113402,verano_2024,2024-06-21,email,False,,False,
102926,verano_2024,2024-06-18,email,False,,False,
110363,verano_2024,2024-06-17,email,False,,True,2024-08-22
108186,verano_2024,2024-06-19,push,,,False,
105885,verano_2024,2024-06-29,email,False,,False,
102342,verano_2024,2024-06-19,push,,,False,
111793,verano_2024,2024-06-21,email,False,,False,
114302,verano_2024,2024-06-21,push,,,False,
100628,verano_2024,2024-06-23,email,False,,False,
110448,verano_2024,2024-06-25,push,,,False,
107546,verano_2024,2024-06-29,push,,,True,2024-07-21
110114,verano_2024,2024-06-23,push,,,False,
104766,verano_2024,2024-06-27,email,False,,False,
112682,verano_2024,2024-06-25,push,,,True,2024-08-18
114952,verano_2024,2024-06-15,email,False,,False,
113147,verano_2024,2024-06-28,sms,,,True,2024-07-15
100129,verano_2024,2024-06-20,Email,True,False,False,
112430,verano_2024,2024-06-21,push,,,False,
114770,verano_2024,2024-06-27,email,False,,False,
104183,verano_2024,2024-06-22,email,False,,False,
107300,verano_2024,2024-06-20,email,True,True,False,
106996,verano_2024,2024-06-29,push,,,False,
102399,verano_2024,2024-06-17,email,False,,False,
113948,verano_2024,2024-06-28,email,True,True,False,
101187,verano_2024,2024-06-22,sms,,,False,
110915,verano_2024,2024-06-17,push,,,False,
115124,verano_2024,2024-06-18,push,,,False,
105315,verano_2024,2024-06-18,push,,,False,
109221,verano_2024,2024-06-28,email,False,,False,
104248,verano_2024,2024-06-28,push,,,False,
114872,verano_2024,2024-06-15,email,False,,False,
109108,verano_2024,2024-06-18,sms,,,False,
109498,verano_2024,2024-06-23,sms,,,False,
101097,verano_2024,2024-06-27,Email,False,,True,2024-07-16
106654,verano_2024,2024-06-28,email,True,False,False,
101274,verano_2024,2024-06-24,push,,,False,
105699,verano_2024,2024-06-22,email,False,,False,
110384,verano_2024,2024-06-26,email,False,,False,
108729,verano_2024,2024-06-25,email,False,,False,
106798,verano_2024,2024-06-17,sms,,,False,
109591,verano_2024,2024-06-15,email,True,True,True,2024-07-23
106616,verano_2024,2024-06-21,push,,,True,2024-07-28
103359,verano_2024,2024-06-27,push,,,False,
107756,verano_2024,2024-06-27,email,True,False,True,2024-08-03
100184,verano_2024,2024-06-27,email,False,,True,2024-07-14
112302,verano_2024,2024-06-26,push_notification,,,True,2024-08-12
111756,verano_2024,2024-06-17,sms,,,True,2024-07-19
106514,verano_2024,2024-06-24,sms,,,False,
104568,verano_2024,2024-06-18,email,False,,False,
106604,verano_2024,2024-06-21,push,,,False,
112917,verano_2024,2024-06-17,email,True,False,False,
101962,verano_2024,2024-06-26,sms,,,False,
104993,verano_2024,2024-06-16,email,False,,False,
104892,verano_2024,2024-06-24,sms,,,True,2024-08-14
108040,verano_2024,2024-06-17,sms,,,False,
105870,verano_2024,2024-06-28,sms,,,False,
109571,verano_2024,2024-06-23,email,False,,False,
114765,verano_2024,2024-06-29,push,,,True,2024-07-26
106227,verano_2024,2024-06-18,email,False,,False,
111706,verano_2024,2024-06-18,email,True,False,False,
111022,verano_2024,2024-06-26,email,False,,False,
101252,verano_2024,2024-06-19,push,,,False,
103177,verano_2024,2024-06-24,push,,,False,
103360,verano_2024,2024-06-17,push,,,False,
113392,verano_2024,2024-06-25,push,,,True,2024-08-13
109996,verano_2024,2024-06-15,email,True,False,False,
112886,verano_2024,2024-06-17,email,False,,False,
114011,verano_2024,2024-06-23,sms,,,True,2024-07-28
107412,verano_2024,2024-06-20,email,False,,False,
107539,verano_2024,2024-06-29,email,False,,False,
110595,verano_2024,2024-06-23,sms,,,True,2024-07-25
101052,verano_2024,2024-06-17,email,False,,False,
109222,verano_2024,2024-06-23,email,False,,False,
108465,verano_2024,2024-06-16,push,,,False,
104764,verano_2024,2024-06-21,email,False,,False,
101875,verano_2024,2024-06-23,email,False,,False,
109279,verano_2024,2024-06-23,Email,True,False,False,
110726,verano_2024,2024-06-17,push,,,False,
107283,verano_2024,2024-06-17,push,,,False,
109009,verano_2024,2024-06-18,email,True,False,False,
111854,verano_2024,2024-06-17,sms,,,True,2024-07-04
104323,verano_2024,2024-06-25,email,True,False,False,
109449,verano_2024,2024-06-17,email,True,False,False,
105832,verano_2024,2024-06-18,email,True,False,False,
112631,verano_2024,2024-06-22,email,False,,False,
110482,verano_2024,2024-06-28,email,False,,False,
111842,verano_2024,2024-06-19,email,False,,False,
113652,verano_2024,2024-06-19,sms,,,True,2024-07-23
112108,verano_2024,2024-06-16,email,True,False,False,
104486,verano_2024,2024-06-18,email,False,,False,
111588,verano_2024,2024-06-20,Email,False,,False,
108616,verano_2024,2024-06-22,email,True,False,False,
103925,verano_2024,2024-06-25,email,False,,False,
114757,verano_2024,2024-06-22,push,,,False,
109934,verano_2024,2024-06-25,email,True,False,True,2024-08-17
111490,verano_2024,2024-06-22,push,,,False,
107851,verano_2024,2024-06-24,email,False,,False,
112577,verano_2024,2024-06-22,email,True,False,False,
103114,verano_2024,2024-06-22,push,,,False,
103304,verano_2024,2024-06-16,sms,,,False,
109537,verano_2024,2024-06-27,email,True,False,False,
101691,verano_2024,2024-06-26,email,True,False,False,
110298,verano_2024,2024-06-25,email,True,False,False,
105049,verano_2024,2024-06-25,push,,,True,2024-08-22
110481,verano_2024,2024-06-22,email,True,False,False,
103309,verano_2024,2024-06-25,email,False,,False,
101505,verano_2024,2024-06-23,email,False,,False,
101807,verano_2024,2024-06-18,push,,,False,
103872,verano_2024,2024-06-17,email,True,False,False,
110348,verano_2024,2024-06-28,push,,,False,
103792,verano_2024,2024-06-28,push,,,True,2024-08-10
114827,verano_2024,2024-06-24,push,,,True,2024-07-13
112039,verano_2024,2024-06-19,email,False,,False,
110833,verano_2024,2024-06-23,email,True,False,False,
101718,verano_2024,2024-06-21,email,False,,True,2024-07-10
102697,verano_2024,2024-06-24,Email,False,,False,
101849,verano_2024,2024-06-19,email,True,False,False,
104513,verano_2024,2024-06-16,email,False,,False,
113134,verano_2024,2024-06-28,email,False,,False,
106623,verano_2024,2024-06-16,email,False,,False,
110537,verano_2024,2024-06-18,email,False,,False,
100143,verano_2024,2024-06-24,Email,False,,False,
112598,verano_2024,2024-06-29,push,,,False,
106993,verano_2024,2024-06-19,email,False,,False,
110496,verano_2024,2024-06-27,email,True,False,False,
115076,verano_2024,2024-06-27,email,False,,False,
101118,verano_2024,2024-06-23,email,False,,False,
101757,verano_2024,2024-06-27,push,,,False,
100498,verano_2024,2024-06-22,email,False,,False,
106752,verano_2024,2024-06-29,push,,,False,
100871,verano_2024,2024-06-17,email,True,False,False,
103358,verano_2024,2024-06-25,email,False,,False,
109105,verano_2024,2024-06-24,sms,,,False,
107679,verano_2024,2024-06-24,email,True,False,False,
100722,verano_2024,2024-06-20,email,False,,False,
100887,verano_2024,2024-06-18,sms,,,False,
114948,verano_2024,2024-06-25,push,,,False,
111413,verano_2024,2024-06-29,email,True,False,False,
112935,verano_2024,2024-06-19,sms,,,True,2024-08-11
108348,verano_2024,2024-06-15,sms,,,True,2024-08-07
109713,verano_2024,2024-06-17,push,,,True,2024-08-25
108103,verano_2024,2024-06-20,email,True,False,False,
112830,verano_2024,2024-06-17,push,,,False,
100315,verano_2024,2024-06-15,push,,,True,2024-07-07
113934,verano_2024,2024-06-26,push,,,True,2024-07-15
111625,verano_2024,2024-06-28,sms,,,False,
104205,verano_2024,2024-06-18,email,False,,False,
105851,verano_2024,2024-06-29,email,True,False,True,
106130,verano_2024,2024-06-18,email,True,True,False,
105448,verano_2024,2024-06-28,push,,,False,
103130,verano_2024,2024-06-26,sms,,,False,
101997,verano_2024,2024-06-27,email,False,,False,
111546,verano_2024,2024-06-27,email,False,,False,
103969,verano_2024,2024-06-16,sms,,,False,
112297,verano_2024,2024-06-25,email,False,,False,
100337,verano_2024,2024-06-27,email,False,,False,
112298,verano_2024,2024-06-17,email,False,,False,
113041,verano_2024,2024-06-21,email,False,,False,
110782,verano_2024,2024-06-25,email,False,,False,
102986,verano_2024,2024-06-28,email,False,,False,
104621,verano_2024,2024-06-26,email,True,False,False,
106532,verano_2024,2024-06-23,email,False,,True,2024-08-06
110237,verano_2024,2024-06-15,email,False,,False,
103559,verano_2024,2024-06-22,email,False,,False,
114197,verano_2024,2024-06-16,email,True,False,False,
103417,verano_2024,2024-06-27,push,,,False,
100308,verano_2024,2024-06-18,email,False,,False,
106620,verano_2024,2024-06-15,email,False,,False,
112085,verano_2024,2024-06-28,email,False,,False,
100349,verano_2024,2024-06-23,push,,,True,2024-08-04
105919,verano_2024,2024-06-22,push,,,True,2024-08-30
107244,verano_2024,2024-06-16,email,False,,False,
114799,verano_2024,2024-06-18,push,,,False,
104483,verano_2024,2024-06-21,email,False,,False,
112371,verano_2024,2024-06-25,email,False,,False,
109422,verano_2024,2024-06-28,email,True,False,False,
108264,verano_2024,2024-06-26,email,False,,False,
112296,verano_2024,2024-06-16,email,True,False,False,
106856,verano_2024,2024-06-25,email,True,False,False,
112668,verano_2024,2024-06-15,email,True,True,False,
111137,verano_2024,2024-06-28,push_notification,,,False,
112688,verano_2024,2024-06-15,push,,,True,2024-07-12
110453,verano_2024,2024-06-23,email,False,,False,
101667,verano_2024,2024-06-26,email,True,False,False,
107580,verano_2024,2024-06-22,push,,,False,
105571,verano_2024,2024-06-17,push,,,False,
114911,verano_2024,2024-06-23,Email,True,False,False,
100053,verano_2024,2024-06-16,push,,,False,
110346,verano_2024,2024-06-16,sms,,,False,
106264,verano_2024,2024-06-15,push,,,False,
101446,verano_2024,2024-06-19,email,False,,False,
113542,verano_2024,2024-06-21,push,,,True,2024-07-31
113568,verano_2024,2024-06-19,email,True,False,False,
101696,verano_2024,2024-06-27,email,False,,False,
101575,verano_2024,2024-06-25,email,True,False,False,
111533,verano_2024,2024-06-16,email,True,False,False,
104406,verano_2024,2024-06-29,email,True,False,False,
101631,verano_2024,2024-06-21,push,,,False,
113094,verano_2024,2024-06-20,push,,,False,
101882,verano_2024,2024-06-27,push,,,True,2024-07-12
105075,verano_2024,2024-06-15,push,,,True,2024-08-11
105510,verano_2024,2024-06-29,push,,,True,2024-08-28
113751,verano_2024,2024-06-21,push,,,False,
110538,verano_2024,2024-06-15,email,True,False,False,
109041,verano_2024,2024-06-26,email,True,False,False,
111060,verano_2024,2024-06-20,email,False,,False,
112502,verano_2024,2024-06-20,push,,,True,2024-07-22
100187,verano_2024,2024-06-26,email,False,,False,
110023,verano_2024,2024-06-28,email,False,,False,
105559,verano_2024,2024-06-24,push,,,False,
107186,verano_2024,2024-06-22,email,False,,True,2024-08-21
114404,verano_2024,2024-06-16,email,True,False,True,2024-08-18
114397,verano_2024,2024-06-28,push,,,False,
106588,verano_2024,2024-06-19,email,True,False,False,
101235,verano_2024,2024-06-27,email,True,False,False,
110880,verano_2024,2024-06-24,push,,,True,2024-07-28
103916,verano_2024,2024-06-18,email,False,,False,
100447,verano_2024,2024-06-20,email,False,,False,
100845,verano_2024,2024-06-23,push,,,False,
105202,verano_2024,2024-06-28,email,True,False,False,
113701,verano_2024,2024-06-27,email,False,,False,
112000,verano_2024,2024-06-20,email,False,,False,
102441,verano_2024,2024-06-23,push,,,True,2024-08-27
103104,verano_2024,2024-06-26,sms,,,False,
107693,verano_2024,2024-06-22,push,,,False,
109719,verano_2024,2024-06-15,email,False,,False,
106975,verano_2024,2024-06-27,email,True,False,False,
106095,verano_2024,2024-06-21,email,False,,False,
109487,verano_2024,2024-06-22,email,False,,False,
102154,verano_2024,2024-06-18,email,False,,False,
105519,verano_2024,2024-06-17,email,True,False,False,
112472,verano_2024,2024-06-23,sms,,,True,2024-08-07
105068,verano_2024,2024-06-18,email,False,,False,
113144,verano_2024,2024-06-26,email,False,,False,
111992,verano_2024,2024-06-24,email,False,,False,
112971,verano_2024,2024-06-18,email,False,,False,
100777,verano_2024,2024-06-17,push,,,True,2024-08-21
108418,verano_2024,2024-06-20,push,,,False,
114477,verano_2024,2024-06-17,email,False,,False,
106325,verano_2024,2024-06-29,email,False,,False,
104921,verano_2024,2024-06-18,email,True,True,False,
113555,verano_2024,2024-06-27,email,True,False,False,
109183,verano_2024,2024-06-28,email,False,,False,
114786,verano_2024,2024-06-29,email,False,,True,2024-07-04
110979,verano_2024,2024-06-16,email,True,False,False,
103137,verano_2024,2024-06-20,email,True,True,False,
113114,verano_2024,2024-06-26,email,False,,False,
105463,verano_2024,2024-06-23,email,True,False,False,
103184,verano_2024,2024-06-24,push,,,False,
112930,verano_2024,2024-06-25,email,True,False,False,
107523,verano_2024,2024-06-25,email,False,,False,
112357,verano_2024,2024-06-19,email,True,False,False,
103200,verano_2024,2024-06-27,email,False,,False,
111782,verano_2024,2024-06-21,push,,,True,2024-07-05
101290,verano_2024,2024-06-16,email,False,,False,
114818,verano_2024,2024-06-15,email,True,True,True,2024-08-02
114862,verano_2024,2024-06-26,email,False,,False,
111579,verano_2024,2024-06-23,push,,,False,
107543,verano_2024,2024-06-17,email,True,False,False,
101880,verano_2024,2024-06-26,email,True,False,False,
113228,verano_2024,2024-06-26,email,False,,False,
110386,verano_2024,2024-06-21,email,False,,False,
105458,verano_2024,2024-06-22,email,False,,False,
102149,verano_2024,2024-06-25,email,False,,False,
104132,verano_2024,2024-06-19,email,True,True,False,
101037,verano_2024,2024-06-15,email,True,False,False,
114838,verano_2024,2024-06-16,push,,,False,
104135,verano_2024,2024-06-22,email,True,False,False,
100650,verano_2024,2024-06-28,push,,,True,2024-08-30
109276,verano_2024,2024-06-28,push,,,False,
106712,verano_2024,2024-06-29,email,False,,False,
100862,verano_2024,2024-06-20,push,,,False,
109096,verano_2024,2024-06-21,email,False,,True,2024-08-21
100192,verano_2024,2024-06-19,push,,,True,2024-08-06
108302,verano_2024,2024-06-20,push,,,True,2024-07-25
106027,verano_2024,2024-06-18,push,,,True,2024-08-06
101943,verano_2024,2024-06-23,push,,,False,
104332,verano_2024,2024-06-16,email,True,True,True,2024-08-10
113796,verano_2024,2024-06-21,email,False,,False,
108776,verano_2024,2024-06-20,email,False,,False,
107973,verano_2024,2024-06-25,push,,,True,2024-08-10
114959,verano_2024,2024-06-23,push,,,True,2024-08-20
115002,verano_2024,2024-06-17,email,False,,False,
111543,verano_2024,2024-06-29,email,False,,False,
102776,verano_2024,2024-06-27,email,False,,False,
104146,verano_2024,2024-06-24,email,True,False,False,
102618,verano_2024,2024-06-27,email,False,,False,
102412,verano_2024,2024-06-19,push,,,True,2024-08-02
101095,verano_2024,2024-06-22,email,False,,False,
101547,verano_2024,2024-06-26,push,,,False,
104590,verano_2024,2024-06-26,email,False,,False,
106035,verano_2024,2024-06-18,email,False,,False,
110540,verano_2024,2024-06-19,push,,,True,2024-08-09
106954,verano_2024,2024-06-27,email,True,False,False,
103136,verano_2024,2024-06-28,email,True,False,False,
103857,verano_2024,2024-06-17,push,,,False,
114361,verano_2024,2024-06-28,sms,,,False,
106420,verano_2024,2024-06-17,push_notification,,,False,
103806,verano_2024,2024-06-27,email,True,False,False,
113578,verano_2024,2024-06-29,email,False,,False,
110300,verano_2024,2024-06-23,sms,,,False,
107432,verano_2024,2024-06-21,email,False,,False,
106775,verano_2024,2024-06-28,Email,False,,False,
113685,verano_2024,2024-06-22,email,False,,False,
100465,verano_2024,2024-06-19,email,True,True,True,2024-08-02
101258,verano_2024,2024-06-27,push,,,True,2024-08-11
110021,verano_2024,2024-06-17,email,False,,False,
102260,verano_2024,2024-06-25,email,False,,False,
105631,verano_2024,2024-06-28,push,,,False,
115079,verano_2024,2024-06-28,email,False,,False,
106232,verano_2024,2024-06-29,push,,,False,
107383,verano_2024,2024-06-19,email,False,,False,
110991,verano_2024,2024-06-28,push,,,False,
112851,verano_2024,2024-06-15,email,True,False,False,
101263,verano_2024,2024-06-22,email,False,,False,
114024,verano_2024,2024-06-17,sms,,,False,
107213,verano_2024,2024-06-29,sms,,,False,
100976,verano_2024,2024-06-18,email,False,,False,
111141,verano_2024,2024-06-29,email,True,False,False,
105867,verano_2024,2024-06-29,email,False,,False,
109134,verano_2024,2024-06-15,push,,,False,
106583,verano_2024,2024-06-29,push,,,False,
102388,verano_2024,2024-06-26,email,False,,False,
115141,verano_2024,2024-06-16,email,True,True,False,
105022,verano_2024,2024-06-23,push,,,True,2024-08-21
107130,verano_2024,2024-06-20,push,,,False,
114390,verano_2024,2024-06-16,sms,,,False,
103883,verano_2024,2024-06-28,email,True,True,True,2024-08-17
106056,verano_2024,2024-06-18,email,False,,False,
114154,verano_2024,2024-06-20,email,False,,False,
113865,verano_2024,2024-06-16,push,,,False,
111087,verano_2024,2024-06-28,email,False,,False,
103876,verano_2024,2024-06-22,email,False,,False,
102790,verano_2024,2024-06-25,email,False,,False,
109137,verano_2024,2024-06-23,email,False,,False,
114659,verano_2024,2024-06-24,email,False,,False,
101858,verano_2024,2024-06-16,SMS,,,False,
113507,verano_2024,2024-06-21,email,False,,False,
104109,verano_2024,2024-06-24,email,False,,False,
105214,verano_2024,2024-06-19,email,False,,False,
108282,verano_2024,2024-06-25,email,False,,False,
103256,verano_2024,2024-06-29,email,True,False,True,2024-08-07
107324,verano_2024,2024-06-21,email,False,,False,
102691,verano_2024,2024-06-25,push,,,False,
107390,verano_2024,2024-06-16,push,,,False,
104628,verano_2024,2024-06-27,email,False,,False,
111599,verano_2024,2024-06-17,email,True,False,False,
101320,verano_2024,2024-06-26,email,False,,False,
111951,verano_2024,2024-06-21,push,,,False,
105163,verano_2024,2024-06-25,push,,,False,
111296,verano_2024,2024-06-26,email,True,False,False,
114309,verano_2024,2024-06-16,email,True,True,True,2024-08-21
101136,verano_2024,2024-06-18,email,False,,False,
104530,verano_2024,2024-06-29,email,True,False,False,
103506,verano_2024,2024-06-26,push,,,False,
104750,verano_2024,2024-06-22,email,True,False,False,
107087,verano_2024,2024-06-17,push,,,True,2024-08-06
109942,verano_2024,2024-06-16,email,False,,True,2024-07-24
110550,verano_2024,2024-06-23,email,False,,False,
110746,verano_2024,2024-06-17,email,False,,False,
106337,verano_2024,2024-06-15,push,,,False,
113560,verano_2024,2024-06-23,email,True,False,False,
106983,verano_2024,2024-06-24,email,False,,False,
110067,verano_2024,2024-06-23,push,,,False,
113260,verano_2024,2024-06-28,email,True,True,False,
102506,verano_2024,2024-06-20,push,,,True,2024-07-30
102905,verano_2024,2024-06-25,email,False,,False,
100571,verano_2024,2024-06-21,email,False,,False,
101449,verano_2024,2024-06-26,push,,,True,2024-07-09
103415,verano_2024,2024-06-17,email,False,,False,
112547,verano_2024,2024-06-15,email,True,False,False,
111196,verano_2024,2024-06-27,email,True,False,False,
109291,verano_2024,2024-06-22,email,True,False,False,
113004,verano_2024,2024-06-26,email,True,False,False,
106838,verano_2024,2024-06-26,email,True,False,False,
103227,verano_2024,2024-06-16,email,False,,False,
115165,verano_2024,2024-06-25,push,,,False,
104384,verano_2024,2024-06-17,push,,,False,
109230,verano_2024,2024-06-20,email,True,False,False,
107846,verano_2024,2024-06-20,sms,,,False,
103540,verano_2024,2024-06-23,email,False,,False,
110996,verano_2024,2024-06-24,sms,,,True,2024-08-13
113962,verano_2024,2024-06-18,email,True,False,False,
102828,verano_2024,2024-06-20,push,,,False,
105781,verano_2024,2024-06-26,email,False,,False,
104997,verano_2024,2024-06-25,push,,,True,
101339,verano_2024,2024-06-25,email,True,False,False,
103263,verano_2024,2024-06-15,email,False,,False,
107877,verano_2024,2024-06-23,push,,,False,
111231,verano_2024,2024-06-22,push,,,False,
106839,verano_2024,2024-06-21,email,False,,False,
105742,verano_2024,2024-06-26,push,,,False,
100651,verano_2024,2024-06-20,email,False,,False,
106040,verano_2024,2024-06-16,push,,,True,2024-07-05
102259,verano_2024,2024-06-20,email,False,,False,
105396,verano_2024,2024-06-19,email,False,,False,
113606,verano_2024,2024-06-23,email,False,,False,
107083,verano_2024,2024-06-23,email,True,False,False,
112091,verano_2024,2024-06-27,email,True,True,True,2024-08-26
103522,verano_2024,2024-06-18,email,True,True,False,
112457,verano_2024,2024-06-19,sms,,,False,
104479,verano_2024,2024-06-19,push,,,False,
105661,verano_2024,2024-06-26,Email,False,,False,
113557,verano_2024,2024-06-27,sms,,,True,2024-08-06
100068,verano_2024,2024-06-15,email,False,,False,
114999,verano_2024,2024-06-26,email,True,False,True,2024-08-17
112332,verano_2024,2024-06-24,email,True,False,False,
107610,verano_2024,2024-06-19,email,True,False,False,
101259,verano_2024,2024-06-27,push,,,False,
112425,verano_2024,2024-06-27,email,True,True,False,
113270,verano_2024,2024-06-15,email,True,True,True,2024-08-22
100992,verano_2024,2024-06-17,push,,,False,
103505,verano_2024,2024-06-24,push,,,False,
108306,verano_2024,2024-06-16,sms,,,True,2024-08-09
100920,verano_2024,2024-06-22,email,True,False,False,
100166,verano_2024,2024-06-19,push,,,True,2024-08-18
110257,verano_2024,2024-06-19,email,False,,False,
113307,verano_2024,2024-06-18,push,,,False,
109142,verano_2024,2024-06-15,sms,,,False,
104595,verano_2024,2024-06-15,email,False,,False,
114220,verano_2024,2024-06-22,email,True,True,True,2024-08-10
102851,verano_2024,2024-06-16,push,,,False,
111319,verano_2024,2024-06-24,email,False,,False,
112645,verano_2024,2024-06-22,email,True,False,False,
104461,verano_2024,2024-06-25,email,False,,False,
113587,verano_2024,2024-06-20,email,False,,False,
106624,verano_2024,2024-06-23,email,True,False,False,
109307,verano_2024,2024-06-15,email,False,,False,
113061,verano_2024,2024-06-24,email,False,,True,2024-08-25
108491,verano_2024,2024-06-28,email,True,False,False,
109868,verano_2024,2024-06-27,push,,,False,
102736,verano_2024,2024-06-28,email,True,False,False,
105670,verano_2024,2024-06-23,email,True,False,False,
104989,verano_2024,2024-06-15,email,True,False,False,
114020,verano_2024,2024-06-21,email,False,,False,
102379,verano_2024,2024-06-20,email,False,,False,
110800,verano_2024,2024-06-19,push,,,False,
104173,verano_2024,2024-06-18,email,False,,False,
108093,verano_2024,2024-06-18,email,True,True,False,
112447,verano_2024,2024-06-23,email,False,,False,
102104,verano_2024,2024-06-16,email,True,False,False,
103760,verano_2024,2024-06-16,email,False,,False,
112131,verano_2024,2024-06-17,sms,,,False,
101838,verano_2024,2024-06-16,email,False,,False,
112496,verano_2024,2024-06-16,push,,,False,
112936,verano_2024,2024-06-19,email,True,False,False,
112705,verano_2024,2024-06-28,push,,,False,
105711,verano_2024,2024-06-27,email,True,True,False,
108800,verano_2024,2024-06-27,email,False,,False,
104501,verano_2024,2024-06-20,email,True,False,False,
101094,verano_2024,2024-06-28,email,False,,False,
110400,verano_2024,2024-06-24,email,True,False,False,
106719,verano_2024,2024-06-15,email,False,,False,
111180,verano_2024,2024-06-22,sms,,,True,2024-07-24
108961,verano_2024,2024-06-21,email,False,,False,
100161,verano_2024,2024-06-22,email,True,False,False,
100204,verano_2024,2024-06-21,email,True,False,False,
106484,verano_2024,2024-06-23,email,True,False,False,
103941,verano_2024,2024-06-17,email,False,,False,
104934,verano_2024,2024-06-20,Email,False,,False,
112033,verano_2024,2024-06-21,email,False,,False,
107648,verano_2024,2024-06-17,push,,,True,2024-08-05
101231,verano_2024,2024-06-16,email,False,,False,
109167,verano_2024,2024-06-22,email,False,,False,
103047,verano_2024,2024-06-18,email,False,,False,
107958,verano_2024,2024-06-18,email,True,True,True,2024-08-21
102916,verano_2024,2024-06-27,push,,,False,
114145,verano_2024,2024-06-24,email,True,True,True,2024-07-13
104252,verano_2024,2024-06-27,email,True,False,False,
106112,verano_2024,2024-06-18,email,False,,False,
106205,verano_2024,2024-06-23,email,False,,False,
102726,verano_2024,2024-06-22,email,False,,False,
104291,verano_2024,2024-06-25,sms,,,False,
104335,verano_2024,2024-06-26,email,False,,False,
100384,verano_2024,2024-06-26,email,True,False,False,
107486,verano_2024,2024-06-20,push,,,True,2024-07-22
100858,verano_2024,2024-06-27,email,False,,False,
100371,verano_2024,2024-06-24,email,True,False,True,2024-08-05
106540,verano_2024,2024-06-15,email,True,False,False,
102562,verano_2024,2024-06-27,sms,,,True,2024-07-19
103802,verano_2024,2024-06-21,push,,,True,2024-08-17
105456,verano_2024,2024-06-15,email,False,,False,
112796,verano_2024,2024-06-19,email,False,,False,
106860,verano_2024,2024-06-20,email,False,,False,
110600,verano_2024,2024-06-28,email,False,,False,
113520,verano_2024,2024-06-27,email,False,,False,
114950,verano_2024,2024-06-22,email,True,False,False,
105945,verano_2024,2024-06-17,email,True,False,False,
100616,verano_2024,2024-06-18,sms,,,False,
102576,verano_2024,2024-06-21,Email,True,False,False,
100054,verano_2024,2024-06-29,push,,,False,
111099,verano_2024,2024-06-29,email,False,,False,
103341,verano_2024,2024-06-23,push,,,False,
111791,verano_2024,2024-06-25,email,True,True,True,2024-08-07
109898,verano_2024,2024-06-18,email,True,False,False,
114117,verano_2024,2024-06-15,email,False,,False,
112064,verano_2024,2024-06-20,sms,,,False,
110435,verano_2024,2024-06-18,email,True,False,False,
114336,verano_2024,2024-06-28,email,True,False,False,
105877,verano_2024,2024-06-20,email,False,,False,
111514,verano_2024,2024-06-28,sms,,,True,2024-07-23
108996,verano_2024,2024-06-21,push,,,False,
101813,verano_2024,2024-06-29,push,,,True,2024-07-01
100991,verano_2024,2024-06-27,sms,,,True,2024-07-15
110787,verano_2024,2024-06-21,email,False,,False,
113064,verano_2024,2024-06-15,email,True,False,True,2024-08-18
108412,verano_2024,2024-06-19,email,False,,False,
102943,verano_2024,2024-06-16,email,True,False,False,
109481,verano_2024,2024-06-25,email,False,,True,2024-07-13
103164,verano_2024,2024-06-24,push,,,True,2024-08-01
104679,verano_2024,2024-06-18,email,True,False,False,
102619,verano_2024,2024-06-16,email,False,,False,
103613,verano_2024,2024-06-17,email,False,,False,
108236,verano_2024,2024-06-29,sms,,,True,2024-08-26
107872,verano_2024,2024-06-19,email,True,False,False,
112444,verano_2024,2024-06-20,push,,,True,2024-08-14
103793,verano_2024,2024-06-21,push,,,True,2024-07-15
109696,verano_2024,2024-06-27,email,True,False,False,
110516,verano_2024,2024-06-20,email,False,,False,
110046,verano_2024,2024-06-19,email,True,True,True,2024-07-01
103440,verano_2024,2024-06-21,email,False,,True,2024-07-13
101893,verano_2024,2024-06-21,Email,False,,True,2024-07-28
115010,verano_2024,2024-06-29,email,False,,False,
114531,verano_2024,2024-06-22,sms,,,False,
105256,verano_2024,2024-06-23,email,True,False,False,
114111,verano_2024,2024-06-19,email,True,False,False,
105168,verano_2024,2024-06-17,push,,,False,
101506,verano_2024,2024-06-29,sms,,,True,2024-08-26
113755,verano_2024,2024-06-22,push,,,False,
100671,verano_2024,2024-06-21,push,,,False,
109472,verano_2024,2024-06-26,email,False,,False,
111807,verano_2024,2024-06-21,email,True,True,False,
100898,verano_2024,2024-06-17,sms,,,False,
103307,verano_2024,2024-06-27,email,False,,False,
106240,verano_2024,2024-06-21,email,False,,False,
102891,verano_2024,2024-06-24,push,,,False,
106004,verano_2024,2024-06-17,email,False,,False,
107740,verano_2024,2024-06-28,email,False,,False,
111859,verano_2024,2024-06-21,email,False,,False,
111273,verano_2024,2024-06-16,push,,,False,
108398,verano_2024,2024-06-19,push,,,False,
100003,verano_2024,2024-06-22,email,True,False,False,
109962,verano_2024,2024-06-18,Email,False,,False,
113244,verano_2024,2024-06-22,email,True,True,False,
106080,verano_2024,2024-06-18,email,False,,False,
100532,verano_2024,2024-06-18,email,True,True,False,
113431,verano_2024,2024-06-24,email,False,,False,
108182,verano_2024,2024-06-19,email,False,,False,
114870,verano_2024,2024-06-16,push,,,False,
106477,verano_2024,2024-06-29,push,,,False,
113898,verano_2024,2024-06-19,push,,,True,2024-08-22
113202,verano_2024,2024-06-27,email,False,,False,
108924,verano_2024,2024-06-27,email,False,,False,
103407,verano_2024,2024-06-26,sms,,,False,
105992,verano_2024,2024-06-23,push,,,False,
106329,verano_2024,2024-06-27,email,True,False,False,
110771,verano_2024,2024-06-19,email,False,,False,
102566,verano_2024,2024-06-23,email,True,False,False,
102582,verano_2024,2024-06-20,email,True,False,False,
112713,verano_2024,2024-06-23,email,False,,False,
108386,verano_2024,2024-06-25,push,,,True,2024-07-10
102608,verano_2024,2024-06-24,push,,,True,2024-08-15
110885,verano_2024,2024-06-25,sms,,,False,
114754,verano_2024,2024-06-21,push,,,False,
109448,verano_2024,2024-06-19,email,True,False,False,
102105,verano_2024,2024-06-20,email,False,,False,
114486,verano_2024,2024-06-18,email,False,,False,
114254,verano_2024,2024-06-16,email,True,False,False,
104995,verano_2024,2024-06-28,email,False,,False,
105058,verano_2024,2024-06-19,email,False,,False,
100659,verano_2024,2024-06-16,email,True,False,False,
104435,verano_2024,2024-06-18,email,False,,False,
114787,verano_2024,2024-06-20,push,,,False,
103817,verano_2024,2024-06-22,email,False,,False,
106774,verano_2024,2024-06-24,sms,,,True,2024-08-08
113168,verano_2024,2024-06-27,email,True,True,True,2024-07-26
109814,verano_2024,2024-06-24,email,True,False,False,
114685,verano_2024,2024-06-21,email,True,True,False,
107261,verano_2024,2024-06-21,email,False,,False,
103905,verano_2024,2024-06-28,email,True,True,False,
111111,verano_2024,2024-06-21,push,,,False,
113871,verano_2024,2024-06-20,email,False,,False,
109289,verano_2024,2024-06-22,email,False,,False,
106812,verano_2024,2024-06-15,email,True,True,False,
111210,verano_2024,2024-06-25,push,,,True,2024-07-22
109360,verano_2024,2024-06-15,email,True,False,False,
103701,verano_2024,2024-06-22,email,True,False,False,
111878,verano_2024,2024-06-29,email,False,,False,
101789,verano_2024,2024-06-27,email,False,,False,
113229,verano_2024,2024-06-19,email,True,False,False,
106315,verano_2024,2024-06-16,email,False,,True,2024-07-12
103646,verano_2024,2024-06-16,push,,,False,
101777,verano_2024,2024-06-17,email,True,True,False,
100193,verano_2024,2024-06-26,push,,,True,2024-08-20
109013,verano_2024,2024-06-23,email,True,False,True,2024-07-08
110653,verano_2024,2024-06-27,push,,,False,
113399,verano_2024,2024-06-24,sms,,,True,2024-08-21
114896,verano_2024,2024-06-20,email,False,,False,
105389,verano_2024,2024-06-16,email,False,,False,
110702,verano_2024,2024-06-25,sms,,,False,
104952,verano_2024,2024-06-22,email,False,,False,
102688,verano_2024,2024-06-21,push_notification,,,False,
104391,verano_2024,2024-06-15,email,True,False,False,
104928,verano_2024,2024-06-16,SMS,,,True,2024-07-04
105553,verano_2024,2024-06-17,push,,,True,2024-07-20
112142,verano_2024,2024-06-23,email,False,,False,
100239,verano_2024,2024-06-26,email,True,True,True,2024-08-14
114440,verano_2024,2024-06-23,Email,True,False,False,
110649,verano_2024,2024-06-22,email,True,False,False,
106902,verano_2024,2024-06-26,sms,,,False,
111375,verano_2024,2024-06-15,email,False,,False,
108981,verano_2024,2024-06-22,email,False,,False,
109138,verano_2024,2024-06-26,email,True,False,False,
114923,verano_2024,2024-06-22,push,,,False,
108641,verano_2024,2024-06-29,email,True,False,False,
105098,verano_2024,2024-06-18,email,True,False,False,
114075,verano_2024,2024-06-24,email,True,True,False,
111607,verano_2024,2024-06-18,email,False,,False,
115059,verano_2024,2024-06-18,email,True,False,True,2024-08-30
103553,verano_2024,2024-06-22,email,False,,False,
100022,verano_2024,2024-06-27,email,True,False,False,
103361,verano_2024,2024-06-19,push,,,False,
108329,verano_2024,2024-06-15,email,True,False,False,
105629,verano_2024,2024-06-25,push,,,True,
107752,verano_2024,2024-06-15,email,True,False,False,
105784,verano_2024,2024-06-22,email,False,,False,
104508,verano_2024,2024-06-21,SMS,,,False,
113167,verano_2024,2024-06-21,email,False,,False,
100147,verano_2024,2024-06-29,email,True,False,False,
111467,verano_2024,2024-06-15,push,,,True,2024-08-25
102295,verano_2024,2024-06-15,push,,,False,
113317,verano_2024,2024-06-23,email,True,True,False,
107179,verano_2024,2024-06-25,email,True,True,False,
109929,verano_2024,2024-06-28,email,False,,False,
114849,verano_2024,2024-06-28,sms,,,False,
111184,verano_2024,2024-06-22,push,,,True,2024-08-03
114761,verano_2024,2024-06-27,push,,,False,
112926,verano_2024,2024-06-18,push_notification,,,True,2024-08-22
108691,verano_2024,2024-06-17,email,False,,False,
107082,verano_2024,2024-06-18,email,False,,False,
104734,verano_2024,2024-06-18,push,,,False,
108913,verano_2024,2024-06-29,email,True,False,False,
104385,verano_2024,2024-06-17,email,True,True,False,
110665,verano_2024,2024-06-23,email,False,,False,
114285,verano_2024,2024-06-17,email,False,,True,2024-07-02
112019,verano_2024,2024-06-28,email,False,,False,
104546,verano_2024,2024-06-24,email,True,False,False,
100597,verano_2024,2024-06-17,email,False,,False,
114163,verano_2024,2024-06-18,push,,,True,2024-08-28
110945,verano_2024,2024-06-16,email,False,,False,
105165,verano_2024,2024-06-22,email,True,False,False,
114245,verano_2024,2024-06-21,email,False,,False,
101648,verano_2024,2024-06-25,email,True,False,False,
106816,verano_2024,2024-06-22,email,False,,False,
102701,verano_2024,2024-06-15,push,,,True,2024-07-11
101701,verano_2024,2024-06-24,email,False,,False,
102774,verano_2024,2024-06-19,Email,False,,False,
106969,verano_2024,2024-06-17,email,True,False,True,2024-08-09
108144,verano_2024,2024-06-24,email,False,,False,
106220,verano_2024,2024-06-26,push,,,False,
100087,verano_2024,2024-06-28,email,True,True,False,
110501,verano_2024,2024-06-25,sms,,,False,
114388,verano_2024,2024-06-19,email,True,True,False,
112730,verano_2024,2024-06-15,sms,,,True,2024-08-22
113638,verano_2024,2024-06-29,push,,,True,2024-08-11
102595,verano_2024,2024-06-29,email,False,,False,
110810,verano_2024,2024-06-28,push,,,False,
101030,verano_2024,2024-06-29,email,True,True,False,
100137,verano_2024,2024-06-24,email,True,False,False,
106973,verano_2024,2024-06-28,email,True,False,False,
111630,verano_2024,2024-06-15,email,True,False,False,
107025,verano_2024,2024-06-22,email,False,,False,
102855,verano_2024,2024-06-20,Email,False,,False,
101201,verano_2024,2024-06-16,sms,,,True,2024-07-09
109764,verano_2024,2024-06-17,email,False,,False,
108759,verano_2024,2024-06-20,push,,,False,
111983,verano_2024,2024-06-28,email,True,False,False,
106297,verano_2024,2024-06-24,sms,,,False,
103928,verano_2024,2024-06-16,Email,False,,False,
110106,verano_2024,2024-06-16,push,,,True,2024-07-08
113760,verano_2024,2024-06-28,email,False,,False,
108469,verano_2024,2024-06-26,email,False,,False,
103607,verano_2024,2024-06-23,email,True,False,False,
113892,verano_2024,2024-06-21,email,False,,False,
102331,verano_2024,2024-06-16,email,False,,False,
102188,verano_2024,2024-06-27,push,,,True,2024-07-17
100196,verano_2024,2024-06-19,push,,,False,
105060,verano_2024,2024-06-15,push,,,True,2024-07-08
100803,verano_2024,2024-06-27,sms,,,True,2024-08-01
102669,verano_2024,2024-06-29,Email,False,,False,
100242,verano_2024,2024-06-23,email,True,True,False,
102069,verano_2024,2024-06-21,email,True,False,False,
110709,verano_2024,2024-06-24,email,False,,False,
113634,verano_2024,2024-06-18,email,False,,False,
100645,verano_2024,2024-06-26,email,False,,False,
109117,verano_2024,2024-06-21,email,True,False,False,
105104,verano_2024,2024-06-24,Email,False,,False,
101638,verano_2024,2024-06-26,email,True,True,False,
107553,verano_2024,2024-06-29,Email,True,False,False,
108313,verano_2024,2024-06-18,email,False,,False,
103075,verano_2024,2024-06-15,Email,False,,False,
109015,verano_2024,2024-06-26,email,True,True,True,2024-07-22
107297,verano_2024,2024-06-15,Email,False,,False,
103279,verano_2024,2024-06-27,sms,,,False,
108004,verano_2024,2024-06-25,email,False,,False,
110328,verano_2024,2024-06-21,email,True,True,False,
104971,verano_2024,2024-06-24,sms,,,False,
111069,verano_2024,2024-06-18,email,False,,False,
108327,verano_2024,2024-06-29,email,True,False,False,
106916,verano_2024,2024-06-17,email,True,False,False,
110869,verano_2024,2024-06-18,email,False,,False,
107830,verano_2024,2024-06-28,email,True,True,False,
100063,verano_2024,2024-06-16,email,True,False,False,
112309,verano_2024,2024-06-23,push,,,False,
112364,verano_2024,2024-06-21,push,,,False,
114488,verano_2024,2024-06-21,email,False,,False,
115171,verano_2024,2024-06-24,sms,,,False,
111267,verano_2024,2024-06-19,push,,,True,2024-08-01
108934,verano_2024,2024-06-25,push,,,True,2024-08-11
105308,verano_2024,2024-06-23,email,False,,True,2024-08-28
112377,verano_2024,2024-06-23,email,False,,False,
103642,verano_2024,2024-06-21,sms,,,True,2024-08-04
112853,verano_2024,2024-06-20,push,,,True,2024-07-22
112679,verano_2024,2024-06-22,email,False,,False,
103259,verano_2024,2024-06-15,push,,,False,
101874,verano_2024,2024-06-28,push,,,True,2024-07-08
104745,verano_2024,2024-06-21,Email,False,,False,
109910,verano_2024,2024-06-15,email,False,,False,
102913,verano_2024,2024-06-21,email,False,,False,
104028,verano_2024,2024-06-22,email,True,False,False,
105489,verano_2024,2024-06-17,email,True,False,False,
113454,verano_2024,2024-06-22,sms,,,False,
108025,verano_2024,2024-06-25,email,True,False,False,
107787,verano_2024,2024-06-15,email,False,,False,
114415,verano_2024,2024-06-19,email,False,,False,
106865,verano_2024,2024-06-17,sms,,,False,
100490,verano_2024,2024-06-26,push,,,False,
108686,verano_2024,2024-06-19,push,,,True,2024-07-11
100691,verano_2024,2024-06-18,email,True,True,True,2024-08-27
100603,verano_2024,2024-06-27,sms,,,True,2024-07-30
110104,verano_2024,2024-06-22,email,False,,False,
101015,verano_2024,2024-06-16,email,False,,False,
101994,verano_2024,2024-06-28,email,True,True,False,
110559,verano_2024,2024-06-29,email,False,,False,
107611,verano_2024,2024-06-16,email,False,,False,
105284,verano_2024,2024-06-17,sms,,,False,
104371,verano_2024,2024-06-27,sms,,,True,2024-07-12
111772,verano_2024,2024-06-18,email,False,,False,
101362,verano_2024,2024-06-17,Email,False,,False,
110890,verano_2024,2024-06-20,email,True,False,True,2024-08-27
101527,verano_2024,2024-06-17,email,True,False,False,
112984,verano_2024,2024-06-15,push,,,False,
101630,verano_2024,2024-06-22,email,True,True,True,2024-07-23
101552,verano_2024,2024-06-15,Email,True,True,False,
114080,verano_2024,2024-06-15,email,False,,False,
115080,verano_2024,2024-06-15,push,,,False,
101338,verano_2024,2024-06-27,push,,,False,
103902,verano_2024,2024-06-20,email,False,,False,
105042,verano_2024,2024-06-27,email,True,False,False,
108253,verano_2024,2024-06-17,email,True,False,False,
110443,verano_2024,2024-06-26,email,True,False,False,
111365,verano_2024,2024-06-25,email,True,False,False,
105040,verano_2024,2024-06-23,email,False,,False,
102347,verano_2024,2024-06-19,email,True,False,False,
114470,verano_2024,2024-06-29,email,True,False,False,
105486,verano_2024,2024-06-23,email,False,,False,
113820,verano_2024,2024-06-23,email,False,,True,2024-07-12
105695,verano_2024,2024-06-21,email,False,,False,
105120,verano_2024,2024-06-19,email,True,False,False,
105167,verano_2024,2024-06-23,email,True,True,True,2024-08-17
101135,verano_2024,2024-06-18,sms,,,False,
108343,verano_2024,2024-06-27,email,True,False,False,
110799,verano_2024,2024-06-17,Email,False,,False,
110279,verano_2024,2024-06-19,email,True,True,False,
110452,verano_2024,2024-06-26,email,False,,False,
104018,verano_2024,2024-06-20,sms,,,False,
110410,verano_2024,2024-06-25,push,,,True,2024-07-11
114561,verano_2024,2024-06-24,Email,True,False,False,
102425,verano_2024,2024-06-20,email,True,False,False,
104139,verano_2024,2024-06-26,sms,,,False,
100860,verano_2024,2024-06-24,email,False,,False,
102963,verano_2024,2024-06-20,email,True,True,False,
108090,verano_2024,2024-06-22,email,False,,True,2024-08-20
115144,verano_2024,2024-06-29,email,False,,False,
112031,verano_2024,2024-06-25,push_notification,,,False,
113335,verano_2024,2024-06-26,email,True,False,False,
114614,verano_2024,2024-06-27,push,,,False,
101365,verano_2024,2024-06-15,email,True,False,False,
113772,verano_2024,2024-06-17,email,True,False,False,
110795,verano_2024,2024-06-15,email,True,False,False,
102102,verano_2024,2024-06-28,email,False,,True,2024-07-31
101819,verano_2024,2024-06-20,email,True,False,True,2024-08-19
100370,verano_2024,2024-06-22,push,,,False,
104938,verano_2024,2024-06-26,email,True,True,False,
105286,verano_2024,2024-06-23,sms,,,True,2024-08-02
108368,verano_2024,2024-06-15,email,True,False,False,
112616,verano_2024,2024-06-25,email,True,False,False,
107072,verano_2024,2024-06-20,email,False,,False,
102094,verano_2024,2024-06-16,email,True,True,False,
107818,verano_2024,2024-06-29,email,False,,False,
101921,verano_2024,2024-06-27,email,False,,False,
100083,verano_2024,2024-06-15,email,True,True,False,
107332,verano_2024,2024-06-26,email,True,False,False,
107305,verano_2024,2024-06-15,email,True,True,False,
100817,verano_2024,2024-06-29,email,False,,False,
112057,verano_2024,2024-06-19,email,True,True,True,2024-07-01
104397,verano_2024,2024-06-27,push,,,False,
108476,verano_2024,2024-06-17,email,False,,False,
106125,verano_2024,2024-06-18,email,True,True,False,
104121,verano_2024,2024-06-24,email,False,,False,
112379,verano_2024,2024-06-15,email,False,,False,
113821,verano_2024,2024-06-16,email,True,True,False,
101814,verano_2024,2024-06-20,email,True,True,False,
101272,verano_2024,2024-06-16,sms,,,False,
108752,verano_2024,2024-06-20,push,,,True,2024-07-09
102995,verano_2024,2024-06-24,email,False,,False,
111851,verano_2024,2024-06-21,email,False,,False,
106410,verano_2024,2024-06-16,push,,,True,2024-08-04
112919,verano_2024,2024-06-16,push,,,False,
102643,verano_2024,2024-06-22,email,True,True,False,
109281,verano_2024,2024-06-26,email,False,,False,
112062,verano_2024,2024-06-29,push,,,False,
102306,verano_2024,2024-06-16,email,False,,False,
111336,verano_2024,2024-06-18,email,True,False,False,
113643,verano_2024,2024-06-25,email,False,,True,2024-08-28
104196,verano_2024,2024-06-27,email,True,False,False,
113007,verano_2024,2024-06-28,email,False,,False,
103850,verano_2024,2024-06-20,push,,,True,2024-08-25
113065,verano_2024,2024-06-23,email,False,,False,
114905,verano_2024,2024-06-17,email,False,,False,
110607,verano_2024,2024-06-15,push,,,False,
103555,verano_2024,2024-06-28,email,False,,False,
102196,verano_2024,2024-06-25,push,,,True,2024-08-24
102601,verano_2024,2024-06-19,sms,,,True,2024-07-08
106164,verano_2024,2024-06-22,push,,,False,
101519,verano_2024,2024-06-18,sms,,,True,2024-07-15
110952,verano_2024,2024-06-19,email,False,,False,
111407,verano_2024,2024-06-18,email,False,,False,
106310,verano_2024,2024-06-17,push,,,False,
105756,verano_2024,2024-06-28,push,,,False,
105634,verano_2024,2024-06-16,email,False,,False,
108400,verano_2024,2024-06-27,email,False,,False,
114500,verano_2024,2024-06-20,push,,,False,
110627,verano_2024,2024-06-15,email,False,,False,
107163,verano_2024,2024-06-28,email,False,,False,
111737,verano_2024,2024-06-15,push_notification,,,False,
114628,verano_2024,2024-06-24,email,False,,False,
101989,verano_2024,2024-06-21,email,False,,False,
109534,verano_2024,2024-06-22,push,,,True,2024-07-06
107738,verano_2024,2024-06-15,email,False,,False,
100518,verano_2024,2024-06-21,email,False,,False,
110562,verano_2024,2024-06-27,email,False,,False,
106161,verano_2024,2024-06-27,email,False,,False,
111657,verano_2024,2024-06-28,sms,,,False,
114150,verano_2024,2024-06-17,sms,,,False,
112556,verano_2024,2024-06-21,push,,,True,2024-07-29
108387,verano_2024,2024-06-16,email,False,,False,
109608,verano_2024,2024-06-19,email,True,True,True,2024-08-11
104457,verano_2024,2024-06-15,email,False,,False,
102762,verano_2024,2024-06-27,email,True,False,False,
106482,verano_2024,2024-06-16,sms,,,True,2024-08-01
105912,verano_2024,2024-06-16,email,True,False,False,
114069,verano_2024,2024-06-19,email,True,True,False,
106548,verano_2024,2024-06-22,push,,,False,
104856,verano_2024,2024-06-15,email,True,False,False,
107645,verano_2024,2024-06-29,email,True,True,False,
113807,verano_2024,2024-06-15,email,False,,False,
115077,verano_2024,2024-06-19,push,,,False,
106359,verano_2024,2024-06-21,email,True,False,True,2024-08-11
109742,verano_2024,2024-06-17,email,False,,False,
102439,verano_2024,2024-06-18,push,,,False,
103766,verano_2024,2024-06-27,sms,,,True,2024-08-26
106433,verano_2024,2024-06-19,sms,,,True,2024-08-04
108644,verano_2024,2024-06-23,sms,,,True,2024-07-03
107847,verano_2024,2024-06-26,sms,,,False,
113089,verano_2024,2024-06-26,push,,,False,
109666,verano_2024,2024-06-22,email,False,,False,
113983,verano_2024,2024-06-20,push,,,False,
106341,verano_2024,2024-06-16,email,True,False,False,
104822,verano_2024,2024-06-15,email,True,False,False,
100019,verano_2024,2024-06-15,email,False,,False,
103561,verano_2024,2024-06-20,email,True,False,False,
103952,verano_2024,2024-06-25,sms,,,True,2024-07-17
100050,verano_2024,2024-06-23,email,False,,False,
100888,verano_2024,2024-06-23,Email,True,False,False,
106262,verano_2024,2024-06-22,push,,,False,
107237,verano_2024,2024-06-22,email,False,,False,
106990,verano_2024,2024-06-28,email,True,False,False,
108709,verano_2024,2024-06-23,push,,,False,
103169,verano_2024,2024-06-17,email,True,True,False,
102950,verano_2024,2024-06-25,Email,True,True,False,
101425,verano_2024,2024-06-22,email,False,,False,
100140,verano_2024,2024-06-19,email,True,True,False,
110117,verano_2024,2024-06-23,email,False,,False,
110571,verano_2024,2024-06-26,push,,,False,
103198,verano_2024,2024-06-23,email,False,,False,
105132,verano_2024,2024-06-25,push,,,True,2024-07-02
100113,verano_2024,2024-06-18,email,False,,False,
108161,verano_2024,2024-06-19,push,,,False,
113518,verano_2024,2024-06-28,push,,,True,2024-08-09
104560,verano_2024,2024-06-25,email,False,,False,
104596,verano_2024,2024-06-26,push,,,False,
104691,verano_2024,2024-06-22,email,True,False,False,
107952,verano_2024,2024-06-17,email,True,True,True,2024-07-06
111615,verano_2024,2024-06-29,email,False,,False,
103278,verano_2024,2024-06-17,email,False,,False,
104069,verano_2024,2024-06-23,email,False,,False,
104409,verano_2024,2024-06-25,push,,,False,
112381,verano_2024,2024-06-16,push_notification,,,False,
113371,verano_2024,2024-06-15,email,False,,False,
109730,verano_2024,2024-06-17,email,True,False,False,
110668,verano_2024,2024-06-25,email,False,,False,
100452,verano_2024,2024-06-16,email,True,False,False,
107263,verano_2024,2024-06-17,push,,,True,2024-07-08
103732,verano_2024,2024-06-22,email,True,True,True,2024-08-25
107257,verano_2024,2024-06-29,sms,,,False,
104370,verano_2024,2024-06-26,email,False,,True,2024-08-01
104987,verano_2024,2024-06-23,sms,,,False,
103664,verano_2024,2024-06-29,email,True,True,False,
102764,verano_2024,2024-06-15,push,,,True,2024-07-24
108851,verano_2024,2024-06-22,email,False,,False,
111445,verano_2024,2024-06-17,email,False,,False,
101856,verano_2024,2024-06-22,email,True,False,False,
101000,verano_2024,2024-06-16,sms,,,True,2024-07-05
100390,verano_2024,2024-06-22,email,False,,False,
106427,verano_2024,2024-06-21,email,True,True,False,
101477,verano_2024,2024-06-16,email,True,False,False,
102241,verano_2024,2024-06-22,email,False,,False,
114731,verano_2024,2024-06-24,push,,,False,
114240,verano_2024,2024-06-24,email,True,False,False,
108113,verano_2024,2024-06-23,email,True,False,True,2024-08-11
100993,verano_2024,2024-06-22,push,,,False,
107033,verano_2024,2024-06-21,email,False,,False,
104998,verano_2024,2024-06-15,push_notification,,,False,
103923,verano_2024,2024-06-17,push,,,False,
102973,verano_2024,2024-06-23,push,,,False,
106872,verano_2024,2024-06-20,email,False,,False,
111735,verano_2024,2024-06-20,email,False,,False,
104770,verano_2024,2024-06-17,email,True,False,False,
101294,verano_2024,2024-06-22,push,,,True,2024-08-15
114589,verano_2024,2024-06-27,email,False,,False,
104174,verano_2024,2024-06-27,push,,,True,2024-08-03
102536,verano_2024,2024-06-24,email,False,,False,
114228,verano_2024,2024-06-21,email,False,,False,
101908,verano_2024,2024-06-28,email,False,,False,
112905,verano_2024,2024-06-27,email,True,True,False,
114785,verano_2024,2024-06-27,sms,,,False,
108561,verano_2024,2024-06-26,push,,,False,
106034,verano_2024,2024-06-21,email,True,False,True,2024-08-12
107620,verano_2024,2024-06-20,Email,False,,False,
101152,verano_2024,2024-06-20,email,False,,False,
101568,verano_2024,2024-06-25,email,False,,False,
103172,verano_2024,2024-06-18,email,True,False,False,
109690,verano_2024,2024-06-28,sms,,,False,
107107,verano_2024,2024-06-23,email,False,,False,
104161,verano_2024,2024-06-17,push,,,False,
104288,verano_2024,2024-06-20,email,True,True,False,
102231,verano_2024,2024-06-25,email,True,False,False,
111526,verano_2024,2024-06-23,email,False,,False,
100175,verano_2024,2024-06-18,email,False,,False,
101904,verano_2024,2024-06-18,sms,,,True,2024-07-03
109292,verano_2024,2024-06-16,sms,,,True,2024-08-23
108753,verano_2024,2024-06-28,email,False,,False,
111419,verano_2024,2024-06-25,email,False,,False,
103409,verano_2024,2024-06-21,email,True,True,True,2024-07-16
101539,verano_2024,2024-06-16,email,False,,False,
102293,verano_2024,2024-06-25,push,,,True,2024-08-27
109524,verano_2024,2024-06-15,push,,,False,
101364,verano_2024,2024-06-25,email,False,,False,
104358,verano_2024,2024-06-24,push,,,True,2024-08-06
105261,verano_2024,2024-06-20,email,True,False,False,
111824,verano_2024,2024-06-27,email,False,,False,
111808,verano_2024,2024-06-28,push,,,False,
100681,verano_2024,2024-06-24,email,False,,False,
112289,verano_2024,2024-06-20,email,True,True,True,2024-08-13
103665,verano_2024,2024-06-24,push,,,False,
101662,verano_2024,2024-06-20,sms,,,True,
100509,verano_2024,2024-06-23,push,,,False,
100167,verano_2024,2024-06-20,sms,,,False,
112896,verano_2024,2024-06-28,email,True,True,False,
109199,verano_2024,2024-06-17,push,,,False,
112986,verano_2024,2024-06-25,email,False,,False,
107366,verano_2024,2024-06-27,sms,,,False,
101915,verano_2024,2024-06-27,email,False,,False,
107264,verano_2024,2024-06-16,email,False,,False,
115003,verano_2024,2024-06-29,email,True,False,False,
115174,verano_2024,2024-06-17,email,True,True,False,
107362,verano_2024,2024-06-25,email,False,,False,
110729,verano_2024,2024-06-21,email,False,,False,
101105,verano_2024,2024-06-21,sms,,,False,
112190,verano_2024,2024-06-24,push,,,False,
109945,verano_2024,2024-06-20,push,,,False,
105311,verano_2024,2024-06-23,push,,,False,
111742,verano_2024,2024-06-25,email,True,False,False,
105755,verano_2024,2024-06-16,email,True,False,False,
100153,verano_2024,2024-06-16,email,True,False,False,
112345,verano_2024,2024-06-23,push,,,False,
105680,verano_2024,2024-06-20,email,True,False,False,
110745,verano_2024,2024-06-28,email,False,,False,
103552,verano_2024,2024-06-16,email,True,True,True,2024-07-29
103723,verano_2024,2024-06-26,email,True,False,False,
111460,verano_2024,2024-06-15,push,,,True,2024-07-03
113312,verano_2024,2024-06-18,Email,True,True,True,2024-07-23
104539,verano_2024,2024-06-28,email,True,False,False,
113980,verano_2024,2024-06-17,push,,,True,2024-08-11
110015,verano_2024,2024-06-26,email,False,,False,
108464,verano_2024,2024-06-17,email,False,,False,
101992,verano_2024,2024-06-25,email,False,,False,
113725,verano_2024,2024-06-26,email,False,,False,
108502,verano_2024,2024-06-21,push_notification,,,False,
105142,verano_2024,2024-06-23,email,True,False,False,
110744,verano_2024,2024-06-20,push,,,False,
103812,verano_2024,2024-06-20,push,,,True,2024-08-22
113563,verano_2024,2024-06-20,email,False,,False,
103451,verano_2024,2024-06-19,Email,False,,False,
104592,verano_2024,2024-06-29,email,True,True,True,2024-08-16
107353,verano_2024,2024-06-26,push,,,True,2024-08-30
100206,verano_2024,2024-06-19,email,True,True,True,2024-07-17
109328,verano_2024,2024-06-15,push,,,False,
106681,verano_2024,2024-06-29,email,False,,False,
102750,verano_2024,2024-06-23,email,True,False,False,
108498,verano_2024,2024-06-18,email,True,False,False,
101850,verano_2024,2024-06-17,email,True,True,True,2024-08-23
110181,verano_2024,2024-06-28,push_notification,,,False,
103241,verano_2024,2024-06-16,push,,,False,
112341,verano_2024,2024-06-29,email,False,,False,
103110,verano_2024,2024-06-22,push,,,False,
110180,verano_2024,2024-06-23,push,,,True,2024-07-28
105935,verano_2024,2024-06-23,email,False,,False,
114922,verano_2024,2024-06-22,email,True,True,True,2024-08-25
105811,verano_2024,2024-06-18,email,False,,True,2024-08-03
108576,verano_2024,2024-06-17,sms,,,False,
105635,verano_2024,2024-06-29,email,False,,False,
104308,verano_2024,2024-06-19,email,False,,False,
103157,verano_2024,2024-06-15,email,False,,True,2024-07-04
106535,verano_2024,2024-06-20,push,,,False,
115237,verano_2024,2024-06-24,email,False,,False,
113537,verano_2024,2024-06-19,email,False,,False,
112902,verano_2024,2024-06-23,push,,,True,
108892,verano_2024,2024-06-26,email,False,,False,
103833,verano_2024,2024-06-17,email,False,,True,2024-08-03
113572,verano_2024,2024-06-21,Email,False,,False,
104777,verano_2024,2024-06-29,email,False,,False,
107998,verano_2024,2024-06-17,email,False,,False,
104277,verano_2024,2024-06-19,push,,,True,2024-07-24
115172,verano_2024,2024-06-23,email,True,False,True,2024-08-13
111048,verano_2024,2024-06-22,email,True,True,False,
114943,verano_2024,2024-06-25,email,False,,False,
100279,verano_2024,2024-06-16,push,,,True,2024-08-03
106772,verano_2024,2024-06-21,email,False,,False,
107416,verano_2024,2024-06-15,email,True,False,False,
103253,verano_2024,2024-06-26,email,False,,False,
113158,verano_2024,2024-06-28,email,True,False,False,
110673,verano_2024,2024-06-26,email,False,,False,
114644,verano_2024,2024-06-25,email,True,False,False,
100290,verano_2024,2024-06-18,email,True,False,False,
103076,verano_2024,2024-06-18,sms,,,False,
115004,verano_2024,2024-06-20,email,False,,False,
109583,verano_2024,2024-06-23,email,False,,False,
112247,verano_2024,2024-06-26,email,False,,False,
100271,verano_2024,2024-06-26,email,False,,False,
104571,verano_2024,2024-06-28,email,True,False,False,
113677,verano_2024,2024-06-26,sms,,,False,
109584,verano_2024,2024-06-15,push,,,True,2024-08-17
106697,verano_2024,2024-06-26,email,False,,False,
104317,verano_2024,2024-06-29,email,False,,False,
103181,verano_2024,2024-06-25,email,False,,False,
112052,verano_2024,2024-06-15,push,,,False,
101423,verano_2024,2024-06-25,email,True,False,False,
108276,verano_2024,2024-06-19,email,False,,False,
109066,verano_2024,2024-06-25,email,False,,False,
112613,verano_2024,2024-06-29,email,False,,False,
104558,verano_2024,2024-06-16,sms,,,True,2024-07-09
107813,verano_2024,2024-06-25,email,True,True,False,
106298,verano_2024,2024-06-20,push,,,False,
114229,verano_2024,2024-06-27,email,True,False,False,
111389,verano_2024,2024-06-20,email,False,,False,
103274,verano_2024,2024-06-22,email,True,False,False,
101133,verano_2024,2024-06-17,email,True,True,True,2024-08-15
110643,verano_2024,2024-06-22,email,False,,False,
110522,verano_2024,2024-06-15,push,,,True,2024-08-07
110828,verano_2024,2024-06-29,email,False,,False,
106243,verano_2024,2024-06-17,sms,,,False,
111799,verano_2024,2024-06-21,email,False,,False,
114596,verano_2024,2024-06-21,email,True,False,False,
107424,verano_2024,2024-06-22,email,False,,False,
111325,verano_2024,2024-06-23,email,True,False,False,
110153,verano_2024,2024-06-15,push,,,False,
111204,verano_2024,2024-06-21,email,False,,False,
113182,verano_2024,2024-06-15,push,,,False,
105521,verano_2024,2024-06-21,email,True,False,False,
109409,verano_2024,2024-06-25,sms,,,False,
113558,verano_2024,2024-06-24,sms,,,False,
114832,verano_2024,2024-06-17,sms,,,False,
109257,verano_2024,2024-06-24,email,True,False,False,
103787,verano_2024,2024-06-23,sms,,,True,2024-08-23
111570,verano_2024,2024-06-22,push,,,True,2024-07-26
108346,verano_2024,2024-06-25,push,,,False,
102162,verano_2024,2024-06-28,Email,True,False,False,
103009,verano_2024,2024-06-24,push_notification,,,False,
101106,verano_2024,2024-06-29,Email,True,False,False,
111472,verano_2024,2024-06-22,email,False,,False,
100693,verano_2024,2024-06-27,email,True,True,False,
112182,verano_2024,2024-06-19,email,False,,False,
104957,verano_2024,2024-06-23,email,False,,False,
108308,verano_2024,2024-06-15,push,,,False,
102766,verano_2024,2024-06-18,push,,,False,
103930,verano_2024,2024-06-20,email,True,False,False,
114227,verano_2024,2024-06-21,email,False,,True,2024-08-12
107779,verano_2024,2024-06-25,email,False,,False,
111240,verano_2024,2024-06-21,push,,,False,
100629,verano_2024,2024-06-20,email,False,,False,
102452,verano_2024,2024-06-25,email,False,,False,
111109,verano_2024,2024-06-24,email,False,,False,
103825,verano_2024,2024-06-25,email,True,False,False,
113990,verano_2024,2024-06-17,Email,False,,False,
110845,verano_2024,2024-06-27,email,False,,False,
100392,verano_2024,2024-06-19,email,True,False,False,
103744,verano_2024,2024-06-20,email,False,,False,
102177,verano_2024,2024-06-29,email,False,,False,
106690,verano_2024,2024-06-18,Email,True,False,False,
108859,verano_2024,2024-06-25,email,True,False,False,
103319,verano_2024,2024-06-24,email,True,True,False,
111289,verano_2024,2024-06-20,sms,,,True,2024-08-29
109654,verano_2024,2024-06-16,email,False,,False,
107433,verano_2024,2024-06-20,email,False,,False,
102788,verano_2024,2024-06-29,push,,,True,
101197,verano_2024,2024-06-17,push,,,True,2024-07-12
101677,verano_2024,2024-06-29,email,False,,False,
103948,verano_2024,2024-06-18,push,,,True,
107619,verano_2024,2024-06-24,push,,,True,2024-08-16
104445,verano_2024,2024-06-28,push,,,False,
114329,verano_2024,2024-06-15,email,False,,False,
105723,verano_2024,2024-06-19,email,True,False,False,
112122,verano_2024,2024-06-24,email,True,False,True,2024-07-19
110696,verano_2024,2024-06-25,Email,False,,False,
113205,verano_2024,2024-06-28,sms,,,True,2024-07-08
102370,verano_2024,2024-06-19,email,True,False,False,
104968,verano_2024,2024-06-15,SMS,,,False,
102218,verano_2024,2024-06-26,email,False,,False,
108149,verano_2024,2024-06-20,email,False,,False,
110411,verano_2024,2024-06-18,push,,,True,2024-07-17
103327,verano_2024,2024-06-26,email,True,False,False,
112779,verano_2024,2024-06-21,email,True,False,False,
103584,verano_2024,2024-06-26,SMS,,,False,
115218,verano_2024,2024-06-28,email,False,,False,
103620,verano_2024,2024-06-26,push,,,True,2024-08-19
106218,verano_2024,2024-06-24,email,True,False,False,
102469,verano_2024,2024-06-24,email,False,,False,
108278,verano_2024,2024-06-27,email,False,,False,
113181,verano_2024,2024-06-18,email,True,False,False,
105974,verano_2024,2024-06-25,push_notification,,,False,
110994,verano_2024,2024-06-21,push,,,False,
103668,verano_2024,2024-06-19,email,False,,False,
105159,verano_2024,2024-06-28,push,,,False,
107595,verano_2024,2024-06-28,email,False,,False,
106977,verano_2024,2024-06-15,email,False,,False,
110212,verano_2024,2024-06-25,sms,,,False,
103424,verano_2024,2024-06-26,email,True,False,False,
110718,verano_2024,2024-06-19,push,,,False,
108200,verano_2024,2024-06-25,email,False,,False,
102410,verano_2024,2024-06-27,email,True,False,False,
103213,verano_2024,2024-06-29,email,False,,False,
113333,verano_2024,2024-06-28,email,True,False,False,
105367,verano_2024,2024-06-18,push,,,True,2024-08-30
111571,verano_2024,2024-06-19,email,False,,True,
102896,verano_2024,2024-06-15,push,,,True,2024-07-02
113631,verano_2024,2024-06-23,sms,,,True,2024-07-23
114355,verano_2024,2024-06-26,push,,,False,
103643,verano_2024,2024-06-29,push,,,True,2024-07-06
111530,verano_2024,2024-06-22,email,False,,False,
111456,verano_2024,2024-06-27,push,,,False,
113063,verano_2024,2024-06-21,email,True,False,False,
109476,verano_2024,2024-06-26,sms,,,False,
110194,verano_2024,2024-06-22,push,,,False,
113417,verano_2024,2024-06-18,email,False,,False,
109062,verano_2024,2024-06-25,push,,,False,
115081,verano_2024,2024-06-27,email,False,,False,
113970,verano_2024,2024-06-28,email,False,,False,
108549,verano_2024,2024-06-19,email,False,,False,
105543,verano_2024,2024-06-20,email,False,,False,
105452,verano_2024,2024-06-20,push,,,True,2024-07-28
107161,verano_2024,2024-06-22,email,False,,False,
110686,verano_2024,2024-06-22,email,True,False,False,
107867,verano_2024,2024-06-28,sms,,,True,2024-08-17
102744,verano_2024,2024-06-26,push,,,True,2024-08-30
110083,verano_2024,2024-06-19,push,,,False,
109798,verano_2024,2024-06-18,sms,,,False,
104959,verano_2024,2024-06-20,push,,,True,2024-08-03
112797,verano_2024,2024-06-16,push,,,False,
110573,verano_2024,2024-06-16,email,False,,False,
106475,verano_2024,2024-06-19,email,True,True,True,2024-07-08
107889,verano_2024,2024-06-28,sms,,,True,2024-07-28
108812,verano_2024,2024-06-15,sms,,,False,
100493,verano_2024,2024-06-19,email,False,,False,
112434,verano_2024,2024-06-16,email,False,,False,
101117,verano_2024,2024-06-16,sms,,,False,
105638,verano_2024,2024-06-20,email,False,,False,
113684,verano_2024,2024-06-25,email,True,False,False,
111519,verano_2024,2024-06-27,sms,,,True,2024-08-20
114097,verano_2024,2024-06-25,email,False,,False,
113412,verano_2024,2024-06-16,email,False,,False,
106590,verano_2024,2024-06-16,email,False,,False,
114135,verano_2024,2024-06-21,email,False,,False,
107558,verano_2024,2024-06-16,email,False,,False,
110693,verano_2024,2024-06-23,email,True,False,False,
112450,verano_2024,2024-06-16,email,False,,False,
105242,verano_2024,2024-06-20,email,False,,False,
114403,verano_2024,2024-06-17,email,True,False,False,
102784,verano_2024,2024-06-28,Email,False,,False,
111442,verano_2024,2024-06-25,email,True,True,True,2024-07-09
110662,verano_2024,2024-06-20,email,False,,False,
101697,verano_2024,2024-06-27,email,True,False,False,
105686,verano_2024,2024-06-25,sms,,,False,
102296,verano_2024,2024-06-20,email,True,False,False,
105940,verano_2024,2024-06-21,email,True,False,False,
107764,verano_2024,2024-06-19,sms,,,False,
110245,verano_2024,2024-06-29,push,,,True,2024-07-02
109969,verano_2024,2024-06-16,email,False,,False,
111034,verano_2024,2024-06-17,email,True,False,False,
103314,verano_2024,2024-06-15,push,,,True,2024-08-17
104782,verano_2024,2024-06-25,email,False,,False,
108351,verano_2024,2024-06-16,email,False,,False,
111585,verano_2024,2024-06-26,email,False,,True,2024-08-16
109785,verano_2024,2024-06-25,email,True,False,False,
109916,verano_2024,2024-06-29,email,True,False,False,
107606,verano_2024,2024-06-16,push,,,True,2024-07-25
100216,verano_2024,2024-06-20,push,,,True,2024-08-14
106708,verano_2024,2024-06-19,push,,,True,2024-07-21
112824,verano_2024,2024-06-19,email,False,,False,
108683,verano_2024,2024-06-20,email,False,,False,
114231,verano_2024,2024-06-27,email,True,False,False,
103484,verano_2024,2024-06-25,sms,,,False,
107007,verano_2024,2024-06-19,email,True,True,False,
105103,verano_2024,2024-06-17,push,,,False,
106600,verano_2024,2024-06-18,sms,,,False,
103765,verano_2024,2024-06-26,sms,,,False,
114546,verano_2024,2024-06-25,Email,True,False,False,
106411,verano_2024,2024-06-24,email,False,,False,
111784,verano_2024,2024-06-29,push,,,True,
100026,verano_2024,2024-06-23,Email,False,,False,
110602,verano_2024,2024-06-26,email,False,,False,
107660,verano_2024,2024-06-22,email,False,,False,
113581,verano_2024,2024-06-25,sms,,,True,2024-07-10
109745,verano_2024,2024-06-20,email,False,,False,
114342,verano_2024,2024-06-27,email,False,,True,2024-07-24
113427,verano_2024,2024-06-21,push,,,False,
106684,verano_2024,2024-06-17,push,,,False,
109172,verano_2024,2024-06-15,email,True,False,False,
110848,verano_2024,2024-06-18,push,,,False,
110040,verano_2024,2024-06-23,email,True,False,False,
112805,verano_2024,2024-06-25,email,True,False,False,
108585,verano_2024,2024-06-17,push,,,False,
112011,verano_2024,2024-06-16,push,,,False,
113385,verano_2024,2024-06-17,email,False,,False,
111935,verano_2024,2024-06-23,sms,,,False,
115025,verano_2024,2024-06-25,sms,,,True,2024-07-29
112891,verano_2024,2024-06-22,email,True,True,False,
101103,verano_2024,2024-06-27,push,,,False,
103277,verano_2024,2024-06-22,email,False,,False,
105346,verano_2024,2024-06-21,sms,,,False,
112241,verano_2024,2024-06-26,push,,,True,2024-08-10
114143,verano_2024,2024-06-19,sms,,,True,
113711,verano_2024,2024-06-21,email,False,,False,
108836,verano_2024,2024-06-24,email,True,False,False,
111294,verano_2024,2024-06-18,email,False,,False,
102208,verano_2024,2024-06-17,sms,,,False,
104553,verano_2024,2024-06-23,email,False,,False,
104403,verano_2024,2024-06-20,push,,,False,
107396,verano_2024,2024-06-27,email,True,True,False,
103719,verano_2024,2024-06-20,email,False,,False,
100973,verano_2024,2024-06-19,push,,,True,2024-08-22
104580,verano_2024,2024-06-15,push,,,False,
106517,verano_2024,2024-06-16,push,,,False,
100720,verano_2024,2024-06-19,Email,False,,False,
106156,verano_2024,2024-06-18,sms,,,True,2024-07-20
114699,verano_2024,2024-06-20,email,True,False,False,
102804,verano_2024,2024-06-19,email,False,,False,
102567,verano_2024,2024-06-16,email,True,True,True,2024-07-03
104026,verano_2024,2024-06-19,email,False,,False,
106199,verano_2024,2024-06-26,SMS,,,True,2024-08-19
108225,verano_2024,2024-06-24,push,,,False,
113766,verano_2024,2024-06-29,email,True,False,False,
104064,verano_2024,2024-06-21,push,,,False,
109890,verano_2024,2024-06-19,email,True,False,False,
102793,verano_2024,2024-06-15,push,,,False,
105819,verano_2024,2024-06-28,sms,,,True,2024-08-23
103867,verano_2024,2024-06-19,push,,,True,2024-07-24
111256,verano_2024,2024-06-29,SMS,,,False,
113496,verano_2024,2024-06-26,email,False,,False,
114162,verano_2024,2024-06-16,email,True,False,False,
111829,verano_2024,2024-06-17,email,False,,False,
103228,verano_2024,2024-06-25,email,False,,False,
104215,verano_2024,2024-06-22,Email,False,,False,
103924,verano_2024,2024-06-23,email,True,True,True,2024-08-04
110470,verano_2024,2024-06-18,push,,,False,
111611,verano_2024,2024-06-29,push,,,True,2024-07-04
101402,verano_2024,2024-06-29,push,,,False,
108932,verano_2024,2024-06-15,email,True,False,False,
107704,verano_2024,2024-06-28,email,True,True,False,
103254,verano_2024,2024-06-21,email,True,False,False,
113448,verano_2024,2024-06-25,email,False,,False,
102662,verano_2024,2024-06-23,email,False,,False,
102159,verano_2024,2024-06-27,push,,,False,
108089,verano_2024,2024-06-15,push,,,False,
100675,verano_2024,2024-06-21,Email,True,False,False,
111834,verano_2024,2024-06-28,email,False,,False,
107012,verano_2024,2024-06-27,push,,,True,2024-08-24
112656,verano_2024,2024-06-16,push,,,False,
110198,verano_2024,2024-06-26,email,False,,False,
103842,verano_2024,2024-06-25,push,,,False,
101816,verano_2024,2024-06-27,email,True,True,False,
112962,verano_2024,2024-06-29,email,False,,False,
102101,verano_2024,2024-06-25,email,False,,False,
113733,verano_2024,2024-06-27,email,True,True,True,2024-08-16
106709,verano_2024,2024-06-20,email,False,,False,
101674,verano_2024,2024-06-28,sms,,,False,
110294,verano_2024,2024-06-25,push,,,True,2024-07-02
104214,verano_2024,2024-06-25,email,True,False,False,
111733,verano_2024,2024-06-26,push,,,False,
111316,verano_2024,2024-06-25,push,,,False,
101549,verano_2024,2024-06-17,email,False,,False,
111576,verano_2024,2024-06-25,email,True,True,False,
108548,verano_2024,2024-06-20,sms,,,True,2024-08-19
105185,verano_2024,2024-06-26,push,,,True,2024-08-24
101462,verano_2024,2024-06-24,email,True,False,False,
114624,verano_2024,2024-06-22,email,False,,False,
103221,verano_2024,2024-06-27,push,,,False,
113133,verano_2024,2024-06-27,push,,,True,2024-08-13
114271,verano_2024,2024-06-18,email,False,,False,
107171,verano_2024,2024-06-21,email,True,False,True,2024-07-15
107431,verano_2024,2024-06-27,push,,,True,2024-07-06
114854,verano_2024,2024-06-28,email,True,False,False,
101752,verano_2024,2024-06-17,sms,,,False,
103977,verano_2024,2024-06-25,push,,,True,2024-08-30
108354,verano_2024,2024-06-19,push,,,True,2024-07-22
101773,verano_2024,2024-06-29,email,True,False,False,
109389,verano_2024,2024-06-16,email,True,False,False,
110071,verano_2024,2024-06-18,push,,,False,
110861,verano_2024,2024-06-16,email,True,True,False,
102017,verano_2024,2024-06-28,email,True,True,True,2024-08-07
102006,verano_2024,2024-06-28,push,,,True,2024-07-18
103894,verano_2024,2024-06-19,email,True,False,False,
103238,verano_2024,2024-06-16,email,False,,False,
104425,verano_2024,2024-06-26,push,,,True,2024-08-06
110271,verano_2024,2024-06-27,push,,,False,
108589,verano_2024,2024-06-27,push,,,False,
110981,verano_2024,2024-06-21,email,False,,True,2024-07-23
102258,verano_2024,2024-06-15,email,False,,False,
104073,verano_2024,2024-06-20,email,False,,False,
105575,verano_2024,2024-06-24,push_notification,,,False,
109084,verano_2024,2024-06-23,push,,,False,
114809,verano_2024,2024-06-28,email,False,,False,
105356,verano_2024,2024-06-20,email,True,False,False,
108419,verano_2024,2024-06-21,email,False,,False,
106094,verano_2024,2024-06-22,email,False,,False,
107936,verano_2024,2024-06-24,email,True,False,False,
115215,verano_2024,2024-06-21,email,False,,False,
101520,verano_2024,2024-06-27,push,,,False,
112725,verano_2024,2024-06-29,sms,,,True,2024-08-09
101379,verano_2024,2024-06-16,Email,False,,False,
105673,verano_2024,2024-06-24,push,,,True,2024-07-22
109216,verano_2024,2024-06-28,sms,,,False,
102588,verano_2024,2024-06-18,email,False,,False,
115200,verano_2024,2024-06-29,push,,,True,2024-08-10
105622,verano_2024,2024-06-28,email,True,False,False,
112278,verano_2024,2024-06-28,email,True,False,False,
111050,verano_2024,2024-06-29,email,False,,False,
112822,verano_2024,2024-06-17,push,,,True,2024-08-10
105843,verano_2024,2024-06-24,email,False,,False,
107123,verano_2024,2024-06-26,email,False,,False,
105833,verano_2024,2024-06-29,email,True,False,False,
109822,verano_2024,2024-06-20,email,True,False,False,
104889,verano_2024,2024-06-18,email,False,,False,
105905,verano_2024,2024-06-24,push,,,False,
100523,verano_2024,2024-06-22,email,True,False,True,2024-07-05
108044,verano_2024,2024-06-16,email,True,False,False,
103608,verano_2024,2024-06-29,email,True,False,False,
109121,verano_2024,2024-06-24,email,False,,False,
100235,verano_2024,2024-06-28,push,,,False,
103797,verano_2024,2024-06-24,email,True,False,True,2024-07-17
106319,verano_2024,2024-06-25,push,,,True,2024-08-15
107095,verano_2024,2024-06-17,email,True,False,False,
110203,verano_2024,2024-06-19,email,False,,False,
101949,verano_2024,2024-06-23,email,False,,False,
106362,verano_2024,2024-06-21,email,False,,False,
114645,verano_2024,2024-06-15,push,,,True,2024-08-17
112213,verano_2024,2024-06-25,email,False,,False,
106092,verano_2024,2024-06-25,push,,,False,
110864,verano_2024,2024-06-26,email,False,,False,
114158,verano_2024,2024-06-29,email,False,,False,
102225,verano_2024,2024-06-22,email,False,,False,
109299,verano_2024,2024-06-17,email,False,,True,2024-07-02
114093,verano_2024,2024-06-21,email,False,,False,
105572,verano_2024,2024-06-19,email,True,False,False,
104524,verano_2024,2024-06-25,email,True,False,False,
105794,verano_2024,2024-06-28,push,,,False,
113693,verano_2024,2024-06-15,email,False,,False,
105739,verano_2024,2024-06-27,sms,,,False,
102625,verano_2024,2024-06-19,email,False,,False,
104729,verano_2024,2024-06-29,push,,,False,
107819,verano_2024,2024-06-22,push,,,True,2024-07-15
108860,verano_2024,2024-06-22,push,,,False,
114207,verano_2024,2024-06-28,push,,,False,
109081,verano_2024,2024-06-21,push,,,False,
111572,verano_2024,2024-06-21,email,False,,False,
102438,verano_2024,2024-06-15,push,,,True,2024-07-06
106057,verano_2024,2024-06-20,sms,,,False,
109010,verano_2024,2024-06-26,email,True,False,False,
106353,verano_2024,2024-06-20,email,False,,False,
110534,verano_2024,2024-06-15,email,False,,False,
103168,verano_2024,2024-06-25,email,False,,False,
101810,verano_2024,2024-06-18,email,False,,False,
112603,verano_2024,2024-06-25,email,True,False,False,
107162,verano_2024,2024-06-23,email,False,,True,2024-08-26
109457,verano_2024,2024-06-22,email,False,,False,
105087,verano_2024,2024-06-17,email,False,,True,2024-07-30
112541,verano_2024,2024-06-27,sms,,,True,2024-08-19
107017,verano_2024,2024-06-15,email,True,False,False,
112126,verano_2024,2024-06-24,push,,,True,2024-07-22
104946,verano_2024,2024-06-15,email,False,,False,
106047,verano_2024,2024-06-26,email,False,,False,
113150,verano_2024,2024-06-28,email,False,,False,
114535,verano_2024,2024-06-15,email,False,,True,2024-07-18
106920,verano_2024,2024-06-15,email,False,,False,
107227,verano_2024,2024-06-26,push,,,False,
101229,verano_2024,2024-06-16,Email,True,False,False,
111989,verano_2024,2024-06-29,email,True,False,False,
106847,verano_2024,2024-06-17,email,False,,False,
108245,verano_2024,2024-06-18,sms,,,False,
112036,verano_2024,2024-06-29,email,False,,False,
106556,verano_2024,2024-06-28,push,,,False,
100160,verano_2024,2024-06-23,email,False,,False,
108852,verano_2024,2024-06-18,push,,,True,2024-07-07
109780,verano_2024,2024-06-23,email,False,,False,
101590,verano_2024,2024-06-17,email,False,,False,
114774,verano_2024,2024-06-29,email,True,False,False,
114751,verano_2024,2024-06-21,email,False,,False,
106688,verano_2024,2024-06-17,email,True,True,True,2024-07-01
114557,verano_2024,2024-06-29,push,,,False,
111711,verano_2024,2024-06-22,email,False,,False,
110577,verano_2024,2024-06-17,email,False,,False,
112769,verano_2024,2024-06-20,email,True,True,False,
107481,verano_2024,2024-06-27,email,True,True,True,2024-07-18
114434,verano_2024,2024-06-17,sms,,,False,
101557,verano_2024,2024-06-27,push,,,False,
102829,verano_2024,2024-06-27,email,False,,True,2024-07-02
100437,verano_2024,2024-06-21,push,,,False,
105790,verano_2024,2024-06-27,email,True,True,True,2024-08-04
112701,verano_2024,2024-06-20,email,False,,False,
101589,verano_2024,2024-06-27,push,,,False,
107399,verano_2024,2024-06-25,email,True,True,False,
102781,verano_2024,2024-06-27,push,,,False,
113996,verano_2024,2024-06-15,email,False,,False,
109243,verano_2024,2024-06-16,email,False,,False,
105687,verano_2024,2024-06-25,push,,,True,2024-07-27
103966,verano_2024,2024-06-23,email,True,False,False,
104728,verano_2024,2024-06-20,email,True,False,False,
109166,verano_2024,2024-06-21,email,True,False,True,2024-07-01
101239,verano_2024,2024-06-28,email,False,,False,
102952,verano_2024,2024-06-29,email,True,True,False,
110535,verano_2024,2024-06-27,sms,,,True,2024-07-03
111352,verano_2024,2024-06-27,sms,,,True,2024-07-19
112023,verano_2024,2024-06-29,email,False,,False,
114339,verano_2024,2024-06-17,email,False,,False,
101498,verano_2024,2024-06-17,email,True,False,False,
106466,verano_2024,2024-06-22,push,,,False,
107356,verano_2024,2024-06-27,sms,,,False,
107824,verano_2024,2024-06-27,push,,,True,2024-07-21
107548,verano_2024,2024-06-29,email,True,True,True,2024-07-10
107914,verano_2024,2024-06-29,email,True,True,True,2024-08-20
110615,verano_2024,2024-06-20,email,True,True,True,2024-08-14
113336,verano_2024,2024-06-23,Email,True,False,False,
105186,verano_2024,2024-06-19,push,,,False,
105648,verano_2024,2024-06-20,email,True,True,False,
114637,verano_2024,2024-06-17,email,False,,False,
105243,verano_2024,2024-06-23,email,True,False,False,
102131,verano_2024,2024-06-22,email,False,,False,
102093,verano_2024,2024-06-17,email,False,,True,2024-07-05
105410,verano_2024,2024-06-24,push,,,True,2024-08-29
100188,verano_2024,2024-06-17,email,False,,False,
111652,verano_2024,2024-06-26,push,,,True,2024-07-07
107939,verano_2024,2024-06-17,email,False,,True,2024-08-29
103656,verano_2024,2024-06-16,email,True,True,True,2024-08-09
103427,verano_2024,2024-06-23,push,,,False,
111927,verano_2024,2024-06-22,email,False,,False,
101382,verano_2024,2024-06-26,email,False,,False,
114945,verano_2024,2024-06-24,email,True,False,False,
108606,verano_2024,2024-06-15,push,,,False,
107428,verano_2024,2024-06-25,push,,,True,2024-07-28
105038,verano_2024,2024-06-28,email,False,,False,
104898,verano_2024,2024-06-23,email,False,,False,
103176,verano_2024,2024-06-16,email,True,False,False,
113258,verano_2024,2024-06-25,email,True,True,True,2024-07-21
112562,verano_2024,2024-06-23,sms,,,False,
108449,verano_2024,2024-06-25,push,,,False,
113183,verano_2024,2024-06-26,email,True,False,False,
102236,verano_2024,2024-06-15,email,False,,False,
108069,verano_2024,2024-06-25,email,False,,False,
109960,verano_2024,2024-06-15,push_notification,,,True,2024-07-20
104237,verano_2024,2024-06-18,email,True,False,False,
111540,verano_2024,2024-06-18,email,False,,False,
114230,verano_2024,2024-06-21,email,True,True,True,2024-07-03
111902,verano_2024,2024-06-21,email,False,,False,
109765,verano_2024,2024-06-20,email,True,False,False,
100025,verano_2024,2024-06-15,email,False,,False,
103364,verano_2024,2024-06-25,push,,,True,2024-07-07
101089,verano_2024,2024-06-18,Email,True,False,False,
110887,verano_2024,2024-06-25,email,False,,False,
108734,verano_2024,2024-06-25,email,False,,False,
114264,verano_2024,2024-06-18,email,False,,False,
102842,verano_2024,2024-06-23,push_notification,,,False,
110504,verano_2024,2024-06-17,Email,False,,False,
107538,verano_2024,2024-06-16,email,False,,False,
107471,verano_2024,2024-06-18,email,False,,False,
114519,verano_2024,2024-06-28,sms,,,False,
104153,verano_2024,2024-06-15,email,False,,True,2024-07-04
109502,verano_2024,2024-06-25,email,True,True,False,
100696,verano_2024,2024-06-28,email,True,False,False,
114303,verano_2024,2024-06-28,sms,,,True,2024-08-15
106338,verano_2024,2024-06-20,sms,,,True,2024-07-02
101228,verano_2024,2024-06-22,Email,True,True,False,
102000,verano_2024,2024-06-19,push,,,True,2024-07-10
100277,verano_2024,2024-06-18,push,,,True,2024-07-16
111826,verano_2024,2024-06-28,email,False,,False,
105930,verano_2024,2024-06-21,email,False,,False,
102954,verano_2024,2024-06-29,email,False,,False,
103638,verano_2024,2024-06-17,email,False,,False,
103907,verano_2024,2024-06-16,email,True,False,False,
104779,verano_2024,2024-06-17,email,False,,False,
105846,verano_2024,2024-06-26,sms,,,False,
115094,verano_2024,2024-06-15,push,,,True,2024-08-09
104118,verano_2024,2024-06-20,push,,,False,
111786,verano_2024,2024-06-24,push,,,False,
101138,verano_2024,2024-06-16,Email,True,False,True,2024-08-03
102768,verano_2024,2024-06-27,email,False,,True,
108183,verano_2024,2024-06-24,email,True,False,False,
114529,verano_2024,2024-06-28,push,,,True,2024-08-03
112335,verano_2024,2024-06-28,push,,,True,2024-08-05
107662,verano_2024,2024-06-15,sms,,,True,2024-08-09
109135,verano_2024,2024-06-21,sms,,,False,
111563,verano_2024,2024-06-27,email,True,False,False,
102491,verano_2024,2024-06-22,push,,,False,
115071,verano_2024,2024-06-23,email,False,,False,
107743,verano_2024,2024-06-29,email,False,,False,
103936,verano_2024,2024-06-17,push,,,True,2024-08-03
102385,verano_2024,2024-06-21,email,False,,False,
108017,verano_2024,2024-06-20,email,False,,False,
107085,verano_2024,2024-06-28,email,False,,False,
100116,verano_2024,2024-06-17,email,False,,False,
101864,verano_2024,2024-06-24,email,True,False,False,
110751,verano_2024,2024-06-20,push,,,False,
103120,verano_2024,2024-06-26,push,,,False,
104259,verano_2024,2024-06-22,email,False,,False,
114383,verano_2024,2024-06-25,email,True,True,True,2024-07-31
113178,verano_2024,2024-06-17,push,,,False,
102820,verano_2024,2024-06-23,sms,,,False,
111860,verano_2024,2024-06-22,email,False,,False,
111679,verano_2024,2024-06-16,push,,,True,2024-07-27
114159,verano_2024,2024-06-18,email,True,False,False,
104700,verano_2024,2024-06-25,email,True,False,False,
103803,verano_2024,2024-06-22,email,False,,False,
106069,verano_2024,2024-06-18,email,False,,False,
103537,verano_2024,2024-06-17,Email,False,,False,
103826,verano_2024,2024-06-24,email,True,True,False,
106643,verano_2024,2024-06-17,Email,True,False,False,
113470,verano_2024,2024-06-22,email,False,,False,
101947,verano_2024,2024-06-19,email,False,,False,
114913,verano_2024,2024-06-27,sms,,,False,
112614,verano_2024,2024-06-21,email,False,,False,
112981,verano_2024,2024-06-21,email,True,True,False,
109803,verano_2024,2024-06-27,email,True,False,False,
107270,verano_2024,2024-06-18,push,,,False,
112138,verano_2024,2024-06-16,email,True,True,True,2024-08-06
107930,verano_2024,2024-06-19,push,,,True,2024-08-21
107167,verano_2024,2024-06-26,email,True,False,False,
106964,verano_2024,2024-06-27,email,True,False,True,2024-07-11
105868,verano_2024,2024-06-28,push,,,False,
110860,verano_2024,2024-06-17,email,False,,False,
110387,verano_2024,2024-06-29,sms,,,False,
100883,verano_2024,2024-06-17,push,,,False,
100558,verano_2024,2024-06-27,email,False,,False,
112627,verano_2024,2024-06-18,email,False,,False,
101208,verano_2024,2024-06-20,push,,,False,
111789,verano_2024,2024-06-23,push,,,False,
107685,verano_2024,2024-06-28,push,,,True,2024-07-22
112022,verano_2024,2024-06-29,push,,,False,
109703,verano_2024,2024-06-20,push,,,False,
106539,verano_2024,2024-06-17,push,,,True,2024-07-13
110486,verano_2024,2024-06-16,sms,,,False,
103212,verano_2024,2024-06-23,push,,,True,2024-07-19
103631,verano_2024,2024-06-21,push,,,False,
101709,verano_2024,2024-06-29,sms,,,True,2024-07-14
112845,verano_2024,2024-06-25,email,False,,False,
108459,verano_2024,2024-06-20,push,,,False,
101141,verano_2024,2024-06-20,sms,,,True,2024-07-06
103163,verano_2024,2024-06-27,email,False,,False,
106208,verano_2024,2024-06-24,push,,,True,2024-08-21
113106,verano_2024,2024-06-20,email,False,,False,
103731,verano_2024,2024-06-27,email,True,False,False,
110102,verano_2024,2024-06-24,push,,,False,
112020,verano_2024,2024-06-24,email,False,,False,
102661,verano_2024,2024-06-17,email,True,False,False,
108849,verano_2024,2024-06-18,email,False,,False,
101308,verano_2024,2024-06-16,email,True,False,False,
102568,verano_2024,2024-06-18,push,,,False,
109191,verano_2024,2024-06-26,push,,,False,
102835,verano_2024,2024-06-21,push,,,False,
114902,verano_2024,2024-06-25,email,True,False,False,
109430,verano_2024,2024-06-21,email,False,,False,
102152,verano_2024,2024-06-23,email,True,False,False,
112135,verano_2024,2024-06-17,sms,,,True,2024-08-11
103836,verano_2024,2024-06-29,push,,,False,
115089,verano_2024,2024-06-19,email,False,,False,
114889,verano_2024,2024-06-27,push,,,True,2024-08-07
112792,verano_2024,2024-06-15,sms,,,True,2024-07-30
110379,verano_2024,2024-06-22,email,True,False,False,
109327,verano_2024,2024-06-23,email,True,False,False,
105005,verano_2024,2024-06-21,SMS,,,True,2024-07-17
106627,verano_2024,2024-06-27,sms,,,True,2024-07-04
109496,verano_2024,2024-06-22,push,,,True,2024-07-23
101628,verano_2024,2024-06-16,push,,,False,
112459,verano_2024,2024-06-28,push,,,False,
109715,verano_2024,2024-06-25,push,,,False,
100359,verano_2024,2024-06-26,sms,,,False,
100139,verano_2024,2024-06-20,push,,,False,
108492,verano_2024,2024-06-26,email,False,,False,
109749,verano_2024,2024-06-26,sms,,,True,2024-08-05
100383,verano_2024,2024-06-22,email,False,,False,
111182,verano_2024,2024-06-26,sms,,,False,
111725,verano_2024,2024-06-15,email,False,,False,
104858,verano_2024,2024-06-28,sms,,,False,
114483,verano_2024,2024-06-20,email,False,,False,
113847,verano_2024,2024-06-25,push,,,True,2024-08-06
101440,verano_2024,2024-06-21,email,False,,False,
109570,verano_2024,2024-06-28,push,,,False,
100947,verano_2024,2024-06-18,email,True,False,False,
112903,verano_2024,2024-06-18,push,,,False,
105499,verano_2024,2024-06-15,email,False,,False,
104917,verano_2024,2024-06-15,push,,,False,
108557,verano_2024,2024-06-27,email,True,True,True,2024-07-18
110914,verano_2024,2024-06-19,push,,,False,
101933,verano_2024,2024-06-26,email,True,False,False,
102353,verano_2024,2024-06-19,email,False,,False,
103237,verano_2024,2024-06-23,push,,,True,2024-08-16
114780,verano_2024,2024-06-20,push,,,False,
109494,verano_2024,2024-06-20,push,,,False,
112879,verano_2024,2024-06-24,push,,,False,
103808,verano_2024,2024-06-23,email,False,,False,
114341,verano_2024,2024-06-23,email,True,True,True,2024-07-16
101937,verano_2024,2024-06-22,email,False,,False,
104155,verano_2024,2024-06-22,push,,,False,
108989,verano_2024,2024-06-16,push,,,False,
102417,verano_2024,2024-06-24,push,,,False,
111904,verano_2024,2024-06-20,push,,,False,
106140,verano_2024,2024-06-29,push,,,False,
100786,verano_2024,2024-06-29,sms,,,False,
106790,verano_2024,2024-06-15,email,False,,False,
111351,verano_2024,2024-06-20,email,False,,False,
108037,verano_2024,2024-06-28,email,True,False,False,
108316,verano_2024,2024-06-28,push,,,False,
114741,verano_2024,2024-06-26,email,True,True,False,
105669,verano_2024,2024-06-27,Email,False,,False,
102173,verano_2024,2024-06-16,email,True,False,False,
102170,verano_2024,2024-06-21,push,,,True,2024-08-27
106629,verano_2024,2024-06-22,email,True,False,False,
104010,verano_2024,2024-06-27,email,False,,False,
104341,verano_2024,2024-06-23,email,True,False,False,
100911,verano_2024,2024-06-18,email,True,False,False,
106269,verano_2024,2024-06-24,email,False,,False,
102310,verano_2024,2024-06-26,Email,True,False,False,
110034,verano_2024,2024-06-24,Email,False,,False,
109450,verano_2024,2024-06-15,push,,,False,
106592,verano_2024,2024-06-28,push,,,False,
104459,verano_2024,2024-06-28,email,False,,False,
107598,verano_2024,2024-06-27,push,,,False,
109371,verano_2024,2024-06-19,email,False,,False,
114543,verano_2024,2024-06-28,email,True,False,False,
104653,verano_2024,2024-06-21,push,,,False,
106219,verano_2024,2024-06-29,sms,,,True,2024-07-10
100443,verano_2024,2024-06-25,email,False,,False,
103416,verano_2024,2024-06-24,push,,,False,
109592,verano_2024,2024-06-16,email,False,,False,
113622,verano_2024,2024-06-25,email,False,,False,
111921,verano_2024,2024-06-21,email,True,False,False,
109650,verano_2024,2024-06-29,email,True,False,False,
112191,verano_2024,2024-06-23,email,True,False,False,
105745,verano_2024,2024-06-21,email,False,,False,
101055,verano_2024,2024-06-26,email,False,,False,
111468,verano_2024,2024-06-28,email,True,True,False,
113589,verano_2024,2024-06-15,push,,,False,
103700,verano_2024,2024-06-19,push,,,True,2024-08-21
100930,verano_2024,2024-06-28,push,,,False,
106469,verano_2024,2024-06-15,email,False,,False,
108768,verano_2024,2024-06-23,email,False,,False,
101830,verano_2024,2024-06-29,email,True,False,False,
114283,verano_2024,2024-06-19,push,,,False,
114168,verano_2024,2024-06-18,push,,,True,2024-07-11
112030,verano_2024,2024-06-23,email,False,,False,
115022,verano_2024,2024-06-27,email,False,,False,
102012,verano_2024,2024-06-27,email,True,False,False,
100914,verano_2024,2024-06-23,email,False,,False,
112815,verano_2024,2024-06-21,push,,,False,
115158,verano_2024,2024-06-21,email,True,False,True,2024-08-09
115231,verano_2024,2024-06-16,email,False,,False,
102607,verano_2024,2024-06-26,sms,,,False,
111457,verano_2024,2024-06-22,email,True,False,False,
104929,verano_2024,2024-06-28,email,True,False,False,
109784,verano_2024,2024-06-24,email,True,False,False,
106565,verano_2024,2024-06-16,email,False,,False,
112672,verano_2024,2024-06-21,email,True,True,False,
100007,verano_2024,2024-06-19,sms,,,True,2024-07-05
111173,verano_2024,2024-06-17,push,,,False,
107836,verano_2024,2024-06-15,email,True,False,True,2024-07-20
106584,verano_2024,2024-06-29,push,,,False,
103362,verano_2024,2024-06-27,email,False,,False,
110136,verano_2024,2024-06-25,push,,,False,
112130,verano_2024,2024-06-16,email,False,,False,
101636,verano_2024,2024-06-25,email,True,True,False,
101142,verano_2024,2024-06-21,email,False,,False,
113596,verano_2024,2024-06-17,email,False,,False,
100360,verano_2024,2024-06-29,email,False,,False,
102071,verano_2024,2024-06-15,sms,,,False,
103135,verano_2024,2024-06-18,email,True,False,False,
105161,verano_2024,2024-06-17,email,True,False,False,
106991,verano_2024,2024-06-17,email,True,True,True,2024-07-09
103244,verano_2024,2024-06-25,Email,False,,False,
102243,verano_2024,2024-06-28,email,True,True,False,
101475,verano_2024,2024-06-29,email,False,,False,
113375,verano_2024,2024-06-18,email,True,False,False,
110082,verano_2024,2024-06-24,sms,,,False,
103260,verano_2024,2024-06-26,email,False,,False,
110214,verano_2024,2024-06-28,email,False,,False,
104021,verano_2024,2024-06-29,email,False,,False,
113765,verano_2024,2024-06-23,email,True,False,False,
108567,verano_2024,2024-06-29,push,,,True,2024-07-28
103501,verano_2024,2024-06-22,email,True,True,False,
102659,verano_2024,2024-06-27,push,,,False,
113161,verano_2024,2024-06-20,sms,,,True,2024-07-19
101131,verano_2024,2024-06-27,push,,,False,
114314,verano_2024,2024-06-15,email,False,,False,
101820,verano_2024,2024-06-25,email,False,,False,
107462,verano_2024,2024-06-23,email,False,,False,
113151,verano_2024,2024-06-23,push,,,False,
112160,verano_2024,2024-06-25,email,False,,False,
112708,verano_2024,2024-06-21,email,True,False,False,
107065,verano_2024,2024-06-21,email,True,False,False,
104319,verano_2024,2024-06-23,email,True,True,True,2024-07-13
109343,verano_2024,2024-06-17,email,False,,False,
104670,verano_2024,2024-06-23,email,False,,False,
109429,verano_2024,2024-06-21,email,True,False,False,
105477,verano_2024,2024-06-22,email,False,,False,
113670,verano_2024,2024-06-24,email,False,,False,
101857,verano_2024,2024-06-22,email,True,False,False,
102283,verano_2024,2024-06-27,email,False,,False,
113554,verano_2024,2024-06-22,email,True,False,False,
104009,verano_2024,2024-06-24,email,False,,False,
106402,verano_2024,2024-06-29,email,True,True,False,
114308,verano_2024,2024-06-28,email,False,,False,
114451,verano_2024,2024-06-23,email,True,False,False,
100387,verano_2024,2024-06-25,email,False,,False,
101629,verano_2024,2024-06-22,email,True,False,False,
110907,verano_2024,2024-06-18,push,,,True,2024-07-07
111905,verano_2024,2024-06-16,email,True,False,False,
114694,verano_2024,2024-06-29,push,,,True,2024-07-06
114527,verano_2024,2024-06-22,push,,,True,2024-07-24
107719,verano_2024,2024-06-17,email,False,,False,
111949,verano_2024,2024-06-24,email,True,False,False,
111382,verano_2024,2024-06-20,email,False,,False,
109102,verano_2024,2024-06-16,email,True,False,False,
114021,verano_2024,2024-06-18,Email,True,False,True,2024-07-31
110059,verano_2024,2024-06-22,email,False,,False,
101843,verano_2024,2024-06-16,email,True,False,False,
102498,verano_2024,2024-06-24,push,,,False,
100202,verano_2024,2024-06-24,email,True,False,False,
112498,verano_2024,2024-06-29,email,True,False,False,
103869,verano_2024,2024-06-22,sms,,,False,
105055,verano_2024,2024-06-18,email,False,,False,
105890,verano_2024,2024-06-19,email,True,False,False,
102703,verano_2024,2024-06-24,email,False,,True,2024-07-29
107923,verano_2024,2024-06-22,email,False,,False,
114073,verano_2024,2024-06-15,email,False,,True,2024-08-26
100332,verano_2024,2024-06-22,push,,,False,
103809,verano_2024,2024-06-15,email,False,,False,
100936,verano_2024,2024-06-24,push,,,True,2024-07-31
110652,verano_2024,2024-06-19,email,False,,False,
101775,verano_2024,2024-06-19,email,False,,False,
112244,verano_2024,2024-06-23,email,True,False,False,
108612,verano_2024,2024-06-26,push,,,False,
110879,verano_2024,2024-06-26,sms,,,True,2024-07-11
114251,verano_2024,2024-06-27,email,False,,False,
100990,verano_2024,2024-06-28,email,True,False,False,
105444,verano_2024,2024-06-15,Email,True,True,False,
112979,verano_2024,2024-06-16,email,False,,False,
106994,verano_2024,2024-06-17,Email,False,,False,
113314,verano_2024,2024-06-21,email,True,False,False,
105807,verano_2024,2024-06-21,email,False,,False,
113615,verano_2024,2024-06-22,email,False,,False,
113562,verano_2024,2024-06-25,push,,,False,
106575,verano_2024,2024-06-17,email,True,False,False,
103053,verano_2024,2024-06-19,email,True,False,False,
113463,verano_2024,2024-06-18,push,,,False,
108366,verano_2024,2024-06-18,push,,,True,2024-08-12
104616,verano_2024,2024-06-28,email,True,False,False,
103322,verano_2024,2024-06-22,email,True,False,False,
113143,verano_2024,2024-06-22,push,,,False,
106247,verano_2024,2024-06-22,push,,,False,
111565,verano_2024,2024-06-26,email,False,,False,
106049,verano_2024,2024-06-27,email,False,,False,
103312,verano_2024,2024-06-19,sms,,,False,
112102,verano_2024,2024-06-20,email,False,,False,
112008,verano_2024,2024-06-21,email,False,,False,
112236,verano_2024,2024-06-29,email,True,True,False,
114613,verano_2024,2024-06-18,email,True,False,False,
111197,verano_2024,2024-06-22,email,True,False,False,
111596,verano_2024,2024-06-26,push,,,False,
108211,verano_2024,2024-06-22,push,,,False,
111432,verano_2024,2024-06-21,email,False,,False,
103629,verano_2024,2024-06-26,email,True,False,False,
113810,verano_2024,2024-06-15,email,True,False,True,2024-07-19
110367,verano_2024,2024-06-25,email,True,True,True,2024-07-14
101357,verano_2024,2024-06-22,email,True,True,False,
105003,verano_2024,2024-06-28,Email,True,False,False,
112082,verano_2024,2024-06-27,push,,,False,
105824,verano_2024,2024-06-26,email,False,,False,
114800,verano_2024,2024-06-24,email,True,False,False,
105671,verano_2024,2024-06-15,email,True,False,True,2024-07-04
103113,verano_2024,2024-06-17,push,,,False,
100183,verano_2024,2024-06-17,email,False,,False,
110005,verano_2024,2024-06-23,email,False,,False,
100856,verano_2024,2024-06-27,push,,,False,
113125,verano_2024,2024-06-24,email,False,,False,
104913,verano_2024,2024-06-15,email,True,False,False,
113304,verano_2024,2024-06-29,sms,,,False,
101801,verano_2024,2024-06-24,push_notification,,,True,2024-07-11
110622,verano_2024,2024-06-27,sms,,,False,
105483,verano_2024,2024-06-17,Email,True,True,True,2024-08-07
112977,verano_2024,2024-06-27,email,True,False,True,2024-07-04
101969,verano_2024,2024-06-15,email,True,False,False,
112968,verano_2024,2024-06-20,push,,,True,2024-07-02
112680,verano_2024,2024-06-29,push_notification,,,False,
104698,verano_2024,2024-06-16,email,False,,False,
104988,verano_2024,2024-06-16,email,False,,False,
104651,verano_2024,2024-06-24,email,True,False,False,
101160,verano_2024,2024-06-22,email,True,False,False,
109406,verano_2024,2024-06-15,push,,,False,
114816,verano_2024,2024-06-29,email,False,,False,
101326,verano_2024,2024-06-20,email,True,False,False,
110289,verano_2024,2024-06-21,email,True,False,False,
112389,verano_2024,2024-06-23,email,False,,False,
104797,verano_2024,2024-06-22,email,False,,False,
106797,verano_2024,2024-06-17,push,,,False,
105809,verano_2024,2024-06-17,email,False,,True,2024-07-03
101456,verano_2024,2024-06-27,email,False,,False,
105411,verano_2024,2024-06-26,email,True,True,False,
108334,verano_2024,2024-06-25,sms,,,True,2024-08-17
102801,verano_2024,2024-06-27,email,False,,True,2024-07-29
109837,verano_2024,2024-06-22,push,,,False,
110333,verano_2024,2024-06-24,email,True,False,False,
107617,verano_2024,2024-06-19,email,True,False,False,
114132,verano_2024,2024-06-17,email,False,,False,
107816,verano_2024,2024-06-18,email,True,False,False,
104379,verano_2024,2024-06-19,email,True,False,False,
108922,verano_2024,2024-06-24,email,False,,False,
112367,verano_2024,2024-06-15,sms,,,False,
106717,verano_2024,2024-06-23,email,False,,False,
110129,verano_2024,2024-06-22,push,,,False,
103737,verano_2024,2024-06-21,email,False,,False,
102262,verano_2024,2024-06-26,email,False,,True,2024-07-31
107430,verano_2024,2024-06-15,email,False,,True,2024-08-02
104006,verano_2024,2024-06-26,email,True,True,False,
109303,verano_2024,2024-06-15,email,False,,False,
113989,verano_2024,2024-06-28,email,False,,False,
111191,verano_2024,2024-06-28,email,True,True,False,
102395,verano_2024,2024-06-21,email,False,,False,
101186,verano_2024,2024-06-15,push,,,False,
102008,verano_2024,2024-06-25,push,,,True,2024-07-21
100194,verano_2024,2024-06-27,email,False,,False,
113876,verano_2024,2024-06-19,email,True,True,True,2024-08-26
108771,verano_2024,2024-06-21,email,True,False,False,
105526,verano_2024,2024-06-20,email,False,,False,
100772,verano_2024,2024-06-27,email,False,,False,
110588,verano_2024,2024-06-19,email,False,,False,
101479,verano_2024,2024-06-23,sms,,,True,2024-08-11
101847,verano_2024,2024-06-23,email,True,False,False,
103741,verano_2024,2024-06-29,sms,,,False,
112432,verano_2024,2024-06-25,push,,,False,
100406,verano_2024,2024-06-15,email,False,,False,
114853,verano_2024,2024-06-27,email,False,,False,
110266,verano_2024,2024-06-16,email,True,False,True,2024-07-05
110089,verano_2024,2024-06-29,email,False,,False,
113319,verano_2024,2024-06-17,email,False,,False,
106318,verano_2024,2024-06-21,email,True,False,False,
106582,verano_2024,2024-06-28,push_notification,,,True,2024-07-06
110572,verano_2024,2024-06-27,email,False,,False,
101448,verano_2024,2024-06-19,sms,,,False,
100343,verano_2024,2024-06-25,email,False,,False,
107469,verano_2024,2024-06-22,email,True,True,True,2024-08-08
114587,verano_2024,2024-06-28,email,False,,False,
110720,verano_2024,2024-06-22,email,False,,True,2024-08-07
100728,verano_2024,2024-06-22,email,False,,False,
104578,verano_2024,2024-06-16,push,,,False,
109169,verano_2024,2024-06-20,email,False,,False,
109251,verano_2024,2024-06-21,email,False,,False,
103517,verano_2024,2024-06-21,push,,,True,2024-08-14
113855,verano_2024,2024-06-28,email,False,,False,
112639,verano_2024,2024-06-19,email,False,,False,
107157,verano_2024,2024-06-21,push,,,False,
107852,verano_2024,2024-06-24,push,,,False,
110179,verano_2024,2024-06-22,email,True,False,False,
109492,verano_2024,2024-06-26,email,False,,False,
101349,verano_2024,2024-06-28,email,True,False,False,
100661,verano_2024,2024-06-15,email,False,,False,
101493,verano_2024,2024-06-17,sms,,,False,
112748,verano_2024,2024-06-17,email,False,,False,
113283,verano_2024,2024-06-21,push,,,True,2024-08-30
105155,verano_2024,2024-06-27,sms,,,True,2024-08-03
110508,verano_2024,2024-06-24,email,False,,False,
109886,verano_2024,2024-06-24,email,True,False,False,
114917,verano_2024,2024-06-18,push,,,True,2024-07-03
109278,verano_2024,2024-06-29,email,False,,False,
102525,verano_2024,2024-06-15,email,True,False,False,
111981,verano_2024,2024-06-16,email,False,,False,
113197,verano_2024,2024-06-15,email,True,False,False,
105375,verano_2024,2024-06-20,push,,,False,
103199,verano_2024,2024-06-20,push,,,False,
105718,verano_2024,2024-06-15,email,False,,False,
111847,verano_2024,2024-06-22,push,,,True,2024-07-31
114178,verano_2024,2024-06-28,email,True,True,False,
112800,verano_2024,2024-06-15,push,,,True,2024-08-06
108260,verano_2024,2024-06-19,sms,,,False,
112512,verano_2024,2024-06-23,email,True,False,False,
100041,verano_2024,2024-06-22,email,False,,False,
110462,verano_2024,2024-06-20,push,,,False,
113058,verano_2024,2024-06-21,email,False,,False,
112049,verano_2024,2024-06-22,email,True,True,True,2024-07-20
113775,verano_2024,2024-06-22,push,,,False,
111640,verano_2024,2024-06-17,email,False,,False,
106817,verano_2024,2024-06-27,sms,,,False,
110560,verano_2024,2024-06-17,email,False,,False,
111953,verano_2024,2024-06-19,email,True,True,False,
112700,verano_2024,2024-06-27,sms,,,False,
110705,verano_2024,2024-06-25,email,True,False,False,
102724,verano_2024,2024-06-23,push,,,False,
114316,verano_2024,2024-06-22,email,True,True,False,
113353,verano_2024,2024-06-27,email,False,,True,2024-07-11
109336,verano_2024,2024-06-20,email,False,,False,
115151,verano_2024,2024-06-28,email,False,,False,
107156,verano_2024,2024-06-29,push,,,False,
111947,verano_2024,2024-06-15,email,False,,False,
114371,verano_2024,2024-06-28,email,False,,False,
112218,verano_2024,2024-06-22,sms,,,True,2024-08-23
107231,verano_2024,2024-06-23,email,False,,False,
110413,verano_2024,2024-06-24,email,False,,False,
105076,verano_2024,2024-06-25,email,True,False,False,
110524,verano_2024,2024-06-29,email,False,,False,
107881,verano_2024,2024-06-22,push,,,False,
105395,verano_2024,2024-06-18,email,False,,False,
109642,verano_2024,2024-06-27,email,False,,False,
113321,verano_2024,2024-06-29,email,False,,False,
107790,verano_2024,2024-06-20,email,True,False,False,
104089,verano_2024,2024-06-20,email,True,True,False,
101968,verano_2024,2024-06-23,push_notification,,,True,2024-07-15
114007,verano_2024,2024-06-26,email,False,,False,
113723,verano_2024,2024-06-29,email,False,,False,
114938,verano_2024,2024-06-25,email,False,,True,2024-08-04
107000,verano_2024,2024-06-25,email,False,,False,
100424,verano_2024,2024-06-28,email,True,False,False,
114445,verano_2024,2024-06-26,push,,,False,
110097,verano_2024,2024-06-16,email,False,,False,
114804,verano_2024,2024-06-17,sms,,,True,2024-07-16
113357,verano_2024,2024-06-18,email,True,False,False,
106143,verano_2024,2024-06-18,push,,,True,2024-07-07
105662,verano_2024,2024-06-24,push,,,False,
111811,verano_2024,2024-06-28,email,True,False,True,2024-08-21
109032,verano_2024,2024-06-22,email,False,,False,
104597,verano_2024,2024-06-24,push,,,True,2024-08-24
102660,verano_2024,2024-06-23,email,False,,False,
100142,verano_2024,2024-06-16,email,False,,True,2024-08-01
102598,verano_2024,2024-06-17,email,True,False,False,
106702,verano_2024,2024-06-23,email,True,False,False,
101378,verano_2024,2024-06-26,email,True,False,False,
103675,verano_2024,2024-06-29,email,True,False,False,
109659,verano_2024,2024-06-19,sms,,,True,2024-07-06
106363,verano_2024,2024-06-28,push,,,True,2024-07-17
114593,verano_2024,2024-06-20,email,False,,False,
104742,verano_2024,2024-06-22,Email,True,False,False,
101139,verano_2024,2024-06-18,email,False,,True,2024-08-16
110450,verano_2024,2024-06-18,email,False,,False,
107375,verano_2024,2024-06-22,email,False,,True,2024-07-07
101788,verano_2024,2024-06-24,email,True,False,False,
112495,verano_2024,2024-06-29,sms,,,False,
104647,verano_2024,2024-06-18,sms,,,False,
107569,verano_2024,2024-06-23,push,,,True,2024-08-26
100460,verano_2024,2024-06-28,push,,,True,2024-07-29
106116,verano_2024,2024-06-21,email,True,False,False,
108180,verano_2024,2024-06-19,email,False,,False,
111566,verano_2024,2024-06-19,email,True,False,False,
100949,verano_2024,2024-06-15,push,,,True,2024-07-17
109529,verano_2024,2024-06-24,sms,,,True,2024-07-25
106371,verano_2024,2024-06-19,Email,True,False,False,
104629,verano_2024,2024-06-17,email,True,False,False,
107359,verano_2024,2024-06-20,sms,,,False,
105926,verano_2024,2024-06-19,email,False,,False,
106041,verano_2024,2024-06-24,push,,,True,2024-07-13
100442,verano_2024,2024-06-27,email,False,,False,
106660,verano_2024,2024-06-16,email,True,True,False,
109795,verano_2024,2024-06-24,email,True,True,False,
110431,verano_2024,2024-06-20,email,True,False,False,
108832,verano_2024,2024-06-15,email,False,,False,
109047,verano_2024,2024-06-15,email,False,,False,
103831,verano_2024,2024-06-19,email,True,True,True,2024-07-17
114638,verano_2024,2024-06-19,email,True,False,False,
106145,verano_2024,2024-06-26,email,False,,False,
114107,verano_2024,2024-06-29,push,,,True,2024-07-09
106345,verano_2024,2024-06-17,email,False,,False,
115179,verano_2024,2024-06-17,email,True,False,False,
101959,verano_2024,2024-06-27,email,False,,False,
109263,verano_2024,2024-06-23,sms,,,True,2024-07-14
100156,verano_2024,2024-06-16,email,False,,False,
110488,verano_2024,2024-06-20,push,,,True,2024-07-28
112392,verano_2024,2024-06-27,email,True,False,False,
104579,verano_2024,2024-06-20,email,True,False,False,
101090,verano_2024,2024-06-23,sms,,,True,2024-07-13
106050,verano_2024,2024-06-26,sms,,,False,
111133,verano_2024,2024-06-24,sms,,,False,
114267,verano_2024,2024-06-22,email,False,,False,
109123,verano_2024,2024-06-23,sms,,,True,2024-08-26
107951,verano_2024,2024-06-23,email,False,,True,2024-08-15
111102,verano_2024,2024-06-29,email,False,,False,
101675,verano_2024,2024-06-27,email,True,False,False,
106764,verano_2024,2024-06-24,email,True,False,False,
113046,verano_2024,2024-06-26,Email,False,,True,2024-08-25
106417,verano_2024,2024-06-17,push,,,True,2024-08-17
114888,verano_2024,2024-06-23,email,False,,False,
111440,verano_2024,2024-06-15,Email,False,,False,
102327,verano_2024,2024-06-19,email,True,False,True,2024-07-20
107097,verano_2024,2024-06-24,push,,,True,2024-07-26
113377,verano_2024,2024-06-20,email,False,,False,
106451,verano_2024,2024-06-25,push,,,False,
114469,verano_2024,2024-06-18,push,,,False,
101716,verano_2024,2024-06-26,email,False,,False,
109891,verano_2024,2024-06-17,email,True,False,False,
109173,verano_2024,2024-06-17,email,False,,False,
108382,verano_2024,2024-06-17,email,False,,False,
109434,verano_2024,2024-06-20,sms,,,False,
103832,verano_2024,2024-06-24,email,False,,False,
106300,verano_2024,2024-06-20,Email,False,,False,
103349,verano_2024,2024-06-15,push,,,False,
114825,verano_2024,2024-06-29,email,False,,False,
109178,verano_2024,2024-06-28,email,False,,False,
110014,verano_2024,2024-06-16,Email,False,,False,
100588,verano_2024,2024-06-27,email,True,False,False,
109347,verano_2024,2024-06-23,push,,,False,
110965,verano_2024,2024-06-20,email,False,,True,2024-08-15
114830,verano_2024,2024-06-19,sms,,,True,2024-07-27
110092,verano_2024,2024-06-27,email,False,,False,
102991,verano_2024,2024-06-16,email,False,,False,
114466,verano_2024,2024-06-17,Email,True,False,False,
112287,verano_2024,2024-06-24,email,True,False,False,
113824,verano_2024,2024-06-24,email,False,,True,2024-07-18
111750,verano_2024,2024-06-16,email,True,False,False,
109588,verano_2024,2024-06-16,email,True,False,False,
100265,verano_2024,2024-06-19,push,,,False,
111740,verano_2024,2024-06-27,Email,True,False,False,
112270,verano_2024,2024-06-16,email,False,,False,
106789,verano_2024,2024-06-20,push,,,False,
114851,verano_2024,2024-06-28,email,True,False,False,
110132,verano_2024,2024-06-18,email,False,,False,
103865,verano_2024,2024-06-15,email,False,,False,
110436,verano_2024,2024-06-17,email,False,,False,
110593,verano_2024,2024-06-23,email,False,,False,
106275,verano_2024,2024-06-27,Email,False,,False,
113522,verano_2024,2024-06-23,email,True,False,False,
103712,verano_2024,2024-06-29,push,,,True,2024-07-22
108439,verano_2024,2024-06-16,email,True,False,False,
109787,verano_2024,2024-06-17,email,False,,False,
101530,verano_2024,2024-06-22,push,,,False,
112774,verano_2024,2024-06-15,email,True,True,True,2024-08-26
100924,verano_2024,2024-06-21,push,,,False,
112212,verano_2024,2024-06-17,email,True,False,False,
107330,verano_2024,2024-06-17,email,False,,False,
104365,verano_2024,2024-06-23,email,False,,False,
100670,verano_2024,2024-06-24,email,False,,False,
103605,verano_2024,2024-06-18,push,,,False,
105109,verano_2024,2024-06-24,email,True,False,False,
114038,verano_2024,2024-06-16,push,,,True,2024-07-17
105249,verano_2024,2024-06-27,push,,,True,2024-07-22
107184,verano_2024,2024-06-17,email,False,,False,
110889,verano_2024,2024-06-23,email,False,,False,
102592,verano_2024,2024-06-25,email,False,,False,
105907,verano_2024,2024-06-19,push,,,False,
109974,verano_2024,2024-06-23,email,True,True,True,
106510,verano_2024,2024-06-22,email,False,,False,
111206,verano_2024,2024-06-27,email,False,,False,
107134,verano_2024,2024-06-22,push,,,True,2024-07-01
102308,verano_2024,2024-06-21,push,,,True,2024-07-15
108805,verano_2024,2024-06-28,email,False,,False,
103691,verano_2024,2024-06-25,sms,,,False,
100688,verano_2024,2024-06-25,email,False,,False,
100613,verano_2024,2024-06-27,email,False,,False,
107168,verano_2024,2024-06-17,sms,,,True,2024-07-19
112941,verano_2024,2024-06-23,push,,,False,
103201,verano_2024,2024-06-28,email,True,True,False,
110460,verano_2024,2024-06-28,email,True,False,False,
111169,verano_2024,2024-06-29,email,False,,False,
106630,verano_2024,2024-06-20,email,False,,False,
104136,verano_2024,2024-06-19,email,False,,False,
101899,verano_2024,2024-06-29,email,False,,False,
100283,verano_2024,2024-06-22,email,False,,False,
100259,verano_2024,2024-06-18,email,False,,False,
111117,verano_2024,2024-06-21,email,False,,False,
114689,verano_2024,2024-06-17,email,False,,True,2024-08-16
104944,verano_2024,2024-06-24,email,False,,False,
102823,verano_2024,2024-06-17,email,True,False,False,
111532,verano_2024,2024-06-20,email,False,,False,
103526,verano_2024,2024-06-25,email,True,False,False,
115040,verano_2024,2024-06-22,push,,,False,
105224,verano_2024,2024-06-17,sms,,,False,
102286,verano_2024,2024-06-27,push,,,False,
106064,verano_2024,2024-06-19,sms,,,True,2024-07-25
108079,verano_2024,2024-06-26,email,False,,False,
104655,verano_2024,2024-06-18,push,,,False,
105001,verano_2024,2024-06-29,sms,,,False,
106711,verano_2024,2024-06-27,email,True,True,True,2024-07-25
114534,verano_2024,2024-06-17,email,True,True,False,
108677,verano_2024,2024-06-15,email,False,,False,
110404,verano_2024,2024-06-24,push,,,True,2024-08-17
105417,verano_2024,2024-06-21,email,True,True,False,
100476,verano_2024,2024-06-22,email,True,True,False,
102556,verano_2024,2024-06-28,email,True,False,False,
108088,verano_2024,2024-06-17,email,False,,False,
100008,verano_2024,2024-06-24,push,,,True,2024-08-21
111850,verano_2024,2024-06-20,email,False,,False,
106412,verano_2024,2024-06-19,email,False,,False,
114281,verano_2024,2024-06-21,email,True,True,False,
113895,verano_2024,2024-06-15,email,False,,False,
105547,verano_2024,2024-06-22,push,,,False,
102427,verano_2024,2024-06-20,push,,,True,2024-08-23
106745,verano_2024,2024-06-28,email,True,True,False,
110007,verano_2024,2024-06-19,push,,,True,2024-07-12
114992,verano_2024,2024-06-26,email,False,,False,
102275,verano_2024,2024-06-27,email,False,,False,
109204,verano_2024,2024-06-28,sms,,,False,
101578,verano_2024,2024-06-16,push,,,False,
107265,verano_2024,2024-06-20,push,,,False,
109260,verano_2024,2024-06-21,email,False,,False,
110184,verano_2024,2024-06-24,email,False,,False,
103971,verano_2024,2024-06-25,push,,,False,
105880,verano_2024,2024-06-21,email,False,,False,
114164,verano_2024,2024-06-16,push,,,False,
114540,verano_2024,2024-06-28,email,False,,False,
107194,verano_2024,2024-06-26,push_notification,,,False,
103868,verano_2024,2024-06-20,sms,,,True,2024-07-10
114675,verano_2024,2024-06-23,push,,,False,
106824,verano_2024,2024-06-18,email,True,True,True,2024-07-01
111241,verano_2024,2024-06-18,email,True,False,True,2024-08-13
107549,verano_2024,2024-06-28,email,True,False,False,
100782,verano_2024,2024-06-24,email,False,,False,
101750,verano_2024,2024-06-23,sms,,,False,
110984,verano_2024,2024-06-16,email,False,,False,
106520,verano_2024,2024-06-22,email,False,,False,
105775,verano_2024,2024-06-27,email,False,,False,
109284,verano_2024,2024-06-26,push,,,True,2024-08-10
109370,verano_2024,2024-06-17,email,False,,False,
102325,verano_2024,2024-06-19,push,,,False,
110272,verano_2024,2024-06-22,push,,,False,
105056,verano_2024,2024-06-22,push,,,True,2024-08-03
110801,verano_2024,2024-06-15,email,False,,False,
114053,verano_2024,2024-06-26,email,False,,True,2024-08-28
110483,verano_2024,2024-06-19,push,,,False,
101728,verano_2024,2024-06-16,push,,,True,2024-07-28
100611,verano_2024,2024-06-20,sms,,,False,
104667,verano_2024,2024-06-28,email,False,,False,
105414,verano_2024,2024-06-24,email,True,True,True,2024-08-25
108104,verano_2024,2024-06-26,push,,,False,
108175,verano_2024,2024-06-26,email,False,,False,
108536,verano_2024,2024-06-19,email,True,False,False,
111350,verano_2024,2024-06-19,push,,,False,
103751,verano_2024,2024-06-16,email,True,False,False,
111408,verano_2024,2024-06-18,email,True,True,False,
100098,verano_2024,2024-06-17,email,True,True,True,2024-07-31
106986,verano_2024,2024-06-22,push,,,True,2024-08-12
103138,verano_2024,2024-06-21,email,True,False,True,2024-08-03
101538,verano_2024,2024-06-25,push,,,False,
111781,verano_2024,2024-06-23,sms,,,False,
103649,verano_2024,2024-06-16,sms,,,False,
113846,verano_2024,2024-06-27,push,,,False,
101518,verano_2024,2024-06-24,email,True,False,False,
114571,verano_2024,2024-06-23,email,False,,False,
104625,verano_2024,2024-06-26,push_notification,,,False,
111862,verano_2024,2024-06-18,email,False,,False,
106567,verano_2024,2024-06-19,push,,,False,
102091,verano_2024,2024-06-29,email,False,,False,
107098,verano_2024,2024-06-24,push,,,False,
106172,verano_2024,2024-06-18,email,True,True,False,
107522,verano_2024,2024-06-15,push,,,False,
100573,verano_2024,2024-06-21,email,False,,True,2024-07-09
114820,verano_2024,2024-06-16,email,True,False,True,2024-08-10
114138,verano_2024,2024-06-27,push,,,False,
103063,verano_2024,2024-06-27,push,,,False,
100598,verano_2024,2024-06-16,sms,,,False,
106634,verano_2024,2024-06-26,email,False,,True,2024-07-24
114693,verano_2024,2024-06-15,email,False,,False,
107876,verano_2024,2024-06-27,email,False,,False,
107346,verano_2024,2024-06-21,sms,,,False,
106305,verano_2024,2024-06-19,sms,,,False,
112494,verano_2024,2024-06-26,email,True,True,False,
114713,verano_2024,2024-06-25,push,,,True,2024-07-19
113468,verano_2024,2024-06-19,push,,,False,
105977,verano_2024,2024-06-27,email,False,,False,
108563,verano_2024,2024-06-27,email,True,False,False,
101939,verano_2024,2024-06-16,email,False,,False,
113071,verano_2024,2024-06-25,push,,,True,2024-08-10
108101,verano_2024,2024-06-20,email,True,False,False,
101754,verano_2024,2024-06-27,push,,,False,
103671,verano_2024,2024-06-17,email,True,False,True,2024-07-25
111845,verano_2024,2024-06-19,email,False,,False,
112501,verano_2024,2024-06-19,email,False,,False,
102362,verano_2024,2024-06-15,push,,,False,
104261,verano_2024,2024-06-16,push,,,False,
105433,verano_2024,2024-06-19,push_notification,,,False,
106286,verano_2024,2024-06-15,push,,,False,
112248,verano_2024,2024-06-27,push,,,True,2024-08-12
114749,verano_2024,2024-06-16,sms,,,True,2024-07-27
111930,verano_2024,2024-06-25,email,False,,False,
112187,verano_2024,2024-06-24,email,False,,False,
114182,verano_2024,2024-06-18,email,False,,False,
113714,verano_2024,2024-06-28,SMS,,,False,
105592,verano_2024,2024-06-19,email,True,False,False,
101172,verano_2024,2024-06-21,email,False,,False,
107928,verano_2024,2024-06-15,sms,,,False,
112526,verano_2024,2024-06-23,sms,,,True,2024-07-25
109615,verano_2024,2024-06-18,email,False,,False,
111334,verano_2024,2024-06-27,sms,,,False,
114572,verano_2024,2024-06-16,push,,,False,
113102,verano_2024,2024-06-16,push,,,False,
114279,verano_2024,2024-06-15,email,False,,False,
100875,verano_2024,2024-06-21,email,True,False,False,
102298,verano_2024,2024-06-26,email,False,,False,
114499,verano_2024,2024-06-19,email,False,,True,2024-08-23
102644,verano_2024,2024-06-21,sms,,,False,
114446,verano_2024,2024-06-22,push,,,False,
105348,verano_2024,2024-06-20,sms,,,True,2024-07-07
109033,verano_2024,2024-06-20,email,False,,False,
100582,verano_2024,2024-06-24,SMS,,,False,
100205,verano_2024,2024-06-21,email,True,False,False,
107897,verano_2024,2024-06-27,email,False,,False,
109834,verano_2024,2024-06-24,email,True,False,False,
102015,verano_2024,2024-06-29,push,,,False,
111446,verano_2024,2024-06-21,email,True,False,False,
111664,verano_2024,2024-06-23,email,False,,False,
100906,verano_2024,2024-06-29,push,,,False,
100632,verano_2024,2024-06-28,sms,,,False,
108462,verano_2024,2024-06-27,push,,,True,2024-07-05
112980,verano_2024,2024-06-17,email,True,False,False,
101975,verano_2024,2024-06-18,push,,,False,
100163,verano_2024,2024-06-16,email,True,True,True,2024-08-30
104999,verano_2024,2024-06-22,email,True,False,False,
112835,verano_2024,2024-06-25,email,False,,False,
109558,verano_2024,2024-06-27,Email,False,,False,
113645,verano_2024,2024-06-29,sms,,,False,
104714,verano_2024,2024-06-18,push,,,False,
109068,verano_2024,2024-06-21,email,False,,True,2024-08-17
101432,verano_2024,2024-06-25,push,,,False,
106869,verano_2024,2024-06-26,sms,,,False,
114238,verano_2024,2024-06-24,email,False,,False,
107711,verano_2024,2024-06-21,email,True,False,False,
107737,verano_2024,2024-06-22,email,False,,False,
104284,verano_2024,2024-06-25,email,False,,False,
107532,verano_2024,2024-06-21,email,False,,False,
112376,verano_2024,2024-06-24,email,True,False,False,
111049,verano_2024,2024-06-19,email,False,,False,
110054,verano_2024,2024-06-21,push,,,True,2024-08-06
110852,verano_2024,2024-06-27,email,False,,False,
103385,verano_2024,2024-06-17,push,,,True,2024-07-07
112643,verano_2024,2024-06-28,push,,,False,
114249,verano_2024,2024-06-21,email,False,,False,
107463,verano_2024,2024-06-27,push,,,True,2024-07-29
103332,verano_2024,2024-06-18,push,,,False,
114852,verano_2024,2024-06-19,push,,,False,
110596,verano_2024,2024-06-22,email,True,True,False,
106405,verano_2024,2024-06-24,Email,True,False,False,
108896,verano_2024,2024-06-18,email,False,,False,
102097,verano_2024,2024-06-22,email,False,,False,
110196,verano_2024,2024-06-27,email,True,False,False,
113075,verano_2024,2024-06-16,sms,,,True,2024-08-14
108000,verano_2024,2024-06-29,email,True,True,True,2024-08-06
105018,verano_2024,2024-06-25,email,False,,False,
108739,verano_2024,2024-06-20,push,,,False,
101450,verano_2024,2024-06-18,email,False,,False,
106901,verano_2024,2024-06-18,push,,,False,
102611,verano_2024,2024-06-20,push,,,True,2024-08-16
108187,verano_2024,2024-06-21,email,False,,False,
103921,verano_2024,2024-06-19,email,False,,False,
102758,verano_2024,2024-06-18,push,,,False,
106398,verano_2024,2024-06-20,email,True,False,False,
110078,verano_2024,2024-06-18,email,False,,False,
111889,verano_2024,2024-06-28,email,False,,False,
115123,verano_2024,2024-06-18,email,False,,True,2024-07-29
102098,verano_2024,2024-06-20,email,False,,False,
114725,verano_2024,2024-06-19,email,False,,False,
105625,verano_2024,2024-06-17,sms,,,True,2024-08-28
109029,verano_2024,2024-06-24,email,False,,False,
103472,verano_2024,2024-06-17,email,False,,False,
108267,verano_2024,2024-06-23,email,True,False,False,
102172,verano_2024,2024-06-22,email,True,False,False,
114385,verano_2024,2024-06-29,Email,True,True,True,2024-07-10
114313,verano_2024,2024-06-17,email,True,True,False,
108591,verano_2024,2024-06-19,Email,False,,False,
102011,verano_2024,2024-06-17,email,False,,False,
115240,verano_2024,2024-06-15,email,False,,False,
101284,verano_2024,2024-06-27,push,,,False,
113279,verano_2024,2024-06-27,email,True,False,False,
110029,verano_2024,2024-06-27,email,False,,False,
114954,verano_2024,2024-06-19,email,False,,False,
101020,verano_2024,2024-06-28,sms,,,False,
109519,verano_2024,2024-06-16,email,False,,False,
111003,verano_2024,2024-06-21,push,,,True,2024-07-16
108668,verano_2024,2024-06-18,email,False,,False,
102811,verano_2024,2024-06-25,email,False,,False,
113449,verano_2024,2024-06-21,email,False,,False,
101652,verano_2024,2024-06-24,email,False,,False,
114975,verano_2024,2024-06-16,email,True,True,False,
101170,verano_2024,2024-06-20,email,True,True,True,2024-07-24
110721,verano_2024,2024-06-18,push_notification,,,False,
109399,verano_2024,2024-06-16,email,False,,False,
106257,verano_2024,2024-06-24,push,,,False,
105470,verano_2024,2024-06-29,email,True,False,False,
113605,verano_2024,2024-06-28,email,False,,False,
110259,verano_2024,2024-06-15,email,False,,False,
100868,verano_2024,2024-06-29,email,True,False,False,
111167,verano_2024,2024-06-17,push,,,True,2024-07-01
105094,verano_2024,2024-06-21,email,True,True,True,2024-08-24
105434,verano_2024,2024-06-25,push,,,True,2024-08-08
100542,verano_2024,2024-06-29,push,,,False,
109325,verano_2024,2024-06-25,email,True,True,True,2024-08-27
101078,verano_2024,2024-06-17,Email,False,,False,
106355,verano_2024,2024-06-26,email,True,False,False,
114548,verano_2024,2024-06-17,email,False,,True,2024-07-07
103391,verano_2024,2024-06-22,push,,,True,2024-07-23
113177,verano_2024,2024-06-23,email,True,False,False,
111155,verano_2024,2024-06-23,email,True,True,False,
111452,verano_2024,2024-06-24,email,False,,False,
112508,verano_2024,2024-06-21,sms,,,False,
110776,verano_2024,2024-06-19,email,True,False,False,
111006,verano_2024,2024-06-16,email,True,False,False,
103960,verano_2024,2024-06-29,push,,,False,
114447,verano_2024,2024-06-19,push,,,False,
106644,verano_2024,2024-06-22,email,False,,False,
106842,verano_2024,2024-06-27,email,True,False,True,2024-08-14
112894,verano_2024,2024-06-18,email,True,False,False,
103587,verano_2024,2024-06-23,email,True,False,False,
112565,verano_2024,2024-06-26,push,,,False,
102564,verano_2024,2024-06-23,push,,,False,
110823,verano_2024,2024-06-25,email,False,,False,
113888,verano_2024,2024-06-25,push,,,False,
112393,verano_2024,2024-06-20,push,,,True,2024-07-01
105037,verano_2024,2024-06-29,email,True,False,False,
101081,verano_2024,2024-06-21,email,True,True,False,
105892,verano_2024,2024-06-16,email,True,False,False,
110278,verano_2024,2024-06-25,email,True,False,False,
110645,verano_2024,2024-06-23,Email,True,True,True,2024-07-13
104967,verano_2024,2024-06-23,email,False,,False,
102024,verano_2024,2024-06-20,email,False,,False,
114004,verano_2024,2024-06-21,email,True,False,False,
107910,verano_2024,2024-06-22,Email,False,,True,2024-07-07
113595,verano_2024,2024-06-15,email,True,False,False,
107322,verano_2024,2024-06-25,email,True,False,False,
100227,verano_2024,2024-06-29,email,False,,False,
101014,verano_2024,2024-06-15,email,False,,False,
101930,verano_2024,2024-06-17,email,False,,False,
113055,verano_2024,2024-06-27,email,False,,False,
105252,verano_2024,2024-06-17,email,False,,False,
109597,verano_2024,2024-06-27,email,False,,False,
102180,verano_2024,2024-06-15,email,True,False,False,
100698,verano_2024,2024-06-21,push,,,False,
101125,verano_2024,2024-06-27,email,False,,False,
107379,verano_2024,2024-06-16,push,,,True,2024-08-20
112088,verano_2024,2024-06-28,email,False,,False,
112763,verano_2024,2024-06-19,push,,,True,2024-07-03
105111,verano_2024,2024-06-25,email,False,,False,
107903,verano_2024,2024-06-19,push,,,False,
101779,verano_2024,2024-06-26,email,False,,False,
112398,verano_2024,2024-06-23,email,True,False,False,
102635,verano_2024,2024-06-17,push,,,False,
107545,verano_2024,2024-06-15,email,False,,False,
107605,verano_2024,2024-06-18,email,False,,False,
103490,verano_2024,2024-06-20,email,True,False,False,
101038,verano_2024,2024-06-16,email,False,,False,
110449,verano_2024,2024-06-16,push,,,False,
112715,verano_2024,2024-06-21,push,,,False,
108506,verano_2024,2024-06-22,email,False,,False,
102650,verano_2024,2024-06-18,email,True,False,False,
110474,verano_2024,2024-06-15,email,True,True,False,
102980,verano_2024,2024-06-16,email,False,,False,
102548,verano_2024,2024-06-19,email,False,,False,
105133,verano_2024,2024-06-20,email,True,True,True,2024-08-03
102160,verano_2024,2024-06-28,Email,False,,False,
111330,verano_2024,2024-06-22,email,False,,False,
109115,verano_2024,2024-06-20,email,True,False,False,
106446,verano_2024,2024-06-15,email,True,False,False,
103968,verano_2024,2024-06-27,email,True,False,True,2024-07-27
101429,verano_2024,2024-06-20,email,False,,False,
113097,verano_2024,2024-06-28,email,True,True,True,2024-07-02
102521,verano_2024,2024-06-25,push,,,False,
112440,verano_2024,2024-06-20,push,,,False,
108034,verano_2024,2024-06-21,push,,,False,
113349,verano_2024,2024-06-16,push,,,False,
113452,verano_2024,2024-06-26,email,True,False,False,
100449,verano_2024,2024-06-18,email,True,True,True,2024-07-06
113218,verano_2024,2024-06-21,sms,,,False,
109477,verano_2024,2024-06-26,push,,,True,2024-08-28
105996,verano_2024,2024-06-24,email,False,,False,
112493,verano_2024,2024-06-24,email,False,,False,
107354,verano_2024,2024-06-15,push,,,False,
108554,verano_2024,2024-06-15,email,False,,False,
106280,verano_2024,2024-06-21,email,True,False,False,
113931,verano_2024,2024-06-21,email,False,,True,2024-07-04
107296,verano_2024,2024-06-16,email,True,False,False,
109497,verano_2024,2024-06-28,email,False,,True,2024-07-15
106252,verano_2024,2024-06-21,email,False,,False,
105927,verano_2024,2024-06-19,email,True,False,True,2024-08-01
102461,verano_2024,2024-06-21,email,True,False,False,
100023,verano_2024,2024-06-22,push,,,False,
102067,verano_2024,2024-06-16,push_notification,,,False,
101654,verano_2024,2024-06-22,email,True,False,False,
108895,verano_2024,2024-06-24,push,,,False,
108707,verano_2024,2024-06-24,email,False,,False,
110936,verano_2024,2024-06-27,email,False,,False,
101377,verano_2024,2024-06-28,push,,,False,
101725,verano_2024,2024-06-25,email,False,,False,
110661,verano_2024,2024-06-25,email,True,True,True,2024-07-28
103755,verano_2024,2024-06-23,push,,,False,
110518,verano_2024,2024-06-19,push,,,False,
108653,verano_2024,2024-06-23,email,False,,False,
104184,verano_2024,2024-06-21,email,True,False,False,
104083,verano_2024,2024-06-24,email,True,False,False,
109679,verano_2024,2024-06-23,email,True,False,False,
111871,verano_2024,2024-06-21,email,True,False,False,
108475,verano_2024,2024-06-21,email,False,,False,
106580,verano_2024,2024-06-25,email,False,,True,2024-07-19
104559,verano_2024,2024-06-23,sms,,,False,
103538,verano_2024,2024-06-21,email,True,False,False,
113032,verano_2024,2024-06-15,email,True,False,False,
107004,verano_2024,2024-06-27,sms,,,False,
110774,verano_2024,2024-06-29,push,,,True,2024-07-11
109561,verano_2024,2024-06-17,email,False,,False,
114756,verano_2024,2024-06-17,email,False,,False,
113170,verano_2024,2024-06-22,email,True,False,False,
108790,verano_2024,2024-06-20,push,,,True,2024-08-25
109952,verano_2024,2024-06-21,email,True,False,False,
100647,verano_2024,2024-06-21,email,False,,False,
106382,verano_2024,2024-06-19,push,,,False,
107528,verano_2024,2024-06-20,SMS,,,False,
115092,verano_2024,2024-06-24,push,,,True,2024-08-24
112540,verano_2024,2024-06-22,push,,,False,
107166,verano_2024,2024-06-18,email,True,False,False,
111661,verano_2024,2024-06-20,email,True,False,True,2024-07-26
112408,verano_2024,2024-06-27,sms,,,True,2024-07-08
107698,verano_2024,2024-06-18,push,,,False,
111183,verano_2024,2024-06-15,email,False,,False,
114656,verano_2024,2024-06-26,email,False,,False,
104876,verano_2024,2024-06-22,email,True,False,False,
110737,verano_2024,2024-06-29,push,,,True,2024-07-25
113382,verano_2024,2024-06-29,push_notification,,,False,
105342,verano_2024,2024-06-29,email,True,True,False,
113290,verano_2024,2024-06-19,email,True,False,False,
112259,verano_2024,2024-06-24,sms,,,False,
112181,verano_2024,2024-06-17,push,,,True,2024-07-02
107032,verano_2024,2024-06-26,email,False,,False,
102161,verano_2024,2024-06-18,sms,,,False,
100686,verano_2024,2024-06-17,email,False,,False,
112396,verano_2024,2024-06-20,email,False,,False,
111436,verano_2024,2024-06-28,email,False,,False,
102462,verano_2024,2024-06-28,email,False,,False,
112276,verano_2024,2024-06-20,email,False,,False,
111030,verano_2024,2024-06-28,email,False,,False,
111890,verano_2024,2024-06-21,push,,,False,
107129,verano_2024,2024-06-27,sms,,,False,
106268,verano_2024,2024-06-17,push,,,True,2024-07-13
104942,verano_2024,2024-06-15,email,True,False,False,
105947,verano_2024,2024-06-24,email,True,True,False,
104584,verano_2024,2024-06-25,email,False,,False,
105785,verano_2024,2024-06-15,push,,,True,2024-07-31
112233,verano_2024,2024-06-24,push,,,False,
110423,verano_2024,2024-06-29,sms,,,False,
107570,verano_2024,2024-06-21,push,,,True,2024-07-16
113271,verano_2024,2024-06-22,email,False,,False,
110513,verano_2024,2024-06-25,push,,,True,2024-07-03
100522,verano_2024,2024-06-20,push,,,True,2024-07-02
108715,verano_2024,2024-06-28,email,True,True,False,
113708,verano_2024,2024-06-15,email,True,False,False,
113921,verano_2024,2024-06-20,email,False,,False,
103984,verano_2024,2024-06-16,email,False,,False,
114887,verano_2024,2024-06-29,push,,,True,2024-07-29
113479,verano_2024,2024-06-15,email,False,,False,
100781,verano_2024,2024-06-27,email,False,,False,
110614,verano_2024,2024-06-25,email,False,,False,
112788,verano_2024,2024-06-19,push,,,True,2024-07-21
105608,verano_2024,2024-06-29,email,True,True,False,
105979,verano_2024,2024-06-21,push,,,True,2024-07-11
108844,verano_2024,2024-06-28,email,True,False,False,
103748,verano_2024,2024-06-19,email,True,False,False,
102197,verano_2024,2024-06-27,email,False,,False,
108562,verano_2024,2024-06-26,email,False,,False,
104286,verano_2024,2024-06-15,push,,,True,2024-07-04
112407,verano_2024,2024-06-17,email,True,False,False,
108570,verano_2024,2024-06-16,email,False,,False,
110409,verano_2024,2024-06-19,Email,False,,False,
109833,verano_2024,2024-06-23,email,False,,False,
109806,verano_2024,2024-06-15,sms,,,False,
106980,verano_2024,2024-06-28,push,,,False,
101828,verano_2024,2024-06-16,email,True,False,False,
111825,verano_2024,2024-06-20,email,True,False,False,
109155,verano_2024,2024-06-26,email,False,,True,2024-08-07
114739,verano_2024,2024-06-15,email,True,False,False,
115062,verano_2024,2024-06-19,email,False,,False,
102377,verano_2024,2024-06-16,email,True,False,False,
108552,verano_2024,2024-06-27,email,True,True,True,2024-07-21
103840,verano_2024,2024-06-17,sms,,,False,
114730,verano_2024,2024-06-21,push,,,False,
101247,verano_2024,2024-06-15,push,,,True,2024-08-22
107505,verano_2024,2024-06-26,push,,,True,2024-07-18
111484,verano_2024,2024-06-29,email,False,,False,
106512,verano_2024,2024-06-20,push,,,False,
111887,verano_2024,2024-06-22,email,False,,False,
114257,verano_2024,2024-06-26,email,False,,False,
105440,verano_2024,2024-06-28,sms,,,False,
110760,verano_2024,2024-06-15,email,False,,False,
111616,verano_2024,2024-06-20,Email,False,,False,
110230,verano_2024,2024-06-19,push,,,False,
114407,verano_2024,2024-06-15,email,False,,False,
108965,verano_2024,2024-06-29,email,True,True,False,
110682,verano_2024,2024-06-20,email,False,,False,
111755,verano_2024,2024-06-20,email,True,False,False,
115127,verano_2024,2024-06-27,email,False,,False,
114860,verano_2024,2024-06-28,push,,,False,
105511,verano_2024,2024-06-23,email,True,True,False,
105331,verano_2024,2024-06-21,sms,,,False,
104532,verano_2024,2024-06-16,email,False,,True,
109867,verano_2024,2024-06-15,email,False,,False,
100366,verano_2024,2024-06-22,push,,,False,
112588,verano_2024,2024-06-16,push,,,False,
112090,verano_2024,2024-06-21,email,True,False,False,
100148,verano_2024,2024-06-17,push,,,True,2024-08-18
101669,verano_2024,2024-06-18,email,False,,False,
111281,verano_2024,2024-06-15,push,,,False,
113784,verano_2024,2024-06-28,Email,False,,False,
107651,verano_2024,2024-06-24,email,False,,False,
108600,verano_2024,2024-06-21,email,False,,False,
111699,verano_2024,2024-06-26,push,,,False,
107789,verano_2024,2024-06-26,email,False,,False,
103457,verano_2024,2024-06-29,email,False,,False,
112375,verano_2024,2024-06-21,push,,,True,2024-08-01
111769,verano_2024,2024-06-15,email,True,False,True,2024-07-03
103272,verano_2024,2024-06-23,email,False,,False,
104941,verano_2024,2024-06-15,email,False,,False,
109224,verano_2024,2024-06-21,email,False,,False,
112569,verano_2024,2024-06-17,email,False,,False,
106231,verano_2024,2024-06-19,email,True,False,False,
113880,verano_2024,2024-06-28,email,False,,True,2024-08-24
112618,verano_2024,2024-06-17,push,,,False,
109048,verano_2024,2024-06-22,email,False,,False,
103927,verano_2024,2024-06-17,email,True,False,False,
113309,verano_2024,2024-06-18,push,,,False,
108081,verano_2024,2024-06-16,email,False,,False,
100079,verano_2024,2024-06-26,email,False,,False,
107089,verano_2024,2024-06-17,email,False,,False,
102248,verano_2024,2024-06-22,email,False,,False,
112836,verano_2024,2024-06-22,push,,,True,2024-07-27
113360,verano_2024,2024-06-29,email,True,False,True,2024-08-17
114957,verano_2024,2024-06-17,email,True,False,False,
112888,verano_2024,2024-06-20,email,True,False,False,
107452,verano_2024,2024-06-29,email,False,,False,
102280,verano_2024,2024-06-19,push,,,False,
108124,verano_2024,2024-06-19,email,True,False,False,
112288,verano_2024,2024-06-16,email,True,False,False,
103898,verano_2024,2024-06-28,email,True,False,False,
113269,verano_2024,2024-06-25,email,False,,False,
107178,verano_2024,2024-06-16,email,True,True,True,2024-07-26
109313,verano_2024,2024-06-23,push,,,False,
114734,verano_2024,2024-06-21,email,True,False,True,2024-08-07
103632,verano_2024,2024-06-17,email,False,,True,2024-08-10
113432,verano_2024,2024-06-17,push,,,True,2024-08-09
106273,verano_2024,2024-06-26,email,True,False,False,
108617,verano_2024,2024-06-27,SMS,,,False,
100393,verano_2024,2024-06-27,push,,,False,
103192,verano_2024,2024-06-29,email,False,,False,
100017,verano_2024,2024-06-28,email,True,False,True,2024-07-26
104201,verano_2024,2024-06-18,email,False,,False,
102673,verano_2024,2024-06-24,email,True,True,False,
114865,verano_2024,2024-06-26,email,True,True,False,
106165,verano_2024,2024-06-15,email,False,,True,2024-07-13
114360,verano_2024,2024-06-24,push,,,True,2024-07-01
103494,verano_2024,2024-06-27,email,False,,False,
109652,verano_2024,2024-06-27,email,True,False,False,
113200,verano_2024,2024-06-25,email,False,,False,
107395,verano_2024,2024-06-29,push,,,False,
104840,verano_2024,2024-06-16,sms,,,True,2024-07-03
100594,verano_2024,2024-06-29,email,False,,False,
112028,verano_2024,2024-06-16,push,,,False,
114515,verano_2024,2024-06-15,push,,,False,
108738,verano_2024,2024-06-21,email,True,False,False,
105828,verano_2024,2024-06-17,email,False,,False,
110750,verano_2024,2024-06-23,sms,,,False,
107962,verano_2024,2024-06-19,email,True,False,False,
112471,verano_2024,2024-06-28,push,,,False,
105888,verano_2024,2024-06-27,email,False,,False,
102356,verano_2024,2024-06-19,SMS,,,True,2024-07-25
106037,verano_2024,2024-06-28,email,True,True,False,
104799,verano_2024,2024-06-29,email,True,False,False,
110635,verano_2024,2024-06-16,email,False,,False,
113474,verano_2024,2024-06-19,email,True,True,False,
104593,verano_2024,2024-06-16,sms,,,True,2024-08-05
111235,verano_2024,2024-06-15,email,True,False,False,
108657,verano_2024,2024-06-24,sms,,,False,
100164,verano_2024,2024-06-21,email,False,,True,2024-08-09
114439,verano_2024,2024-06-15,email,False,,False,
114703,verano_2024,2024-06-25,email,False,,False,
115222,verano_2024,2024-06-20,push,,,False,
107381,verano_2024,2024-06-27,Email,False,,False,
110202,verano_2024,2024-06-26,email,False,,True,2024-08-18
106357,verano_2024,2024-06-22,sms,,,True,2024-07-29
111277,verano_2024,2024-06-29,Email,False,,False,
109093,verano_2024,2024-06-22,email,True,True,False,
106008,verano_2024,2024-06-26,email,True,False,False,
107994,verano_2024,2024-06-27,sms,,,False,
107639,verano_2024,2024-06-27,push,,,False,
106794,verano_2024,2024-06-29,email,True,False,False,
110901,verano_2024,2024-06-18,email,False,,False,
107759,verano_2024,2024-06-19,email,True,True,True,2024-08-28
104838,verano_2024,2024-06-28,email,True,False,False,
102294,verano_2024,2024-06-24,push,,,True,2024-07-22
106549,verano_2024,2024-06-18,email,False,,False,
107899,verano_2024,2024-06-26,sms,,,False,
104482,verano_2024,2024-06-16,push,,,True,2024-08-22
103717,verano_2024,2024-06-26,email,True,False,False,
110838,verano_2024,2024-06-16,sms,,,True,2024-07-16
106141,verano_2024,2024-06-26,email,True,False,False,
109957,verano_2024,2024-06-15,email,False,,True,2024-08-26
101550,verano_2024,2024-06-28,push,,,False,
111222,verano_2024,2024-06-18,email,False,,False,
110332,verano_2024,2024-06-19,Email,False,,False,
102045,verano_2024,2024-06-16,push,,,False,
100768,verano_2024,2024-06-22,email,False,,False,
105694,verano_2024,2024-06-19,email,False,,False,
107871,verano_2024,2024-06-25,push,,,True,2024-08-12
109701,verano_2024,2024-06-19,email,False,,False,
107858,verano_2024,2024-06-29,email,False,,False,
103303,verano_2024,2024-06-21,email,False,,False,
104518,verano_2024,2024-06-27,email,False,,False,
112412,verano_2024,2024-06-21,email,True,False,False,
114144,verano_2024,2024-06-24,email,True,False,False,
112566,verano_2024,2024-06-15,email,False,,False,
103293,verano_2024,2024-06-18,email,True,False,False,
109012,verano_2024,2024-06-25,email,False,,False,
101404,verano_2024,2024-06-17,push,,,True,2024-08-04
101383,verano_2024,2024-06-20,email,True,False,False,
110341,verano_2024,2024-06-23,push_notification,,,False,
105672,verano_2024,2024-06-28,email,True,False,False,
101639,verano_2024,2024-06-29,email,False,,False,
115247,verano_2024,2024-06-21,push,,,True,2024-08-09
106908,verano_2024,2024-06-27,email,False,,False,
108592,verano_2024,2024-06-19,email,True,False,False,
106407,verano_2024,2024-06-24,push_notification,,,False,
109075,verano_2024,2024-06-28,email,False,,False,
111758,verano_2024,2024-06-25,email,True,True,False,
114686,verano_2024,2024-06-23,push,,,False,
101180,verano_2024,2024-06-15,email,True,False,True,2024-07-23
105449,verano_2024,2024-06-23,email,False,,False,
112437,verano_2024,2024-06-16,email,False,,False,
112834,verano_2024,2024-06-29,email,False,,False,
110323,verano_2024,2024-06-19,email,False,,True,2024-07-06
105079,verano_2024,2024-06-15,sms,,,True,2024-07-07
108649,verano_2024,2024-06-22,email,True,False,False,
105176,verano_2024,2024-06-19,email,True,False,False,
110143,verano_2024,2024-06-17,email,False,,False,
100690,verano_2024,2024-06-17,email,True,True,False,
113797,verano_2024,2024-06-17,email,False,,False,
106526,verano_2024,2024-06-20,push,,,True,2024-08-23
106489,verano_2024,2024-06-22,email,True,False,False,
110146,verano_2024,2024-06-25,email,True,False,False,
107155,verano_2024,2024-06-23,email,False,,False,
113099,verano_2024,2024-06-25,email,False,,False,
106611,verano_2024,2024-06-25,email,True,False,False,
113339,verano_2024,2024-06-19,email,True,False,True,2024-07-23
114807,verano_2024,2024-06-24,sms,,,False,
104350,verano_2024,2024-06-29,email,True,False,False,
101885,verano_2024,2024-06-23,email,True,True,False,
113466,verano_2024,2024-06-26,email,True,False,False,
102495,verano_2024,2024-06-17,email,True,False,False,
105948,verano_2024,2024-06-26,push,,,False,
103037,verano_2024,2024-06-26,push,,,False,
105778,verano_2024,2024-06-23,push,,,False,
111796,verano_2024,2024-06-23,Email,False,,False,
100846,verano_2024,2024-06-27,email,False,,False,
108735,verano_2024,2024-06-16,email,False,,False,
111917,verano_2024,2024-06-29,email,True,False,False,
112380,verano_2024,2024-06-24,push,,,True,2024-08-16
111872,verano_2024,2024-06-18,email,False,,False,
112416,verano_2024,2024-06-18,email,False,,False,
107968,verano_2024,2024-06-29,push,,,True,2024-07-09
113212,verano_2024,2024-06-17,email,False,,False,
107341,verano_2024,2024-06-28,push,,,False,
114037,verano_2024,2024-06-19,email,True,False,False,
112880,verano_2024,2024-06-16,push,,,False,
107138,verano_2024,2024-06-19,email,True,False,False,
102965,verano_2024,2024-06-15,email,True,True,False,
102530,verano_2024,2024-06-27,email,False,,False,
105773,verano_2024,2024-06-16,email,False,,False,
101049,verano_2024,2024-06-15,email,True,False,False,
107046,verano_2024,2024-06-18,email,True,False,False,
101961,verano_2024,2024-06-19,email,True,False,False,
102531,verano_2024,2024-06-15,sms,,,False,
111139,verano_2024,2024-06-27,email,True,True,False,
108430,verano_2024,2024-06-15,email,False,,False,
104918,verano_2024,2024-06-25,email,True,True,False,
109326,verano_2024,2024-06-27,sms,,,False,
105902,verano_2024,2024-06-17,email,False,,False,
108287,verano_2024,2024-06-22,push,,,False,
104260,verano_2024,2024-06-19,email,False,,False,
113347,verano_2024,2024-06-19,email,False,,False,
113453,verano_2024,2024-06-29,email,False,,True,2024-08-27
105657,verano_2024,2024-06-16,email,False,,False,
112554,verano_2024,2024-06-28,sms,,,True,2024-07-20
106098,verano_2024,2024-06-20,email,True,True,False,
105908,verano_2024,2024-06-28,email,True,False,False,
107374,verano_2024,2024-06-21,email,False,,False,
102979,verano_2024,2024-06-25,push,,,False,
114496,verano_2024,2024-06-16,push,,,False,
106722,verano_2024,2024-06-20,email,False,,False,
107843,verano_2024,2024-06-29,push,,,False,
108265,verano_2024,2024-06-16,email,False,,False,
113675,verano_2024,2024-06-25,email,True,False,False,
112112,verano_2024,2024-06-19,email,True,True,False,
103139,verano_2024,2024-06-17,email,True,False,False,
108326,verano_2024,2024-06-21,email,False,,False,
112266,verano_2024,2024-06-17,email,True,False,False,
114384,verano_2024,2024-06-15,push,,,True,2024-08-10
111422,verano_2024,2024-06-17,email,False,,False,
101827,verano_2024,2024-06-22,sms,,,True,2024-08-17
105549,verano_2024,2024-06-29,email,True,True,False,
108786,verano_2024,2024-06-20,email,False,,False,
110918,verano_2024,2024-06-21,email,True,True,False,
112330,verano_2024,2024-06-17,email,False,,False,
100561,verano_2024,2024-06-17,email,False,,False,
113732,verano_2024,2024-06-21,push,,,False,
108436,verano_2024,2024-06-27,push,,,False,
105436,verano_2024,2024-06-28,email,True,False,False,
104438,verano_2024,2024-06-24,sms,,,False,
110383,verano_2024,2024-06-28,email,False,,False,
108598,verano_2024,2024-06-26,sms,,,False,
101443,verano_2024,2024-06-16,email,False,,False,
108454,verano_2024,2024-06-25,email,True,False,True,2024-07-12
104407,verano_2024,2024-06-26,push,,,False,
114846,verano_2024,2024-06-24,email,False,,True,2024-08-16
101690,verano_2024,2024-06-27,push,,,False,
109918,verano_2024,2024-06-20,email,False,,False,
114016,verano_2024,2024-06-19,push,,,True,2024-07-04
105963,verano_2024,2024-06-17,email,False,,True,2024-07-08
102497,verano_2024,2024-06-21,email,False,,False,
112737,verano_2024,2024-06-28,email,True,False,False,
100341,verano_2024,2024-06-26,email,True,True,False,
102409,verano_2024,2024-06-25,email,True,False,False,
109794,verano_2024,2024-06-19,email,True,True,False,
112997,verano_2024,2024-06-15,push,,,False,
105783,verano_2024,2024-06-18,push,,,False,
104577,verano_2024,2024-06-21,email,False,,False,
103726,verano_2024,2024-06-24,push,,,False,
102786,verano_2024,2024-06-18,push,,,False,
109716,verano_2024,2024-06-15,sms,,,False,
113400,verano_2024,2024-06-18,email,True,False,False,
114639,verano_2024,2024-06-27,email,False,,False,
101013,verano_2024,2024-06-17,email,False,,False,
105281,verano_2024,2024-06-22,email,False,,False,
104896,verano_2024,2024-06-27,push,,,True,2024-07-04
109959,verano_2024,2024-06-18,email,False,,False,
107122,verano_2024,2024-06-22,push,,,True,2024-07-24
106550,verano_2024,2024-06-16,email,False,,False,
104038,verano_2024,2024-06-25,Email,False,,False,
100149,verano_2024,2024-06-25,email,False,,False,
100286,verano_2024,2024-06-26,email,True,False,False,
115033,verano_2024,2024-06-20,email,False,,False,
108556,verano_2024,2024-06-27,email,False,,False,
112136,verano_2024,2024-06-21,email,False,,False,
113079,verano_2024,2024-06-20,email,True,False,False,
109733,verano_2024,2024-06-25,email,False,,True,2024-08-12
106771,verano_2024,2024-06-27,push,,,True,2024-07-14
104444,verano_2024,2024-06-21,push,,,False,
107447,verano_2024,2024-06-16,email,False,,False,
100237,verano_2024,2024-06-29,email,True,False,False,
114937,verano_2024,2024-06-18,email,True,True,True,2024-07-08
110755,verano_2024,2024-06-27,email,False,,False,
107124,verano_2024,2024-06-22,email,True,True,False,
112994,verano_2024,2024-06-29,push,,,False,
114883,verano_2024,2024-06-17,email,False,,False,
103084,verano_2024,2024-06-25,email,True,True,True,2024-07-30
114920,verano_2024,2024-06-28,push,,,True,2024-08-26
110295,verano_2024,2024-06-22,sms,,,True,2024-08-13
100633,verano_2024,2024-06-20,push,,,False,
106814,verano_2024,2024-06-29,push_notification,,,True,2024-08-11
102494,verano_2024,2024-06-17,email,False,,False,
102666,verano_2024,2024-06-22,email,False,,False,
112599,verano_2024,2024-06-22,push,,,False,
113310,verano_2024,2024-06-27,email,True,True,True,2024-07-10
113100,verano_2024,2024-06-23,email,True,False,False,
110527,verano_2024,2024-06-24,push,,,False,
110061,verano_2024,2024-06-23,email,True,True,True,2024-07-03
111812,verano_2024,2024-06-18,email,False,,False,
112076,verano_2024,2024-06-18,push,,,False,
113190,verano_2024,2024-06-17,email,True,False,False,
104212,verano_2024,2024-06-21,email,True,True,False,
109687,verano_2024,2024-06-23,email,True,False,False,
110594,verano_2024,2024-06-17,sms,,,False,
103875,verano_2024,2024-06-23,email,False,,False,
109425,verano_2024,2024-06-29,push,,,False,
110854,verano_2024,2024-06-16,push,,,False,
112843,verano_2024,2024-06-27,email,False,,False,
114857,verano_2024,2024-06-24,email,True,False,False,
113995,verano_2024,2024-06-21,email,True,False,False,
107427,verano_2024,2024-06-24,push_notification,,,True,2024-07-16
112346,verano_2024,2024-06-27,email,True,False,False,
113194,verano_2024,2024-06-27,email,False,,False,
111254,verano_2024,2024-06-25,email,False,,False,
114343,verano_2024,2024-06-27,push,,,False,
109778,verano_2024,2024-06-23,sms,,,True,2024-07-30
101736,verano_2024,2024-06-15,email,True,False,False,
107398,verano_2024,2024-06-29,email,False,,False,
111016,verano_2024,2024-06-28,email,False,,False,
104256,verano_2024,2024-06-22,Email,True,False,False,
115178,verano_2024,2024-06-28,email,False,,False,
102476,verano_2024,2024-06-18,push_notification,,,False,
110757,verano_2024,2024-06-19,email,True,False,False,
103714,verano_2024,2024-06-17,push_notification,,,True,2024-07-05
113991,verano_2024,2024-06-28,email,False,,False,
101805,verano_2024,2024-06-27,email,False,,False,
100708,verano_2024,2024-06-29,sms,,,False,
111239,verano_2024,2024-06-22,sms,,,False,
114330,verano_2024,2024-06-17,push,,,True,2024-08-09
105190,verano_2024,2024-06-19,email,False,,False,
113556,verano_2024,2024-06-17,push,,,False,
105473,verano_2024,2024-06-16,email,True,True,False,
100073,verano_2024,2024-06-26,email,True,True,False,
107844,verano_2024,2024-06-22,push,,,False,
112641,verano_2024,2024-06-16,email,True,False,False,
115036,verano_2024,2024-06-25,email,False,,False,
105102,verano_2024,2024-06-25,push,,,True,
106765,verano_2024,2024-06-18,email,True,False,False,
109383,verano_2024,2024-06-19,email,False,,False,
110794,verano_2024,2024-06-24,email,False,,False,
101126,verano_2024,2024-06-17,email,True,False,False,
101242,verano_2024,2024-06-25,email,False,,False,
112821,verano_2024,2024-06-20,email,False,,False,
114706,verano_2024,2024-06-19,email,False,,False,
102350,verano_2024,2024-06-23,push,,,True,2024-08-29
111544,verano_2024,2024-06-27,email,False,,False,
112201,verano_2024,2024-06-28,push,,,False,
106781,verano_2024,2024-06-15,email,False,,True,2024-08-04
109770,verano_2024,2024-06-18,email,False,,False,
112099,verano_2024,2024-06-24,email,True,False,False,
111922,verano_2024,2024-06-15,push,,,False,
104359,verano_2024,2024-06-23,email,False,,False,
113528,verano_2024,2024-06-17,email,True,False,False,
114912,verano_2024,2024-06-18,email,False,,False,
108633,verano_2024,2024-06-26,email,True,True,False,
106653,verano_2024,2024-06-26,email,False,,False,
101101,verano_2024,2024-06-25,email,True,False,True,2024-08-19
110830,verano_2024,2024-06-23,Email,False,,False,
109161,verano_2024,2024-06-28,email,False,,False,
108842,verano_2024,2024-06-19,email,True,True,True,2024-07-02
109739,verano_2024,2024-06-16,email,True,True,False,
107328,verano_2024,2024-06-27,push,,,False,
107623,verano_2024,2024-06-21,sms,,,True,2024-08-22
100988,verano_2024,2024-06-19,sms,,,True,2024-07-12
110659,verano_2024,2024-06-20,push,,,False,
102853,verano_2024,2024-06-24,email,True,False,False,
111696,verano_2024,2024-06-23,push,,,False,
108854,verano_2024,2024-06-15,email,False,,False,
100631,verano_2024,2024-06-22,email,False,,False,
101250,verano_2024,2024-06-18,email,False,,False,
103180,verano_2024,2024-06-17,push,,,False,
100483,verano_2024,2024-06-25,email,True,False,False,
109777,verano_2024,2024-06-28,email,False,,False,
109655,verano_2024,2024-06-16,email,False,,False,
103041,verano_2024,2024-06-21,email,True,True,False,
105011,verano_2024,2024-06-17,email,False,,False,
113608,verano_2024,2024-06-15,email,False,,False,
107001,verano_2024,2024-06-27,push,,,False,
107228,verano_2024,2024-06-27,email,False,,False,
103684,verano_2024,2024-06-15,email,False,,False,
106675,verano_2024,2024-06-26,sms,,,True,2024-07-17
106808,verano_2024,2024-06-24,email,False,,False,
112338,verano_2024,2024-06-29,email,True,False,False,
115153,verano_2024,2024-06-21,Email,False,,False,
101317,verano_2024,2024-06-18,email,False,,False,
103226,verano_2024,2024-06-21,email,False,,False,
101073,verano_2024,2024-06-18,email,False,,True,2024-08-17
104816,verano_2024,2024-06-25,sms,,,False,
113164,verano_2024,2024-06-16,sms,,,False,
110824,verano_2024,2024-06-18,SMS,,,False,
109853,verano_2024,2024-06-17,email,False,,False,
105753,verano_2024,2024-06-27,email,False,,False,
110618,verano_2024,2024-06-18,email,False,,False,
114247,verano_2024,2024-06-21,email,True,False,False,
104617,verano_2024,2024-06-21,email,False,,False,
103098,verano_2024,2024-06-15,email,True,False,False,
112169,verano_2024,2024-06-23,push,,,True,2024-08-30
114700,verano_2024,2024-06-19,email,False,,False,
106870,verano_2024,2024-06-24,email,True,False,False,
101301,verano_2024,2024-06-22,email,False,,False,
107286,verano_2024,2024-06-26,push,,,False,
106285,verano_2024,2024-06-22,sms,,,False,
113113,verano_2024,2024-06-21,email,False,,False,
113817,verano_2024,2024-06-22,email,False,,False,
105496,verano_2024,2024-06-20,email,False,,False,
105292,verano_2024,2024-06-29,push,,,False,
109601,verano_2024,2024-06-16,push,,,True,2024-07-26
110038,verano_2024,2024-06-15,email,False,,False,
101799,verano_2024,2024-06-20,email,True,True,False,
112150,verano_2024,2024-06-26,push,,,True,2024-07-10
109668,verano_2024,2024-06-19,email,False,,False,
105204,verano_2024,2024-06-25,email,False,,False,
108228,verano_2024,2024-06-19,email,False,,False,
105048,verano_2024,2024-06-15,email,False,,False,
106442,verano_2024,2024-06-25,push,,,True,2024-08-11
108637,verano_2024,2024-06-22,push,,,False,
108106,verano_2024,2024-06-22,email,True,True,True,2024-07-06
102360,verano_2024,2024-06-19,push,,,False,
114617,verano_2024,2024-06-25,email,False,,False,
103655,verano_2024,2024-06-25,email,False,,False,
107053,verano_2024,2024-06-16,email,False,,False,
111372,verano_2024,2024-06-24,push,,,False,
101287,verano_2024,2024-06-29,push,,,True,2024-08-14
114217,verano_2024,2024-06-28,email,False,,False,
104446,verano_2024,2024-06-28,email,True,False,False,
111609,verano_2024,2024-06-26,email,True,False,False,
102138,verano_2024,2024-06-18,Email,False,,False,
106788,verano_2024,2024-06-20,email,True,True,False,
110829,verano_2024,2024-06-27,email,False,,False,
112209,verano_2024,2024-06-27,push,,,False,
109874,verano_2024,2024-06-22,sms,,,True,2024-08-23
115176,verano_2024,2024-06-29,email,False,,False,
113251,verano_2024,2024-06-28,email,True,False,False,
114697,verano_2024,2024-06-17,push,,,False,
106895,verano_2024,2024-06-21,push,,,True,2024-07-28
109885,verano_2024,2024-06-23,push_notification,,,True,2024-08-21
113341,verano_2024,2024-06-28,email,False,,False,
110734,verano_2024,2024-06-15,Email,True,True,False,
111828,verano_2024,2024-06-22,Email,False,,True,2024-08-13
108565,verano_2024,2024-06-20,email,False,,False,
107152,verano_2024,2024-06-24,push,,,False,
100964,verano_2024,2024-06-15,Email,False,,False,
106013,verano_2024,2024-06-27,email,True,False,True,2024-07-20
104883,verano_2024,2024-06-22,email,True,False,False,
115135,verano_2024,2024-06-20,email,True,True,False,
100141,verano_2024,2024-06-16,Email,True,True,True,2024-08-17
112612,verano_2024,2024-06-20,push,,,False,
112047,verano_2024,2024-06-15,email,False,,False,
115009,verano_2024,2024-06-16,email,False,,False,
108907,verano_2024,2024-06-26,email,True,False,False,
106937,verano_2024,2024-06-20,email,False,,False,
106543,verano_2024,2024-06-29,sms,,,False,
105244,verano_2024,2024-06-17,email,False,,False,
111381,verano_2024,2024-06-27,Email,False,,True,2024-07-03
110031,verano_2024,2024-06-27,push,,,False,
104432,verano_2024,2024-06-27,email,False,,False,
113010,verano_2024,2024-06-24,email,False,,False,
100407,verano_2024,2024-06-26,email,True,False,False,
108213,verano_2024,2024-06-18,email,True,True,False,
109197,verano_2024,2024-06-27,push,,,False,
113027,verano_2024,2024-06-19,push,,,True,2024-07-16
110604,verano_2024,2024-06-16,email,False,,False,
110738,verano_2024,2024-06-29,sms,,,False,
110583,verano_2024,2024-06-27,email,True,False,False,
109136,verano_2024,2024-06-17,email,False,,False,
108235,verano_2024,2024-06-21,Email,False,,False,
111023,verano_2024,2024-06-23,Email,True,False,False,
111564,verano_2024,2024-06-16,email,False,,False,
111215,verano_2024,2024-06-25,email,False,,False,
111557,verano_2024,2024-06-20,email,False,,False,
104400,verano_2024,2024-06-27,email,False,,False,
105253,verano_2024,2024-06-27,push,,,True,2024-07-07
100012,verano_2024,2024-06-23,email,False,,False,
104761,verano_2024,2024-06-18,email,False,,False,
101178,verano_2024,2024-06-18,push,,,True,2024-08-20
110140,verano_2024,2024-06-17,push,,,False,
110694,verano_2024,2024-06-20,sms,,,False,
102864,verano_2024,2024-06-19,email,False,,False,
106472,verano_2024,2024-06-16,push,,,False,
112058,verano_2024,2024-06-21,push,,,True,2024-08-09
106229,verano_2024,2024-06-25,email,True,False,False,
109219,verano_2024,2024-06-17,email,True,False,False,
112041,verano_2024,2024-06-17,email,False,,False,
102990,verano_2024,2024-06-26,push,,,False,
109154,verano_2024,2024-06-21,email,False,,True,2024-08-13
111082,verano_2024,2024-06-15,push,,,False,
107118,verano_2024,2024-06-22,sms,,,False,
111208,verano_2024,2024-06-21,email,False,,False,
107011,verano_2024,2024-06-25,push,,,True,2024-07-15
111531,verano_2024,2024-06-22,push,,,False,
113326,verano_2024,2024-06-28,email,False,,False,
111761,verano_2024,2024-06-24,push,,,True,2024-08-18
108928,verano_2024,2024-06-21,Email,False,,False,
112593,verano_2024,2024-06-27,push,,,False,
101441,verano_2024,2024-06-28,email,False,,False,
115169,verano_2024,2024-06-25,push,,,True,2024-08-23
102876,verano_2024,2024-06-16,push,,,False,
112179,verano_2024,2024-06-29,push,,,False,
109109,verano_2024,2024-06-17,push,,,False,
115166,verano_2024,2024-06-28,email,False,,False,
114740,verano_2024,2024-06-18,email,False,,False,
112282,verano_2024,2024-06-16,email,True,True,True,2024-08-17
111340,verano_2024,2024-06-25,email,False,,False,
107233,verano_2024,2024-06-22,email,True,False,False,
103727,verano_2024,2024-06-18,push,,,False,
102773,verano_2024,2024-06-26,email,False,,False,
109817,verano_2024,2024-06-20,email,True,False,False,
100455,verano_2024,2024-06-19,email,True,False,False,
109014,verano_2024,2024-06-28,email,True,False,False,
108190,verano_2024,2024-06-23,push,,,False,
101368,verano_2024,2024-06-18,email,True,True,True,2024-07-10
103713,verano_2024,2024-06-24,sms,,,False,
101389,verano_2024,2024-06-29,push_notification,,,False,
109043,verano_2024,2024-06-19,email,False,,False,
101001,verano_2024,2024-06-28,email,True,False,False,
107762,verano_2024,2024-06-23,email,True,True,False,
103554,verano_2024,2024-06-25,push,,,False,
104115,verano_2024,2024-06-22,push,,,True,2024-08-27
109830,verano_2024,2024-06-16,email,False,,False,
101668,verano_2024,2024-06-18,Email,False,,False,
112782,verano_2024,2024-06-28,Email,False,,False,
103174,verano_2024,2024-06-22,push,,,False,
113536,verano_2024,2024-06-25,email,False,,False,
109540,verano_2024,2024-06-24,push,,,False,
114643,verano_2024,2024-06-19,email,True,False,False,
100489,verano_2024,2024-06-20,email,True,True,True,2024-07-22
103231,verano_2024,2024-06-15,email,False,,False,
103829,verano_2024,2024-06-16,push,,,False,
110825,verano_2024,2024-06-28,email,False,,True,2024-07-29
113482,verano_2024,2024-06-24,email,False,,False,
105209,verano_2024,2024-06-19,email,False,,False,
107849,verano_2024,2024-06-21,email,False,,False,
111425,verano_2024,2024-06-15,sms,,,True,2024-08-10
105705,verano_2024,2024-06-25,email,False,,False,
115014,verano_2024,2024-06-19,email,False,,False,
100704,verano_2024,2024-06-24,email,False,,False,
105106,verano_2024,2024-06-17,email,False,,False,
113859,verano_2024,2024-06-18,Email,False,,False,
103292,verano_2024,2024-06-20,SMS,,,False,
108126,verano_2024,2024-06-23,email,False,,False,
111866,verano_2024,2024-06-18,push,,,False,
110601,verano_2024,2024-06-29,email,True,False,False,
109520,verano_2024,2024-06-21,push,,,False,
114998,verano_2024,2024-06-23,sms,,,False,
114054,verano_2024,2024-06-24,email,True,False,False,
104910,verano_2024,2024-06-21,Email,False,,False,
104441,verano_2024,2024-06-23,push,,,False,
108429,verano_2024,2024-06-26,sms,,,False,
100987,verano_2024,2024-06-26,email,False,,False,
113831,verano_2024,2024-06-20,push,,,False,
114806,verano_2024,2024-06-25,push,,,True,2024-08-03
114393,verano_2024,2024-06-22,push,,,False,
114120,verano_2024,2024-06-26,push,,,False,
107706,verano_2024,2024-06-18,email,True,True,True,2024-08-05
112242,verano_2024,2024-06-28,push,,,False,
106258,verano_2024,2024-06-26,email,True,True,False,
111678,verano_2024,2024-06-28,push,,,False,
106090,verano_2024,2024-06-20,sms,,,False,
110667,verano_2024,2024-06-26,push,,,False,
105239,verano_2024,2024-06-27,email,False,,False,
112066,verano_2024,2024-06-18,email,False,,False,
101199,verano_2024,2024-06-21,email,False,,False,
112374,verano_2024,2024-06-25,push,,,True,2024-08-25
109711,verano_2024,2024-06-19,push,,,False,
114133,verano_2024,2024-06-24,email,True,True,False,
107520,verano_2024,2024-06-29,email,True,True,True,2024-08-02
106813,verano_2024,2024-06-23,email,True,False,False,
109992,verano_2024,2024-06-18,email,True,False,False,
109207,verano_2024,2024-06-22,email,False,,False,
108321,verano_2024,2024-06-21,push,,,True,2024-07-28
109557,verano_2024,2024-06-25,email,True,False,False,
110226,verano_2024,2024-06-29,email,False,,False,
107176,verano_2024,2024-06-22,email,False,,False,
104471,verano_2024,2024-06-21,push,,,False,
100892,verano_2024,2024-06-20,email,False,,False,
110986,verano_2024,2024-06-23,push,,,False,
101970,verano_2024,2024-06-16,email,False,,False,
112596,verano_2024,2024-06-23,email,True,False,True,2024-07-13
105758,verano_2024,2024-06-26,email,False,,False,
106528,verano_2024,2024-06-24,push,,,True,2024-07-27
106295,verano_2024,2024-06-23,push,,,True,2024-08-28
115173,verano_2024,2024-06-23,email,True,False,False,
107596,verano_2024,2024-06-15,push,,,True,
109111,verano_2024,2024-06-24,email,False,,False,
103250,verano_2024,2024-06-18,push,,,True,2024-08-16
106571,verano_2024,2024-06-26,push,,,False,
106639,verano_2024,2024-06-16,push,,,False,
107352,verano_2024,2024-06-19,push,,,False,
114293,verano_2024,2024-06-25,SMS,,,True,2024-08-12
109401,verano_2024,2024-06-25,email,True,True,True,2024-07-23
112061,verano_2024,2024-06-15,email,False,,False,
107474,verano_2024,2024-06-15,sms,,,False,
112505,verano_2024,2024-06-25,push,,,False,
112258,verano_2024,2024-06-23,email,False,,False,
114351,verano_2024,2024-06-26,push,,,False,
113515,verano_2024,2024-06-15,sms,,,False,
101240,verano_2024,2024-06-25,email,False,,False,
102290,verano_2024,2024-06-16,email,True,True,False,
102741,verano_2024,2024-06-23,email,False,,False,
108468,verano_2024,2024-06-22,email,False,,False,
104586,verano_2024,2024-06-27,sms,,,True,2024-08-02
109228,verano_2024,2024-06-16,email,False,,False,
101230,verano_2024,2024-06-25,SMS,,,True,2024-07-01
109201,verano_2024,2024-06-16,email,True,False,False,
106981,verano_2024,2024-06-20,email,True,False,False,
105179,verano_2024,2024-06-18,push,,,False,
112021,verano_2024,2024-06-15,sms,,,False,
110725,verano_2024,2024-06-29,push,,,True,2024-07-31
104294,verano_2024,2024-06-25,email,True,False,False,
101059,verano_2024,2024-06-17,email,False,,False,
106263,verano_2024,2024-06-25,push,,,False,
111037,verano_2024,2024-06-20,email,True,True,True,2024-07-10
100282,verano_2024,2024-06-16,email,True,True,True,2024-07-25
109236,verano_2024,2024-06-24,email,False,,False,
109509,verano_2024,2024-06-20,sms,,,False,
100969,verano_2024,2024-06-28,email,True,True,False,
110574,verano_2024,2024-06-15,sms,,,False,
103954,verano_2024,2024-06-22,email,False,,False,
101940,verano_2024,2024-06-22,push,,,False,
113173,verano_2024,2024-06-17,Email,False,,True,
101275,verano_2024,2024-06-27,push,,,False,
100620,verano_2024,2024-06-29,email,False,,False,
113243,verano_2024,2024-06-24,email,True,False,False,
101743,verano_2024,2024-06-29,email,True,False,False,
101391,verano_2024,2024-06-20,push,,,False,
102204,verano_2024,2024-06-15,email,False,,False,
109772,verano_2024,2024-06-15,email,True,False,False,
109848,verano_2024,2024-06-25,push,,,True,2024-07-10
103569,verano_2024,2024-06-20,push,,,False,
110545,verano_2024,2024-06-15,sms,,,False,
110405,verano_2024,2024-06-25,email,True,True,False,
106117,verano_2024,2024-06-23,sms,,,False,
106053,verano_2024,2024-06-15,email,False,,False,
103179,verano_2024,2024-06-28,sms,,,True,2024-07-10
103193,verano_2024,2024-06-23,email,False,,False,
109500,verano_2024,2024-06-24,push,,,False,
106100,verano_2024,2024-06-15,email,False,,False,
107030,verano_2024,2024-06-19,email,False,,False,
100576,verano_2024,2024-06-24,email,True,False,False,
110553,verano_2024,2024-06-21,email,True,False,False,
106657,verano_2024,2024-06-22,email,False,,False,
113727,verano_2024,2024-06-21,email,False,,False,
106277,verano_2024,2024-06-18,email,False,,False,
109473,verano_2024,2024-06-19,push,,,True,2024-07-13
113999,verano_2024,2024-06-21,Email,False,,False,
111084,verano_2024,2024-06-29,email,False,,False,
105898,verano_2024,2024-06-27,email,True,True,True,2024-08-16
105725,verano_2024,2024-06-23,email,True,False,False,
110186,verano_2024,2024-06-19,email,True,False,False,
110832,verano_2024,2024-06-16,push,,,False,
100270,verano_2024,2024-06-21,email,False,,True,2024-07-07
100630,verano_2024,2024-06-29,email,False,,False,
111971,verano_2024,2024-06-27,push,,,False,
103082,verano_2024,2024-06-26,email,False,,False,
103467,verano_2024,2024-06-27,email,False,,False,
106431,verano_2024,2024-06-20,email,True,False,False,
107063,verano_2024,2024-06-28,email,True,False,False,
112589,verano_2024,2024-06-22,email,False,,False,
112216,verano_2024,2024-06-15,sms,,,True,2024-08-13
115138,verano_2024,2024-06-16,push,,,False,
105544,verano_2024,2024-06-20,email,False,,False,
110239,verano_2024,2024-06-22,email,False,,False,
104357,verano_2024,2024-06-15,email,True,True,True,2024-08-13
114202,verano_2024,2024-06-21,Email,True,False,False,
102114,verano_2024,2024-06-29,push,,,True,2024-07-12
108220,verano_2024,2024-06-27,email,False,,False,
110233,verano_2024,2024-06-24,push,,,True,2024-07-19
112121,verano_2024,2024-06-26,email,False,,False,
114776,verano_2024,2024-06-21,email,False,,False,
103217,verano_2024,2024-06-18,push,,,False,
103815,verano_2024,2024-06-22,push,,,False,
108322,verano_2024,2024-06-25,email,False,,False,
113372,verano_2024,2024-06-17,email,True,True,False,
102279,verano_2024,2024-06-28,push,,,False,
104600,verano_2024,2024-06-29,push,,,False,
100014,verano_2024,2024-06-25,email,True,False,False,
114376,verano_2024,2024-06-28,email,True,True,True,2024-08-21
112669,verano_2024,2024-06-25,email,False,,False,
101526,verano_2024,2024-06-25,sms,,,True,2024-07-23
102366,verano_2024,2024-06-16,sms,,,False,
104649,verano_2024,2024-06-18,sms,,,True,2024-07-23
111245,verano_2024,2024-06-25,email,True,False,False,
112198,verano_2024,2024-06-29,email,True,False,False,
110533,verano_2024,2024-06-26,push,,,True,2024-07-03
100375,verano_2024,2024-06-29,push_notification,,,True,2024-07-18
113267,verano_2024,2024-06-15,email,False,,False,
106478,verano_2024,2024-06-19,email,False,,False,
100526,verano_2024,2024-06-26,email,False,,False,
109132,verano_2024,2024-06-16,email,True,True,False,
115211,verano_2024,2024-06-24,email,False,,True,2024-07-13
112766,verano_2024,2024-06-26,email,True,True,False,
106896,verano_2024,2024-06-18,push,,,True,2024-07-17
110340,verano_2024,2024-06-20,push,,,True,2024-08-28
103592,verano_2024,2024-06-15,sms,,,False,
113800,verano_2024,2024-06-18,push,,,False,
111107,verano_2024,2024-06-21,push_notification,,,True,2024-07-18
107905,verano_2024,2024-06-27,email,False,,False,
102959,verano_2024,2024-06-22,email,True,False,False,
111816,verano_2024,2024-06-23,email,True,True,True,2024-07-21
100530,verano_2024,2024-06-25,email,False,,False,
103715,verano_2024,2024-06-26,push,,,False,
104733,verano_2024,2024-06-18,email,False,,False,
109462,verano_2024,2024-06-23,email,False,,False,
112474,verano_2024,2024-06-27,email,True,True,True,
101395,verano_2024,2024-06-20,email,True,False,False,
113043,verano_2024,2024-06-25,email,False,,False,
112202,verano_2024,2024-06-21,email,False,,False,
112583,verano_2024,2024-06-25,sms,,,True,2024-07-07
109990,verano_2024,2024-06-21,email,False,,False,
111172,verano_2024,2024-06-20,email,True,True,False,
109634,verano_2024,2024-06-15,email,True,False,False,
110575,verano_2024,2024-06-19,push,,,False,
112004,verano_2024,2024-06-20,Email,False,,False,
105632,verano_2024,2024-06-17,email,True,False,False,
109466,verano_2024,2024-06-16,email,True,False,False,
106564,verano_2024,2024-06-15,email,False,,False,
104704,verano_2024,2024-06-22,push,,,True,2024-08-29
101713,verano_2024,2024-06-24,email,True,False,False,
115184,verano_2024,2024-06-24,email,True,True,False,
100956,verano_2024,2024-06-27,sms,,,False,
106676,verano_2024,2024-06-23,email,False,,False,
103454,verano_2024,2024-06-19,email,True,False,False,
109580,verano_2024,2024-06-26,push,,,False,
114623,verano_2024,2024-06-20,sms,,,True,2024-07-30
112804,verano_2024,2024-06-23,email,True,False,False,
108596,verano_2024,2024-06-16,email,True,False,False,
102072,verano_2024,2024-06-19,push,,,False,
115157,verano_2024,2024-06-18,push,,,False,
110170,verano_2024,2024-06-22,email,True,False,False,
100159,verano_2024,2024-06-18,email,False,,True,2024-08-29
107006,verano_2024,2024-06-23,push,,,False,
112081,verano_2024,2024-06-19,email,True,False,True,2024-07-25
109095,verano_2024,2024-06-27,email,False,,False,
100353,verano_2024,2024-06-29,email,False,,False,
106079,verano_2024,2024-06-27,email,False,,False,
106237,verano_2024,2024-06-22,email,False,,False,
112733,verano_2024,2024-06-21,Email,True,False,False,
112323,verano_2024,2024-06-22,email,False,,False,
108947,verano_2024,2024-06-27,email,True,False,False,
111164,verano_2024,2024-06-28,email,True,False,False,
102921,verano_2024,2024-06-20,email,False,,False,
108504,verano_2024,2024-06-15,email,False,,False,
104645,verano_2024,2024-06-19,push,,,False,
100662,verano_2024,2024-06-24,email,False,,False,
107058,verano_2024,2024-06-17,email,False,,False,
110182,verano_2024,2024-06-17,Email,False,,False,
103666,verano_2024,2024-06-18,email,False,,False,
107980,verano_2024,2024-06-15,email,False,,False,
100307,verano_2024,2024-06-23,email,True,True,False,
110528,verano_2024,2024-06-24,push,,,True,2024-07-28
104791,verano_2024,2024-06-16,push,,,False,
102357,verano_2024,2024-06-18,sms,,,False,
111895,verano_2024,2024-06-29,push,,,False,
111997,verano_2024,2024-06-26,email,True,True,False,
101928,verano_2024,2024-06-16,email,True,True,True,2024-08-10
114545,verano_2024,2024-06-18,email,True,False,True,2024-07-27
103428,verano_2024,2024-06-26,push,,,False,
108942,verano_2024,2024-06-17,email,False,,False,
103639,verano_2024,2024-06-26,email,False,,False,
113254,verano_2024,2024-06-21,push,,,False,
101267,verano_2024,2024-06-19,push,,,False,
101561,verano_2024,2024-06-16,email,True,False,False,
114608,verano_2024,2024-06-20,email,False,,False,
111788,verano_2024,2024-06-15,email,False,,False,
110327,verano_2024,2024-06-22,push,,,False,
107180,verano_2024,2024-06-15,push,,,True,2024-08-04
104110,verano_2024,2024-06-27,push,,,True,2024-07-23
113162,verano_2024,2024-06-17,email,False,,False,
107868,verano_2024,2024-06-17,sms,,,False,
104905,verano_2024,2024-06-16,email,False,,False,
107295,verano_2024,2024-06-15,email,True,False,False,
100515,verano_2024,2024-06-19,sms,,,True,2024-07-15
100895,verano_2024,2024-06-20,email,True,False,False,
108602,verano_2024,2024-06-24,email,False,,False,
111578,verano_2024,2024-06-15,push,,,False,
100900,verano_2024,2024-06-20,email,False,,False,
100208,verano_2024,2024-06-15,email,False,,False,
100459,verano_2024,2024-06-28,email,False,,False,
110247,verano_2024,2024-06-16,email,True,False,False,
102431,verano_2024,2024-06-21,push,,,False,
108443,verano_2024,2024-06-23,email,True,True,False,
112399,verano_2024,2024-06-18,push_notification,,,True,2024-07-17
109300,verano_2024,2024-06-28,push,,,True,2024-07-20
103390,verano_2024,2024-06-23,email,True,False,False,
109906,verano_2024,2024-06-17,email,True,False,False,
103912,verano_2024,2024-06-16,email,False,,False,
105384,verano_2024,2024-06-22,sms,,,True,2024-07-13
108908,verano_2024,2024-06-15,email,False,,False,
100553,verano_2024,2024-06-22,push,,,True,2024-08-04
109632,verano_2024,2024-06-28,email,False,,False,
110463,verano_2024,2024-06-28,email,True,False,False,
103145,verano_2024,2024-06-21,email,True,False,False,
106918,verano_2024,2024-06-24,sms,,,False,
102057,verano_2024,2024-06-19,email,False,,False,
101926,verano_2024,2024-06-21,email,True,False,False,
100635,verano_2024,2024-06-27,email,True,True,False,
106083,verano_2024,2024-06-21,email,True,False,False,
108509,verano_2024,2024-06-17,email,False,,False,
114453,verano_2024,2024-06-24,sms,,,False,
115070,verano_2024,2024-06-17,email,False,,True,2024-07-09
108620,verano_2024,2024-06-22,email,False,,False,
113380,verano_2024,2024-06-17,sms,,,False,
100106,verano_2024,2024-06-22,email,True,False,False,
103042,verano_2024,2024-06-28,sms,,,False,
112431,verano_2024,2024-06-20,push,,,False,
110362,verano_2024,2024-06-23,email,False,,False,
101710,verano_2024,2024-06-17,email,False,,True,2024-08-26
100090,verano_2024,2024-06-17,push,,,False,
107015,verano_2024,2024-06-16,email,True,False,False,
110434,verano_2024,2024-06-17,sms,,,False,
103175,verano_2024,2024-06-22,email,False,,False,
100918,verano_2024,2024-06-18,Email,False,,False,
107834,verano_2024,2024-06-26,email,False,,False,
106733,verano_2024,2024-06-18,push,,,True,2024-08-07
101950,verano_2024,2024-06-22,email,True,False,False,
112237,verano_2024,2024-06-26,sms,,,False,
111041,verano_2024,2024-06-17,email,True,False,True,2024-07-28
106369,verano_2024,2024-06-24,email,False,,False,
100002,verano_2024,2024-06-25,sms,,,False,
108033,verano_2024,2024-06-20,sms,,,True,2024-07-11
112530,verano_2024,2024-06-15,push,,,False,
106048,verano_2024,2024-06-25,email,True,True,False,
109128,verano_2024,2024-06-26,email,True,False,False,
114358,verano_2024,2024-06-28,email,True,False,False,
102721,verano_2024,2024-06-28,push,,,False,
108784,verano_2024,2024-06-20,push,,,True,2024-08-09
103118,verano_2024,2024-06-26,push,,,True,2024-07-07
111129,verano_2024,2024-06-23,push,,,False,
114752,verano_2024,2024-06-28,email,False,,False,
110641,verano_2024,2024-06-23,push,,,True,2024-08-14
109769,verano_2024,2024-06-21,push,,,False,
103763,verano_2024,2024-06-18,email,True,True,False,
100214,verano_2024,2024-06-28,email,True,True,True,2024-07-28
100779,verano_2024,2024-06-27,email,False,,True,2024-08-12
103497,verano_2024,2024-06-28,email,False,,False,
113746,verano_2024,2024-06-28,email,True,False,False,
102044,verano_2024,2024-06-20,push,,,False,
108921,verano_2024,2024-06-22,push,,,False,
105421,verano_2024,2024-06-15,email,False,,False,
106155,verano_2024,2024-06-25,push,,,False,
109760,verano_2024,2024-06-22,Email,True,False,False,
108358,verano_2024,2024-06-25,email,False,,False,
112895,verano_2024,2024-06-17,push,,,False,
111759,verano_2024,2024-06-28,email,False,,False,
114235,verano_2024,2024-06-19,push,,,False,
112626,verano_2024,2024-06-20,email,False,,False,
110206,verano_2024,2024-06-27,email,False,,False,
108466,verano_2024,2024-06-29,email,False,,False,
112053,verano_2024,2024-06-27,email,True,False,False,
104168,verano_2024,2024-06-15,email,False,,True,2024-08-08
110961,verano_2024,2024-06-18,email,False,,False,
103789,verano_2024,2024-06-26,push,,,False,
108587,verano_2024,2024-06-20,email,True,False,False,
100584,verano_2024,2024-06-19,email,False,,False,
108692,verano_2024,2024-06-22,push,,,False,
100117,verano_2024,2024-06-25,email,True,False,False,
106645,verano_2024,2024-06-22,email,False,,False,
114071,verano_2024,2024-06-29,email,False,,False,
115204,verano_2024,2024-06-18,email,False,,False,
113959,verano_2024,2024-06-28,email,True,False,False,
108713,verano_2024,2024-06-22,email,False,,False,
101764,verano_2024,2024-06-18,email,True,False,False,
101876,verano_2024,2024-06-24,push,,,True,2024-08-26
112158,verano_2024,2024-06-19,email,True,False,False,
111537,verano_2024,2024-06-19,email,True,False,False,
110446,verano_2024,2024-06-21,email,True,False,False,
103225,verano_2024,2024-06-24,push,,,False,
100527,verano_2024,2024-06-20,email,True,False,False,
107726,verano_2024,2024-06-17,Email,False,,False,
102947,verano_2024,2024-06-29,email,True,True,True,2024-07-22
104474,verano_2024,2024-06-15,email,True,False,False,
112092,verano_2024,2024-06-17,sms,,,True,2024-08-05
105656,verano_2024,2024-06-20,email,False,,False,
108885,verano_2024,2024-06-23,push,,,False,
106060,verano_2024,2024-06-21,email,False,,True,2024-07-16
100960,verano_2024,2024-06-19,email,False,,True,
112637,verano_2024,2024-06-15,push,,,False,
106343,verano_2024,2024-06-28,email,True,False,True,2024-07-09
103634,verano_2024,2024-06-20,push,,,True,2024-07-24
101051,verano_2024,2024-06-18,email,False,,False,
108783,verano_2024,2024-06-18,email,False,,False,
108712,verano_2024,2024-06-15,email,False,,False,
103381,verano_2024,2024-06-19,email,True,False,False,
103677,verano_2024,2024-06-21,email,True,True,False,
105777,verano_2024,2024-06-21,email,False,,True,2024-08-07
114089,verano_2024,2024-06-23,email,True,False,False,
106574,verano_2024,2024-06-22,email,False,,False,
105180,verano_2024,2024-06-15,Email,True,False,False,
101608,verano_2024,2024-06-22,Email,False,,False,
103611,verano_2024,2024-06-18,email,False,,False,
115187,verano_2024,2024-06-15,email,False,,False,
106636,verano_2024,2024-06-21,push_notification,,,False,
110002,verano_2024,2024-06-28,sms,,,False,
100792,verano_2024,2024-06-21,email,False,,False,
108985,verano_2024,2024-06-17,email,False,,False,
103057,verano_2024,2024-06-16,push,,,True,2024-07-06
110048,verano_2024,2024-06-25,email,False,,False,
101981,verano_2024,2024-06-18,email,True,False,False,
111426,verano_2024,2024-06-19,push,,,False,
103599,verano_2024,2024-06-18,email,False,,False,
100934,verano_2024,2024-06-16,push,,,False,
112156,verano_2024,2024-06-24,email,False,,False,
113391,verano_2024,2024-06-18,push,,,False,
107425,verano_2024,2024-06-25,email,True,False,False,
105627,verano_2024,2024-06-24,email,False,,False,
101683,verano_2024,2024-06-26,push,,,True,2024-08-14
104180,verano_2024,2024-06-17,email,False,,False,
112219,verano_2024,2024-06-23,email,False,,False,
113157,verano_2024,2024-06-23,email,False,,False,
106447,verano_2024,2024-06-22,Email,True,True,False,
104117,verano_2024,2024-06-28,push,,,True,2024-08-29
100989,verano_2024,2024-06-26,email,False,,False,
111704,verano_2024,2024-06-20,email,False,,False,
111646,verano_2024,2024-06-20,email,True,False,False,
102897,verano_2024,2024-06-16,email,True,False,False,
103779,verano_2024,2024-06-29,push,,,False,
105659,verano_2024,2024-06-28,email,False,,False,
111723,verano_2024,2024-06-16,push,,,False,
103094,verano_2024,2024-06-20,email,False,,False,
103156,verano_2024,2024-06-18,email,False,,False,
113262,verano_2024,2024-06-23,email,False,,False,
111394,verano_2024,2024-06-25,email,False,,False,
101824,verano_2024,2024-06-22,push_notification,,,False,
114989,verano_2024,2024-06-20,email,True,True,False,
101099,verano_2024,2024-06-18,sms,,,True,2024-08-02
110397,verano_2024,2024-06-22,email,False,,False,
102845,verano_2024,2024-06-26,email,False,,False,
109079,verano_2024,2024-06-19,email,True,False,False,
103343,verano_2024,2024-06-17,push,,,False,
100039,verano_2024,2024-06-22,email,False,,False,
106541,verano_2024,2024-06-24,push,,,False,
114569,verano_2024,2024-06-26,push,,,False,
108708,verano_2024,2024-06-18,email,False,,False,
103357,verano_2024,2024-06-23,push,,,True,2024-08-24
113026,verano_2024,2024-06-26,push,,,False,
109646,verano_2024,2024-06-17,email,False,,False,
111746,verano_2024,2024-06-18,push,,,False,
111802,verano_2024,2024-06-27,email,False,,False,
112858,verano_2024,2024-06-16,push,,,False,
110699,verano_2024,2024-06-25,email,False,,False,
111187,verano_2024,2024-06-25,push_notification,,,False,
112192,verano_2024,2024-06-24,email,True,False,False,
107814,verano_2024,2024-06-29,email,True,False,False,
115140,verano_2024,2024-06-24,sms,,,False,
109099,verano_2024,2024-06-22,email,False,,False,
108221,verano_2024,2024-06-28,email,False,,False,
114378,verano_2024,2024-06-19,sms,,,False,
110700,verano_2024,2024-06-17,email,True,False,False,
102429,verano_2024,2024-06-21,Email,False,,False,
105044,verano_2024,2024-06-20,email,False,,False,
105347,verano_2024,2024-06-20,push,,,False,
108955,verano_2024,2024-06-25,push,,,False,
111940,verano_2024,2024-06-16,email,False,,False,
104812,verano_2024,2024-06-22,push,,,True,
108477,verano_2024,2024-06-28,email,False,,False,
100687,verano_2024,2024-06-22,push,,,True,2024-08-04
107438,verano_2024,2024-06-18,email,False,,False,
102354,verano_2024,2024-06-23,email,False,,False,
106354,verano_2024,2024-06-23,email,True,False,False,
104570,verano_2024,2024-06-15,sms,,,False,
108214,verano_2024,2024-06-19,push,,,False,
102753,verano_2024,2024-06-16,email,False,,False,
109078,verano_2024,2024-06-22,email,True,True,False,
108074,verano_2024,2024-06-28,sms,,,False,
109110,verano_2024,2024-06-18,email,True,False,False,
101041,verano_2024,2024-06-27,email,True,False,False,
115233,verano_2024,2024-06-17,push,,,False,
107492,verano_2024,2024-06-15,push,,,False,
101266,verano_2024,2024-06-28,email,True,True,False,
112772,verano_2024,2024-06-21,email,True,False,False,
114443,verano_2024,2024-06-18,email,False,,False,
107060,verano_2024,2024-06-22,push,,,False,
100278,verano_2024,2024-06-16,email,False,,False,
105085,verano_2024,2024-06-26,email,True,False,False,
110277,verano_2024,2024-06-20,email,True,False,False,
109438,verano_2024,2024-06-25,email,True,False,False,
102383,verano_2024,2024-06-26,push,,,False,
100572,verano_2024,2024-06-16,email,False,,False,
101436,verano_2024,2024-06-28,email,True,False,False,
112095,verano_2024,2024-06-22,push_notification,,,False,
113282,verano_2024,2024-06-25,email,True,False,False,
109440,verano_2024,2024-06-16,push,,,False,
105353,verano_2024,2024-06-28,push,,,False,
112874,verano_2024,2024-06-24,email,False,,False,
111719,verano_2024,2024-06-28,email,False,,False,
110707,verano_2024,2024-06-19,email,False,,False,
105446,verano_2024,2024-06-21,push,,,False,
101008,verano_2024,2024-06-17,email,True,False,False,
112963,verano_2024,2024-06-22,email,False,,False,
104544,verano_2024,2024-06-25,email,True,True,False,
112988,verano_2024,2024-06-15,push,,,False,
113745,verano_2024,2024-06-19,push,,,True,2024-07-28
114448,verano_2024,2024-06-23,email,False,,False,
102065,verano_2024,2024-06-18,sms,,,False,
101137,verano_2024,2024-06-23,email,False,,False,
109883,verano_2024,2024-06-28,email,False,,True,2024-07-31
114421,verano_2024,2024-06-25,email,False,,False,
105344,verano_2024,2024-06-26,email,False,,False,
110178,verano_2024,2024-06-20,email,True,False,False,
100295,verano_2024,2024-06-23,push,,,True,2024-08-07
109740,verano_2024,2024-06-29,sms,,,True,2024-07-03
110205,verano_2024,2024-06-23,push,,,True,2024-08-30
108781,verano_2024,2024-06-28,email,True,True,False,
111522,verano_2024,2024-06-23,email,False,,False,
102404,verano_2024,2024-06-20,email,True,False,False,
110322,verano_2024,2024-06-15,email,True,False,True,2024-07-24
103999,verano_2024,2024-06-19,sms,,,True,2024-08-23
114533,verano_2024,2024-06-23,email,True,False,False,
103742,verano_2024,2024-06-18,sms,,,True,2024-08-11
111701,verano_2024,2024-06-23,push,,,True,2024-07-19
114373,verano_2024,2024-06-15,email,True,False,False,
102720,verano_2024,2024-06-17,email,False,,False,
114344,verano_2024,2024-06-29,push,,,False,
112714,verano_2024,2024-06-19,sms,,,True,2024-08-03
105151,verano_2024,2024-06-29,email,True,True,False,
102809,verano_2024,2024-06-24,email,True,False,False,
109018,verano_2024,2024-06-15,push,,,False,
100557,verano_2024,2024-06-15,email,True,False,False,
113909,verano_2024,2024-06-15,email,False,,False,
104796,verano_2024,2024-06-18,email,False,,False,
102470,verano_2024,2024-06-26,email,False,,False,
103739,verano_2024,2024-06-21,email,True,False,False,
104287,verano_2024,2024-06-28,email,False,,False,
112644,verano_2024,2024-06-21,push,,,True,2024-07-11
109909,verano_2024,2024-06-27,email,False,,False,
102605,verano_2024,2024-06-21,email,True,False,False,
100363,verano_2024,2024-06-25,sms,,,False,
106925,verano_2024,2024-06-23,email,True,False,False,
101705,verano_2024,2024-06-17,sms,,,True,2024-08-01
102140,verano_2024,2024-06-21,email,False,,False,
103240,verano_2024,2024-06-17,email,False,,False,
102384,verano_2024,2024-06-25,email,True,False,False,
107315,verano_2024,2024-06-18,Email,False,,False,
104312,verano_2024,2024-06-18,email,False,,False,
109478,verano_2024,2024-06-28,push_notification,,,False,
101313,verano_2024,2024-06-25,Email,False,,False,
114688,verano_2024,2024-06-22,email,False,,False,
103931,verano_2024,2024-06-20,email,True,False,False,
106184,verano_2024,2024-06-19,email,False,,False,
114947,verano_2024,2024-06-24,email,True,False,False,
101592,verano_2024,2024-06-17,email,True,False,False,
114626,verano_2024,2024-06-25,Email,False,,True,2024-08-13
102163,verano_2024,2024-06-24,Email,False,,False,
102397,verano_2024,2024-06-15,email,False,,False,
100318,verano_2024,2024-06-18,email,False,,False,
109517,verano_2024,2024-06-24,email,True,False,False,
111304,verano_2024,2024-06-25,email,True,False,True,2024-07-07
105234,verano_2024,2024-06-24,email,False,,False,
113873,verano_2024,2024-06-15,email,True,False,False,
105069,verano_2024,2024-06-16,email,True,False,False,
104037,verano_2024,2024-06-17,push,,,True,2024-08-08
108988,verano_2024,2024-06-28,email,True,False,False,
103021,verano_2024,2024-06-29,push,,,True,2024-07-28
109904,verano_2024,2024-06-27,email,True,False,False,
111580,verano_2024,2024-06-16,email,False,,True,2024-08-09
108229,verano_2024,2024-06-15,email,True,True,False,
112742,verano_2024,2024-06-17,email,False,,False,
109106,verano_2024,2024-06-24,sms,,,False,
105296,verano_2024,2024-06-21,email,False,,False,
103973,verano_2024,2024-06-15,email,False,,False,
105371,verano_2024,2024-06-24,email,False,,False,
104134,verano_2024,2024-06-19,sms,,,True,2024-08-08
100975,verano_2024,2024-06-15,email,False,,False,
107292,verano_2024,2024-06-23,push,,,False,
109176,verano_2024,2024-06-20,email,False,,False,
109611,verano_2024,2024-06-17,email,False,,False,
109753,verano_2024,2024-06-24,push,,,True,2024-08-08
112328,verano_2024,2024-06-19,email,True,True,False,
113861,verano_2024,2024-06-29,email,True,False,False,
112458,verano_2024,2024-06-21,email,False,,False,
109548,verano_2024,2024-06-29,push,,,True,2024-08-01
105017,verano_2024,2024-06-17,email,False,,False,
115143,verano_2024,2024-06-20,email,True,False,False,
109180,verano_2024,2024-06-17,email,True,True,True,2024-08-14
110875,verano_2024,2024-06-15,email,False,,False,
107491,verano_2024,2024-06-17,push,,,False,
113240,verano_2024,2024-06-25,email,True,False,False,
101641,verano_2024,2024-06-16,sms,,,True,2024-07-07
101291,verano_2024,2024-06-17,push,,,False,
111874,verano_2024,2024-06-22,email,True,True,True,2024-08-24
101381,verano_2024,2024-06-21,email,True,True,False,
104676,verano_2024,2024-06-26,email,False,,False,
114234,verano_2024,2024-06-26,email,True,False,False,
111353,verano_2024,2024-06-26,email,False,,False,
110223,verano_2024,2024-06-19,push,,,False,
100893,verano_2024,2024-06-20,push,,,False,
107288,verano_2024,2024-06-23,email,False,,False,
104877,verano_2024,2024-06-16,email,True,True,False,
112262,verano_2024,2024-06-18,push,,,False,
107907,verano_2024,2024-06-15,email,True,False,False,
112448,verano_2024,2024-06-16,push,,,True,2024-08-05
108195,verano_2024,2024-06-28,sms,,,False,
114616,verano_2024,2024-06-20,email,False,,False,
110302,verano_2024,2024-06-22,email,False,,False,
109042,verano_2024,2024-06-22,push,,,False,
110930,verano_2024,2024-06-20,push,,,False,
102467,verano_2024,2024-06-22,email,False,,False,
107658,verano_2024,2024-06-16,email,False,,False,
110107,verano_2024,2024-06-24,push_notification,,,False,
109789,verano_2024,2024-06-17,email,True,False,False,
101914,verano_2024,2024-06-19,email,False,,True,2024-08-20
113332,verano_2024,2024-06-29,sms,,,True,2024-08-26
111363,verano_2024,2024-06-20,email,True,False,False,
102737,verano_2024,2024-06-20,email,False,,False,
100727,verano_2024,2024-06-18,email,True,True,False,
107215,verano_2024,2024-06-16,email,False,,False,
108246,verano_2024,2024-06-25,push,,,False,
101797,verano_2024,2024-06-24,push,,,True,2024-08-06
103846,verano_2024,2024-06-15,email,False,,False,
106403,verano_2024,2024-06-27,email,True,True,False,
110993,verano_2024,2024-06-25,email,True,False,False,
100937,verano_2024,2024-06-21,email,True,False,False,
102266,verano_2024,2024-06-25,Email,False,,False,
100825,verano_2024,2024-06-15,email,True,True,True,2024-08-10
112514,verano_2024,2024-06-15,email,True,True,True,2024-08-14
107275,verano_2024,2024-06-28,email,True,True,False,
111594,verano_2024,2024-06-19,push,,,False,
101390,verano_2024,2024-06-24,Email,False,,False,
103565,verano_2024,2024-06-28,push,,,False,
109077,verano_2024,2024-06-19,email,False,,False,
105430,verano_2024,2024-06-18,email,False,,False,
107828,verano_2024,2024-06-29,push,,,True,2024-08-13
105691,verano_2024,2024-06-18,push,,,False,
113060,verano_2024,2024-06-20,email,True,False,False,
107879,verano_2024,2024-06-19,email,True,False,False,
101869,verano_2024,2024-06-23,email,True,True,False,
113374,verano_2024,2024-06-19,email,True,True,False,
108203,verano_2024,2024-06-18,push,,,False,
111608,verano_2024,2024-06-15,email,True,False,False,
107487,verano_2024,2024-06-23,email,True,False,False,
109656,verano_2024,2024-06-25,sms,,,False,
100807,verano_2024,2024-06-19,Email,True,False,False,
104806,verano_2024,2024-06-23,email,True,False,False,
113759,verano_2024,2024-06-23,push,,,False,
112261,verano_2024,2024-06-22,email,False,,False,
110301,verano_2024,2024-06-24,email,False,,False,
114256,verano_2024,2024-06-20,push,,,False,
110427,verano_2024,2024-06-23,push,,,True,2024-08-11
109156,verano_2024,2024-06-21,email,False,,False,
107512,verano_2024,2024-06-19,email,True,False,False,
108057,verano_2024,2024-06-16,email,True,False,False,
104495,verano_2024,2024-06-18,push,,,False,
102633,verano_2024,2024-06-22,email,True,True,False,
113869,verano_2024,2024-06-26,email,False,,False,
108897,verano_2024,2024-06-27,email,False,,False,
108624,verano_2024,2024-06-26,email,False,,False,
107833,verano_2024,2024-06-23,push,,,True,2024-08-21
104389,verano_2024,2024-06-25,email,True,False,False,
100146,verano_2024,2024-06-26,email,False,,False,
106468,verano_2024,2024-06-16,sms,,,False,
102034,verano_2024,2024-06-21,push,,,False,
114218,verano_2024,2024-06-18,sms,,,True,2024-08-01
101166,verano_2024,2024-06-18,push,,,False,
111693,verano_2024,2024-06-16,email,False,,False,
102051,verano_2024,2024-06-23,push,,,False,
103761,verano_2024,2024-06-28,Email,False,,False,
110817,verano_2024,2024-06-21,email,True,False,False,
112677,verano_2024,2024-06-29,email,False,,False,
104436,verano_2024,2024-06-28,email,True,False,False,
103431,verano_2024,2024-06-26,sms,,,False,
108191,verano_2024,2024-06-23,email,True,False,False,
113656,verano_2024,2024-06-20,email,False,,True,2024-08-18
107070,verano_2024,2024-06-22,email,True,False,False,
104362,verano_2024,2024-06-27,email,False,,False,
110617,verano_2024,2024-06-26,push,,,True,2024-07-01
109455,verano_2024,2024-06-28,email,False,,False,
101772,verano_2024,2024-06-16,push,,,False,
103512,verano_2024,2024-06-20,push,,,False,
100272,verano_2024,2024-06-22,push,,,False,
112985,verano_2024,2024-06-23,email,True,True,False,
108437,verano_2024,2024-06-27,push,,,False,
112606,verano_2024,2024-06-19,email,False,,True,2024-07-03
112765,verano_2024,2024-06-18,sms,,,False,
102033,verano_2024,2024-06-22,email,False,,False,
114924,verano_2024,2024-06-29,push,,,False,
112317,verano_2024,2024-06-15,push,,,False,
109006,verano_2024,2024-06-25,email,False,,True,2024-07-21
115050,verano_2024,2024-06-29,email,False,,False,
103811,verano_2024,2024-06-27,email,True,False,False,
113586,verano_2024,2024-06-22,email,False,,False,
100833,verano_2024,2024-06-23,Email,False,,False,
109997,verano_2024,2024-06-17,email,False,,False,
114300,verano_2024,2024-06-29,email,False,,False,
104347,verano_2024,2024-06-18,email,True,False,False,
110654,verano_2024,2024-06-20,email,False,,False,
100546,verano_2024,2024-06-24,sms,,,True,2024-07-24
103242,verano_2024,2024-06-22,email,False,,False,
108931,verano_2024,2024-06-22,sms,,,True,2024-07-17
108503,verano_2024,2024-06-28,email,False,,True,2024-08-28
111714,verano_2024,2024-06-23,push,,,False,
109324,verano_2024,2024-06-22,email,False,,False,
112304,verano_2024,2024-06-28,email,False,,False,
110962,verano_2024,2024-06-27,email,True,False,False,
107565,verano_2024,2024-06-15,sms,,,True,2024-07-13
114206,verano_2024,2024-06-16,email,False,,False,
111780,verano_2024,2024-06-18,push_notification,,,True,2024-08-15
106641,verano_2024,2024-06-28,push,,,False,
112152,verano_2024,2024-06-27,email,False,,False,
107695,verano_2024,2024-06-18,push,,,False,
108231,verano_2024,2024-06-23,push,,,False,
112652,verano_2024,2024-06-26,push,,,False,
107127,verano_2024,2024-06-23,email,False,,False,
104279,verano_2024,2024-06-18,email,False,,True,
102984,verano_2024,2024-06-20,email,False,,False,
113483,verano_2024,2024-06-25,sms,,,False,
100131,verano_2024,2024-06-17,push,,,True,2024-08-18
113410,verano_2024,2024-06-26,email,False,,False,
107981,verano_2024,2024-06-26,push,,,False,
102668,verano_2024,2024-06-17,push,,,False,
107139,verano_2024,2024-06-24,email,False,,False,
103224,verano_2024,2024-06-21,push,,,False,
109375,verano_2024,2024-06-28,push,,,False,
107694,verano_2024,2024-06-25,push,,,False,
105393,verano_2024,2024-06-28,sms,,,False,
100615,verano_2024,2024-06-20,push,,,False,
101467,verano_2024,2024-06-24,push,,,False,
104498,verano_2024,2024-06-16,email,False,,False,
103043,verano_2024,2024-06-26,push,,,False,
109127,verano_2024,2024-06-18,email,False,,False,
102420,verano_2024,2024-06-29,email,True,False,True,2024-08-24
105086,verano_2024,2024-06-27,email,False,,False,
103295,verano_2024,2024-06-19,email,False,,True,2024-07-17
106738,verano_2024,2024-06-22,sms,,,False,
101501,verano_2024,2024-06-20,email,False,,False,
113015,verano_2024,2024-06-24,email,False,,False,
109019,verano_2024,2024-06-16,email,False,,False,
101522,verano_2024,2024-06-19,email,True,True,False,
114205,verano_2024,2024-06-22,email,False,,False,
111123,verano_2024,2024-06-29,Email,True,False,False,
104233,verano_2024,2024-06-29,push,,,True,2024-07-24
107687,verano_2024,2024-06-18,push,,,False,
108821,verano_2024,2024-06-16,email,True,False,False,
104431,verano_2024,2024-06-21,email,False,,False,
112046,verano_2024,2024-06-23,email,False,,False,
100391,verano_2024,2024-06-22,email,False,,False,
112538,verano_2024,2024-06-22,email,False,,False,
107125,verano_2024,2024-06-23,push,,,False,
105914,verano_2024,2024-06-26,email,True,True,True,2024-08-14
112183,verano_2024,2024-06-21,email,True,False,False,
108593,verano_2024,2024-06-24,email,False,,False,
104807,verano_2024,2024-06-22,push,,,False,
113328,verano_2024,2024-06-20,push,,,False,
113951,verano_2024,2024-06-18,Email,False,,False,
111552,verano_2024,2024-06-24,email,False,,False,
108239,verano_2024,2024-06-27,email,False,,False,
108045,verano_2024,2024-06-20,email,False,,False,
115227,verano_2024,2024-06-22,push,,,True,2024-08-09
103994,verano_2024,2024-06-21,push,,,False,
111835,verano_2024,2024-06-17,email,False,,False,
111919,verano_2024,2024-06-28,email,False,,False,
114873,verano_2024,2024-06-21,email,True,False,False,
113401,verano_2024,2024-06-20,email,False,,False,
106610,verano_2024,2024-06-29,email,False,,False,
105320,verano_2024,2024-06-23,email,True,False,False,
107120,verano_2024,2024-06-21,email,False,,False,
102422,verano_2024,2024-06-22,email,True,False,False,
105605,verano_2024,2024-06-19,email,True,True,True,2024-08-10
101751,verano_2024,2024-06-27,email,False,,False,
114048,verano_2024,2024-06-24,push,,,True,2024-07-18
112255,verano_2024,2024-06-16,sms,,,True,2024-08-23
115125,verano_2024,2024-06-20,sms,,,False,
100339,verano_2024,2024-06-29,Email,True,False,False,
108408,verano_2024,2024-06-25,sms,,,False,
111856,verano_2024,2024-06-20,email,False,,True,
101342,verano_2024,2024-06-16,email,False,,False,
114864,verano_2024,2024-06-20,push,,,True,2024-08-08
107983,verano_2024,2024-06-27,push,,,False,
112087,verano_2024,2024-06-23,push,,,True,2024-07-25
103641,verano_2024,2024-06-25,push,,,False,
100330,verano_2024,2024-06-28,push,,,False,
113763,verano_2024,2024-06-16,sms,,,True,2024-08-06
103005,verano_2024,2024-06-15,email,False,,False,
106961,verano_2024,2024-06-21,email,True,False,False,
104091,verano_2024,2024-06-23,sms,,,False,
111308,verano_2024,2024-06-18,email,False,,False,
109829,verano_2024,2024-06-27,email,True,False,False,
102323,verano_2024,2024-06-21,email,False,,False,
106668,verano_2024,2024-06-20,email,False,,False,
107010,verano_2024,2024-06-17,email,False,,False,
103550,verano_2024,2024-06-19,push,,,False,
109651,verano_2024,2024-06-25,email,True,True,False,
108364,verano_2024,2024-06-20,email,False,,False,
104204,verano_2024,2024-06-27,email,False,,False,
114511,verano_2024,2024-06-15,email,True,False,False,
111762,verano_2024,2024-06-19,email,False,,False,
112419,verano_2024,2024-06-28,email,False,,False,
114796,verano_2024,2024-06-21,email,True,False,False,
113351,verano_2024,2024-06-24,push,,,False,
114018,verano_2024,2024-06-28,email,False,,False,
106186,verano_2024,2024-06-25,push_notification,,,True,2024-08-03
101640,verano_2024,2024-06-16,email,True,False,False,
109131,verano_2024,2024-06-28,email,True,False,False,
100061,verano_2024,2024-06-26,email,False,,False,
101241,verano_2024,2024-06-29,push,,,False,
105761,verano_2024,2024-06-24,sms,,,True,2024-08-19
105137,verano_2024,2024-06-22,sms,,,False,
102344,verano_2024,2024-06-26,push,,,False,
102121,verano_2024,2024-06-24,email,True,False,False,
101525,verano_2024,2024-06-18,push,,,False,
107618,verano_2024,2024-06-23,sms,,,True,2024-08-22
100154,verano_2024,2024-06-21,email,False,,False,
100482,verano_2024,2024-06-16,email,True,False,False,
106123,verano_2024,2024-06-20,email,True,False,False,
112653,verano_2024,2024-06-28,email,False,,False,
107675,verano_2024,2024-06-15,email,True,False,False,
107102,verano_2024,2024-06-18,email,False,,False,
112113,verano_2024,2024-06-20,SMS,,,False,
101763,verano_2024,2024-06-19,push,,,False,
108943,verano_2024,2024-06-27,Email,False,,False,
107716,verano_2024,2024-06-25,email,False,,False,
109978,verano_2024,2024-06-26,push,,,False,
114149,verano_2024,2024-06-26,email,False,,False,
107480,verano_2024,2024-06-28,push,,,True,2024-07-13
106213,verano_2024,2024-06-18,email,False,,False,
112694,verano_2024,2024-06-17,Email,False,,False,
104854,verano_2024,2024-06-18,email,False,,False,
102712,verano_2024,2024-06-15,email,False,,False,
106767,verano_2024,2024-06-26,push,,,False,
104151,verano_2024,2024-06-19,sms,,,True,2024-08-18
112386,verano_2024,2024-06-16,email,True,False,True,2024-07-04
101334,verano_2024,2024-06-18,push,,,False,
114661,verano_2024,2024-06-29,push,,,True,2024-08-08
111047,verano_2024,2024-06-20,email,True,True,False,
108379,verano_2024,2024-06-16,Email,True,False,False,
109329,verano_2024,2024-06-18,email,True,False,False,
114629,verano_2024,2024-06-25,email,True,False,True,2024-08-23
115107,verano_2024,2024-06-20,push,,,True,2024-07-08
110251,verano_2024,2024-06-16,email,True,False,False,
114211,verano_2024,2024-06-28,email,False,,False,
103851,verano_2024,2024-06-18,email,False,,False,
108341,verano_2024,2024-06-25,email,True,False,False,
104125,verano_2024,2024-06-15,email,False,,False,
113082,verano_2024,2024-06-29,push,,,False,
113967,verano_2024,2024-06-17,email,True,False,False,
111556,verano_2024,2024-06-18,email,True,False,False,
104789,verano_2024,2024-06-16,Email,True,False,False,
102867,verano_2024,2024-06-22,push,,,False,
111969,verano_2024,2024-06-28,push,,,False,
101387,verano_2024,2024-06-19,email,False,,False,
105942,verano_2024,2024-06-20,email,False,,False,
103068,verano_2024,2024-06-16,email,True,False,False,
114115,verano_2024,2024-06-16,push,,,False,
103630,verano_2024,2024-06-27,email,True,False,False,
114737,verano_2024,2024-06-29,email,True,False,False,
112990,verano_2024,2024-06-24,push,,,False,
113944,verano_2024,2024-06-23,push,,,True,2024-07-11
103029,verano_2024,2024-06-20,push,,,True,2024-07-18
102970,verano_2024,2024-06-20,push,,,False,
111665,verano_2024,2024-06-25,email,False,,False,
109901,verano_2024,2024-06-27,email,False,,False,
111146,verano_2024,2024-06-28,push,,,False,
108647,verano_2024,2024-06-16,email,False,,False,
106137,verano_2024,2024-06-27,email,False,,False,
108802,verano_2024,2024-06-25,push,,,False,
104264,verano_2024,2024-06-22,email,False,,False,
113019,verano_2024,2024-06-19,push,,,False,
100646,verano_2024,2024-06-23,email,False,,False,
115037,verano_2024,2024-06-29,email,False,,False,
102075,verano_2024,2024-06-24,email,True,True,False,
112245,verano_2024,2024-06-27,email,False,,False,
100342,verano_2024,2024-06-29,push,,,False,
108042,verano_2024,2024-06-20,email,False,,False,
101623,verano_2024,2024-06-28,push,,,False,
112876,verano_2024,2024-06-26,push,,,False,
113690,verano_2024,2024-06-19,sms,,,False,
107142,verano_2024,2024-06-22,push,,,False,
105797,verano_2024,2024-06-24,email,False,,False,
107185,verano_2024,2024-06-22,email,False,,False,
114537,verano_2024,2024-06-19,email,False,,False,
108233,verano_2024,2024-06-17,email,False,,False,
105476,verano_2024,2024-06-23,push,,,False,
110282,verano_2024,2024-06-29,push,,,False,
112117,verano_2024,2024-06-22,email,False,,False,
110368,verano_2024,2024-06-26,push,,,False,
114425,verano_2024,2024-06-27,Email,True,False,False,
100075,verano_2024,2024-06-21,push,,,True,2024-08-28
110850,verano_2024,2024-06-26,email,False,,False,
111373,verano_2024,2024-06-28,email,False,,True,2024-07-12
110269,verano_2024,2024-06-26,push,,,False,
108634,verano_2024,2024-06-15,sms,,,False,
114382,verano_2024,2024-06-22,sms,,,True,2024-08-03
102052,verano_2024,2024-06-27,email,False,,False,
102542,verano_2024,2024-06-25,email,False,,False,
101302,verano_2024,2024-06-20,sms,,,False,
105878,verano_2024,2024-06-28,email,True,True,False,
107369,verano_2024,2024-06-27,push,,,True,2024-07-23
111623,verano_2024,2024-06-16,Email,False,,False,
101305,verano_2024,2024-06-17,email,True,True,True,2024-07-27
114166,verano_2024,2024-06-22,email,True,True,False,
102600,verano_2024,2024-06-18,email,False,,False,
112809,verano_2024,2024-06-24,email,False,,False,
102574,verano_2024,2024-06-16,email,True,False,False,
111473,verano_2024,2024-06-15,sms,,,False,
103187,verano_2024,2024-06-21,Email,False,,False,
112146,verano_2024,2024-06-15,push,,,False,
102769,verano_2024,2024-06-21,email,False,,False,
104832,verano_2024,2024-06-20,email,False,,False,
104224,verano_2024,2024-06-26,email,False,,False,
115030,verano_2024,2024-06-25,push,,,False,
102107,verano_2024,2024-06-21,email,False,,False,
102680,verano_2024,2024-06-27,push,,,False,
110954,verano_2024,2024-06-18,push,,,True,2024-08-15
112881,verano_2024,2024-06-21,push,,,False,
113592,verano_2024,2024-06-29,email,False,,False,
101388,verano_2024,2024-06-29,email,False,,False,
115064,verano_2024,2024-06-17,email,False,,False,
114784,verano_2024,2024-06-18,email,False,,False,
113916,verano_2024,2024-06-27,push,,,False,
115045,verano_2024,2024-06-16,email,False,,False,
107084,verano_2024,2024-06-15,push,,,True,2024-07-22
113365,verano_2024,2024-06-26,email,False,,True,2024-08-08
113193,verano_2024,2024-06-25,push,,,False,
101280,verano_2024,2024-06-20,push,,,False,
113222,verano_2024,2024-06-29,push,,,True,2024-07-30
100805,verano_2024,2024-06-19,sms,,,True,2024-07-20
101556,verano_2024,2024-06-19,email,True,False,False,
114778,verano_2024,2024-06-28,push,,,False,
111383,verano_2024,2024-06-16,push,,,True,2024-08-24
104567,verano_2024,2024-06-24,sms,,,False,
112995,verano_2024,2024-06-26,email,False,,False,
115058,verano_2024,2024-06-22,Email,True,True,False,
104842,verano_2024,2024-06-23,email,False,,False,
103595,verano_2024,2024-06-26,email,False,,True,2024-08-13
106036,verano_2024,2024-06-22,email,True,False,False,
106853,verano_2024,2024-06-18,email,True,True,True,2024-08-06
110113,verano_2024,2024-06-28,Email,False,,False,
108706,verano_2024,2024-06-26,push,,,True,2024-08-30
104178,verano_2024,2024-06-24,SMS,,,True,
113860,verano_2024,2024-06-25,email,False,,False,
109107,verano_2024,2024-06-17,Email,True,False,False,
103453,verano_2024,2024-06-24,push,,,False,
103696,verano_2024,2024-06-15,email,False,,False,
104243,verano_2024,2024-06-29,email,False,,False,
111349,verano_2024,2024-06-22,email,True,False,False,
102199,verano_2024,2024-06-29,email,False,,False,
108967,verano_2024,2024-06-20,push,,,True,2024-08-22
104426,verano_2024,2024-06-29,push,,,True,2024-07-22
106151,verano_2024,2024-06-29,push,,,False,
100944,verano_2024,2024-06-21,push,,,False,
100823,verano_2024,2024-06-17,sms,,,False,
105006,verano_2024,2024-06-23,email,True,False,False,
106613,verano_2024,2024-06-26,email,False,,False,
112470,verano_2024,2024-06-27,push,,,True,2024-08-13
108357,verano_2024,2024-06-21,sms,,,False,
105620,verano_2024,2024-06-18,push,,,True,2024-07-11
104548,verano_2024,2024-06-16,email,False,,False,
112176,verano_2024,2024-06-15,push,,,True,2024-07-04
102539,verano_2024,2024-06-28,sms,,,False,
115182,verano_2024,2024-06-22,email,False,,False,
109504,verano_2024,2024-06-28,push,,,False,
105208,verano_2024,2024-06-27,email,False,,False,
114039,verano_2024,2024-06-29,push,,,False,
113576,verano_2024,2024-06-15,push,,,False,
103055,verano_2024,2024-06-22,email,False,,False,
103676,verano_2024,2024-06-27,email,False,,True,2024-07-26
107777,verano_2024,2024-06-27,push,,,False,
107219,verano_2024,2024-06-22,email,False,,True,2024-08-05
106723,verano_2024,2024-06-22,email,True,True,True,2024-07-10
103301,verano_2024,2024-06-21,email,True,False,False,
103311,verano_2024,2024-06-24,email,True,False,False,
107222,verano_2024,2024-06-20,Email,False,,False,
108520,verano_2024,2024-06-25,email,True,True,False,
110683,verano_2024,2024-06-25,push,,,True,2024-08-11
105955,verano_2024,2024-06-20,email,False,,False,
110999,verano_2024,2024-06-24,email,True,False,False,
112601,verano_2024,2024-06-15,push,,,False,
111272,verano_2024,2024-06-17,push,,,False,
103463,verano_2024,2024-06-29,push,,,False,
113490,verano_2024,2024-06-25,push,,,True,2024-08-08
114538,verano_2024,2024-06-29,sms,,,False,
107644,verano_2024,2024-06-25,email,True,True,True,2024-07-19
100055,verano_2024,2024-06-15,email,False,,False,
112257,verano_2024,2024-06-28,email,False,,False,
103452,verano_2024,2024-06-27,email,False,,False,
106306,verano_2024,2024-06-21,email,True,False,False,
110094,verano_2024,2024-06-25,email,True,True,True,2024-08-28
101482,verano_2024,2024-06-29,sms,,,True,2024-08-23
104874,verano_2024,2024-06-22,email,False,,False,
113088,verano_2024,2024-06-17,push,,,False,
108039,verano_2024,2024-06-15,email,True,False,False,
112343,verano_2024,2024-06-24,email,True,True,True,2024-07-25
103336,verano_2024,2024-06-28,email,False,,False,
106017,verano_2024,2024-06-24,sms,,,True,2024-07-19
104927,verano_2024,2024-06-19,sms,,,True,2024-07-24
109139,verano_2024,2024-06-25,email,True,False,False,
105798,verano_2024,2024-06-25,email,False,,False,
111486,verano_2024,2024-06-22,push,,,True,2024-08-28
110354,verano_2024,2024-06-28,push,,,False,
105084,verano_2024,2024-06-25,sms,,,False,
106646,verano_2024,2024-06-17,push,,,False,
112482,verano_2024,2024-06-24,email,False,,False,
111250,verano_2024,2024-06-28,email,False,,False,
105491,verano_2024,2024-06-26,push,,,False,
100769,verano_2024,2024-06-18,push,,,False,
102066,verano_2024,2024-06-27,email,False,,False,
114798,verano_2024,2024-06-26,push,,,True,2024-08-16
111688,verano_2024,2024-06-16,push,,,False,
107312,verano_2024,2024-06-29,email,False,,True,2024-07-04
104525,verano_2024,2024-06-15,push,,,True,2024-08-27
111569,verano_2024,2024-06-26,email,False,,False,
110525,verano_2024,2024-06-24,email,False,,False,
102718,verano_2024,2024-06-29,email,False,,False,
102080,verano_2024,2024-06-15,push,,,True,2024-07-15
111582,verano_2024,2024-06-21,email,False,,False,
108915,verano_2024,2024-06-22,email,False,,False,
100952,verano_2024,2024-06-27,push,,,False,
108059,verano_2024,2024-06-18,email,False,,False,
102483,verano_2024,2024-06-17,email,True,True,False,
110455,verano_2024,2024-06-25,Email,False,,False,
109182,verano_2024,2024-06-21,email,False,,False,
111405,verano_2024,2024-06-27,push,,,True,2024-08-09
101760,verano_2024,2024-06-18,email,True,False,False,
109985,verano_2024,2024-06-22,push,,,False,
104423,verano_2024,2024-06-15,email,True,True,True,2024-08-21
106705,verano_2024,2024-06-25,push,,,False,
113672,verano_2024,2024-06-19,email,True,False,False,
109917,verano_2024,2024-06-23,email,False,,False,
105183,verano_2024,2024-06-21,email,False,,False,
108534,verano_2024,2024-06-17,email,False,,False,
103702,verano_2024,2024-06-28,email,True,False,False,
104244,verano_2024,2024-06-27,Email,False,,False,
100689,verano_2024,2024-06-15,Email,False,,False,
103433,verano_2024,2024-06-24,email,True,False,False,
113396,verano_2024,2024-06-25,push_notification,,,True,2024-07-16
104945,verano_2024,2024-06-17,email,False,,False,
100967,verano_2024,2024-06-21,sms,,,False,
115108,verano_2024,2024-06-20,Email,True,False,True,2024-08-29
114775,verano_2024,2024-06-24,push,,,False,
110396,verano_2024,2024-06-24,SMS,,,True,2024-08-12
102714,verano_2024,2024-06-20,sms,,,False,
104758,verano_2024,2024-06-17,sms,,,True,2024-07-10
113291,verano_2024,2024-06-18,email,True,False,False,
112351,verano_2024,2024-06-17,email,True,True,False,
114866,verano_2024,2024-06-21,email,True,False,False,
106321,verano_2024,2024-06-16,email,False,,False,
113473,verano_2024,2024-06-26,email,True,True,False,
105976,verano_2024,2024-06-17,email,False,,True,2024-07-17
103573,verano_2024,2024-06-15,email,True,False,True,2024-07-09
112998,verano_2024,2024-06-21,Email,False,,False,
105300,verano_2024,2024-06-15,push,,,False,
112313,verano_2024,2024-06-16,email,True,False,False,
112952,verano_2024,2024-06-25,email,True,False,False,
101206,verano_2024,2024-06-21,email,False,,True,2024-07-22
113491,verano_2024,2024-06-27,email,False,,False,
113051,verano_2024,2024-06-25,email,False,,False,
104972,verano_2024,2024-06-21,email,True,False,False,
115137,verano_2024,2024-06-19,sms,,,True,2024-07-03
113227,verano_2024,2024-06-25,push,,,False,
106784,verano_2024,2024-06-23,email,False,,False,
103601,verano_2024,2024-06-28,email,False,,False,
106491,verano_2024,2024-06-22,sms,,,False,
108610,verano_2024,2024-06-27,email,False,,False,
114090,verano_2024,2024-06-15,push,,,False,
108071,verano_2024,2024-06-23,email,True,False,False,
108578,verano_2024,2024-06-17,push,,,False,
107974,verano_2024,2024-06-27,email,False,,False,
114507,verano_2024,2024-06-28,email,False,,False,
101626,verano_2024,2024-06-28,email,False,,False,
100537,verano_2024,2024-06-25,email,True,True,False,
108767,verano_2024,2024-06-19,email,False,,False,
107971,verano_2024,2024-06-29,email,False,,False,
113225,verano_2024,2024-06-25,email,True,True,True,2024-08-26
104213,verano_2024,2024-06-18,email,True,False,False,
106457,verano_2024,2024-06-18,push,,,False,
103508,verano_2024,2024-06-15,push,,,False,
108394,verano_2024,2024-06-28,email,True,False,False,
109525,verano_2024,2024-06-23,email,False,,False,
107113,verano_2024,2024-06-29,email,False,,False,
111695,verano_2024,2024-06-29,email,False,,False,
102709,verano_2024,2024-06-22,sms,,,True,2024-07-20
105032,verano_2024,2024-06-18,sms,,,True,2024-07-14
106515,verano_2024,2024-06-17,push,,,True,2024-08-19
104663,verano_2024,2024-06-17,email,False,,False,
104022,verano_2024,2024-06-18,email,False,,False,
101855,verano_2024,2024-06-17,push,,,False,
114690,verano_2024,2024-06-20,email,True,False,False,
102873,verano_2024,2024-06-23,Email,True,False,False,
103031,verano_2024,2024-06-24,email,False,,False,
109398,verano_2024,2024-06-27,push,,,False,
101646,verano_2024,2024-06-18,email,True,False,False,
103418,verano_2024,2024-06-23,email,True,False,False,
103477,verano_2024,2024-06-16,email,True,False,False,
114874,verano_2024,2024-06-21,email,True,False,False,
111054,verano_2024,2024-06-23,email,True,False,False,
101793,verano_2024,2024-06-23,email,True,True,True,2024-07-01
113719,verano_2024,2024-06-18,email,True,False,False,
103798,verano_2024,2024-06-24,push_notification,,,False,
103369,verano_2024,2024-06-17,email,False,,False,
111560,verano_2024,2024-06-29,push,,,True,2024-08-03
111726,verano_2024,2024-06-19,email,True,False,False,
107197,verano_2024,2024-06-16,email,False,,False,
115017,verano_2024,2024-06-24,email,True,True,True,2024-07-22
105110,verano_2024,2024-06-29,email,False,,False,
106025,verano_2024,2024-06-26,push,,,False,
111642,verano_2024,2024-06-20,email,False,,False,
108796,verano_2024,2024-06-26,email,False,,False,
111249,verano_2024,2024-06-22,email,False,,False,
114484,verano_2024,2024-06-21,push,,,False,
100127,verano_2024,2024-06-18,email,False,,False,
105960,verano_2024,2024-06-22,email,False,,False,
103877,verano_2024,2024-06-29,push,,,True,2024-07-24
111128,verano_2024,2024-06-27,email,False,,False,
113636,verano_2024,2024-06-16,email,False,,False,
104452,verano_2024,2024-06-29,email,False,,False,
107148,verano_2024,2024-06-19,email,True,True,False,
103532,verano_2024,2024-06-17,email,True,True,False,
110923,verano_2024,2024-06-17,email,False,,False,
100828,verano_2024,2024-06-24,sms,,,False,
109832,verano_2024,2024-06-23,email,False,,False,
107791,verano_2024,2024-06-16,push,,,True,2024-08-23
100985,verano_2024,2024-06-15,push,,,False,
111474,verano_2024,2024-06-22,push,,,False,
111198,verano_2024,2024-06-16,push,,,False,
107784,verano_2024,2024-06-24,email,False,,False,
110381,verano_2024,2024-06-20,email,True,True,False,
114919,verano_2024,2024-06-24,email,True,False,False,
102444,verano_2024,2024-06-22,push,,,False,
108555,verano_2024,2024-06-15,push,,,True,2024-07-05
110542,verano_2024,2024-06-15,email,False,,False,
100346,verano_2024,2024-06-27,email,True,False,False,
100815,verano_2024,2024-06-20,email,False,,False,
106167,verano_2024,2024-06-21,email,True,False,False,
113000,verano_2024,2024-06-15,email,True,False,False,
111398,verano_2024,2024-06-20,push,,,False,
114142,verano_2024,2024-06-22,email,True,False,False,
115221,verano_2024,2024-06-27,sms,,,True,2024-08-16
111518,verano_2024,2024-06-20,push,,,False,
112299,verano_2024,2024-06-24,Email,True,False,False,
105780,verano_2024,2024-06-20,Email,False,,False,
102117,verano_2024,2024-06-17,email,False,,False,
110027,verano_2024,2024-06-20,email,True,False,False,
100794,verano_2024,2024-06-18,email,True,False,False,
106899,verano_2024,2024-06-29,email,False,,False,
102675,verano_2024,2024-06-15,email,False,,False,
100095,verano_2024,2024-06-22,push,,,False,
104226,verano_2024,2024-06-19,Email,True,False,False,
103757,verano_2024,2024-06-21,push,,,True,2024-07-27
102892,verano_2024,2024-06-19,push,,,False,
102372,verano_2024,2024-06-23,email,True,True,False,
111421,verano_2024,2024-06-15,email,False,,False,
114627,verano_2024,2024-06-17,email,False,,False,
103229,verano_2024,2024-06-19,sms,,,False,
107864,verano_2024,2024-06-18,push,,,False,
106360,verano_2024,2024-06-15,sms,,,True,2024-07-26
114338,verano_2024,2024-06-21,email,True,False,True,2024-08-20
113103,verano_2024,2024-06-15,email,True,False,True,2024-08-10
107327,verano_2024,2024-06-28,push,,,True,2024-08-05
106029,verano_2024,2024-06-19,email,True,False,False,
111046,verano_2024,2024-06-16,push_notification,,,False,
113430,verano_2024,2024-06-27,email,False,,True,2024-07-21
111105,verano_2024,2024-06-19,push,,,True,2024-07-02
101866,verano_2024,2024-06-16,push,,,False,
113947,verano_2024,2024-06-17,email,True,False,False,
104613,verano_2024,2024-06-20,email,True,False,True,2024-08-24
110050,verano_2024,2024-06-29,email,True,True,True,2024-08-30
102646,verano_2024,2024-06-20,email,True,True,False,
102244,verano_2024,2024-06-20,email,False,,False,
105374,verano_2024,2024-06-19,push,,,True,2024-07-27
102337,verano_2024,2024-06-27,sms,,,True,2024-08-16
100951,verano_2024,2024-06-17,email,True,False,True,2024-07-28
111261,verano_2024,2024-06-29,email,False,,False,
101121,verano_2024,2024-06-27,push,,,False,
110790,verano_2024,2024-06-22,push,,,True,2024-07-08
102205,verano_2024,2024-06-22,sms,,,True,2024-08-20
100420,verano_2024,2024-06-24,push,,,True,2024-08-28
100923,verano_2024,2024-06-29,push,,,False,
109447,verano_2024,2024-06-19,email,False,,False,
108670,verano_2024,2024-06-20,email,True,True,False,
110228,verano_2024,2024-06-28,email,False,,False,
105409,verano_2024,2024-06-18,email,True,False,False,
105789,verano_2024,2024-06-22,email,True,False,False,
105743,verano_2024,2024-06-22,email,True,False,False,
107668,verano_2024,2024-06-16,email,False,,False,
105568,verano_2024,2024-06-18,email,True,False,True,2024-07-24
108136,verano_2024,2024-06-16,email,True,False,False,
101203,verano_2024,2024-06-29,email,False,,False,
110819,verano_2024,2024-06-26,email,True,True,True,2024-08-03
105766,verano_2024,2024-06-24,email,False,,False,
108390,verano_2024,2024-06-26,push,,,False,
101971,verano_2024,2024-06-21,email,False,,False,
111303,verano_2024,2024-06-18,email,True,False,False,
104019,verano_2024,2024-06-28,email,True,False,True,2024-08-16
110344,verano_2024,2024-06-28,push,,,False,
103688,verano_2024,2024-06-28,push,,,False,
113109,verano_2024,2024-06-23,email,False,,False,
101998,verano_2024,2024-06-26,email,False,,False,
104034,verano_2024,2024-06-21,sms,,,True,2024-07-21
111247,verano_2024,2024-06-15,push,,,False,
101249,verano_2024,2024-06-15,email,True,False,False,
102193,verano_2024,2024-06-19,email,True,False,False,
102713,verano_2024,2024-06-24,email,False,,False,
109185,verano_2024,2024-06-22,email,True,True,True,2024-08-29
102191,verano_2024,2024-06-28,email,True,False,False,
104671,verano_2024,2024-06-25,email,True,True,True,2024-08-17
105143,verano_2024,2024-06-19,sms,,,False,
105985,verano_2024,2024-06-26,email,True,False,False,
106566,verano_2024,2024-06-24,push,,,False,
107805,verano_2024,2024-06-23,push,,,False,
111955,verano_2024,2024-06-16,email,True,False,False,
106944,verano_2024,2024-06-17,email,True,False,False,
111790,verano_2024,2024-06-19,email,True,False,False,
112904,verano_2024,2024-06-16,email,True,False,False,
109511,verano_2024,2024-06-19,email,False,,True,2024-08-23
110056,verano_2024,2024-06-24,email,False,,False,
110536,verano_2024,2024-06-27,push,,,False,
110642,verano_2024,2024-06-27,email,False,,False,
102137,verano_2024,2024-06-27,email,False,,False,
101066,verano_2024,2024-06-23,email,False,,False,
114061,verano_2024,2024-06-25,email,True,False,False,
100601,verano_2024,2024-06-21,push,,,False,
104228,verano_2024,2024-06-24,email,False,,False,
110814,verano_2024,2024-06-16,push,,,False,
107578,verano_2024,2024-06-23,email,False,,True,2024-07-29
100078,verano_2024,2024-06-25,email,True,True,False,
107547,verano_2024,2024-06-20,email,True,False,True,2024-07-26
102899,verano_2024,2024-06-26,sms,,,False,
104821,verano_2024,2024-06-27,email,False,,False,
109507,verano_2024,2024-06-15,Email,False,,False,
114498,verano_2024,2024-06-15,email,False,,False,
114140,verano_2024,2024-06-27,email,True,False,False,
106414,verano_2024,2024-06-16,email,False,,False,
109445,verano_2024,2024-06-17,push,,,False,
109065,verano_2024,2024-06-28,email,False,,False,
112043,verano_2024,2024-06-21,email,True,False,True,2024-07-21
108008,verano_2024,2024-06-27,email,False,,True,2024-07-03
105469,verano_2024,2024-06-28,push,,,False,
105952,verano_2024,2024-06-21,push,,,False,
115203,verano_2024,2024-06-27,email,False,,False,
111158,verano_2024,2024-06-18,push,,,False,
103392,verano_2024,2024-06-16,email,False,,True,2024-07-04
105416,verano_2024,2024-06-24,email,False,,False,
102561,verano_2024,2024-06-16,push,,,False,
108163,verano_2024,2024-06-25,Email,False,,False,
102636,verano_2024,2024-06-17,email,True,False,False,
105257,verano_2024,2024-06-28,push,,,False,
103531,verano_2024,2024-06-16,sms,,,True,2024-07-04
108568,verano_2024,2024-06-19,email,False,,False,
101909,verano_2024,2024-06-25,sms,,,True,2024-07-28
112622,verano_2024,2024-06-25,email,False,,False,
114438,verano_2024,2024-06-22,email,False,,True,2024-08-18
100236,verano_2024,2024-06-21,email,False,,False,
112220,verano_2024,2024-06-25,push,,,True,2024-08-17
101605,verano_2024,2024-06-19,push,,,False,
107985,verano_2024,2024-06-28,push,,,False,
109311,verano_2024,2024-06-15,Email,True,True,False,
111870,verano_2024,2024-06-24,email,False,,False,
103491,verano_2024,2024-06-15,email,True,True,False,
111151,verano_2024,2024-06-19,email,True,False,False,
101995,verano_2024,2024-06-22,email,False,,False,
102825,verano_2024,2024-06-28,email,False,,False,
114474,verano_2024,2024-06-29,email,True,False,False,
110569,verano_2024,2024-06-16,email,True,True,False,
113925,verano_2024,2024-06-16,email,True,False,False,
101343,verano_2024,2024-06-20,push,,,False,
108513,verano_2024,2024-06-15,email,False,,True,2024-08-13
101620,verano_2024,2024-06-15,email,False,,False,
111906,verano_2024,2024-06-15,push,,,True,2024-08-06
105288,verano_2024,2024-06-22,push_notification,,,False,
102061,verano_2024,2024-06-22,push,,,False,
102480,verano_2024,2024-06-29,email,False,,False,
102220,verano_2024,2024-06-16,sms,,,True,
109866,verano_2024,2024-06-21,Email,False,,False,
106039,verano_2024,2024-06-23,email,False,,True,2024-07-14
100261,verano_2024,2024-06-22,email,False,,False,
114597,verano_2024,2024-06-28,email,True,True,False,
110232,verano_2024,2024-06-26,sms,,,False,
112978,verano_2024,2024-06-28,email,True,False,False,
109094,verano_2024,2024-06-26,Email,False,,False,
103745,verano_2024,2024-06-19,email,True,False,False,
102027,verano_2024,2024-06-27,email,False,,False,
106989,verano_2024,2024-06-22,email,True,False,False,
104235,verano_2024,2024-06-22,push,,,False,
101918,verano_2024,2024-06-25,email,False,,False,
101829,verano_2024,2024-06-16,SMS,,,False,
109766,verano_2024,2024-06-21,email,False,,False,
112608,verano_2024,2024-06-18,push,,,True,2024-07-23
112942,verano_2024,2024-06-17,email,False,,False,
106234,verano_2024,2024-06-25,email,True,False,False,
114547,verano_2024,2024-06-15,email,True,False,False,
112847,verano_2024,2024-06-25,sms,,,True,2024-08-20
106284,verano_2024,2024-06-27,sms,,,False,
104209,verano_2024,2024-06-26,email,True,True,True,2024-07-31
112820,verano_2024,2024-06-21,email,True,False,True,2024-08-18
100225,verano_2024,2024-06-17,email,False,,False,
110003,verano_2024,2024-06-27,push,,,True,2024-08-16
109334,verano_2024,2024-06-21,email,False,,False,
113722,verano_2024,2024-06-27,push,,,False,
106470,verano_2024,2024-06-15,push,,,False,
113957,verano_2024,2024-06-22,email,True,False,False,
114672,verano_2024,2024-06-18,email,True,False,False,
113747,verano_2024,2024-06-20,email,False,,False,
115145,verano_2024,2024-06-26,email,False,,False,
110955,verano_2024,2024-06-27,email,False,,False,
100847,verano_2024,2024-06-22,sms,,,False,
104290,verano_2024,2024-06-23,push,,,False,
105561,verano_2024,2024-06-29,email,False,,False,
113235,verano_2024,2024-06-19,email,True,False,False,
102552,verano_2024,2024-06-22,email,False,,False,
113918,verano_2024,2024-06-16,email,False,,False,
111121,verano_2024,2024-06-24,email,False,,True,2024-07-07
100118,verano_2024,2024-06-20,sms,,,True,2024-08-14
108838,verano_2024,2024-06-23,push,,,False,
105967,verano_2024,2024-06-16,sms,,,False,
108196,verano_2024,2024-06-19,push,,,False,
112363,verano_2024,2024-06-17,email,False,,True,2024-08-16
114044,verano_2024,2024-06-15,email,True,True,False,
108660,verano_2024,2024-06-23,email,True,False,False,
107490,verano_2024,2024-06-21,email,False,,False,
100006,verano_2024,2024-06-27,email,False,,False,
105343,verano_2024,2024-06-27,email,False,,False,
109112,verano_2024,2024-06-22,email,True,True,False,
110788,verano_2024,2024-06-23,sms,,,True,2024-07-02
104325,verano_2024,2024-06-29,email,False,,False,
101064,verano_2024,2024-06-25,push,,,True,2024-07-28
102591,verano_2024,2024-06-20,sms,,,True,2024-07-21
108435,verano_2024,2024-06-24,email,False,,False,
113047,verano_2024,2024-06-23,email,True,False,False,
109353,verano_2024,2024-06-27,email,True,False,False,
111063,verano_2024,2024-06-29,push,,,False,
103736,verano_2024,2024-06-27,Email,True,False,False,
113919,verano_2024,2024-06-16,email,False,,False,
110590,verano_2024,2024-06-20,email,False,,True,2024-07-04
103518,verano_2024,2024-06-15,email,False,,False,
106987,verano_2024,2024-06-29,email,True,False,True,2024-08-30
111614,verano_2024,2024-06-19,email,False,,False,
110756,verano_2024,2024-06-26,email,False,,False,
106768,verano_2024,2024-06-28,push,,,False,
105623,verano_2024,2024-06-24,email,False,,False,
101606,verano_2024,2024-06-22,sms,,,False,
101734,verano_2024,2024-06-25,email,True,False,False,
110517,verano_2024,2024-06-26,email,False,,False,
110902,verano_2024,2024-06-20,email,True,False,False,
114558,verano_2024,2024-06-23,email,False,,False,
109505,verano_2024,2024-06-28,email,False,,False,
111641,verano_2024,2024-06-24,email,False,,False,
103813,verano_2024,2024-06-23,push,,,False,
114278,verano_2024,2024-06-25,email,False,,False,
114991,verano_2024,2024-06-25,email,True,False,False,
110555,verano_2024,2024-06-22,email,True,True,False,
110168,verano_2024,2024-06-22,email,False,,False,
111707,verano_2024,2024-06-23,SMS,,,False,
101762,verano_2024,2024-06-26,sms,,,True,2024-08-10
105402,verano_2024,2024-06-23,email,True,False,False,
102740,verano_2024,2024-06-20,email,True,False,True,2024-07-28
113830,verano_2024,2024-06-17,email,True,False,False,
115000,verano_2024,2024-06-25,push_notification,,,True,2024-07-04
102473,verano_2024,2024-06-19,push,,,True,2024-08-27
106739,verano_2024,2024-06-22,sms,,,False,
106892,verano_2024,2024-06-19,email,False,,False,
112200,verano_2024,2024-06-16,email,True,False,False,
112911,verano_2024,2024-06-26,push,,,False,
109686,verano_2024,2024-06-24,email,False,,True,2024-08-10
104207,verano_2024,2024-06-22,email,True,False,False,
106372,verano_2024,2024-06-26,email,False,,False,
110351,verano_2024,2024-06-29,email,True,False,False,
109362,verano_2024,2024-06-27,push,,,False,
110349,verano_2024,2024-06-15,sms,,,False,
100233,verano_2024,2024-06-23,email,True,False,True,2024-08-12
108259,verano_2024,2024-06-25,email,False,,False,
107562,verano_2024,2024-06-20,email,False,,False,
109796,verano_2024,2024-06-29,email,False,,False,
106169,verano_2024,2024-06-27,push,,,False,
111476,verano_2024,2024-06-29,email,True,False,False,
103597,verano_2024,2024-06-24,push,,,False,
106289,verano_2024,2024-06-16,email,False,,False,
104633,verano_2024,2024-06-15,email,False,,False,
100126,verano_2024,2024-06-16,email,False,,False,
107642,verano_2024,2024-06-15,email,True,False,False,
106230,verano_2024,2024-06-17,email,False,,True,2024-07-31
113543,verano_2024,2024-06-25,email,True,False,False,
101297,verano_2024,2024-06-19,email,True,True,False,
101977,verano_2024,2024-06-29,push,,,False,
114708,verano_2024,2024-06-25,email,False,,False,
110268,verano_2024,2024-06-18,email,False,,False,
112773,verano_2024,2024-06-29,push,,,False,
105751,verano_2024,2024-06-27,push,,,False,
108153,verano_2024,2024-06-23,email,True,False,False,
115109,verano_2024,2024-06-20,email,True,False,False,
103087,verano_2024,2024-06-17,email,False,,False,
114459,verano_2024,2024-06-23,email,False,,False,
106883,verano_2024,2024-06-20,Email,False,,False,
114502,verano_2024,2024-06-20,push,,,False,
107674,verano_2024,2024-06-22,email,False,,True,2024-07-16
103346,verano_2024,2024-06-19,email,False,,False,
108173,verano_2024,2024-06-15,push,,,False,
114683,verano_2024,2024-06-15,email,False,,False,
105871,verano_2024,2024-06-22,email,True,True,True,2024-08-13
106507,verano_2024,2024-06-22,email,True,False,False,
102798,verano_2024,2024-06-25,email,True,True,False,
100919,verano_2024,2024-06-29,email,False,,False,
101647,verano_2024,2024-06-26,sms,,,False,
105123,verano_2024,2024-06-15,email,False,,False,
105127,verano_2024,2024-06-16,SMS,,,False,
113171,verano_2024,2024-06-25,push,,,False,
113624,verano_2024,2024-06-26,push,,,True,2024-07-15
104622,verano_2024,2024-06-17,email,False,,False,
106810,verano_2024,2024-06-21,email,False,,False,
100365,verano_2024,2024-06-17,email,True,False,False,
111480,verano_2024,2024-06-28,email,False,,False,
102126,verano_2024,2024-06-28,sms,,,False,
108151,verano_2024,2024-06-28,push,,,False,
112316,verano_2024,2024-06-20,email,True,False,False,
112762,verano_2024,2024-06-15,email,True,True,False,
108718,verano_2024,2024-06-24,email,False,,True,2024-08-22
113014,verano_2024,2024-06-26,email,True,False,True,2024-08-01
100056,verano_2024,2024-06-24,email,False,,False,
100639,verano_2024,2024-06-20,email,False,,False,
100303,verano_2024,2024-06-25,email,False,,False,
110959,verano_2024,2024-06-22,push,,,True,2024-07-06
105812,verano_2024,2024-06-15,email,True,True,True,2024-07-20
101277,verano_2024,2024-06-18,push_notification,,,False,
114179,verano_2024,2024-06-26,email,True,False,False,
112913,verano_2024,2024-06-29,email,True,False,False,
110248,verano_2024,2024-06-20,email,False,,False,
113569,verano_2024,2024-06-15,email,True,True,True,2024-07-04
113338,verano_2024,2024-06-28,email,True,False,False,
104433,verano_2024,2024-06-23,push,,,True,2024-08-25
103645,verano_2024,2024-06-18,email,True,True,False,
104144,verano_2024,2024-06-27,email,True,False,False,
102879,verano_2024,2024-06-23,push,,,False,
112395,verano_2024,2024-06-18,email,True,False,True,2024-07-19
106494,verano_2024,2024-06-27,email,True,False,False,
113368,verano_2024,2024-06-24,email,False,,False,
110479,verano_2024,2024-06-28,email,False,,False,
110454,verano_2024,2024-06-17,email,True,True,False,
105241,verano_2024,2024-06-23,email,True,False,False,
114657,verano_2024,2024-06-27,push,,,False,
110489,verano_2024,2024-06-21,push,,,True,2024-07-15
106938,verano_2024,2024-06-27,email,True,False,False,
107241,verano_2024,2024-06-26,push,,,True,2024-08-12
114125,verano_2024,2024-06-20,email,False,,False,
109946,verano_2024,2024-06-21,email,True,False,False,
113390,verano_2024,2024-06-17,push,,,False,
110161,verano_2024,2024-06-17,sms,,,False,
102594,verano_2024,2024-06-23,push,,,True,2024-07-27
111310,verano_2024,2024-06-25,email,False,,False,
102394,verano_2024,2024-06-29,email,True,False,False,
100524,verano_2024,2024-06-18,email,False,,False,
106377,verano_2024,2024-06-29,push,,,True,2024-08-03
106982,verano_2024,2024-06-27,email,False,,False,
113717,verano_2024,2024-06-26,email,False,,False,
106678,verano_2024,2024-06-28,sms,,,False,
103901,verano_2024,2024-06-27,email,False,,False,
115005,verano_2024,2024-06-23,email,True,False,False,
112892,verano_2024,2024-06-18,push,,,False,
114591,verano_2024,2024-06-24,email,True,True,False,
107957,verano_2024,2024-06-21,email,False,,False,
107571,verano_2024,2024-06-27,sms,,,False,
111315,verano_2024,2024-06-20,Email,False,,False,
106778,verano_2024,2024-06-24,push,,,True,2024-07-23
112349,verano_2024,2024-06-26,push,,,False,
110162,verano_2024,2024-06-19,SMS,,,True,2024-08-05
100672,verano_2024,2024-06-27,email,False,,False,
104189,verano_2024,2024-06-20,email,False,,False,
100667,verano_2024,2024-06-27,email,False,,False,
103267,verano_2024,2024-06-28,email,False,,False,
101888,verano_2024,2024-06-18,push,,,False,
111459,verano_2024,2024-06-17,email,False,,False,
108473,verano_2024,2024-06-28,email,False,,False,
109912,verano_2024,2024-06-27,push,,,False,
111140,verano_2024,2024-06-29,email,False,,False,
112648,verano_2024,2024-06-15,push,,,False,
109092,verano_2024,2024-06-20,email,False,,False,
107688,verano_2024,2024-06-19,Email,False,,False,
106032,verano_2024,2024-06-21,push,,,True,2024-07-02
106091,verano_2024,2024-06-26,email,False,,False,
106239,verano_2024,2024-06-27,email,True,False,False,
107351,verano_2024,2024-06-18,email,False,,False,
107831,verano_2024,2024-06-16,push,,,False,
100761,verano_2024,2024-06-25,push,,,False,
106255,verano_2024,2024-06-28,email,True,True,False,
101907,verano_2024,2024-06-24,email,True,False,False,
112235,verano_2024,2024-06-20,push_notification,,,True,2024-08-21
112016,verano_2024,2024-06-20,email,False,,False,
112331,verano_2024,2024-06-28,push,,,False,
103819,verano_2024,2024-06-18,push,,,False,
106270,verano_2024,2024-06-23,email,True,False,False,
104301,verano_2024,2024-06-17,email,False,,False,
105570,verano_2024,2024-06-26,email,True,False,False,
114389,verano_2024,2024-06-23,push,,,False,
107942,verano_2024,2024-06-23,push,,,True,2024-08-03
110786,verano_2024,2024-06-25,sms,,,False,
104165,verano_2024,2024-06-28,email,True,False,False,
111224,verano_2024,2024-06-15,push,,,True,
105972,verano_2024,2024-06-18,email,False,,True,2024-08-19
103580,verano_2024,2024-06-20,email,False,,False,
102833,verano_2024,2024-06-20,email,False,,False,
105450,verano_2024,2024-06-29,email,False,,False,
103473,verano_2024,2024-06-20,email,False,,False,
106328,verano_2024,2024-06-22,email,False,,False,
100138,verano_2024,2024-06-26,email,False,,True,2024-08-27
107044,verano_2024,2024-06-25,Email,False,,False,
104893,verano_2024,2024-06-25,email,True,False,False,
102181,verano_2024,2024-06-29,email,False,,False,
110321,verano_2024,2024-06-15,email,False,,True,2024-07-09
107731,verano_2024,2024-06-21,Email,True,False,False,
103178,verano_2024,2024-06-28,email,False,,True,2024-07-18
104855,verano_2024,2024-06-29,push_notification,,,True,2024-08-24
104638,verano_2024,2024-06-16,email,False,,False,
105116,verano_2024,2024-06-24,email,True,False,False,
114497,verano_2024,2024-06-26,push,,,False,
107649,verano_2024,2024-06-19,email,False,,False,
104262,verano_2024,2024-06-26,email,True,True,False,
112537,verano_2024,2024-06-16,email,True,False,False,
101332,verano_2024,2024-06-23,Email,False,,False,
110210,verano_2024,2024-06-25,email,True,False,False,
112735,verano_2024,2024-06-15,push,,,False,
110675,verano_2024,2024-06-29,sms,,,True,2024-07-26
107003,verano_2024,2024-06-26,push,,,True,2024-08-02
109551,verano_2024,2024-06-17,sms,,,False,
106942,verano_2024,2024-06-23,email,False,,False,
108018,verano_2024,2024-06-17,push,,,True,2024-07-22
106242,verano_2024,2024-06-23,sms,,,False,
109522,verano_2024,2024-06-18,email,True,True,False,
106882,verano_2024,2024-06-18,email,True,False,True,2024-08-10
113052,verano_2024,2024-06-29,email,False,,False,
110343,verano_2024,2024-06-15,Email,False,,False,
104531,verano_2024,2024-06-26,email,True,True,False,
110315,verano_2024,2024-06-24,push,,,True,2024-08-03
104674,verano_2024,2024-06-28,email,True,True,True,2024-07-14
112174,verano_2024,2024-06-27,push,,,False,
106997,verano_2024,2024-06-18,Email,False,,False,
101253,verano_2024,2024-06-23,email,True,False,False,
111471,verano_2024,2024-06-29,push,,,False,
103375,verano_2024,2024-06-19,push,,,False,
102815,verano_2024,2024-06-23,push,,,False,
104720,verano_2024,2024-06-16,email,False,,False,
106545,verano_2024,2024-06-16,push,,,True,2024-08-14
110041,verano_2024,2024-06-27,email,False,,False,
104859,verano_2024,2024-06-23,email,False,,False,
107902,verano_2024,2024-06-17,email,False,,False,
111230,verano_2024,2024-06-22,push,,,False,
108581,verano_2024,2024-06-26,email,True,False,False,
108428,verano_2024,2024-06-17,sms,,,True,2024-07-10
110177,verano_2024,2024-06-16,email,True,False,False,
104364,verano_2024,2024-06-26,email,False,,False,
112155,verano_2024,2024-06-16,email,True,True,False,
100771,verano_2024,2024-06-15,push,,,True,2024-08-23
110358,verano_2024,2024-06-21,email,False,,False,
112726,verano_2024,2024-06-18,push,,,False,
108866,verano_2024,2024-06-24,sms,,,False,
100250,verano_2024,2024-06-23,email,False,,False,
114490,verano_2024,2024-06-29,email,False,,False,
109767,verano_2024,2024-06-28,sms,,,False,
107240,verano_2024,2024-06-28,email,True,False,False,
114431,verano_2024,2024-06-16,email,True,False,False,
103420,verano_2024,2024-06-28,email,True,True,False,
110274,verano_2024,2024-06-23,push,,,False,
110016,verano_2024,2024-06-25,email,False,,False,
114951,verano_2024,2024-06-26,email,True,False,False,
104977,verano_2024,2024-06-22,email,False,,False,
104545,verano_2024,2024-06-21,Email,True,False,True,2024-07-04
105566,verano_2024,2024-06-16,email,False,,False,
107940,verano_2024,2024-06-23,sms,,,True,2024-07-10
100717,verano_2024,2024-06-20,push,,,False,
115035,verano_2024,2024-06-21,push,,,True,2024-08-21
112339,verano_2024,2024-06-22,email,True,False,False,
102049,verano_2024,2024-06-21,sms,,,False,
105998,verano_2024,2024-06-19,sms,,,False,
106601,verano_2024,2024-06-24,email,True,False,False,
107246,verano_2024,2024-06-28,email,True,False,False,
113457,verano_2024,2024-06-29,push,,,False,
104179,verano_2024,2024-06-26,push,,,True,
104810,verano_2024,2024-06-23,email,True,True,False,
110917,verano_2024,2024-06-21,email,True,False,False,
114773,verano_2024,2024-06-20,email,True,True,False,
107141,verano_2024,2024-06-25,email,False,,False,
107191,verano_2024,2024-06-27,sms,,,False,
101461,verano_2024,2024-06-15,Email,False,,False,
105990,verano_2024,2024-06-25,email,False,,True,2024-07-15
109861,verano_2024,2024-06-24,email,True,True,True,2024-07-31
110949,verano_2024,2024-06-23,email,False,,False,
102001,verano_2024,2024-06-23,email,False,,False,
112764,verano_2024,2024-06-28,email,False,,False,
112806,verano_2024,2024-06-21,email,True,False,False,
108176,verano_2024,2024-06-19,push,,,False,
100405,verano_2024,2024-06-22,email,False,,False,
100385,verano_2024,2024-06-23,email,True,False,False,
114723,verano_2024,2024-06-26,email,False,,False,
114779,verano_2024,2024-06-21,push,,,True,2024-07-20
110345,verano_2024,2024-06-18,email,False,,False,
101634,verano_2024,2024-06-24,Email,False,,False,
114878,verano_2024,2024-06-29,sms,,,False,
113773,verano_2024,2024-06-24,push,,,False,
104785,verano_2024,2024-06-24,sms,,,True,2024-08-15
106971,verano_2024,2024-06-15,email,True,False,False,
103926,verano_2024,2024-06-26,email,False,,False,
113529,verano_2024,2024-06-22,email,False,,False,
104159,verano_2024,2024-06-21,email,False,,False,
107450,verano_2024,2024-06-25,email,False,,False,
113141,verano_2024,2024-06-23,email,False,,False,
114091,verano_2024,2024-06-22,email,False,,False,
114797,verano_2024,2024-06-20,email,False,,False,
113551,verano_2024,2024-06-18,email,True,True,False,
108416,verano_2024,2024-06-27,email,False,,False,
102194,verano_2024,2024-06-21,email,True,False,False,
111329,verano_2024,2024-06-25,email,True,True,False,
112662,verano_2024,2024-06-23,email,False,,False,
110017,verano_2024,2024-06-17,email,False,,False,
101016,verano_2024,2024-06-26,email,True,False,False,
105125,verano_2024,2024-06-21,sms,,,True,2024-07-31
113165,verano_2024,2024-06-20,sms,,,True,2024-08-24
107419,verano_2024,2024-06-22,email,True,False,False,
107410,verano_2024,2024-06-21,email,False,,False,
108990,verano_2024,2024-06-19,email,True,False,False,
102872,verano_2024,2024-06-25,email,False,,False,
100010,verano_2024,2024-06-23,email,True,False,False,
110137,verano_2024,2024-06-17,email,False,,False,
101839,verano_2024,2024-06-28,email,True,False,False,
104805,verano_2024,2024-06-25,push,,,False,
100256,verano_2024,2024-06-17,sms,,,True,2024-08-05
107027,verano_2024,2024-06-27,email,False,,False,
105714,verano_2024,2024-06-23,email,False,,False,
112678,verano_2024,2024-06-24,email,False,,False,
103325,verano_2024,2024-06-18,email,True,False,False,
107715,verano_2024,2024-06-17,push,,,True,2024-07-22
101582,verano_2024,2024-06-16,push,,,True,2024-08-22
111149,verano_2024,2024-06-28,email,False,,False,
100925,verano_2024,2024-06-16,Email,True,False,False,
102780,verano_2024,2024-06-25,email,False,,False,
110701,verano_2024,2024-06-26,email,False,,False,
107892,verano_2024,2024-06-24,sms,,,True,2024-07-15
106133,verano_2024,2024-06-27,email,True,True,False,
113217,verano_2024,2024-06-21,sms,,,False,
105321,verano_2024,2024-06-23,push,,,False,
107313,verano_2024,2024-06-18,push,,,False,
107103,verano_2024,2024-06-28,email,True,False,False,
106043,verano_2024,2024-06-21,push,,,False,
103776,verano_2024,2024-06-24,email,False,,False,
104836,verano_2024,2024-06-19,email,False,,False,
112329,verano_2024,2024-06-19,email,True,True,False,
104965,verano_2024,2024-06-19,email,True,False,False,
110972,verano_2024,2024-06-16,email,False,,False,
100540,verano_2024,2024-06-26,push,,,False,
107484,verano_2024,2024-06-27,email,True,False,False,
102746,verano_2024,2024-06-22,email,False,,False,
103720,verano_2024,2024-06-26,email,True,True,False,
114855,verano_2024,2024-06-21,email,False,,False,
113660,verano_2024,2024-06-17,email,False,,False,
109338,verano_2024,2024-06-24,email,True,False,False,
113320,verano_2024,2024-06-29,email,True,False,False,
104469,verano_2024,2024-06-26,email,False,,False,
100668,verano_2024,2024-06-17,email,False,,False,
107576,verano_2024,2024-06-15,push,,,False,
111212,verano_2024,2024-06-21,sms,,,False,
108550,verano_2024,2024-06-15,email,False,,False,
105064,verano_2024,2024-06-24,email,False,,False,
111024,verano_2024,2024-06-19,email,True,False,False,
110976,verano_2024,2024-06-25,email,False,,False,
101354,verano_2024,2024-06-23,email,False,,False,
113324,verano_2024,2024-06-17,email,False,,False,
107115,verano_2024,2024-06-17,sms,,,False,
115217,verano_2024,2024-06-22,email,True,False,False,
108663,verano_2024,2024-06-16,email,False,,False,
102704,verano_2024,2024-06-23,email,False,,False,
103331,verano_2024,2024-06-17,email,True,False,False,
108054,verano_2024,2024-06-19,email,False,,False,
111830,verano_2024,2024-06-16,email,True,False,True,2024-07-13
109589,verano_2024,2024-06-27,email,False,,False,
103585,verano_2024,2024-06-22,push,,,False,
114715,verano_2024,2024-06-25,email,False,,False,
113455,verano_2024,2024-06-22,push,,,False,
105646,verano_2024,2024-06-19,email,True,True,True,2024-08-28
103377,verano_2024,2024-06-27,sms,,,True,2024-08-14
101257,verano_2024,2024-06-17,push,,,False,
106191,verano_2024,2024-06-15,email,False,,True,2024-07-16
111705,verano_2024,2024-06-22,email,False,,False,
113844,verano_2024,2024-06-15,sms,,,False,
113971,verano_2024,2024-06-17,email,False,,False,
109443,verano_2024,2024-06-29,email,False,,False,
113988,verano_2024,2024-06-24,email,False,,True,2024-08-06
105349,verano_2024,2024-06-19,email,True,False,False,
111004,verano_2024,2024-06-26,email,True,False,False,
112491,verano_2024,2024-06-17,email,False,,False,
111477,verano_2024,2024-06-20,push,,,False,
111126,verano_2024,2024-06-16,email,False,,False,
104176,verano_2024,2024-06-20,email,False,,True,2024-08-30
113461,verano_2024,2024-06-17,sms,,,True,2024-07-09
104911,verano_2024,2024-06-23,email,True,False,False,
101853,verano_2024,2024-06-26,SMS,,,False,
106317,verano_2024,2024-06-19,email,True,False,True,2024-07-09
112973,verano_2024,2024-06-20,email,False,,False,
101960,verano_2024,2024-06-19,email,True,False,False,
102106,verano_2024,2024-06-15,Email,False,,False,
100134,verano_2024,2024-06-20,push,,,False,
105030,verano_2024,2024-06-15,push,,,False,
100929,verano_2024,2024-06-21,Email,True,False,False,
100824,verano_2024,2024-06-23,push,,,True,2024-07-22
107577,verano_2024,2024-06-15,email,False,,False,
111633,verano_2024,2024-06-15,email,False,,False,
101215,verano_2024,2024-06-26,email,False,,False,
100505,verano_2024,2024-06-25,email,False,,False,
112478,verano_2024,2024-06-24,email,True,False,False,
114684,verano_2024,2024-06-24,email,False,,False,
110189,verano_2024,2024-06-15,push_notification,,,True,2024-07-07
106531,verano_2024,2024-06-26,email,True,False,True,2024-08-15
103073,verano_2024,2024-06-17,email,False,,False,
110151,verano_2024,2024-06-26,email,True,True,False,
109577,verano_2024,2024-06-20,email,False,,False,
113117,verano_2024,2024-06-26,sms,,,False,
108648,verano_2024,2024-06-26,email,False,,False,
113972,verano_2024,2024-06-24,sms,,,True,2024-08-10
109274,verano_2024,2024-06-21,email,False,,False,
103710,verano_2024,2024-06-25,email,False,,False,
114930,verano_2024,2024-06-26,email,True,True,True,2024-07-25
104850,verano_2024,2024-06-24,sms,,,True,2024-08-15
104749,verano_2024,2024-06-21,email,False,,False,
104269,verano_2024,2024-06-21,push,,,False,
111715,verano_2024,2024-06-17,email,True,False,False,
112327,verano_2024,2024-06-24,sms,,,False,
111795,verano_2024,2024-06-17,email,False,,False,
108906,verano_2024,2024-06-18,push,,,False,
104187,verano_2024,2024-06-18,sms,,,True,2024-07-14
110407,verano_2024,2024-06-15,push,,,False,
105302,verano_2024,2024-06-28,email,True,False,False,
102924,verano_2024,2024-06-24,sms,,,True,2024-07-12
106589,verano_2024,2024-06-21,email,False,,False,
101811,verano_2024,2024-06-23,push,,,False,
107420,verano_2024,2024-06-16,push,,,False,
103142,verano_2024,2024-06-16,email,True,True,True,2024-08-15
110020,verano_2024,2024-06-23,email,True,False,False,
109348,verano_2024,2024-06-24,email,True,True,False,
101325,verano_2024,2024-06-16,push,,,True,2024-07-28
104313,verano_2024,2024-06-16,email,False,,False,
107495,verano_2024,2024-06-22,email,True,True,False,
108703,verano_2024,2024-06-24,sms,,,False,
109873,verano_2024,2024-06-21,email,True,True,False,
114801,verano_2024,2024-06-16,email,False,,False,
110049,verano_2024,2024-06-21,push,,,False,
109581,verano_2024,2024-06-18,push,,,True,2024-07-27
113808,verano_2024,2024-06-23,Email,False,,False,
111912,verano_2024,2024-06-19,email,False,,False,
110579,verano_2024,2024-06-28,push,,,False,
105542,verano_2024,2024-06-25,sms,,,False,
111429,verano_2024,2024-06-25,email,True,False,False,
106173,verano_2024,2024-06-20,push,,,False,
101541,verano_2024,2024-06-19,email,False,,False,
109410,verano_2024,2024-06-15,push,,,False,
102682,verano_2024,2024-06-28,push,,,True,2024-07-26
111186,verano_2024,2024-06-22,email,False,,False,
113705,verano_2024,2024-06-27,email,False,,False,
106314,verano_2024,2024-06-22,email,True,False,False,
101192,verano_2024,2024-06-18,push,,,False,
113965,verano_2024,2024-06-26,email,True,False,False,
105294,verano_2024,2024-06-28,email,True,False,False,
101543,verano_2024,2024-06-17,push,,,False,
111494,verano_2024,2024-06-21,email,False,,False,
111517,verano_2024,2024-06-28,email,True,False,False,
107057,verano_2024,2024-06-28,email,True,False,False,
102540,verano_2024,2024-06-17,email,False,,False,
100954,verano_2024,2024-06-29,email,True,True,True,2024-07-10
107242,verano_2024,2024-06-21,sms,,,False,
106732,verano_2024,2024-06-24,push,,,False,
104847,verano_2024,2024-06-18,email,True,False,False,
106802,verano_2024,2024-06-16,push,,,True,2024-08-19
108011,verano_2024,2024-06-29,sms,,,False,
104331,verano_2024,2024-06-23,email,False,,False,
108925,verano_2024,2024-06-22,email,True,False,False,
105335,verano_2024,2024-06-22,sms,,,False,
107331,verano_2024,2024-06-24,email,False,,False,
109349,verano_2024,2024-06-26,email,True,True,False,
104730,verano_2024,2024-06-16,email,True,False,False,
111487,verano_2024,2024-06-15,email,False,,False,
106542,verano_2024,2024-06-22,email,False,,False,
111175,verano_2024,2024-06-19,sms,,,False,
105306,verano_2024,2024-06-16,push,,,True,2024-07-27
105162,verano_2024,2024-06-26,push,,,False,
107861,verano_2024,2024-06-16,email,False,,False,
102157,verano_2024,2024-06-21,email,True,True,True,2024-08-21
101063,verano_2024,2024-06-15,email,False,,False,
110809,verano_2024,2024-06-29,push,,,True,2024-08-30
101168,verano_2024,2024-06-23,sms,,,True,2024-07-21
111415,verano_2024,2024-06-27,email,False,,False,
103637,verano_2024,2024-06-18,email,False,,False,
107652,verano_2024,2024-06-22,push,,,False,
105589,verano_2024,2024-06-28,email,False,,False,
111131,verano_2024,2024-06-16,email,False,,False,
107193,verano_2024,2024-06-28,email,False,,False,
104492,verano_2024,2024-06-18,email,False,,False,
107267,verano_2024,2024-06-29,email,True,False,False,
111333,verano_2024,2024-06-22,email,False,,False,
104981,verano_2024,2024-06-24,email,False,,False,
108336,verano_2024,2024-06-19,push,,,False,
111770,verano_2024,2024-06-17,Email,False,,False,
104947,verano_2024,2024-06-28,email,True,False,False,
102783,verano_2024,2024-06-17,push,,,False,
100718,verano_2024,2024-06-29,email,True,False,False,
110012,verano_2024,2024-06-15,email,True,False,False,
102503,verano_2024,2024-06-16,email,False,,False,
104361,verano_2024,2024-06-18,email,True,False,False,
104172,verano_2024,2024-06-17,sms,,,True,2024-07-02
108083,verano_2024,2024-06-26,push,,,False,
115191,verano_2024,2024-06-19,email,False,,False,
114781,verano_2024,2024-06-16,push,,,False,
100396,verano_2024,2024-06-15,sms,,,False,
113924,verano_2024,2024-06-20,email,False,,True,2024-08-22
114513,verano_2024,2024-06-15,email,False,,False,
107187,verano_2024,2024-06-27,sms,,,False,
104493,verano_2024,2024-06-28,Email,False,,False,
101366,verano_2024,2024-06-16,push,,,False,
114837,verano_2024,2024-06-27,email,True,False,True,2024-08-22
114192,verano_2024,2024-06-25,email,False,,True,2024-08-05
108788,verano_2024,2024-06-21,email,False,,False,
114398,verano_2024,2024-06-23,push,,,False,
112145,verano_2024,2024-06-29,email,False,,False,
113585,verano_2024,2024-06-15,email,True,False,False,
105918,verano_2024,2024-06-29,push_notification,,,False,
104969,verano_2024,2024-06-15,push,,,False,
102915,verano_2024,2024-06-15,push,,,True,2024-07-30
110519,verano_2024,2024-06-28,email,False,,False,
105645,verano_2024,2024-06-18,email,True,False,False,
103767,verano_2024,2024-06-27,push,,,False,
103441,verano_2024,2024-06-27,email,True,False,False,
112044,verano_2024,2024-06-20,push,,,False,
112325,verano_2024,2024-06-23,email,True,False,True,2024-08-26
107358,verano_2024,2024-06-16,email,True,False,False,
106807,verano_2024,2024-06-25,email,False,,False,
109880,verano_2024,2024-06-25,email,True,False,False,
102144,verano_2024,2024-06-27,email,True,False,False,
105105,verano_2024,2024-06-16,email,True,True,False,
105074,verano_2024,2024-06-23,push,,,False,
101572,verano_2024,2024-06-18,push,,,True,2024-08-08
104080,verano_2024,2024-06-29,sms,,,True,2024-08-30
101123,verano_2024,2024-06-16,email,True,False,False,
102787,verano_2024,2024-06-23,push,,,True,2024-07-01
114528,verano_2024,2024-06-18,email,True,True,False,
102968,verano_2024,2024-06-26,SMS,,,False,
102505,verano_2024,2024-06-27,email,True,True,False,
105989,verano_2024,2024-06-24,email,False,,False,
111658,verano_2024,2024-06-25,email,True,False,False,
108868,verano_2024,2024-06-26,push,,,False,
111001,verano_2024,2024-06-27,email,False,,False,
107165,verano_2024,2024-06-18,push,,,False,
111541,verano_2024,2024-06-22,email,True,True,False,
100729,verano_2024,2024-06-18,email,False,,False,
107588,verano_2024,2024-06-23,push_notification,,,True,2024-07-20
107544,verano_2024,2024-06-23,push,,,False,
100413,verano_2024,2024-06-19,push,,,False,
111339,verano_2024,2024-06-22,email,False,,True,2024-07-01
109709,verano_2024,2024-06-28,push,,,True,2024-07-03
105746,verano_2024,2024-06-27,email,True,False,False,
107669,verano_2024,2024-06-15,email,False,,False,
100826,verano_2024,2024-06-28,email,False,,False,
103268,verano_2024,2024-06-26,email,True,False,False,
103975,verano_2024,2024-06-23,email,False,,False,
108809,verano_2024,2024-06-21,push,,,True,2024-08-25
108307,verano_2024,2024-06-26,email,True,True,False,
100418,verano_2024,2024-06-23,email,True,False,False,
111262,verano_2024,2024-06-26,push,,,True,2024-08-25
109818,verano_2024,2024-06-17,push,,,True,2024-08-16
106749,verano_2024,2024-06-19,email,False,,True,2024-07-09
108968,verano_2024,2024-06-22,email,True,False,False,
112378,verano_2024,2024-06-29,push,,,False,
111089,verano_2024,2024-06-28,push,,,False,
115020,verano_2024,2024-06-15,email,True,False,False,
102083,verano_2024,2024-06-25,email,True,True,False,
108946,verano_2024,2024-06-28,sms,,,False,
110739,verano_2024,2024-06-20,email,False,,False,
112162,verano_2024,2024-06-23,email,True,False,False,
103374,verano_2024,2024-06-24,email,True,False,False,
105727,verano_2024,2024-06-26,email,True,True,True,2024-07-16
104108,verano_2024,2024-06-16,push,,,False,
110637,verano_2024,2024-06-22,SMS,,,False,
104381,verano_2024,2024-06-19,email,True,False,False,
107724,verano_2024,2024-06-20,email,False,,False,
101067,verano_2024,2024-06-20,email,True,True,True,2024-07-28
103914,verano_2024,2024-06-28,email,False,,False,
113480,verano_2024,2024-06-15,Email,False,,False,
105537,verano_2024,2024-06-19,email,False,,False,
108003,verano_2024,2024-06-20,email,False,,False,
105388,verano_2024,2024-06-25,email,False,,False,
105733,verano_2024,2024-06-22,email,True,False,False,
111691,verano_2024,2024-06-22,email,True,True,False,
102739,verano_2024,2024-06-27,sms,,,False,
105053,verano_2024,2024-06-22,sms,,,True,2024-08-06
104001,verano_2024,2024-06-26,email,False,,False,
109761,verano_2024,2024-06-19,Email,False,,True,2024-08-01
102428,verano_2024,2024-06-27,email,True,False,True,2024-07-04
111939,verano_2024,2024-06-19,email,False,,False,
106834,verano_2024,2024-06-23,email,True,True,True,2024-07-04
110124,verano_2024,2024-06-18,email,False,,False,
101688,verano_2024,2024-06-22,email,True,False,False,
100852,verano_2024,2024-06-23,push,,,False,
111739,verano_2024,2024-06-27,push,,,False,
109088,verano_2024,2024-06-20,Email,True,True,False,
112785,verano_2024,2024-06-25,sms,,,True,2024-07-12
114594,verano_2024,2024-06-29,email,True,False,False,
105879,verano_2024,2024-06-28,email,True,True,False,
108528,verano_2024,2024-06-28,email,True,True,False,
102840,verano_2024,2024-06-28,email,False,,False,
111280,verano_2024,2024-06-28,push,,,False,
104612,verano_2024,2024-06-20,email,True,False,False,
109541,verano_2024,2024-06-25,push,,,False,
109208,verano_2024,2024-06-24,sms,,,False,
111009,verano_2024,2024-06-22,email,True,True,True,2024-07-09
109824,verano_2024,2024-06-21,email,True,True,False,
102490,verano_2024,2024-06-27,push,,,True,2024-08-13
111923,verano_2024,2024-06-27,push,,,False,
106906,verano_2024,2024-06-24,push,,,False,
107391,verano_2024,2024-06-18,email,False,,False,
111444,verano_2024,2024-06-15,email,False,,False,
102850,verano_2024,2024-06-18,email,False,,False,
114070,verano_2024,2024-06-18,email,False,,False,
106666,verano_2024,2024-06-18,email,False,,False,
105882,verano_2024,2024-06-22,push,,,False,
110263,verano_2024,2024-06-18,email,True,False,False,
104453,verano_2024,2024-06-23,email,False,,False,
109950,verano_2024,2024-06-17,email,True,False,False,
107422,verano_2024,2024-06-23,email,False,,False,
113601,verano_2024,2024-06-20,email,False,,False,
109828,verano_2024,2024-06-19,push,,,False,
112839,verano_2024,2024-06-16,email,True,False,False,
106485,verano_2024,2024-06-18,sms,,,True,2024-08-23
106618,verano_2024,2024-06-20,email,True,False,False,
110458,verano_2024,2024-06-24,Email,False,,False,
111152,verano_2024,2024-06-16,email,True,False,False,
113516,verano_2024,2024-06-29,email,False,,False,
115116,verano_2024,2024-06-16,Email,False,,True,2024-07-10
111252,verano_2024,2024-06-22,push,,,False,
113246,verano_2024,2024-06-17,email,False,,False,
114062,verano_2024,2024-06-18,push,,,False,
102142,verano_2024,2024-06-19,email,True,True,False,
113297,verano_2024,2024-06-15,push,,,True,2024-07-04
105189,verano_2024,2024-06-22,email,True,False,False,
115104,verano_2024,2024-06-17,push,,,True,2024-08-07
112238,verano_2024,2024-06-20,email,False,,False,
111549,verano_2024,2024-06-28,email,False,,False,
102745,verano_2024,2024-06-17,email,True,False,False,
107254,verano_2024,2024-06-27,push,,,False,
113285,verano_2024,2024-06-28,email,False,,False,
103507,verano_2024,2024-06-27,email,False,,False,
101680,verano_2024,2024-06-24,email,True,False,False,
104250,verano_2024,2024-06-26,sms,,,False,
103148,verano_2024,2024-06-25,push,,,False,
108131,verano_2024,2024-06-27,email,True,False,False,
110487,verano_2024,2024-06-26,push,,,False,
107005,verano_2024,2024-06-21,sms,,,False,
100581,verano_2024,2024-06-28,push,,,False,
109663,verano_2024,2024-06-27,email,False,,False,
112992,verano_2024,2024-06-19,email,False,,False,
104071,verano_2024,2024-06-26,email,False,,False,
113501,verano_2024,2024-06-17,email,False,,False,
103344,verano_2024,2024-06-27,email,False,,False,
113185,verano_2024,2024-06-28,push,,,False,
107405,verano_2024,2024-06-19,Email,True,False,False,
112776,verano_2024,2024-06-26,push,,,True,2024-07-29
103673,verano_2024,2024-06-23,email,True,False,False,
100560,verano_2024,2024-06-23,email,True,True,False,
105238,verano_2024,2024-06-18,email,True,True,False,
107806,verano_2024,2024-06-15,email,True,True,True,2024-07-11
113408,verano_2024,2024-06-15,email,False,,False,
111042,verano_2024,2024-06-16,email,False,,False,
100513,verano_2024,2024-06-15,email,True,False,False,
112922,verano_2024,2024-06-23,email,False,,False,
101082,verano_2024,2024-06-22,push,,,False,
101665,verano_2024,2024-06-21,email,False,,False,
109205,verano_2024,2024-06-29,email,False,,False,
101932,verano_2024,2024-06-26,sms,,,False,
115053,verano_2024,2024-06-18,email,False,,False,
101151,verano_2024,2024-06-23,email,False,,False,
102839,verano_2024,2024-06-16,email,True,False,False,
105950,verano_2024,2024-06-20,push,,,True,2024-08-01
108933,verano_2024,2024-06-25,email,True,True,True,2024-07-12
115235,verano_2024,2024-06-26,email,False,,False,
114263,verano_2024,2024-06-20,email,False,,False,
111868,verano_2024,2024-06-22,email,True,False,False,
114099,verano_2024,2024-06-20,push,,,True,2024-08-21
100831,verano_2024,2024-06-26,email,False,,False,
108312,verano_2024,2024-06-28,email,True,False,False,
104753,verano_2024,2024-06-22,email,False,,False,
115189,verano_2024,2024-06-23,email,True,True,False,
115131,verano_2024,2024-06-17,email,False,,False,
100636,verano_2024,2024-06-18,email,False,,False,
112557,verano_2024,2024-06-24,email,False,,False,
106800,verano_2024,2024-06-28,push,,,True,2024-07-25
107988,verano_2024,2024-06-18,email,False,,True,2024-07-31
106967,verano_2024,2024-06-28,sms,,,False,
104143,verano_2024,2024-06-19,sms,,,True,2024-07-19
107028,verano_2024,2024-06-15,email,True,False,False,
109184,verano_2024,2024-06-22,email,False,,False,
100877,verano_2024,2024-06-26,email,True,True,False,
104870,verano_2024,2024-06-25,push,,,False,
105316,verano_2024,2024-06-23,email,True,False,False,
105223,verano_2024,2024-06-17,email,False,,False,
100005,verano_2024,2024-06-16,push,,,True,2024-08-30
103052,verano_2024,2024-06-23,sms,,,False,
105692,verano_2024,2024-06-22,email,True,False,True,2024-08-04
103125,verano_2024,2024-06-25,sms,,,False,
114600,verano_2024,2024-06-22,email,True,True,False,
110853,verano_2024,2024-06-15,email,False,,False,
102492,verano_2024,2024-06-16,email,False,,False,
113366,verano_2024,2024-06-22,email,False,,False,
103855,verano_2024,2024-06-17,email,False,,False,
113126,verano_2024,2024-06-23,email,False,,True,2024-08-03
104778,verano_2024,2024-06-23,email,True,False,True,2024-08-23
109908,verano_2024,2024-06-27,email,False,,False,
114641,verano_2024,2024-06-22,email,False,,False,
107510,verano_2024,2024-06-28,push,,,True,2024-07-05
114906,verano_2024,2024-06-18,email,False,,False,
106458,verano_2024,2024-06-19,email,False,,False,
106294,verano_2024,2024-06-24,email,False,,False,
101149,verano_2024,2024-06-27,email,False,,False,
111454,verano_2024,2024-06-15,sms,,,False,
100575,verano_2024,2024-06-16,email,False,,True,2024-08-24
103770,verano_2024,2024-06-16,email,False,,False,
111929,verano_2024,2024-06-29,email,False,,False,
104147,verano_2024,2024-06-21,push,,,False,
100854,verano_2024,2024-06-23,email,True,True,False,
110175,verano_2024,2024-06-15,email,False,,False,
110967,verano_2024,2024-06-23,push,,,True,2024-07-08
105920,verano_2024,2024-06-22,push,,,False,
113122,verano_2024,2024-06-29,email,True,False,False,
113404,verano_2024,2024-06-16,email,True,False,False,
109359,verano_2024,2024-06-17,email,False,,False,
106615,verano_2024,2024-06-23,push,,,True,2024-07-06
106003,verano_2024,2024-06-17,email,False,,False,
109164,verano_2024,2024-06-26,email,True,False,False,
110894,verano_2024,2024-06-22,email,False,,False,
104496,verano_2024,2024-06-19,push,,,True,2024-07-28
108174,verano_2024,2024-06-29,email,False,,False,
106656,verano_2024,2024-06-24,sms,,,True,2024-07-25
112040,verano_2024,2024-06-26,push,,,True,2024-07-27
102369,verano_2024,2024-06-18,Email,False,,False,
112308,verano_2024,2024-06-26,email,True,False,False,
104781,verano_2024,2024-06-24,email,True,False,False,
112324,verano_2024,2024-06-20,SMS,,,True,2024-07-29
107993,verano_2024,2024-06-25,email,True,False,False,
102951,verano_2024,2024-06-26,email,False,,False,
105626,verano_2024,2024-06-18,email,False,,False,
106972,verano_2024,2024-06-18,email,False,,False,
108717,verano_2024,2024-06-21,email,True,False,False,
110648,verano_2024,2024-06-29,Email,True,True,True,2024-08-18
113209,verano_2024,2024-06-27,email,False,,False,
101842,verano_2024,2024-06-17,email,True,True,True,2024-08-28
105987,verano_2024,2024-06-20,email,True,False,False,
100538,verano_2024,2024-06-21,email,False,,False,
102807,verano_2024,2024-06-17,email,True,False,False,
105802,verano_2024,2024-06-18,email,True,True,True,2024-08-04
105597,verano_2024,2024-06-27,push,,,False,
107207,verano_2024,2024-06-23,email,False,,False,
107344,verano_2024,2024-06-16,push_notification,,,True,2024-07-31
112534,verano_2024,2024-06-20,email,False,,False,
107561,verano_2024,2024-06-17,push,,,True,2024-08-06
108097,verano_2024,2024-06-20,email,False,,False,
111368,verano_2024,2024-06-21,email,True,True,False,
100785,verano_2024,2024-06-25,email,True,True,False,
112250,verano_2024,2024-06-28,push,,,True,2024-07-04
101410,verano_2024,2024-06-21,email,False,,False,
110730,verano_2024,2024-06-22,push,,,False,
100155,verano_2024,2024-06-23,Email,False,,False,
107807,verano_2024,2024-06-22,email,False,,False,
103010,verano_2024,2024-06-27,push,,,False,
101687,verano_2024,2024-06-18,email,False,,False,
111094,verano_2024,2024-06-20,email,True,False,False,
104015,verano_2024,2024-06-24,email,False,,False,
107456,verano_2024,2024-06-25,email,False,,False,
112914,verano_2024,2024-06-25,email,True,False,False,
103864,verano_2024,2024-06-15,email,False,,False,
102734,verano_2024,2024-06-19,email,False,,False,
101896,verano_2024,2024-06-17,email,False,,False,
105443,verano_2024,2024-06-18,email,True,False,True,2024-07-28
100570,verano_2024,2024-06-19,email,True,True,False,
106710,verano_2024,2024-06-23,sms,,,False,
105855,verano_2024,2024-06-20,sms,,,False,
101817,verano_2024,2024-06-25,push,,,False,
110258,verano_2024,2024-06-23,sms,,,False,
108320,verano_2024,2024-06-29,push,,,False,
103395,verano_2024,2024-06-16,push,,,True,2024-08-03
103328,verano_2024,2024-06-15,email,False,,False,
106103,verano_2024,2024-06-22,email,False,,False,
102976,verano_2024,2024-06-18,email,True,False,False,
100981,verano_2024,2024-06-23,sms,,,False,
110493,verano_2024,2024-06-19,email,False,,False,
100191,verano_2024,2024-06-18,email,True,True,False,
109332,verano_2024,2024-06-27,sms,,,True,2024-08-02
105089,verano_2024,2024-06-24,email,True,False,False,
100700,verano_2024,2024-06-20,push,,,False,
115190,verano_2024,2024-06-26,email,True,True,True,2024-07-28
100607,verano_2024,2024-06-15,email,False,,False,
112469,verano_2024,2024-06-29,push,,,True,2024-07-14
100302,verano_2024,2024-06-28,email,False,,False,
114833,verano_2024,2024-06-25,email,True,False,False,
103421,verano_2024,2024-06-21,email,True,True,False,
101061,verano_2024,2024-06-15,push,,,False,
114057,verano_2024,2024-06-29,email,True,False,True,2024-07-05
103445,verano_2024,2024-06-16,email,False,,False,
101070,verano_2024,2024-06-24,push,,,False,
110717,verano_2024,2024-06-18,email,False,,False,
102206,verano_2024,2024-06-20,email,False,,False,
109436,verano_2024,2024-06-18,push_notification,,,False,
107340,verano_2024,2024-06-25,sms,,,False,
108209,verano_2024,2024-06-18,push,,,True,2024-07-22
107680,verano_2024,2024-06-20,email,True,False,True,2024-08-05
111313,verano_2024,2024-06-15,email,False,,False,
113504,verano_2024,2024-06-21,email,False,,False,
107684,verano_2024,2024-06-26,push,,,False,
112947,verano_2024,2024-06-21,push,,,False,
109008,verano_2024,2024-06-21,email,False,,False,
107997,verano_2024,2024-06-19,email,False,,False,
111260,verano_2024,2024-06-25,Email,False,,False,
112741,verano_2024,2024-06-20,email,True,False,False,
105601,verano_2024,2024-06-23,push,,,False,
109152,verano_2024,2024-06-24,push,,,True,2024-07-20
107023,verano_2024,2024-06-19,push_notification,,,False,
114620,verano_2024,2024-06-17,push,,,True,2024-07-16
104894,verano_2024,2024-06-24,push_notification,,,False,
100226,verano_2024,2024-06-26,push,,,True,2024-07-08
114363,verano_2024,2024-06-25,push,,,False,
103355,verano_2024,2024-06-25,push,,,False,
105896,verano_2024,2024-06-27,email,False,,False,
110678,verano_2024,2024-06-24,push,,,True,2024-08-28
108755,verano_2024,2024-06-15,push,,,True,2024-08-20
103437,verano_2024,2024-06-17,email,True,False,False,
114566,verano_2024,2024-06-28,email,False,,False,
114374,verano_2024,2024-06-24,push,,,False,
101694,verano_2024,2024-06-23,email,False,,False,
106894,verano_2024,2024-06-29,email,False,,False,
101046,verano_2024,2024-06-28,email,False,,False,
103447,verano_2024,2024-06-17,email,True,False,False,
112758,verano_2024,2024-06-20,email,True,False,False,
108051,verano_2024,2024-06-20,push,,,False,
109147,verano_2024,2024-06-27,sms,,,True,2024-07-11
110928,verano_2024,2024-06-29,email,False,,False,
111297,verano_2024,2024-06-22,push,,,False,
104736,verano_2024,2024-06-20,push,,,False,
104497,verano_2024,2024-06-15,email,False,,False,
101219,verano_2024,2024-06-20,push,,,False,
113447,verano_2024,2024-06-16,email,True,False,False,
113704,verano_2024,2024-06-25,email,True,True,False,
106016,verano_2024,2024-06-24,push,,,True,2024-08-01
109720,verano_2024,2024-06-28,push,,,False,
103988,verano_2024,2024-06-15,email,True,False,False,
104912,verano_2024,2024-06-29,email,True,False,False,
109493,verano_2024,2024-06-20,push,,,False,
104494,verano_2024,2024-06-15,email,False,,False,
106945,verano_2024,2024-06-25,push_notification,,,False,
105700,verano_2024,2024-06-24,push,,,True,2024-07-08
108353,verano_2024,2024-06-20,Email,False,,False,
112260,verano_2024,2024-06-24,push,,,True,2024-08-25
113993,verano_2024,2024-06-19,email,True,False,False,
100957,verano_2024,2024-06-16,sms,,,False,
111984,verano_2024,2024-06-16,email,False,,False,
111427,verano_2024,2024-06-20,email,False,,False,
102870,verano_2024,2024-06-26,email,False,,False,
111970,verano_2024,2024-06-28,email,False,,False,
104434,verano_2024,2024-06-19,push,,,False,
104974,verano_2024,2024-06-18,sms,,,True,2024-07-21
114208,verano_2024,2024-06-27,push,,,False,
102962,verano_2024,2024-06-17,email,False,,False,
114173,verano_2024,2024-06-15,push,,,False,
102201,verano_2024,2024-06-26,email,False,,False,
100099,verano_2024,2024-06-27,email,True,False,False,
102558,verano_2024,2024-06-28,push,,,True,2024-08-23
111376,verano_2024,2024-06-22,email,True,False,False,
108446,verano_2024,2024-06-15,email,True,False,True,2024-08-06
112116,verano_2024,2024-06-15,email,False,,False,
104200,verano_2024,2024-06-23,email,True,False,False,
109638,verano_2024,2024-06-25,email,True,False,False,
105540,verano_2024,2024-06-29,email,True,False,False,
101649,verano_2024,2024-06-16,sms,,,False,
112875,verano_2024,2024-06-18,email,False,,False,
112916,verano_2024,2024-06-22,email,False,,False,
112184,verano_2024,2024-06-16,email,True,False,False,
109889,verano_2024,2024-06-21,push,,,False,
111384,verano_2024,2024-06-27,sms,,,False,
106198,verano_2024,2024-06-26,push,,,False,
106296,verano_2024,2024-06-20,push,,,True,2024-07-02
104500,verano_2024,2024-06-18,email,True,True,True,2024-08-26
101155,verano_2024,2024-06-19,email,False,,False,
102256,verano_2024,2024-06-25,sms,,,True,2024-08-16
115152,verano_2024,2024-06-24,email,True,False,False,
109875,verano_2024,2024-06-21,email,True,True,False,
103171,verano_2024,2024-06-26,Email,False,,True,2024-08-03
107401,verano_2024,2024-06-27,email,True,False,False,
110249,verano_2024,2024-06-18,push,,,False,
107159,verano_2024,2024-06-15,push,,,False,
112283,verano_2024,2024-06-15,Email,False,,True,2024-07-11
103109,verano_2024,2024-06-22,push,,,False,
104549,verano_2024,2024-06-19,email,False,,False,
111916,verano_2024,2024-06-22,email,True,False,False,
114590,verano_2024,2024-06-16,email,True,False,False,
105424,verano_2024,2024-06-24,email,False,,False,
102050,verano_2024,2024-06-18,push,,,False,
113169,verano_2024,2024-06-22,email,True,False,False,
111836,verano_2024,2024-06-25,push,,,False,
109209,verano_2024,2024-06-18,email,False,,False,
108816,verano_2024,2024-06-16,email,True,False,False,
114682,verano_2024,2024-06-16,push,,,False,
114076,verano_2024,2024-06-27,sms,,,False,
100263,verano_2024,2024-06-15,email,True,False,False,
113923,verano_2024,2024-06-21,email,True,True,False,
111562,verano_2024,2024-06-18,email,False,,False,
104062,verano_2024,2024-06-22,Email,True,False,False,
105535,verano_2024,2024-06-23,push,,,False,
114487,verano_2024,2024-06-28,email,True,False,False,
114258,verano_2024,2024-06-17,push,,,False,
106617,verano_2024,2024-06-15,sms,,,False,
108121,verano_2024,2024-06-23,push,,,False,
108156,verano_2024,2024-06-19,email,False,,False,
101803,verano_2024,2024-06-26,email,True,True,True,2024-08-17
104737,verano_2024,2024-06-20,email,True,True,False,
102386,verano_2024,2024-06-15,sms,,,False,
106695,verano_2024,2024-06-22,email,False,,False,
105760,verano_2024,2024-06-17,Email,True,True,False,
102977,verano_2024,2024-06-17,push,,,False,
108681,verano_2024,2024-06-27,email,False,,False,
101844,verano_2024,2024-06-15,push,,,False,
101735,verano_2024,2024-06-26,email,True,False,False,
102912,verano_2024,2024-06-27,sms,,,True,2024-08-03
111412,verano_2024,2024-06-24,email,False,,False,
108339,verano_2024,2024-06-20,push,,,True,2024-07-24
113823,verano_2024,2024-06-23,email,True,False,False,
101987,verano_2024,2024-06-29,email,False,,False,
109562,verano_2024,2024-06-22,email,False,,False,
106547,verano_2024,2024-06-21,email,False,,False,
114244,verano_2024,2024-06-18,sms,,,True,2024-07-27
107099,verano_2024,2024-06-18,email,True,False,False,
102812,verano_2024,2024-06-15,push,,,True,2024-07-22
100660,verano_2024,2024-06-20,email,True,True,False,
109987,verano_2024,2024-06-26,email,False,,False,
102512,verano_2024,2024-06-28,email,False,,False,
111590,verano_2024,2024-06-27,push_notification,,,True,2024-07-18
104283,verano_2024,2024-06-20,email,True,True,False,
109340,verano_2024,2024-06-25,email,False,,False,
111465,verano_2024,2024-06-23,push,,,False,
108801,verano_2024,2024-06-19,push,,,False,
101494,verano_2024,2024-06-19,email,True,False,False,
112664,verano_2024,2024-06-26,email,True,False,False,
112838,verano_2024,2024-06-29,email,True,False,False,
109203,verano_2024,2024-06-24,email,False,,False,
112921,verano_2024,2024-06-26,email,False,,False,
106073,verano_2024,2024-06-18,email,True,False,False,
104916,verano_2024,2024-06-20,email,False,,False,
111182,verano_2024,2024-06-18,push,,,False,
115119,verano_2024,2024-06-22,email,False,,False,
105752,verano_2024,2024-06-26,email,False,,False,
110071,verano_2024,2024-06-20,email,True,False,False,
110955,verano_2024,2024-06-15,Email,False,,False,
100114,verano_2024,2024-06-29,sms,,,False,
115047,verano_2024,2024-06-18,email,True,False,False,
105469,verano_2024,2024-06-22,email,False,,False,
100595,verano_2024,2024-06-21,push,,,False,
111522,verano_2024,2024-06-27,push,,,True,2024-07-15
104780,verano_2024,2024-06-27,email,False,,False,
104917,verano_2024,2024-06-26,email,False,,False,
110270,verano_2024,2024-06-16,push,,,False,
107828,verano_2024,2024-06-20,email,True,False,False,
103983,verano_2024,2024-06-27,email,True,False,False,
110336,verano_2024,2024-06-16,email,False,,False,
107940,verano_2024,2024-06-16,email,True,True,False,
106084,verano_2024,2024-06-26,email,False,,False,
104994,verano_2024,2024-06-17,email,False,,False,
102677,verano_2024,2024-06-21,email,False,,False,
113829,verano_2024,2024-06-29,push,,,False,
103577,verano_2024,2024-06-27,sms,,,False,
112849,verano_2024,2024-06-27,email,True,True,False,
109655,verano_2024,2024-06-23,email,True,True,False,
103303,verano_2024,2024-06-26,email,False,,False,
101514,verano_2024,2024-06-22,email,True,False,False,
100502,verano_2024,2024-06-19,email,True,False,False,
109581,verano_2024,2024-06-19,email,False,,False,
114308,verano_2024,2024-06-21,push,,,False,
102037,verano_2024,2024-06-25,push,,,False,
105181,verano_2024,2024-06-18,Email,False,,False,
108816,verano_2024,2024-06-25,email,False,,False,
113264,verano_2024,2024-06-19,email,False,,False,
106303,verano_2024,2024-06-27,email,True,False,False,
107626,verano_2024,2024-06-29,email,True,False,True,
113229,verano_2024,2024-06-22,email,False,,False,
100708,verano_2024,2024-06-23,email,False,,False,
110206,verano_2024,2024-06-18,push,,,True,2024-07-12
103401,verano_2024,2024-06-20,email,False,,False,
112844,verano_2024,2024-06-29,push,,,False,
111247,verano_2024,2024-06-17,Email,True,False,False,
112710,verano_2024,2024-06-18,email,True,False,False,
110887,verano_2024,2024-06-23,email,False,,False,
100960,verano_2024,2024-06-27,sms,,,False,
108203,verano_2024,2024-06-20,push,,,True,2024-07-15
110799,verano_2024,2024-06-16,email,False,,False,
100330,verano_2024,2024-06-29,email,False,,False,
106459,verano_2024,2024-06-17,email,True,False,False,
102593,verano_2024,2024-06-26,push,,,False,
112504,verano_2024,2024-06-19,email,False,,False,
100178,verano_2024,2024-06-20,email,True,True,False,
110368,verano_2024,2024-06-28,push,,,True,2024-07-31
102544,verano_2024,2024-06-19,email,True,False,False,
104621,verano_2024,2024-06-24,sms,,,False,
108918,verano_2024,2024-06-21,email,True,False,False,
112144,verano_2024,2024-06-28,email,False,,False,
101304,verano_2024,2024-06-25,email,False,,False,
102477,verano_2024,2024-06-19,email,True,True,False,
103986,verano_2024,2024-06-18,email,False,,False,
101099,verano_2024,2024-06-20,Email,False,,False,
102662,verano_2024,2024-06-21,push,,,True,2024-07-17
110236,verano_2024,2024-06-16,email,True,False,False,
110252,verano_2024,2024-06-17,Email,True,False,False,
112196,verano_2024,2024-06-21,email,True,False,False,
111050,verano_2024,2024-06-26,push,,,True,2024-07-31
108000,verano_2024,2024-06-21,email,True,False,False,
105308,verano_2024,2024-06-17,email,True,False,False,
104794,verano_2024,2024-06-21,sms,,,False,
108950,verano_2024,2024-06-20,email,True,True,True,2024-08-15
106929,verano_2024,2024-06-17,push,,,False,
108204,verano_2024,2024-06-29,email,False,,False,
100853,verano_2024,2024-06-27,email,True,False,False,
104589,verano_2024,2024-06-21,email,True,False,False,
112959,verano_2024,2024-06-16,sms,,,False,
113757,verano_2024,2024-06-20,email,True,False,False,
113232,verano_2024,2024-06-28,email,False,,False,
114336,verano_2024,2024-06-22,push_notification,,,False,
102607,verano_2024,2024-06-21,sms,,,False,
106413,verano_2024,2024-06-28,push,,,True,2024-07-13
105911,verano_2024,2024-06-27,email,True,False,False,
101571,verano_2024,2024-06-18,push,,,False,
107658,verano_2024,2024-06-29,email,False,,False,
110717,verano_2024,2024-06-18,email,True,True,False,
112666,verano_2024,2024-06-22,email,False,,False,
103317,verano_2024,2024-06-19,email,False,,True,2024-07-25
100367,verano_2024,2024-06-28,email,True,False,False,
110460,verano_2024,2024-06-19,sms,,,False,
101729,verano_2024,2024-06-27,push,,,False,
105728,verano_2024,2024-06-22,push,,,False,
100893,verano_2024,2024-06-19,email,False,,False,
113017,verano_2024,2024-06-21,Email,False,,False,
107562,verano_2024,2024-06-24,push,,,True,2024-08-13
105913,verano_2024,2024-06-21,push_notification,,,False,
108242,verano_2024,2024-06-20,email,True,False,False,
106469,verano_2024,2024-06-26,email,True,False,False,
114178,verano_2024,2024-06-16,email,True,False,False,
102209,verano_2024,2024-06-20,push,,,False,
111821,verano_2024,2024-06-28,email,True,True,True,2024-08-18
104430,verano_2024,2024-06-22,push,,,True,2024-07-16
106733,verano_2024,2024-06-23,email,False,,False,
103542,verano_2024,2024-06-17,push,,,True,2024-07-04
104085,verano_2024,2024-06-26,push,,,True,2024-08-03
100860,verano_2024,2024-06-19,email,True,True,False,
107523,verano_2024,2024-06-29,push,,,True,2024-08-08
114980,verano_2024,2024-06-21,email,True,False,False,
100686,verano_2024,2024-06-18,email,False,,False,
114765,verano_2024,2024-06-19,email,False,,False,
104834,verano_2024,2024-06-18,email,True,False,False,
104118,verano_2024,2024-06-19,Email,False,,False,
104172,verano_2024,2024-06-19,email,True,False,False,
109116,verano_2024,2024-06-15,email,False,,False,
104784,verano_2024,2024-06-18,email,False,,False,
111232,verano_2024,2024-06-26,push,,,False,
104795,verano_2024,2024-06-29,email,False,,False,
110225,verano_2024,2024-06-23,push,,,True,2024-07-13
105260,verano_2024,2024-06-25,email,False,,False,
110194,verano_2024,2024-06-15,sms,,,False,
104833,verano_2024,2024-06-29,Email,False,,False,
102263,verano_2024,2024-06-22,push,,,False,
101117,verano_2024,2024-06-23,email,True,False,False,
102256,verano_2024,2024-06-25,email,False,,False,
112671,verano_2024,2024-06-15,email,True,False,False,
108013,verano_2024,2024-06-20,email,True,False,False,
106222,verano_2024,2024-06-20,email,False,,False,
106654,verano_2024,2024-06-24,push,,,True,2024-08-05
101973,verano_2024,2024-06-21,email,False,,False,
101853,verano_2024,2024-06-28,sms,,,False,
100642,verano_2024,2024-06-27,push,,,False,
114261,verano_2024,2024-06-22,email,False,,False,
110870,verano_2024,2024-06-29,email,True,False,False,
112389,verano_2024,2024-06-24,email,False,,True,2024-07-31
100297,verano_2024,2024-06-28,email,False,,False,
105260,verano_2024,2024-06-16,email,True,False,False,
103649,verano_2024,2024-06-24,email,True,True,True,2024-07-25
111076,verano_2024,2024-06-16,email,True,False,True,2024-08-11
102181,verano_2024,2024-06-20,push,,,False,
111864,verano_2024,2024-06-28,push,,,True,2024-08-09
108562,verano_2024,2024-06-21,sms,,,True,2024-08-06
104385,verano_2024,2024-06-18,email,False,,False,
102780,verano_2024,2024-06-19,email,True,False,False,
113995,verano_2024,2024-06-21,email,True,False,False,
111890,verano_2024,2024-06-19,email,True,False,False,
108710,verano_2024,2024-06-29,push,,,True,
108955,verano_2024,2024-06-19,email,False,,False,
101090,verano_2024,2024-06-19,push,,,False,
108693,verano_2024,2024-06-18,email,False,,False,
109543,verano_2024,2024-06-28,email,False,,False,
109604,verano_2024,2024-06-20,push,,,True,2024-08-25
105723,verano_2024,2024-06-17,email,True,False,False,
111544,verano_2024,2024-06-17,sms,,,True,2024-08-21
107459,verano_2024,2024-06-28,email,True,False,False,
103991,verano_2024,2024-06-17,push,,,True,2024-08-06
107065,verano_2024,2024-06-23,push,,,False,
101698,verano_2024,2024-06-24,push,,,False,
104937,verano_2024,2024-06-24,email,True,False,False,
103121,verano_2024,2024-06-26,push,,,True,2024-08-15
111276,verano_2024,2024-06-28,Email,False,,False,
109014,verano_2024,2024-06-15,sms,,,True,2024-08-21
105338,verano_2024,2024-06-17,email,True,False,False,
110620,verano_2024,2024-06-15,push,,,True,2024-08-17
108516,verano_2024,2024-06-24,email,True,False,False,
103537,verano_2024,2024-06-27,email,False,,False,
105291,verano_2024,2024-06-21,email,True,False,False,
109813,verano_2024,2024-06-15,push,,,False,
103008,verano_2024,2024-06-27,email,True,False,True,2024-08-10
113540,verano_2024,2024-06-15,sms,,,True,2024-07-06
100857,verano_2024,2024-06-18,email,True,False,False,
112890,verano_2024,2024-06-15,email,True,True,False,
103430,verano_2024,2024-06-20,email,True,False,False,
106199,verano_2024,2024-06-24,push_notification,,,False,
112068,verano_2024,2024-06-29,email,False,,False,
108343,verano_2024,2024-06-16,email,False,,False,
110942,verano_2024,2024-06-27,email,False,,False,
108614,verano_2024,2024-06-24,push,,,False,
107287,verano_2024,2024-06-25,push,,,False,
110899,verano_2024,2024-06-15,push,,,False,
106583,verano_2024,2024-06-25,email,False,,False,
105160,verano_2024,2024-06-24,sms,,,False,
105500,verano_2024,2024-06-22,email,True,False,True,2024-07-26
101206,verano_2024,2024-06-18,email,False,,False,
109415,verano_2024,2024-06-21,email,False,,False,
111066,verano_2024,2024-06-20,Email,False,,False,
100085,verano_2024,2024-06-16,email,False,,False,
106679,verano_2024,2024-06-17,push,,,False,
103395,verano_2024,2024-06-17,email,False,,False,
105664,verano_2024,2024-06-22,Email,False,,False,
109011,verano_2024,2024-06-15,email,False,,True,2024-07-18
113927,verano_2024,2024-06-23,email,False,,False,
101494,verano_2024,2024-06-27,email,True,False,False,
104756,verano_2024,2024-06-20,email,True,False,False,
102851,verano_2024,2024-06-16,email,False,,False,
110952,verano_2024,2024-06-17,sms,,,True,2024-08-29
110961,verano_2024,2024-06-21,email,True,False,False,
109887,verano_2024,2024-06-29,email,False,,False,
102717,verano_2024,2024-06-21,email,True,False,False,
110059,verano_2024,2024-06-19,Email,False,,False,
114909,verano_2024,2024-06-29,email,True,True,False,
103547,verano_2024,2024-06-23,email,True,True,True,2024-07-12
102833,verano_2024,2024-06-29,push,,,False,
114072,verano_2024,2024-06-23,email,True,False,False,
106707,verano_2024,2024-06-21,email,False,,False,
107433,verano_2024,2024-06-15,email,True,False,False,
106259,verano_2024,2024-06-20,push,,,True,2024-07-11
109835,verano_2024,2024-06-22,email,False,,False,
115139,verano_2024,2024-06-28,email,True,False,False,
103614,verano_2024,2024-06-16,email,True,False,True,2024-07-30
102121,verano_2024,2024-06-16,email,True,False,False,
108077,verano_2024,2024-06-26,email,True,False,False,
107692,verano_2024,2024-06-22,push,,,False,
104326,verano_2024,2024-06-17,Email,False,,False,
100056,verano_2024,2024-06-20,email,True,True,True,2024-08-02
106963,verano_2024,2024-06-25,email,True,False,False,
110066,verano_2024,2024-06-15,email,False,,False,
100896,verano_2024,2024-06-15,email,False,,False,
113066,verano_2024,2024-06-20,email,True,False,False,
108951,verano_2024,2024-06-29,email,False,,False,
102632,verano_2024,2024-06-20,push,,,False,
113297,verano_2024,2024-06-19,email,False,,False,
101375,verano_2024,2024-06-15,email,False,,False,
107739,verano_2024,2024-06-21,email,True,False,False,
112917,verano_2024,2024-06-20,push,,,False,
110207,verano_2024,2024-06-19,email,False,,False,
106560,verano_2024,2024-06-25,push,,,False,
109397,verano_2024,2024-06-29,email,True,False,False,
105041,verano_2024,2024-06-29,email,False,,False,
100741,verano_2024,2024-06-20,email,False,,False,
105549,verano_2024,2024-06-15,email,True,False,False,
105176,verano_2024,2024-06-26,push,,,True,2024-08-09
111064,verano_2024,2024-06-19,email,True,True,False,
105030,verano_2024,2024-06-20,push,,,True,2024-08-24
101065,verano_2024,2024-06-21,email,False,,False,
109979,verano_2024,2024-06-27,email,True,True,False,
100719,verano_2024,2024-06-24,push,,,True,2024-08-14
104602,verano_2024,2024-06-20,email,True,True,False,
109774,verano_2024,2024-06-16,email,False,,False,
102424,verano_2024,2024-06-20,email,True,True,True,2024-07-20
102090,verano_2024,2024-06-29,push,,,False,
109388,verano_2024,2024-06-25,email,False,,False,
104923,verano_2024,2024-06-29,email,True,False,False,
104895,verano_2024,2024-06-21,email,True,False,False,
102196,verano_2024,2024-06-20,push,,,False,
103630,verano_2024,2024-06-18,email,True,False,False,
112896,verano_2024,2024-06-26,Email,True,False,False,
108328,verano_2024,2024-06-16,Email,False,,False,
102164,verano_2024,2024-06-15,email,False,,False,
113989,verano_2024,2024-06-28,push,,,True,2024-07-11
110759,verano_2024,2024-06-18,sms,,,True,2024-07-31
111601,verano_2024,2024-06-23,email,False,,False,
107217,verano_2024,2024-06-23,SMS,,,True,2024-08-23
100616,verano_2024,2024-06-15,email,False,,False,
111642,verano_2024,2024-06-24,email,False,,False,
108203,verano_2024,2024-06-24,sms,,,True,2024-07-31
108300,verano_2024,2024-06-26,push,,,False,
106494,verano_2024,2024-06-23,sms,,,True,2024-07-13
113991,verano_2024,2024-06-26,email,False,,False,
105136,verano_2024,2024-06-18,email,False,,False,
105908,verano_2024,2024-06-27,sms,,,False,
104379,verano_2024,2024-06-26,email,True,False,False,
101922,verano_2024,2024-06-18,email,False,,False,
102822,verano_2024,2024-06-22,email,False,,False,
114311,verano_2024,2024-06-27,sms,,,True,2024-08-11
108396,verano_2024,2024-06-20,email,False,,True,
102326,verano_2024,2024-06-29,email,True,False,False,
110848,verano_2024,2024-06-22,email,False,,False,
113805,verano_2024,2024-06-17,email,False,,False,
111681,verano_2024,2024-06-29,push,,,True,2024-08-24
100909,verano_2024,2024-06-20,email,False,,True,2024-07-04
102683,verano_2024,2024-06-28,email,True,False,False,
113792,verano_2024,2024-06-24,email,True,False,False,
106292,verano_2024,2024-06-22,email,False,,False,
110014,verano_2024,2024-06-16,sms,,,False,
100206,verano_2024,2024-06-20,sms,,,False,
112767,verano_2024,2024-06-19,email,True,True,True,
107043,verano_2024,2024-06-21,push,,,False,
107881,verano_2024,2024-06-25,push,,,False,
105799,verano_2024,2024-06-23,email,True,False,False,
109949,verano_2024,2024-06-29,email,False,,False,
110377,verano_2024,2024-06-25,email,False,,False,
107330,verano_2024,2024-06-25,push,,,False,
112176,verano_2024,2024-06-17,email,False,,False,
113469,verano_2024,2024-06-26,email,True,False,False,
103200,verano_2024,2024-06-25,email,False,,False,
102447,verano_2024,2024-06-17,email,False,,False,
106799,verano_2024,2024-06-16,email,True,False,True,2024-07-06
112394,verano_2024,2024-06-29,email,True,True,True,2024-07-04
111456,verano_2024,2024-06-21,email,False,,True,2024-08-29
100824,verano_2024,2024-06-20,push,,,True,2024-08-15
115212,verano_2024,2024-06-19,email,True,False,True,2024-07-22
107407,verano_2024,2024-06-26,email,True,True,True,2024-07-20
110506,verano_2024,2024-06-23,email,False,,False,
115067,verano_2024,2024-06-17,email,False,,False,
105200,verano_2024,2024-06-24,push,,,False,
113520,verano_2024,2024-06-20,email,False,,False,
109213,verano_2024,2024-06-25,email,True,False,False,
