producto_id,nombre,marca,categoria_id,precio_base,peso_kg,es_perecedero,dias_caducidad,activo,fecha_alta
2001,Leche entera Pascual 1L,Pascual,35.0,8.98,2.28,sí,12.0,True,2022-09-20
2002,Leche entera Central Lechera Asturiana 1L,Central Lechera Asturiana,35.0,4.87,8.71,sí,5.0,True,2020-06-21
2003,Leche entera Puleva 1L,Puleva,35.0,11.34,3.47,TRUE,5.0,True,2020-02-08
2004,Leche semidesnatada Pascual 1L,Pascual,35.0,15.33,3.43,True,4.0,True,2023-02-25
2005,Yogur natural Pascual pack 4,Pascual,35.0,2.08,8.49,TRUE,12.0,True,2021-03-03
2006,Yogur natural Central Lechera Asturiana pack 4,Central Lechera Asturiana,35.0,4.66,0.53,1,10.0,True,2021-01-15
2007,Yogur griego Pascual pack 2,Pascual,35.0,2.51,9.23,TRUE,4.0,True,2020-12-12
2008,Yogur griego Central Lechera Asturiana pack 2,Central Lechera Asturiana,35.0,9.09,8.31,True,12.0,True,2020-08-04
2009,Yogur griego Puleva pack 2,Puleva,35.0,14.23,3.68,sí,6.0,True,2023-02-18
2010,Queso fresco Pascual 250g,Pascual,35.0,1.66,6.65,true,7.0,True,2020-06-08
2011,Queso fresco Central Lechera Asturiana 250g,Central Lechera Asturiana,35.0,15.76,8.57,1,4.0,True,2022-11-17
2012,Queso fresco Puleva 250g,Puleva,35.0,6.44,4.59,true,8.0,True,2023-02-24
2013,Mantequilla Pascual 250g,Pascual,35.0,6.29,2.17,True,7.0,True,2022-04-27
2014,Nata para cocinar Pascual 200ml,Pascual,35.0,15.01,6.52,True,12.0,True,2020-05-15
2015,Nata para cocinar Central Lechera Asturiana 200ml,Central Lechera Asturiana,35.0,10.37,5.39,true,6.0,True,2022-07-06
2016,Nata para cocinar Puleva 200ml,Puleva,35.0,3.11,3.86,True,13.0,True,2021-10-17
2017,Batido chocolate Pascual 200ml,Pascual,35.0,9.17,6.88,true,3.0,True,2020-02-19
2018,Batido chocolate Central Lechera Asturiana 200ml,Central Lechera Asturiana,35.0,4.12,0.42,True,8.0,True,2020-02-16
2019,Batido chocolate Puleva 200ml,Puleva,35.0,6.77,0.76,True,12.0,True,2020-05-25
2020,Queso rallado Pascual 150g,Pascual,35.0,5.44,6.59,1,9.0,True,2020-12-05
2021,Queso rallado Central Lechera Asturiana 150g,Central Lechera Asturiana,35.0,14.21,6.46,TRUE,5.0,True,2020-12-27
2022,Queso rallado Puleva 150g,Puleva,35.0,4.67,2.54,true,11.0,True,2022-02-24
2023,Flan de huevo Pascual pack 4,Pascual,35.0,4.64,5.89,sí,12.0,True,2022-07-24
2024,Flan de huevo Central Lechera Asturiana pack 4,Central Lechera Asturiana,35.0,6.74,2.27,1,5.0,True,2020-02-11
2025,Flan de huevo Puleva pack 4,Puleva,35.0,8.44,1.0,1,3.0,True,2022-05-21
2026,Pan de molde Bimbo,Bimbo,39.0,2.94,1.68,TRUE,13.0,True,2020-11-04
2027,Pan integral Bimbo,Bimbo,39.0,9.77,3.91,True,12.0,True,2023-01-17
2028,Pan integral Panrico,Panrico,39.0,15.93,5.34,sí,11.0,True,2022-10-06
2029,Croissants Bimbo 6ud,Bimbo,39.0,11.07,1.23,1,11.0,True,2022-12-25
2030,Magdalenas Bimbo 12ud,Bimbo,39.0,12.43,3.47,1,7.0,True,2022-04-26
2031,Magdalenas Panrico 12ud,Panrico,39.0,7.29,4.59,True,14.0,True,2021-10-13
2032,Tortitas arroz Bimbo,Bimbo,39.0,4.65,5.06,1,5.0,True,2020-12-08
2033,Tortitas arroz Panrico,Panrico,39.0,8.41,1.15,sí,13.0,True,2021-11-28
2034,Tortitas arroz Oroweat,Oroweat,39.0,5.19,6.43,TRUE,12.0,True,2022-07-04
2035,Pan rústico Bimbo,Bimbo,39.0,2.94,7.65,sí,11.0,True,2021-03-08
2036,Rosquilletas Bimbo,Bimbo,39.0,14.73,6.03,1,10.0,True,2023-06-11
2037,Rosquilletas Panrico,Panrico,39.0,0.89,9.3,true,7.0,True,2020-01-11
2038,Rosquilletas Oroweat,Oroweat,39.0,4.28,2.48,TRUE,12.0,True,2023-03-24
2039,Mini baguettes Bimbo 4ud,Bimbo,39.0,1.91,4.91,sí,4.0,True,2023-06-05
2040,Aceite oliva virgen extra Carbonell 1L,Carbonell,9.0,12.38,1.37,FALSE,,True,2020-09-05
2041,Aceite oliva virgen extra Hojiblanca 1L,Hojiblanca,9.0,7.91,5.54,FALSE,,True,2022-12-20
2042,Aceite oliva virgen extra La Española 1L,La Española,9.0,4.67,8.74,False,,True,2021-10-18
2043,Aceite oliva suave Carbonell 1L,Carbonell,9.0,15.44,9.3,FALSE,,True,2021-06-12
2044,Aceite oliva suave Hojiblanca 1L,Hojiblanca,9.0,12.22,6.93,FALSE,,True,2021-03-07
2045,Vinagre de Módena Carbonell 250ml,Carbonell,9.0,5.39,9.95,0,,True,2020-08-29
2046,Vinagre de Módena Hojiblanca 250ml,Hojiblanca,9.0,10.6,4.44,no,,True,2020-11-30
2047,Vinagre de Módena La Española 250ml,La Española,9.0,8.56,1.3,0,,True,2023-04-01
2048,Aceite girasol Carbonell 1L,Carbonell,9.0,1.58,0.31,false,,True,2021-06-06
2049,Vinagre de vino Carbonell 500ml,Carbonell,9.0,4.13,2.28,FALSE,,True,2020-06-07
2050,Vinagre de vino Hojiblanca 500ml,Hojiblanca,9.0,1.68,6.35,no,,True,2020-05-24
2051,Vinagre de vino La Española 500ml,La Española,9.0,4.12,9.06,FALSE,,True,2021-08-13
2052,Pechuga de pollo ElPozo 500g,ElPozo,36.0,1.68,2.46,true,13.0,True,2020-05-30
2053,Pechuga de pollo Campofrío 500g,Campofrío,36.0,8.07,5.44,TRUE,14.0,True,2021-07-11
2054,Lomo embuchado ElPozo 150g,ElPozo,36.0,9.46,2.51,1,10.0,True,2021-06-18
2055,Lomo embuchado Campofrío 150g,Campofrío,36.0,13.03,1.99,true,4.0,True,2022-07-26
2056,Lomo embuchado Navidul 150g,Navidul,36.0,10.74,3.61,sí,9.0,True,2021-02-14
2057,Jamón serrano ElPozo 200g,ElPozo,36.0,13.89,0.64,True,13.0,True,2023-06-07
2058,Jamón serrano Campofrío 200g,Campofrío,36.0,15.75,1.07,true,9.0,True,2020-03-08
2059,Salchichas ElPozo 6ud,ElPozo,36.0,5.82,8.63,True,6.0,True,2023-02-07
2060,Salchichas Campofrío 6ud,Campofrío,36.0,3.54,5.41,1,5.0,True,2021-12-14
2061,Salchichas Navidul 6ud,Navidul,36.0,7.09,2.86,true,6.0,True,2022-04-13
2062,Chorizo extra ElPozo 200g,ElPozo,36.0,7.41,8.63,true,11.0,True,2020-07-12
2063,Bacon ahumado ElPozo 150g,ElPozo,36.0,1.37,9.99,sí,3.0,True,2021-08-11
2064,Pavo loncheado ElPozo 150g,ElPozo,36.0,14.86,8.5,TRUE,5.0,True,2020-05-02
2065,Hamburguesas ElPozo 4ud,ElPozo,36.0,8.07,2.22,True,9.0,True,2022-05-07
2066,Hamburguesas Campofrío 4ud,Campofrío,36.0,14.49,1.73,TRUE,3.0,True,2021-03-31
2067,Merluza filetes Pescanova 400g,Pescanova,37.0,4.67,7.86,TRUE,10.0,True,2022-09-03
2068,Merluza filetes Angulas Aguinaga 400g,Angulas Aguinaga,37.0,4.98,7.0,1,14.0,True,2022-08-18
2069,Gambas peladas Pescanova 200g,Pescanova,37.0,10.78,4.92,1,6.0,True,2021-07-15
2070,Gambas peladas Angulas Aguinaga 200g,Angulas Aguinaga,37.0,5.16,9.69,sí,12.0,True,2022-06-15
2071,Gambas peladas La Sirena 200g,La Sirena,37.0,11.92,0.7,true,8.0,True,2020-10-25
2072,Salmón ahumado Pescanova 100g,Pescanova,37.0,1.36,4.82,sí,11.0,True,2022-12-30
2073,Atún claro Pescanova pack 3,Pescanova,37.0,1.47,5.13,True,5.0,True,2020-04-18
2074,Bacalao desalado Pescanova 300g,Pescanova,37.0,9.75,6.78,1,6.0,True,2020-03-12
2075,Surimi Pescanova 12 palitos,Pescanova,37.0,2.44,8.91,sí,6.0,True,2022-10-24
2076,Surimi Angulas Aguinaga 12 palitos,Angulas Aguinaga,37.0,9.51,0.49,True,4.0,True,2020-12-20
2077,Manzanas Golden (kg),Genérico,38.0,10.71,5.7,True,8.0,True,2023-04-15
2078,Manzanas Golden (kg),Bonnysa,38.0,14.98,2.12,True,14.0,True,2021-03-25
2079,Plátanos de Canarias (kg),Genérico,38.0,4.27,4.02,true,13.0,True,2020-05-03
2080,Plátanos de Canarias (kg),Bonnysa,38.0,10.53,4.63,True,4.0,True,2020-12-27
2081,Tomates rama (kg),Genérico,38.0,7.65,9.98,TRUE,4.0,True,2020-06-05
2082,Lechuga romana,Genérico,38.0,8.87,5.11,sí,5.0,True,2021-08-13
2083,Pimientos rojos (kg),Genérico,38.0,14.16,8.8,sí,8.0,True,2021-03-07
2084,Pimientos rojos (kg),Bonnysa,38.0,4.98,4.44,True,11.0,True,2021-12-05
2085,Zanahorias (kg),Genérico,38.0,5.25,9.84,sí,13.0,True,2022-09-14
2086,Zanahorias (kg),Bonnysa,38.0,8.74,6.71,sí,11.0,True,2021-07-20
2087,Zanahorias (kg),Kernel Export,38.0,5.2,6.67,sí,5.0,True,2020-09-09
2088,Naranjas de zumo (kg),Genérico,38.0,2.37,1.16,true,11.0,True,2021-07-29
2089,Naranjas de zumo (kg),Bonnysa,38.0,2.98,2.89,sí,6.0,True,2021-07-05
2090,Aguacate (ud),Genérico,38.0,5.87,6.91,TRUE,7.0,True,2020-11-21
2091,Aguacate (ud),Bonnysa,38.0,8.37,2.59,sí,3.0,True,2022-11-07
2092,Aguacate (ud),Kernel Export,38.0,2.01,4.29,True,7.0,True,2021-02-18
2093,Limones malla 1kg,Genérico,38.0,0.64,7.73,sí,13.0,True,2022-12-26
2094,Patatas (kg) 2kg,Genérico,38.0,3.08,4.47,True,14.0,True,2022-11-27
2095,Patatas (kg) 2kg,Bonnysa,38.0,7.18,0.2,TRUE,4.0,True,2022-10-03
2096,Producto Cada Genérico 250g,Genérico,28.0,20.94,0.78,False,,True,2022-08-04
2097,Producto Viejo Dia 250g,Dia,48.0,22.51,1.29,true,4.0,True,2020-09-22
2098,Producto Queda Mercadona 12ud,Mercadona,80.0,24.35,4.63,False,,True,2023-02-06
2099,Producto Obra Mercadona 1kg,Mercadona,29.0,22.08,3.7,sí,8.0,True,2020-09-10
2100,Producto Soy Mercadona 1L,Mercadona,61.0,7.03,0.59,False,,True,2021-08-12
2101,Producto Pueblo Carrefour 1L,Carrefour,69.0,20.5,1.56,False,,True,2024-03-17
2102,Producto Siguientes Carrefour 250g,Carrefour,38.0,16.66,1.43,no,,True,2022-09-21
2103,Producto Ejército Dia 12ud,Dia,44.0,17.14,1.69,no,,False,2022-05-15
2104,Producto Tarde Carrefour 500ml,Carrefour,42.0,1.43,1.76,0,,True,2022-11-29
2105,Producto Luz Genérico 500g,Genérico,64.0,9.93,1.31,False,,True,2023-08-02
2106,Producto Plazo Genérico 1L,Genérico,9.0,9.41,3.34,TRUE,8.0,True,2023-04-20
2107,Producto Vez Eroski 500ml,Eroski,24.0,12.91,1.66,false,,True,2020-12-21
2108,Producto Pese Carrefour 1L,Carrefour,79.0,10.79,3.4,0,,True,2020-02-19
2109,Producto Tales Genérico 500ml,Genérico,87.0,10.44,1.55,FALSE,,True,2021-05-05
2110,Producto Papel Genérico 6ud,Genérico,83.0,11.88,1.11,0,,True,2021-02-19
2111,Producto Donde Eroski 500g,Eroski,30.0,7.44,3.12,no,,True,2020-11-23
2112,Producto Obstante Eroski 500ml,Eroski,39.0,5.99,0.17,1,6.0,True,2024-01-04
2113,Producto Salir Mercadona 500g,Mercadona,87.0,11.65,2.9,0,,True,2023-09-23
2114,Producto Estructura Auchan 12ud,Auchan,58.0,6.47,0.08,0,,True,2021-05-03
2115,Producto Usted Mercadona 12ud,Mercadona,22.0,5.85,3.49,FALSE,,True,2022-10-15
2116,Producto Fuerzas Carrefour 500g,Carrefour,80.0,11.67,3.35,False,,True,2021-09-06
2117,Producto Violencia Dia pack 3,Dia,85.0,15.5,2.55,FALSE,,True,2023-11-21
2118,Producto Amigos Auchan 1kg,Auchan,79.0,18.71,1.33,false,,True,2021-12-13
2119,Producto Algunos Mercadona pack 3,Mercadona,44.0,15.85,0.43,true,7.0,True,2021-02-15
2120,Producto Otras Dia 500g,Dia,51.0,3.88,3.49,TRUE,14.0,True,2021-01-18
2121,Producto Serán Auchan 6ud,Auchan,62.0,13.78,1.07,no,,True,2022-05-22
2122,Producto Seguir Eroski 250g,Eroski,83.0,21.48,1.93,FALSE,,False,2021-02-12
2123,Producto Ideas Dia 12ud,Dia,54.0,21.4,2.12,False,,True,2022-06-27
2124,Producto Media Mercadona 1L,Mercadona,78.0,12.45,2.45,sí,9.0,True,2023-10-26
2125,Producto Domingo Eroski 1kg,Eroski,60.0,21.08,4.9,no,,True,2021-09-12
2126,Producto Acción Genérico 250g,Genérico,59.0,2.55,4.34,false,,True,2020-12-06
2127,Producto Trabajo Auchan 6ud,Auchan,42.0,5.68,3.82,false,,True,2022-03-02
2128,Producto Control Dia 500g,Dia,62.0,12.01,0.31,0,,True,2020-05-21
2129,Producto Juez Eroski 500g,Eroski,37.0,19.63,3.78,False,,True,2020-03-14
2130,Producto Contenido Mercadona 250g,Mercadona,34.0,15.71,2.39,True,4.0,True,2020-06-19
2131,Producto Luego Auchan 500ml,Auchan,36.0,19.28,3.06,1,14.0,True,2022-09-01
2132,Producto Tenía Dia 500g,Dia,29.0,14.67,2.9,False,,True,2023-05-15
2133,Producto Ve Auchan 1L,Auchan,57.0,2.35,3.15,False,,True,2021-10-17
2134,Producto Mesa Mercadona 500g,Mercadona,47.0,20.0,0.25,0,,True,2020-04-08
2135,Producto Comisión Hacendado 6ud,Hacendado,56.0,0.8,2.48,False,,True,2021-08-15
2136,Producto Mesa Eroski pack 3,Eroski,55.0,17.82,3.68,0,,True,2024-03-27
2137,Producto Sigue Genérico pack 3,Genérico,43.0,11.88,2.98,0,,True,2022-04-01
2138,Producto Problemas Mercadona 500g,Mercadona,40.0,7.32,3.76,no,,True,2024-02-17
2139,Producto Sol Dia 250g,Dia,57.0,12.6,2.46,False,,True,2023-08-30
2140,Producto Piel Dia 500ml,Dia,42.0,22.06,1.42,False,,False,2020-01-18
2141,Producto Ve Hacendado 1L,Hacendado,33.0,18.13,3.8,FALSE,,True,2023-01-24
2142,Producto Unos Auchan 250g,Auchan,71.0,2.77,3.47,true,7.0,True,2022-11-25
2143,Producto Primeras Auchan 6ud,Auchan,56.0,10.91,1.69,False,,True,2022-04-14
2144,Producto Carrera Dia 500ml,Dia,43.0,6.14,1.61,FALSE,,True,2021-02-18
2145,Producto Expresión Carrefour 1L,Carrefour,32.0,18.59,2.97,True,11.0,True,2022-09-22
2146,Producto Empresa Mercadona 1L,Mercadona,21.0,7.75,1.55,0,,True,2020-06-22
2147,Producto Casos Dia 250g,Dia,25.0,24.36,3.5,false,,True,2021-11-06
2148,Producto Estas Hacendado 250g,Hacendado,71.0,14.55,2.23,no,,True,2021-12-05
2149,Producto El Dia pack 3,Dia,15.0,3.29,2.48,True,12.0,True,2024-01-21
2150,Producto Carta Carrefour 1kg,Carrefour,15.0,20.36,0.47,False,,True,2023-09-22
2151,Producto Efectos Mercadona 12ud,Mercadona,80.0,15.34,1.17,0,,True,2021-02-13
2152,Producto N Auchan 500ml,Auchan,66.0,21.56,1.56,False,,True,2022-02-16
2153,Producto Práctica Eroski 500g,Eroski,87.0,23.71,1.09,TRUE,13.0,True,2020-10-04
2154,Producto Económica Carrefour 500g,Carrefour,39.0,4.33,3.46,FALSE,,True,2023-11-18
2155,Producto Nada Carrefour 500ml,Carrefour,13.0,17.81,2.3,false,,True,2023-09-14
2156,Producto República Mercadona 1L,Mercadona,42.0,10.91,3.26,false,,True,2021-04-08
2157,Producto Pregunta Hacendado 250g,Hacendado,27.0,4.56,3.76,no,,True,2022-09-19
2158,Producto Económica Auchan 500g,Auchan,45.0,11.97,2.04,FALSE,,True,2022-08-04
2159,Producto Cualquier Auchan pack 3,Auchan,78.0,2.46,2.19,sí,8.0,True,2020-08-25
2160,Producto Vista Hacendado 1L,Hacendado,12.0,24.06,2.9,false,,True,2023-03-30
2161,Producto Poder Genérico 250g,Genérico,43.0,19.19,2.62,sí,10.0,True,2022-04-17
2162,Producto Perdido Genérico 12ud,Genérico,32.0,16.04,0.5,0,,True,2023-04-24
2163,Producto Deseo Dia 500g,Dia,51.0,21.5,3.48,False,,True,2022-04-03
2164,Producto Pacientes Mercadona 250g,Mercadona,60.0,11.63,1.65,0,,True,2020-01-01
2165,Producto Cuyo Mercadona 250g,Mercadona,60.0,16.6,2.1,FALSE,,True,2021-05-18
2166,Producto Economía Genérico pack 3,Genérico,55.0,15.81,1.06,false,,True,2020-01-31
2167,Producto Presidente Auchan pack 3,Auchan,45.0,3.46,3.06,no,,True,2023-12-14
2168,Producto Amor Dia 250g,Dia,29.0,14.02,4.96,sí,4.0,True,2023-09-27
2169,Producto Industria Eroski 1kg,Eroski,,12.7,2.57,0,,True,2023-06-07
2170,Producto Hemos Auchan 1L,Auchan,70.0,11.68,0.99,True,12.0,True,2021-01-06
2171,Producto Todos Mercadona 500g,Mercadona,26.0,7.26,2.1,false,,True,2021-01-09
2172,Producto Busca Dia 250g,Dia,73.0,7.42,2.96,TRUE,13.0,True,2022-05-31
2173,Producto Blanca Auchan pack 3,Auchan,28.0,8.95,2.74,FALSE,,True,2020-05-02
2174,Producto Durante Mercadona 1L,Mercadona,50.0,24.52,1.95,true,9.0,False,2023-02-10
2175,Producto Organización Eroski 12ud,Eroski,69.0,9.95,4.11,0,,True,2023-06-21
2176,Producto Mismo Hacendado 1kg,Hacendado,72.0,12.8,4.36,FALSE,,True,2024-02-28
2177,Producto Cultural Hacendado pack 3,Hacendado,65.0,0.87,4.36,true,5.0,True,2022-04-07
2178,Producto Memoria Dia 12ud,Dia,42.0,16.41,4.27,0,,True,2020-07-14
2179,Producto Millones Dia pack 3,Dia,57.0,21.86,0.39,1,13.0,True,2022-10-21
2180,Producto Efecto Carrefour 500g,Carrefour,45.0,11.12,3.19,sí,4.0,True,2024-01-10
2181,Producto Contrario Hacendado 250g,Hacendado,47.0,8.44,1.82,True,9.0,True,2020-09-13
2182,Producto Mañana Auchan 1kg,Auchan,76.0,4.65,4.36,1,12.0,True,2022-03-30
2183,Producto Vio Genérico 1kg,Genérico,72.0,6.18,2.32,FALSE,,True,2022-07-31
2184,Producto Principio Dia 1kg,Dia,68.0,2.3,4.94,False,,True,2024-02-07
2185,Producto Habían Eroski 500ml,Eroski,63.0,11.68,5.0,no,,True,2023-12-14
2186,Producto Allá Carrefour 12ud,Carrefour,22.0,14.5,4.96,false,,True,2023-03-19
2187,Producto Actitud Dia 250g,Dia,59.0,14.36,3.74,false,,False,2022-12-07
2188,Producto Aún Eroski pack 3,Eroski,86.0,20.89,3.89,no,,True,2023-01-12
2189,Producto Respecto Carrefour 1L,Carrefour,54.0,15.7,3.62,no,,True,2021-09-11
2190,Producto Crecimiento Eroski 500g,Eroski,26.0,22.62,1.58,FALSE,,True,2022-10-06
2191,Producto Vista Dia 1kg,Dia,83.0,2.7,3.75,True,5.0,True,2021-11-11
2192,Producto Material Dia 500ml,Dia,78.0,20.84,4.13,1,10.0,True,2022-03-15
2193,Producto Puntos Eroski 6ud,Eroski,46.0,20.19,0.42,0,,True,2020-07-06
2194,Producto Último Mercadona 12ud,Mercadona,37.0,24.19,1.86,0,,True,2020-12-15
2195,Producto Él Dia 500g,Dia,,11.63,3.38,false,,True,2021-06-09
2196,Producto Como Hacendado 1L,Hacendado,56.0,12.04,4.72,false,,True,2022-07-02
2197,Producto Jóvenes Carrefour 500g,Carrefour,87.0,16.06,3.52,FALSE,,True,2020-12-23
2198,Producto Productos Carrefour 250g,Carrefour,23.0,23.67,2.49,FALSE,,True,2020-12-08
2199,Producto Los Carrefour 12ud,Carrefour,77.0,11.6,3.73,FALSE,,True,2020-04-20
2200,Producto Baja Genérico 1kg,Genérico,62.0,22.18,4.18,no,,True,2022-09-07
2201,Producto Así Hacendado 6ud,Hacendado,44.0,5.81,1.22,FALSE,,True,2020-12-21
2202,Producto Tiempo Genérico 6ud,Genérico,56.0,1.97,4.84,1,10.0,True,2023-11-07
2203,Producto Este Eroski 250g,Eroski,36.0,1.73,4.94,FALSE,,True,2023-08-28
2204,Producto Español Hacendado 1L,Hacendado,35.0,14.86,1.2,FALSE,,True,2020-04-20
2205,Producto Tenemos Hacendado 500ml,Hacendado,85.0,21.52,0.69,true,7.0,True,2021-01-04
2206,Producto María Eroski 250g,Eroski,23.0,3.72,3.95,false,,True,2022-11-05
2207,Producto Organización Carrefour 500ml,Carrefour,11.0,1.77,2.65,false,,True,2020-11-28
2208,Producto Allá Auchan 6ud,Auchan,69.0,13.06,2.54,1,12.0,False,2020-07-24
2209,Producto Construcción Dia pack 3,Dia,75.0,16.25,4.99,True,9.0,True,2023-12-24
2210,Producto López Auchan pack 3,Auchan,22.0,2.29,3.06,sí,4.0,True,2022-06-06
2211,Producto Principal Eroski 6ud,Eroski,88.0,9.82,1.51,0,,True,2022-01-04
2212,Producto Relación Hacendado 500g,Hacendado,64.0,21.38,3.86,False,,True,2023-05-03
2213,Producto González Auchan pack 3,Auchan,36.0,22.25,4.15,no,,True,2023-06-08
2214,Producto Dado Dia 12ud,Dia,21.0,8.15,4.77,1,13.0,True,2020-10-22
2215,Producto Gran Hacendado 500g,Hacendado,17.0,2.77,3.71,TRUE,5.0,True,2020-05-30
2216,Producto Trabajadores Genérico 6ud,Genérico,,16.91,4.37,false,,True,2021-10-31
2217,Producto Dios Mercadona 250g,Mercadona,63.0,24.22,1.79,0,,True,2021-10-20
2218,Producto Europa Carrefour pack 3,Carrefour,36.0,5.98,4.23,sí,8.0,True,2021-12-26
2219,Producto Considera Genérico 1L,Genérico,44.0,20.27,4.87,no,,True,2023-02-06
2220,Producto Yo Eroski 250g,Eroski,87.0,15.41,3.48,no,,False,2022-11-12
2221,Producto Grande Eroski 500ml,Eroski,43.0,23.07,0.95,0,,True,2024-03-08
2222,Producto Pocos Hacendado 1kg,Hacendado,60.0,18.64,0.5,no,,True,2020-06-01
2223,Producto Ni Auchan pack 3,Auchan,57.0,8.84,3.62,no,,True,2021-09-17
2224,Producto Humanos Genérico 500g,Genérico,81.0,22.13,3.78,1,3.0,True,2021-06-11
2225,Producto Mejores Auchan 12ud,Auchan,43.0,12.39,1.4,false,,True,2023-08-31
2226,Producto Estaba Dia 12ud,Dia,23.0,3.21,2.99,no,,True,2021-01-21
2227,Producto Tipo Hacendado 1L,Hacendado,48.0,10.17,0.09,false,,True,2020-10-22
2228,Producto Resto Mercadona 1kg,Mercadona,36.0,19.21,0.64,sí,10.0,True,2021-11-27
2229,Producto Mejor Carrefour 12ud,Carrefour,31.0,13.54,2.82,true,13.0,True,2021-10-17
2230,Producto He Auchan 250g,Auchan,18.0,11.18,0.44,no,,True,2021-03-08
2231,Producto Soy Genérico 12ud,Genérico,63.0,17.87,0.62,false,,False,2021-01-23
2232,Producto Aun Carrefour pack 3,Carrefour,50.0,20.87,0.49,false,,True,2023-12-05
2233,Producto Después Auchan 12ud,Auchan,40.0,13.33,1.59,False,,True,2021-11-19
2234,Producto Técnica Mercadona 1kg,Mercadona,51.0,2.36,2.68,FALSE,,True,2023-08-31
2235,Producto Marco Dia 1kg,Dia,53.0,6.28,1.03,sí,12.0,True,2022-05-04
2236,Producto Mundo Carrefour pack 3,Carrefour,18.0,11.86,2.92,no,,True,2020-03-19
2237,Producto Existencia Eroski 6ud,Eroski,81.0,21.66,0.8,0,,True,2022-04-19
2238,Producto Asociación Eroski 500ml,Eroski,65.0,20.0,1.79,0,,True,2020-01-23
2239,Producto Niveles Auchan 250g,Auchan,68.0,1.88,0.43,false,,True,2020-05-24
2240,Producto Martín Genérico 12ud,Genérico,20.0,11.83,3.97,FALSE,,True,2023-03-16
2241,Producto Comercio Mercadona 1L,Mercadona,66.0,8.37,0.8,0,,True,2021-01-02
2242,Producto Partido Mercadona 6ud,Mercadona,22.0,24.56,3.25,1,3.0,True,2021-09-23
2243,Producto Organización Auchan 1kg,Auchan,65.0,9.41,1.97,no,,True,2022-01-17
2244,Producto Estados Hacendado 6ud,Hacendado,85.0,2.1,3.41,sí,7.0,True,2023-09-05
2245,Producto Papel Mercadona 1kg,Mercadona,86.0,8.66,0.75,false,,True,2023-11-02
2246,Producto Así Carrefour 500g,Carrefour,59.0,8.07,3.97,0,,True,2020-09-12
2247,Producto Razón Hacendado 12ud,Hacendado,76.0,12.95,1.58,1,6.0,True,2020-01-04
2248,Producto Ciento Carrefour 1L,Carrefour,71.0,24.99,1.51,true,4.0,True,2021-02-15
2249,Producto Martín Mercadona 250g,Mercadona,78.0,16.71,3.11,False,,True,2023-05-03
2250,Producto Película Carrefour 1kg,Carrefour,28.0,20.86,4.05,no,,True,2021-12-07
2251,Producto Luis Hacendado 12ud,Hacendado,65.0,9.42,4.85,False,,True,2021-10-19
2252,Producto Quería Carrefour 1L,Carrefour,66.0,8.07,2.37,false,,True,2024-01-27
2253,Producto Deja Eroski pack 3,Eroski,56.0,11.8,1.94,TRUE,11.0,True,2024-03-26
2254,Producto Precio Mercadona 1L,Mercadona,29.0,20.12,1.29,true,13.0,True,2022-05-13
2255,Producto Viene Genérico 500g,Genérico,56.0,17.92,0.67,FALSE,,True,2023-01-21
2256,Producto Nuevas Dia pack 3,Dia,29.0,22.67,2.22,1,6.0,True,2020-08-28
2257,Producto Muchos Hacendado 12ud,Hacendado,53.0,1.79,1.22,false,,True,2021-04-05
2258,Producto Horas Carrefour 250g,Carrefour,56.0,8.3,3.59,1,8.0,True,2024-02-13
2259,Producto Todos Hacendado 500ml,Hacendado,26.0,22.97,4.16,FALSE,,True,2022-06-18
2260,Producto Texto Auchan 250g,Auchan,69.0,22.68,1.12,TRUE,5.0,True,2022-04-22
2261,Producto Ni Genérico 12ud,Genérico,86.0,3.21,1.54,TRUE,3.0,True,2023-03-07
2262,Producto Varios Auchan 500g,Auchan,88.0,3.21,3.0,FALSE,,False,2020-03-29
2263,Producto Porque Genérico 1L,Genérico,74.0,18.09,0.06,True,8.0,True,2022-06-26
2264,Producto Valor Carrefour 500g,Carrefour,62.0,13.32,4.77,FALSE,,True,2022-02-20
2265,Producto Semanas Genérico 250g,Genérico,73.0,10.06,3.2,0,,True,2023-08-17
2266,Producto Conjunto Eroski 250g,Eroski,,9.24,1.24,true,13.0,True,2020-09-01
2267,Producto Puede Eroski 6ud,Eroski,83.0,3.76,1.73,FALSE,,True,2024-02-01
2268,Producto Políticos Eroski pack 3,Eroski,68.0,15.97,0.36,0,,True,2020-05-04
2269,Producto Tribunal Hacendado 500ml,Hacendado,67.0,5.43,4.43,FALSE,,True,2020-10-15
2270,Producto Mismo Genérico 12ud,Genérico,48.0,24.72,1.3,False,,True,2022-07-13
2271,Producto Tiempo Dia 6ud,Dia,33.0,21.61,3.3,True,7.0,True,2022-11-14
2272,Producto Juicio Auchan 12ud,Auchan,56.0,18.7,1.96,no,,True,2020-12-31
2273,Producto Idea Eroski pack 3,Eroski,72.0,9.49,1.37,no,,True,2020-07-05
2274,Producto Peor Hacendado 12ud,Hacendado,63.0,15.25,2.75,FALSE,,True,2023-10-15
2275,Producto Experiencia Dia 500ml,Dia,19.0,8.0,2.16,0,,True,2021-01-17
2276,Producto Naturaleza Auchan 250g,Auchan,53.0,18.3,3.09,FALSE,,True,2022-07-12
2277,Producto Dos Hacendado 12ud,Hacendado,16.0,9.39,3.41,False,,True,2022-08-20
2278,Producto Hace Mercadona pack 3,Mercadona,27.0,1.34,3.9,1,8.0,True,2021-10-13
2279,Producto Pie Hacendado 1kg,Hacendado,81.0,17.13,1.89,false,,True,2022-06-25
2280,Producto Dejar Carrefour 6ud,Carrefour,82.0,10.24,1.29,FALSE,,True,2022-03-23
2281,Producto Sé Auchan 12ud,Auchan,32.0,22.87,3.89,TRUE,14.0,True,2023-12-23
2282,Producto Mujeres Dia pack 3,Dia,87.0,5.39,0.42,sí,5.0,True,2020-11-13
2283,Producto Radio Hacendado 6ud,Hacendado,65.0,16.85,2.77,no,,True,2023-01-17
2284,Producto Varios Mercadona 1kg,Mercadona,47.0,17.93,3.21,False,,True,2021-01-05
2285,Producto Mañana Carrefour 500g,Carrefour,74.0,24.63,1.22,FALSE,,True,2021-09-06
2286,Producto Hombre Genérico 6ud,Genérico,55.0,11.94,0.69,FALSE,,True,2022-11-09
2287,Producto Sur Dia 12ud,Dia,17.0,24.98,2.65,false,,True,2021-04-11
2288,Producto Joven Hacendado 1kg,Hacendado,82.0,24.31,2.28,false,,True,2021-05-06
2289,Producto Propios Carrefour 1kg,Carrefour,53.0,19.3,2.54,1,3.0,True,2023-03-13
2290,Producto Lenguaje Carrefour 500ml,Carrefour,75.0,4.52,3.56,FALSE,,True,2020-04-22
2291,Producto Del Dia 500g,Dia,75.0,6.63,2.78,no,,True,2021-12-12
2292,Producto Oficial Genérico 500g,Genérico,47.0,12.8,4.71,1,5.0,True,2022-05-24
2293,Producto Antes Eroski 6ud,Eroski,,21.13,4.13,False,,False,2020-04-23
2294,Producto Causa Eroski 500ml,Eroski,14.0,16.44,2.11,0,,True,2020-11-27
2295,Producto Juego Eroski 500ml,Eroski,72.0,16.22,1.26,False,,True,2021-02-15
2296,Producto Están Dia pack 3,Dia,60.0,2.28,2.23,TRUE,10.0,True,2023-12-20
2297,Producto Últimos Genérico 1kg,Genérico,52.0,8.15,3.68,0,,True,2023-09-30
2298,Producto Mismo Carrefour 6ud,Carrefour,60.0,13.11,1.25,TRUE,4.0,True,2023-09-27
2299,Producto Obra Carrefour 500g,Carrefour,40.0,1.73,4.33,FALSE,,True,2021-07-28
2300,Producto Aquel Mercadona 6ud,Mercadona,29.0,23.37,0.99,0,,True,2020-09-02
2301,Producto Consejo Auchan pack 3,Auchan,74.0,22.03,0.5,FALSE,,True,2023-07-19
2302,Producto Vamos Carrefour 1L,Carrefour,67.0,14.78,1.44,True,12.0,True,2022-12-28
2303,Producto Propio Dia 250g,Dia,69.0,21.25,4.42,False,,True,2022-08-08
2304,Producto Llamado Dia 250g,Dia,60.0,10.3,1.01,FALSE,,True,2022-10-12
2305,Producto Gracias Auchan pack 3,Auchan,18.0,19.22,4.95,true,13.0,True,2020-01-13
2306,Producto Tiempos Hacendado 12ud,Hacendado,25.0,9.63,2.81,false,,True,2023-06-23
2307,Producto Jóvenes Carrefour 12ud,Carrefour,27.0,12.74,0.73,True,8.0,True,2021-04-10
2308,Producto Club Auchan 1kg,Auchan,75.0,15.34,1.67,no,,True,2022-10-27
2309,Producto Forma Auchan 500ml,Auchan,29.0,15.04,2.57,FALSE,,True,2023-12-29
2310,Producto Busca Dia pack 3,Dia,81.0,20.48,3.39,no,,True,2020-07-27
2311,Producto Meses Dia 250g,Dia,83.0,15.11,3.3,sí,12.0,True,2020-06-28
2312,Producto Esfuerzo Genérico pack 3,Genérico,15.0,4.67,3.12,FALSE,,True,2020-06-15
2313,Producto Pequeño Mercadona 1L,Mercadona,27.0,1.26,0.59,no,,False,2022-05-09
2314,Producto Medio Auchan 1kg,Auchan,49.0,10.61,2.53,sí,12.0,True,2021-02-27
2315,Producto Sería Eroski 1kg,Eroski,16.0,13.2,4.99,False,,True,2022-07-28
2316,Producto Acuerdo Dia 1kg,Dia,57.0,11.75,2.75,0,,True,2023-01-19
2317,Producto Propia Genérico pack 3,Genérico,42.0,5.2,2.81,sí,6.0,True,2020-11-12
2318,Producto Especie Mercadona 500ml,Mercadona,47.0,17.76,2.47,false,,True,2022-09-12
2319,Producto Temas Mercadona 500ml,Mercadona,80.0,7.54,2.74,False,,True,2021-02-14
2320,Producto Dólares Mercadona 6ud,Mercadona,59.0,23.88,1.49,false,,True,2022-01-28
2321,Producto Problemas Dia pack 3,Dia,19.0,16.56,1.11,false,,True,2023-11-07
2322,Producto Precios Genérico 500ml,Genérico,43.0,3.85,2.95,no,,True,2023-08-07
2323,Producto Qué Carrefour 1L,Carrefour,76.0,1.78,3.6,0,,True,2020-05-23
2324,Producto Muestra Hacendado 1kg,Hacendado,26.0,10.46,4.4,FALSE,,True,2021-10-20
2325,Producto Capaz Mercadona 500ml,Mercadona,34.0,8.36,4.54,False,,True,2021-03-05
2326,Producto Muy Carrefour 250g,Carrefour,82.0,22.86,4.42,TRUE,5.0,True,2020-01-06
2327,Producto Aquella Mercadona 12ud,Mercadona,13.0,19.8,3.76,sí,7.0,True,2023-04-12
2328,Producto España Dia 500g,Dia,10.0,23.24,2.3,FALSE,,True,2022-09-16
2329,Producto Siglo Auchan 1kg,Auchan,76.0,21.34,1.0,0,,True,2020-09-08
2330,Producto Humano Eroski pack 3,Eroski,29.0,16.37,0.12,False,,True,2021-11-17
2331,Producto García Genérico 1L,Genérico,46.0,4.79,4.49,0,,True,2023-01-01
2332,Producto Alto Dia 500g,Dia,74.0,10.31,4.91,true,10.0,True,2022-05-21
2333,Producto Del Hacendado 500ml,Hacendado,40.0,9.89,1.37,FALSE,,True,2020-06-22
2334,Producto Después Eroski 250g,Eroski,83.0,6.9,1.22,no,,True,2024-01-08
2335,Producto Victoria Dia 1kg,Dia,68.0,10.42,4.48,no,,True,2022-12-09
2336,Producto Jorge Eroski 500g,Eroski,48.0,16.14,1.87,false,,True,2020-08-19
2337,Producto Estudios Auchan 1kg,Auchan,26.0,11.64,1.9,FALSE,,True,2020-02-25
2338,Producto Ciencia Mercadona 1L,Mercadona,69.0,19.16,3.0,False,,True,2021-07-27
2339,Producto Rey Auchan 6ud,Auchan,76.0,2.4,0.36,0,,True,2022-05-08
2340,Producto Política Carrefour 1kg,Carrefour,73.0,4.52,2.24,false,,True,2021-10-29
2341,Producto Momento Auchan 500g,Auchan,83.0,22.51,0.33,False,,True,2020-03-05
2342,Producto Mal Auchan 250g,Auchan,62.0,14.18,1.58,no,,False,2021-07-20
2343,Producto Distintas Mercadona 250g,Mercadona,41.0,18.76,0.27,False,,True,2023-12-20
2344,Producto Cámara Genérico 250g,Genérico,17.0,23.39,4.67,TRUE,3.0,True,2024-02-19
2345,Producto Contenido Mercadona 1kg,Mercadona,32.0,19.25,3.25,false,,True,2020-03-02
2346,Producto Distintas Auchan 12ud,Auchan,57.0,9.69,3.33,0,,True,2021-07-09
2347,Producto Acuerdo Hacendado 1kg,Hacendado,53.0,24.81,0.68,False,,True,2022-11-25
2348,Producto Mis Mercadona 250g,Mercadona,9.0,24.46,3.61,False,,True,2022-11-02
2349,Producto Sino Mercadona 1L,Mercadona,57.0,6.55,1.41,False,,True,2021-07-03
2350,Producto Atrás Hacendado 12ud,Hacendado,23.0,15.56,4.45,False,,True,2022-05-19
2351,Producto Violencia Hacendado 250g,Hacendado,17.0,11.43,4.37,0,,True,2023-09-20
2352,Producto Dado Auchan pack 3,Auchan,14.0,6.23,4.33,True,3.0,True,2024-02-21
2353,Producto Ayuda Carrefour 6ud,Carrefour,46.0,14.64,4.1,False,,True,2023-03-10
2354,Producto Primer Eroski 1L,Eroski,27.0,10.62,2.81,true,12.0,True,2023-12-09
2355,Producto Jamás Eroski 12ud,Eroski,31.0,14.11,1.75,TRUE,13.0,True,2021-01-02
2356,Producto Tendrá Dia 12ud,Dia,76.0,10.49,0.96,True,11.0,True,2020-09-09
2357,Producto Mejores Dia 1kg,Dia,37.0,20.23,2.83,false,,True,2023-06-13
2358,Producto Frente Genérico 1kg,Genérico,80.0,10.01,1.68,sí,4.0,True,2023-10-01
2359,Producto Relaciones Hacendado 1L,Hacendado,56.0,1.75,3.04,0,,False,2020-02-08
2360,Producto Tras Carrefour 1L,Carrefour,18.0,12.24,1.7,0,,True,2023-02-18
2361,Producto Encuentran Carrefour 1L,Carrefour,10.0,24.06,5.0,1,10.0,True,2021-05-31
2362,Producto Chile Eroski 1L,Eroski,86.0,10.21,1.64,sí,7.0,True,2023-12-16
2363,Producto Libertad Eroski 6ud,Eroski,77.0,8.05,4.42,no,,True,2023-05-31
2364,Producto Radio Mercadona 6ud,Mercadona,69.0,22.89,2.1,no,,True,2023-09-04
2365,Producto Negro Eroski 1kg,Eroski,37.0,0.89,2.94,False,,True,2023-06-13
2366,Producto Madre Carrefour 1L,Carrefour,46.0,8.57,4.18,0,,True,2021-02-18
2367,Producto Tenía Dia pack 3,Dia,52.0,24.17,2.48,False,,True,2023-05-08
2368,Producto Escuela Carrefour 1kg,Carrefour,54.0,18.14,4.59,no,,True,2020-06-16
2369,Producto Presencia Genérico 250g,Genérico,16.0,21.05,4.1,sí,3.0,True,2023-09-16
2370,Producto Son Carrefour 1L,Carrefour,61.0,2.16,1.13,1,10.0,True,2023-08-26
2371,Producto Resultados Eroski pack 3,Eroski,88.0,16.64,2.68,sí,9.0,False,2020-12-11
2372,Producto Noche Eroski 500ml,Eroski,76.0,13.62,2.54,1,14.0,True,2023-06-22
2373,Producto Pacientes Hacendado 500g,Hacendado,31.0,13.34,3.12,TRUE,7.0,True,2021-12-16
2374,Producto Ellas Mercadona 12ud,Mercadona,43.0,2.43,2.32,FALSE,,True,2021-04-19
2375,Producto Consumo Dia 500g,Dia,37.0,16.51,3.81,FALSE,,True,2023-05-20
2376,Producto Aparece Auchan pack 3,Auchan,57.0,1.86,0.9,1,10.0,True,2020-12-19
2377,Producto Desarrollo Genérico 500g,Genérico,51.0,22.41,1.19,FALSE,,True,2020-02-06
2378,Producto Poner Auchan 500ml,Auchan,81.0,1.63,4.63,TRUE,11.0,True,2020-10-27
2379,Producto Fondo Carrefour 6ud,Carrefour,,0.87,0.76,True,14.0,True,2021-05-24
2380,Producto María Dia 1kg,Dia,18.0,14.31,4.25,FALSE,,True,2023-09-04
2381,Producto Ese Dia 12ud,Dia,78.0,19.0,4.94,sí,14.0,True,2024-02-11
2382,Producto Volver Hacendado 500g,Hacendado,53.0,11.2,1.74,FALSE,,True,2021-03-09
2383,Producto Total Auchan 6ud,Auchan,85.0,1.22,4.96,true,10.0,True,2022-09-23
2384,Producto Duda Auchan 12ud,Auchan,79.0,5.04,1.93,False,,True,2021-09-12
2385,Producto Diario Mercadona 1L,Mercadona,46.0,17.96,0.81,TRUE,14.0,True,2024-03-04
2386,Producto Entrar Eroski 12ud,Eroski,28.0,8.25,0.08,True,7.0,True,2022-04-12
2387,Producto Buena Hacendado 1kg,Hacendado,43.0,2.63,2.81,no,,True,2023-12-30
2388,Producto Me Hacendado 500g,Hacendado,22.0,9.16,3.01,sí,8.0,True,2020-06-28
2389,Producto Revolución Dia 12ud,Dia,10.0,9.99,4.51,True,6.0,True,2024-02-16
2390,Producto Mujeres Eroski 12ud,Eroski,30.0,4.64,1.38,true,5.0,True,2020-10-04
2391,Producto Unión Dia 12ud,Dia,64.0,7.83,1.84,no,,True,2024-02-04
2392,Producto Mañana Auchan 1L,Auchan,89.0,11.71,0.08,1,9.0,True,2020-02-29
2393,Producto Estaba Auchan 6ud,Auchan,88.0,11.28,4.13,no,,True,2022-07-15
2394,Producto Imagen Carrefour 500ml,Carrefour,85.0,8.35,1.04,FALSE,,True,2021-06-21
2395,Producto Sean Dia 500ml,Dia,59.0,18.49,4.84,false,,True,2023-05-06
2396,Producto Varios Auchan 500ml,Auchan,50.0,20.49,0.61,no,,True,2021-11-08
2397,Producto Posición Genérico 1kg,Genérico,84.0,17.19,4.77,False,,True,2024-03-08
2398,Producto Pública Auchan 500ml,Auchan,35.0,20.86,4.25,TRUE,9.0,True,2020-06-28
2399,Producto Comisión Eroski 500ml,Eroski,26.0,6.42,3.59,no,,True,2023-10-29
2400,Producto Principal Auchan pack 3,Auchan,18.0,14.75,4.62,False,,True,2020-10-22
2401,Producto Hombres Genérico 250g,Genérico,62.0,19.86,4.48,0,,True,2020-03-09
2402,Producto Artículo Hacendado 1L,Hacendado,19.0,16.6,3.25,FALSE,,False,2021-11-08
2403,Producto La Mercadona 6ud,Mercadona,60.0,24.15,0.1,no,,True,2022-03-18
2404,Producto Siguientes Eroski 1L,Eroski,74.0,11.41,3.87,false,,True,2023-06-06
2405,Producto Seguir Carrefour 6ud,Carrefour,73.0,24.93,1.51,0,,True,2022-12-02
2406,Producto Efectos Hacendado 1kg,Hacendado,19.0,9.02,3.93,no,,True,2023-12-31
2407,Producto Humano Auchan 500g,Auchan,53.0,11.23,1.63,0,,True,2023-02-18
2408,Producto Puedo Hacendado 6ud,Hacendado,23.0,16.37,0.86,0,,True,2020-11-02
2409,Producto Policía Genérico 1kg,Genérico,40.0,14.01,2.16,no,,True,2021-10-31
2410,Producto Ese Eroski 1kg,Eroski,60.0,5.06,2.01,0,,True,2024-01-14
2411,Producto Argentina Auchan 12ud,Auchan,34.0,10.02,1.07,false,,True,2023-12-01
2412,Producto Español Genérico 500g,Genérico,17.0,20.08,1.86,False,,True,2022-08-26
2413,Producto Varios Dia pack 3,Dia,23.0,13.42,3.01,false,,True,2022-10-27
2414,Producto Zonas Hacendado 6ud,Hacendado,84.0,9.11,0.9,no,,True,2020-07-12
2415,Producto Finalmente Genérico 500g,Genérico,47.0,16.96,1.23,0,,True,2023-10-30
2416,Producto Falta Eroski 1kg,Eroski,56.0,13.01,0.73,no,,True,2022-02-26
2417,Producto Trata Auchan 1kg,Auchan,32.0,14.09,0.74,false,,True,2022-11-01
2418,Producto Capital Genérico 250g,Genérico,66.0,21.7,2.45,FALSE,,True,2021-05-21
2419,Producto Barcelona Genérico pack 3,Genérico,58.0,10.51,3.57,0,,True,2022-12-19
2420,Producto Nivel Hacendado 250g,Hacendado,30.0,19.99,0.21,True,6.0,True,2022-05-11
2421,Producto Momento Mercadona pack 3,Mercadona,30.0,14.35,2.5,false,,True,2020-10-25
2422,Producto Salud Hacendado 500ml,Hacendado,82.0,19.48,1.87,FALSE,,True,2022-10-29
2423,Producto Pablo Mercadona pack 3,Mercadona,14.0,13.88,0.56,false,,True,2021-08-11
2424,Producto Acciones Dia 250g,Dia,40.0,11.51,4.09,FALSE,,True,2023-03-08
2425,Producto Particular Mercadona 1L,Mercadona,24.0,5.63,3.46,no,,True,2020-09-27
2426,Producto Blanco Eroski 12ud,Eroski,87.0,4.56,1.07,TRUE,6.0,True,2022-06-03
2427,Producto Llegar Dia 500ml,Dia,81.0,15.11,4.9,true,7.0,True,2021-09-22
2428,Producto Cuales Mercadona 500g,Mercadona,43.0,3.81,2.09,no,,True,2023-07-19
2429,Producto De Mercadona 1kg,Mercadona,44.0,17.67,0.77,1,8.0,True,2021-04-17
2430,Producto Cuanto Auchan 1kg,Auchan,59.0,14.64,2.1,1,10.0,True,2020-11-22
2431,Producto Primeros Auchan 500ml,Auchan,20.0,17.51,2.3,False,,True,2023-05-05
2432,Producto Podemos Hacendado 500g,Hacendado,83.0,18.4,3.34,0,,True,2022-07-31
2433,Producto América Mercadona 12ud,Mercadona,17.0,5.83,1.1,False,,True,2021-05-15
2434,Producto Nuestros Dia 1kg,Dia,45.0,14.36,1.75,0,,True,2021-11-17
2435,Producto Grupos Hacendado 500g,Hacendado,15.0,15.83,0.13,FALSE,,True,2022-11-15
2436,Producto Estados Auchan pack 3,Auchan,29.0,0.51,1.05,no,,True,2022-03-05
2437,Producto González Eroski 500ml,Eroski,25.0,4.38,1.41,FALSE,,True,2023-05-18
2438,Producto Carne Hacendado 6ud,Hacendado,41.0,16.77,0.31,FALSE,,True,2024-01-31
2439,Producto Cámara Auchan 500g,Auchan,38.0,17.73,2.41,True,5.0,True,2023-02-17
2440,Producto Cuenta Eroski pack 3,Eroski,75.0,0.72,4.09,no,,True,2022-10-20
2441,Producto Tan Eroski 1kg,Eroski,63.0,12.19,0.49,sí,4.0,True,2021-03-16
2442,Producto Decisión Dia 1kg,Dia,56.0,9.87,4.38,0,,True,2022-10-28
2443,Producto Suelo Hacendado 250g,Hacendado,27.0,15.44,1.79,True,6.0,True,2022-08-19
2444,Producto Palabras Auchan pack 3,Auchan,28.0,21.56,0.55,sí,4.0,True,2020-05-25
2445,Producto Fútbol Dia 12ud,Dia,58.0,8.2,1.42,sí,4.0,True,2024-01-18
2446,Producto Cierta Genérico 500ml,Genérico,85.0,19.57,4.25,FALSE,,True,2020-12-30
2447,Producto Francia Carrefour 1L,Carrefour,47.0,18.81,0.32,true,6.0,True,2021-04-27
2448,Producto Realidad Carrefour pack 3,Carrefour,23.0,16.12,4.45,sí,3.0,True,2023-06-06
2449,Producto Cualquier Carrefour 12ud,Carrefour,49.0,21.58,1.86,false,,True,2020-08-16
2450,Producto Sus Mercadona 500g,Mercadona,,0.9,1.35,TRUE,3.0,True,2020-03-12
2451,Producto Obra Genérico 500ml,Genérico,59.0,15.89,2.11,no,,True,2024-03-08
2452,Producto Efecto Eroski 1kg,Eroski,19.0,7.29,2.58,false,,True,2022-08-07
2453,Producto Operación Genérico 6ud,Genérico,28.0,10.06,4.18,false,,True,2023-04-08
2454,Producto E Dia 12ud,Dia,17.0,18.37,0.34,no,,True,2021-12-08
2455,Producto Medios Hacendado pack 3,Hacendado,64.0,15.49,3.35,true,13.0,True,2023-10-08
2456,Producto Siquiera Hacendado 1kg,Hacendado,24.0,17.68,4.77,sí,11.0,True,2022-06-13
2457,Producto Nuestro Carrefour 6ud,Carrefour,42.0,3.6,1.38,0,,True,2023-01-20
2458,Producto Quería Dia 12ud,Dia,12.0,7.15,3.58,True,12.0,True,2021-08-19
2459,Producto Sociales Auchan 6ud,Auchan,72.0,1.85,0.88,False,,True,2021-09-12
2460,Producto Cuerpo Genérico 500g,Genérico,22.0,6.09,0.27,False,,True,2020-08-17
2461,Producto Boca Hacendado pack 3,Hacendado,40.0,9.41,0.94,no,,True,2022-12-04
2462,Producto Y Genérico 12ud,Genérico,,5.99,4.58,True,8.0,True,2023-10-18
2463,Producto Carrera Genérico 6ud,Genérico,18.0,3.42,0.31,False,,True,2023-08-29
2464,Producto Diciembre Hacendado 12ud,Hacendado,,2.18,1.45,false,,True,2023-10-07
2465,Producto Hacer Hacendado pack 3,Hacendado,50.0,0.69,2.84,1,7.0,True,2023-04-24
2466,Producto Cultura Auchan 6ud,Auchan,40.0,14.99,3.87,false,,True,2020-12-05
2467,Producto Mujer Mercadona 1L,Mercadona,78.0,4.18,0.17,FALSE,,True,2023-06-03
2468,Producto Máximo Dia 250g,Dia,10.0,19.08,3.7,false,,True,2022-12-17
2469,Producto Tenido Genérico 1L,Genérico,35.0,10.78,4.86,false,,True,2021-12-22
2470,Producto Porque Hacendado 250g,Hacendado,44.0,23.06,2.62,0,,True,2022-05-15
2471,Producto Mis Auchan 500g,Auchan,56.0,14.72,3.2,no,,True,2023-11-26
2472,Producto Zonas Genérico 250g,Genérico,84.0,11.15,1.22,0,,True,2020-07-07
2473,Producto Difícil Mercadona 12ud,Mercadona,49.0,17.66,1.62,0,,True,2020-07-26
2474,Producto Informe Carrefour 1kg,Carrefour,18.0,19.6,0.82,0,,True,2021-12-22
2475,Producto Tiempos Dia 12ud,Dia,68.0,3.45,3.86,0,,True,2022-04-05
2476,Producto Pedro Dia 500g,Dia,68.0,2.71,1.56,False,,True,2022-07-14
2477,Producto Voz Hacendado 1L,Hacendado,86.0,20.97,0.5,FALSE,,True,2024-01-15
2478,Producto Juez Auchan 250g,Auchan,54.0,17.08,4.95,True,3.0,True,2023-10-16
2479,Producto Miembros Genérico 1L,Genérico,66.0,2.81,3.98,true,4.0,False,2022-08-09
2480,Producto G Carrefour 1L,Carrefour,37.0,20.67,3.17,FALSE,,True,2023-01-22
2481,Producto Posibilidades Genérico 500ml,Genérico,83.0,22.97,4.99,TRUE,6.0,True,2022-02-23
2482,Producto Anterior Mercadona 1kg,Mercadona,65.0,2.74,4.05,False,,True,2023-07-14
2483,Producto Muerto Hacendado 1kg,Hacendado,68.0,23.13,3.64,0,,True,2022-05-01
2484,Producto Cara Eroski 12ud,Eroski,57.0,4.72,0.98,TRUE,7.0,True,2023-10-25
2485,Producto Sea Hacendado 1L,Hacendado,28.0,16.35,4.42,0,,True,2023-03-01
2486,Producto Juicio Dia 12ud,Dia,20.0,3.85,4.43,true,11.0,True,2022-01-07
2487,Producto Visto Mercadona 250g,Mercadona,78.0,24.73,1.83,False,,True,2021-02-06
2488,Producto Cierta Dia 6ud,Dia,71.0,10.01,1.63,TRUE,6.0,False,2021-01-19
2489,Producto Podrá Hacendado pack 3,Hacendado,44.0,13.46,5.0,0,,True,2022-09-17
2490,Producto Derecho Carrefour 1L,Carrefour,21.0,7.02,4.59,False,,True,2023-04-04
2491,Producto Conciencia Genérico 12ud,Genérico,37.0,9.18,4.23,False,,True,2022-03-20
2492,Producto Serie Dia 6ud,Dia,84.0,22.88,3.52,TRUE,12.0,True,2022-08-31
2493,Producto Centro Carrefour pack 3,Carrefour,81.0,13.77,0.24,true,3.0,True,2021-03-02
2494,Producto Interés Hacendado pack 3,Hacendado,37.0,0.51,1.05,FALSE,,True,2020-04-30
2495,Producto Régimen Mercadona 6ud,Mercadona,31.0,1.95,3.54,1,5.0,True,2021-03-19
2496,Producto San Mercadona 6ud,Mercadona,76.0,24.02,4.71,false,,True,2021-02-26
2497,Producto Palabras Dia 500ml,Dia,21.0,8.39,3.68,no,,True,2021-05-11
2498,Producto Centros Eroski 6ud,Eroski,71.0,4.76,3.48,FALSE,,True,2022-04-19
2499,Producto Eso Carrefour 1kg,Carrefour,54.0,9.76,1.51,false,,True,2020-08-02
2500,Producto Toda Eroski 12ud,Eroski,9.0,21.33,2.86,no,,True,2020-12-25
2501,Producto Tema Mercadona 1L,Mercadona,49.0,16.16,2.51,true,8.0,True,2022-12-14
2502,Producto Luego Dia 6ud,Dia,39.0,4.6,0.49,no,,True,2023-01-02
2503,Producto Hizo Auchan 250g,Auchan,51.0,6.99,0.39,true,7.0,True,2020-04-09
2504,Producto Medios Hacendado 12ud,Hacendado,9.0,11.23,0.87,FALSE,,True,2021-09-25
2505,Producto Español Dia 12ud,Dia,57.0,2.97,4.33,false,,True,2022-04-22
2506,Producto Estaban Carrefour pack 3,Carrefour,37.0,2.3,1.51,False,,True,2021-10-07
2507,Producto Parte Hacendado 6ud,Hacendado,22.0,4.66,3.67,false,,True,2020-11-17
2508,Producto Adelante Dia pack 3,Dia,20.0,17.75,3.29,no,,True,2021-10-14
2509,Producto Última Carrefour 250g,Carrefour,64.0,2.97,0.99,true,14.0,True,2023-11-06
2510,Producto Diciembre Dia 500ml,Dia,78.0,7.78,1.99,true,11.0,True,2022-06-26
2511,Producto Septiembre Hacendado 6ud,Hacendado,28.0,0.58,4.13,TRUE,13.0,True,2022-12-16
2512,Producto Lo Hacendado 250g,Hacendado,,5.56,4.89,0,,True,2023-08-23
2513,Producto Rodríguez Dia 12ud,Dia,23.0,12.03,1.36,FALSE,,True,2023-04-04
2514,Producto Función Carrefour 6ud,Carrefour,,22.18,2.26,false,,True,2021-08-13
2515,Producto Valor Dia 1L,Dia,68.0,21.0,0.8,no,,True,2020-01-10
2516,Producto Piel Hacendado 6ud,Hacendado,21.0,20.29,3.79,no,,True,2021-06-30
2517,Producto Largo Mercadona 12ud,Mercadona,16.0,20.54,2.7,FALSE,,True,2023-03-16
2518,Producto Ciento Genérico 1L,Genérico,69.0,12.16,4.52,true,14.0,False,2023-08-18
2519,Producto Posibilidades Genérico 1kg,Genérico,82.0,3.44,0.91,False,,True,2024-01-21
2520,Producto Asunto Mercadona 1L,Mercadona,36.0,3.58,4.94,False,,True,2021-10-12
2521,Producto Seguir Carrefour 500ml,Carrefour,89.0,8.32,4.05,no,,True,2023-03-07
2522,Producto Negro Auchan 6ud,Auchan,80.0,21.48,4.59,0,,False,2022-04-28
2523,Producto Mejores Genérico 12ud,Genérico,88.0,3.25,2.85,True,12.0,True,2022-07-26
2524,Producto Toma Hacendado 500g,Hacendado,21.0,19.74,4.41,no,,True,2020-12-08
2525,Producto Calidad Auchan pack 3,Auchan,42.0,14.5,0.9,False,,True,2020-12-06
2526,Producto Problema Genérico 12ud,Genérico,88.0,1.44,1.69,FALSE,,True,2021-11-08
2527,Producto Organización Dia 6ud,Dia,69.0,0.99,1.55,false,,True,2020-02-15
2528,Producto Última Mercadona 500g,Mercadona,71.0,24.32,1.54,True,14.0,True,2021-06-06
2529,Producto Políticas Dia 12ud,Dia,50.0,15.31,2.24,sí,9.0,True,2022-11-21
2530,Producto Vía Mercadona 6ud,Mercadona,75.0,20.6,0.84,FALSE,,True,2021-09-20
2531,Producto Médico Auchan 1kg,Auchan,73.0,19.61,2.86,no,,True,2020-09-13
2532,Producto Podrá Mercadona 250g,Mercadona,34.0,6.6,4.59,False,,True,2021-12-27
2533,Producto Semanas Dia pack 3,Dia,44.0,12.87,0.66,0,,False,2020-07-17
2534,Producto Silencio Auchan pack 3,Auchan,56.0,4.84,2.96,False,,True,2022-04-09
2535,Producto Ha Mercadona 500ml,Mercadona,29.0,18.84,1.46,no,,True,2023-11-09
2536,Producto Minutos Mercadona 1L,Mercadona,29.0,21.49,3.4,False,,True,2022-07-08
2537,Producto Común Genérico 250g,Genérico,61.0,21.67,3.43,0,,True,2022-10-26
2538,Producto Ha Eroski 1kg,Eroski,25.0,15.22,1.3,true,7.0,True,2020-05-10
2539,Producto Amigos Auchan 12ud,Auchan,44.0,21.35,1.13,no,,True,2021-10-27
2540,Producto Lugar Mercadona 12ud,Mercadona,75.0,14.81,5.0,true,8.0,True,2023-09-08
2541,Producto Pronto Genérico 500ml,Genérico,85.0,7.8,0.37,sí,7.0,True,2020-10-09
2542,Producto Porque Dia 500ml,Dia,44.0,5.1,1.24,false,,True,2021-02-08
2543,Producto Razón Auchan 6ud,Auchan,85.0,17.17,3.29,FALSE,,True,2021-05-23
2544,Producto Habían Auchan 12ud,Auchan,42.0,10.0,3.55,TRUE,12.0,True,2021-12-07
2545,Producto Iba Eroski 1L,Eroski,52.0,17.3,2.4,false,,True,2021-06-08
2546,Producto Libros Genérico 500ml,Genérico,54.0,21.2,4.39,FALSE,,True,2023-09-28
2547,Producto Razón Auchan 1kg,Auchan,21.0,18.64,2.82,False,,True,2021-03-08
2548,Producto Sola Eroski 500g,Eroski,51.0,5.94,4.36,sí,9.0,True,2024-01-17
2549,Producto Industria Dia 500ml,Dia,51.0,14.84,0.63,no,,True,2021-10-16
2550,Producto Cinco Genérico 500g,Genérico,83.0,12.06,0.64,True,13.0,True,2023-07-20
2551,Producto Hace Auchan 250g,Auchan,47.0,21.83,4.96,true,8.0,True,2021-12-31
2552,Producto Al Auchan 1kg,Auchan,81.0,8.24,3.91,0,,True,2023-03-09
2553,Producto Allá Carrefour 6ud,Carrefour,89.0,16.04,1.4,True,5.0,True,2020-03-21
2554,Producto Hicieron Auchan 500g,Auchan,29.0,3.66,2.18,no,,True,2021-06-27
2555,Producto Proceso Auchan 250g,Auchan,70.0,1.41,1.9,True,3.0,True,2022-10-06
2556,Producto Mismo Carrefour 250g,Carrefour,76.0,17.07,1.28,no,,True,2023-04-28
2557,Producto Máximo Dia 1kg,Dia,53.0,3.01,1.57,FALSE,,True,2022-10-09
2558,Producto También Dia 500ml,Dia,14.0,11.66,2.64,0,,True,2023-03-17
2559,Producto Sobre Dia pack 3,Dia,26.0,9.29,4.74,sí,9.0,False,2024-01-15
2560,Producto Último Eroski 1kg,Eroski,37.0,5.66,2.55,1,4.0,True,2020-11-05
2561,Producto Oro Auchan 500ml,Auchan,13.0,19.39,2.99,0,,False,2020-02-01
2562,Producto Oficial Eroski 250g,Eroski,22.0,1.67,2.25,true,4.0,True,2020-08-24
2563,Producto Centro Eroski 1kg,Eroski,69.0,5.52,0.1,no,,True,2020-07-15
2564,Producto González Eroski 500ml,Eroski,21.0,15.75,2.12,false,,True,2022-11-05
2565,Producto Unos Eroski 500g,Eroski,74.0,7.42,2.51,FALSE,,True,2022-05-26
2566,Producto R Mercadona 1L,Mercadona,42.0,9.26,0.84,False,,True,2020-12-04
2567,Producto Nuestros Eroski pack 3,Eroski,35.0,8.59,3.37,TRUE,4.0,True,2022-12-22
2568,Producto Ojos Carrefour 500g,Carrefour,72.0,19.59,3.63,True,7.0,True,2023-04-06
2569,Producto Calle Dia 500ml,Dia,67.0,11.86,0.91,True,3.0,True,2020-09-17
2570,Producto Posición Mercadona 6ud,Mercadona,55.0,10.93,4.26,1,3.0,False,2022-08-01
2571,Producto Rafael Eroski 1kg,Eroski,26.0,8.54,4.78,False,,True,2023-03-07
2572,Producto Estructura Dia 6ud,Dia,20.0,4.97,4.81,0,,True,2020-06-26
2573,Producto Conciencia Eroski pack 3,Eroski,58.0,20.09,3.99,false,,True,2023-06-26
2574,Producto Ver Mercadona 1kg,Mercadona,16.0,3.03,2.44,FALSE,,True,2024-02-07
2575,Producto Tuvo Carrefour 12ud,Carrefour,65.0,19.58,4.32,false,,True,2020-06-16
2576,Producto Naturaleza Auchan pack 3,Auchan,25.0,3.26,0.28,0,,True,2020-02-09
2577,Producto Propios Hacendado 1L,Hacendado,49.0,24.45,1.72,no,,True,2021-04-29
2578,Producto Función Hacendado 12ud,Hacendado,88.0,16.7,1.76,true,13.0,True,2022-11-18
2579,Producto Precios Mercadona 250g,Mercadona,,0.78,2.55,no,,True,2024-01-28
2580,Producto Buen Mercadona 1kg,Mercadona,72.0,2.32,1.24,false,,True,2021-09-08
2581,Producto Peor Genérico 1L,Genérico,15.0,13.98,4.09,FALSE,,True,2023-01-15
2582,Producto Cualquier Mercadona pack 3,Mercadona,65.0,2.65,1.61,no,,True,2020-04-28
2583,Producto Importantes Hacendado 12ud,Hacendado,11.0,10.59,0.05,no,,True,2022-12-08
2584,Producto Ocasión Genérico 500ml,Genérico,86.0,22.3,3.29,no,,True,2022-09-01
2585,Producto Relación Dia 250g,Dia,52.0,20.5,1.69,no,,True,2020-06-07
2586,Producto Quería Auchan 6ud,Auchan,85.0,18.03,3.81,sí,6.0,False,2023-04-15
2587,Producto Llegar Mercadona 500ml,Mercadona,54.0,13.91,0.58,0,,True,2023-08-13
2588,Producto Habrá Carrefour 12ud,Carrefour,72.0,3.11,0.98,no,,True,2022-07-21
2589,Producto Tales Carrefour pack 3,Carrefour,59.0,20.69,1.72,True,9.0,False,2020-07-07
2590,Producto Cámara Hacendado pack 3,Hacendado,84.0,11.7,2.55,FALSE,,True,2024-03-08
2591,Producto Cine Genérico 250g,Genérico,9.0,14.04,2.95,FALSE,,True,2023-04-30
2592,Producto Fue Eroski 1kg,Eroski,31.0,18.39,1.97,True,12.0,True,2021-06-23
2593,Producto Alguien Genérico 12ud,Genérico,50.0,10.75,3.48,0,,True,2021-10-27
2594,Producto Viene Dia 500ml,Dia,59.0,11.58,2.09,True,14.0,True,2021-07-29
2595,Producto Mismo Dia 6ud,Dia,74.0,17.93,3.18,FALSE,,True,2022-02-24
2596,Producto Norte Eroski 500ml,Eroski,88.0,17.31,0.71,0,,True,2021-06-14
2597,Producto Por Genérico 6ud,Genérico,31.0,17.89,2.83,0,,True,2023-08-12
2598,Producto Salud Eroski 500ml,Eroski,62.0,21.99,0.11,0,,True,2023-07-01
2599,Producto Carácter Carrefour 250g,Carrefour,57.0,16.91,3.76,1,5.0,True,2020-06-12
2600,Producto Sector Carrefour 250g,Carrefour,41.0,17.41,3.78,true,3.0,True,2024-02-01
2601,Producto Acción Hacendado 1L,Hacendado,66.0,18.68,1.23,0,,True,2022-09-14
2602,Producto Humana Eroski 250g,Eroski,45.0,23.19,4.79,false,,True,2023-07-11
2603,Producto Aquellos Genérico 250g,Genérico,49.0,0.81,3.12,1,10.0,True,2023-01-03
2604,Producto Luego Mercadona 1L,Mercadona,56.0,19.51,1.51,false,,True,2021-11-07
2605,Producto Mujer Carrefour 1kg,Carrefour,18.0,18.5,0.25,TRUE,7.0,True,2023-02-13
2606,Producto Presente Carrefour 500ml,Carrefour,25.0,0.63,4.69,no,,False,2024-02-08
2607,Producto Tratamiento Genérico 250g,Genérico,50.0,19.44,4.22,0,,True,2021-02-23
2608,Producto Blanco Genérico 6ud,Genérico,82.0,2.28,2.65,no,,True,2023-06-09
2609,Producto Semanas Hacendado 1kg,Hacendado,75.0,10.68,0.51,0,,True,2022-04-16
2610,Producto Producto Eroski 6ud,Eroski,36.0,8.6,4.75,TRUE,12.0,True,2022-01-21
2611,Producto Nuestros Mercadona 250g,Mercadona,80.0,3.3,1.24,0,,True,2021-11-07
2612,Producto U Carrefour 250g,Carrefour,88.0,17.21,4.58,FALSE,,True,2023-02-09
2613,Producto Importantes Dia 500ml,Dia,58.0,1.1,3.86,false,,True,2021-02-20
2614,Producto Mercado Auchan pack 3,Auchan,74.0,1.56,1.0,no,,True,2023-08-16
2615,Producto Incluso Carrefour 250g,Carrefour,21.0,15.85,3.17,true,6.0,True,2023-07-14
2616,Producto Curso Mercadona 500g,Mercadona,63.0,5.53,4.4,False,,True,2020-05-14
2617,Producto María Eroski 500g,Eroski,,18.79,2.32,true,8.0,False,2023-10-01
2618,Producto Llegó Hacendado 1kg,Hacendado,18.0,19.95,2.9,FALSE,,True,2021-01-13
2619,Producto Carrera Auchan 12ud,Auchan,42.0,11.54,1.62,no,,True,2021-12-22
2620,Producto Experiencia Genérico 250g,Genérico,24.0,16.2,3.79,no,,True,2022-08-06
2621,Producto Políticas Dia 500g,Dia,18.0,7.59,3.05,no,,True,2021-08-11
2622,Producto Internacional Auchan 12ud,Auchan,65.0,20.63,0.82,True,6.0,True,2020-02-14
2623,Producto Sociales Mercadona 500ml,Mercadona,59.0,24.01,3.4,TRUE,14.0,True,2023-08-14
2624,Producto Luz Genérico 1kg,Genérico,10.0,3.51,3.0,true,11.0,True,2020-10-09
2625,Producto Calidad Dia 1L,Dia,19.0,18.82,1.75,no,,True,2020-11-25
2626,Producto C Carrefour 1kg,Carrefour,74.0,5.0,1.3,false,,True,2023-05-24
2627,Producto Nombre Mercadona 250g,Mercadona,81.0,21.35,4.97,false,,True,2021-06-12
2628,Producto Unidos Hacendado 500ml,Hacendado,79.0,16.95,1.03,TRUE,12.0,True,2023-09-29
2629,Producto Mesa Dia 1kg,Dia,51.0,16.94,1.46,1,4.0,True,2022-12-25
2630,Producto Rodríguez Auchan pack 3,Auchan,49.0,8.53,3.48,False,,True,2021-03-05
2631,Producto Habría Dia 6ud,Dia,81.0,23.98,1.6,TRUE,6.0,True,2020-01-16
2632,Producto Popular Dia 6ud,Dia,64.0,3.78,4.4,no,,True,2024-01-12
2633,Producto Juan Mercadona 500ml,Mercadona,54.0,12.42,3.25,true,4.0,True,2020-05-12
2634,Producto Final Genérico 1L,Genérico,26.0,6.94,0.43,0,,True,2023-01-23
2635,Producto Dado Mercadona 250g,Mercadona,11.0,20.4,3.86,no,,True,2022-01-28
2636,Producto Apoyo Genérico 500ml,Genérico,13.0,13.8,2.39,no,,True,2023-03-23
2637,Producto Gente Auchan 1L,Auchan,55.0,22.33,4.29,False,,True,2022-12-08
2638,Producto Necesario Genérico 500g,Genérico,73.0,10.21,3.33,no,,True,2022-09-30
2639,Producto Metros Eroski 1kg,Eroski,87.0,19.04,0.84,TRUE,12.0,True,2022-02-01
2640,Producto Etc Eroski pack 3,Eroski,27.0,23.5,3.82,true,6.0,True,2023-05-16
2641,Producto Para Carrefour 250g,Carrefour,56.0,16.87,3.97,False,,True,2020-05-24
2642,Producto Manos Hacendado 250g,Hacendado,67.0,24.51,3.53,false,,True,2020-12-10
2643,Producto Especial Mercadona 500ml,Mercadona,44.0,14.67,1.91,0,,True,2022-12-10
2644,Producto Cuerpo Eroski 500g,Eroski,84.0,13.15,4.54,False,,True,2021-04-20
2645,Producto Análisis Mercadona 6ud,Mercadona,54.0,12.42,3.04,False,,True,2022-06-22
2646,Producto Calle Auchan 1kg,Auchan,26.0,6.12,1.44,FALSE,,True,2022-01-05
2647,Producto Sol Dia 500g,Dia,29.0,16.69,1.68,false,,True,2022-04-04
2648,Producto M Auchan 1L,Auchan,70.0,14.96,2.08,False,,True,2021-10-22
2649,Producto Doctor Genérico 1kg,Genérico,25.0,3.79,4.46,0,,True,2022-05-04
2650,Producto Español Dia 1kg,Dia,30.0,13.15,4.85,False,,True,2021-06-30
2651,Producto Cuarto Hacendado 1L,Hacendado,45.0,11.5,4.34,no,,True,2021-12-05
2652,Producto Alguna Genérico 1kg,Genérico,61.0,19.96,0.95,no,,True,2021-04-21
2653,Producto Problemas Carrefour 6ud,Carrefour,42.0,23.09,0.39,false,,True,2020-12-24
2654,Producto Ayer Hacendado 250g,Hacendado,25.0,5.45,2.55,false,,True,2023-01-25
2655,Producto Cuatro Genérico 500g,Genérico,28.0,4.84,3.02,0,,True,2021-05-05
2656,Producto Ellos Genérico 500g,Genérico,77.0,2.77,4.51,False,,True,2023-02-28
2657,Producto Pasa Mercadona 12ud,Mercadona,9.0,13.28,0.27,false,,True,2024-01-17
2658,Producto Práctica Mercadona pack 3,Mercadona,38.0,19.83,2.97,FALSE,,True,2022-12-08
2659,Producto Manera Hacendado 12ud,Hacendado,82.0,3.77,1.2,false,,True,2020-10-24
2660,Producto Países Genérico 12ud,Genérico,45.0,6.81,3.73,True,3.0,True,2023-02-21
2661,Producto Necesidad Genérico 250g,Genérico,24.0,9.68,4.03,TRUE,9.0,True,2021-03-05
2662,Producto Médico Auchan 500ml,Auchan,28.0,6.89,2.85,False,,True,2022-07-04
2663,Producto Cultural Mercadona 1L,Mercadona,59.0,10.61,2.44,0,,True,2022-03-25
2664,Producto P Auchan 500ml,Auchan,80.0,24.71,3.88,False,,True,2021-03-15
2665,Producto Antes Mercadona 500g,Mercadona,26.0,18.81,3.51,FALSE,,True,2023-07-17
2666,Producto Dentro Genérico 12ud,Genérico,36.0,19.75,3.09,0,,True,2021-04-05
2667,Producto Lado Carrefour 12ud,Carrefour,15.0,24.12,0.5,true,5.0,True,2021-07-14
2668,Producto Tras Auchan 500g,Auchan,85.0,2.06,0.45,True,3.0,True,2021-04-14
2669,Producto No Genérico 500ml,Genérico,60.0,17.92,4.73,False,,True,2023-01-04
2670,Producto Queda Auchan 250g,Auchan,72.0,5.43,4.03,no,,True,2020-07-15
2671,Producto Don Mercadona 1L,Mercadona,13.0,15.56,1.83,False,,True,2020-03-11
2672,Producto Términos Hacendado 500ml,Hacendado,29.0,19.59,2.01,no,,True,2020-03-25
2673,Producto Sol Hacendado 500g,Hacendado,75.0,23.01,3.64,FALSE,,True,2021-03-29
2674,Producto Ocho Dia 6ud,Dia,,24.09,3.05,1,6.0,True,2024-01-06
2675,Producto Quien Genérico 250g,Genérico,60.0,6.89,0.58,no,,True,2022-09-17
2676,Producto Recuerdo Dia 500g,Dia,46.0,20.16,4.39,FALSE,,True,2023-03-15
2677,Producto Jefe Dia pack 3,Dia,82.0,24.16,3.86,False,,True,2020-06-08
2678,Producto Vio Eroski pack 3,Eroski,67.0,22.45,2.44,FALSE,,True,2020-01-20
2679,Producto Energía Eroski 1L,Eroski,57.0,17.07,1.61,1,8.0,True,2021-03-17
2680,Producto Cerca Eroski 500ml,Eroski,10.0,6.57,3.38,true,8.0,True,2022-01-13
2681,Producto Julio Auchan 6ud,Auchan,31.0,9.15,1.38,0,,True,2021-06-13
2682,Producto Social Auchan 1L,Auchan,33.0,6.24,1.36,1,6.0,True,2024-02-08
2683,Producto Qué Mercadona 6ud,Mercadona,40.0,4.31,4.6,1,13.0,True,2021-01-27
2684,Producto Buscar Genérico 250g,Genérico,72.0,19.21,0.26,FALSE,,True,2023-08-31
2685,Producto Aire Dia pack 3,Dia,88.0,22.49,2.89,False,,True,2020-06-26
2686,Producto Pese Mercadona 500ml,Mercadona,32.0,10.24,0.68,0,,True,2020-04-11
2687,Producto Papel Auchan 250g,Auchan,63.0,12.8,3.45,FALSE,,True,2022-02-02
2688,Producto Vida Eroski pack 3,Eroski,24.0,8.22,3.39,sí,9.0,True,2022-06-15
2689,Producto Siquiera Dia 500ml,Dia,50.0,5.08,1.38,true,12.0,True,2022-12-02
2690,Producto Han Auchan 12ud,Auchan,32.0,5.65,1.89,0,,True,2020-08-23
2691,Producto Cómo Auchan 1kg,Auchan,44.0,14.49,3.45,false,,True,2023-06-14
2692,Producto Administración Mercadona 1L,Mercadona,43.0,14.1,1.02,0,,True,2024-01-14
2693,Producto Cosa Auchan 250g,Auchan,28.0,4.82,4.98,False,,True,2020-05-12
2694,Producto Madre Genérico 6ud,Genérico,75.0,19.73,2.83,False,,True,2020-07-03
2695,Producto Miguel Hacendado 1kg,Hacendado,59.0,1.96,2.41,false,,True,2023-04-02
2696,Producto Actual Eroski 6ud,Eroski,66.0,6.85,2.81,false,,True,2022-07-30
2697,Producto Mesa Hacendado 12ud,Hacendado,53.0,3.46,4.82,false,,True,2023-05-13
2698,Producto Económico Eroski 1kg,Eroski,82.0,24.48,1.66,True,11.0,True,2020-12-16
2699,Producto Produce Hacendado 12ud,Hacendado,66.0,15.52,4.79,0,,True,2022-03-22
2700,Producto Ex Auchan 12ud,Auchan,52.0,21.29,0.85,true,6.0,True,2021-11-30
2701,Producto Reforma Eroski 500ml,Eroski,46.0,15.32,4.44,False,,True,2021-11-18
2702,Producto Familia Eroski pack 3,Eroski,55.0,10.63,0.16,sí,14.0,True,2023-08-29
2703,Producto Productos Eroski 500g,Eroski,41.0,5.65,0.52,FALSE,,True,2024-03-17
2704,Producto Mediante Genérico 250g,Genérico,69.0,1.14,3.84,False,,True,2021-04-19
2705,Producto B Genérico 1kg,Genérico,42.0,2.56,1.98,FALSE,,True,2022-08-22
2706,Producto Nos Auchan 1kg,Auchan,45.0,3.71,0.19,0,,True,2022-08-05
2707,Producto Líder Mercadona pack 3,Mercadona,50.0,11.94,4.68,FALSE,,True,2023-02-23
2708,Producto Año Eroski 1kg,Eroski,26.0,14.97,3.76,no,,True,2024-01-12
2709,Producto Mayo Genérico 500ml,Genérico,64.0,22.76,1.17,FALSE,,True,2020-11-18
2710,Producto República Dia 12ud,Dia,48.0,6.86,0.05,FALSE,,True,2020-11-23
2711,Producto Meses Dia 500ml,Dia,26.0,11.99,4.61,sí,10.0,True,2022-10-22
2712,Producto Hace Mercadona 500ml,Mercadona,64.0,15.12,2.76,FALSE,,True,2020-08-31
2713,Producto Padre Auchan 12ud,Auchan,80.0,6.61,3.25,false,,True,2020-09-27
2714,Producto Fuerte Dia 500g,Dia,37.0,10.83,3.83,true,12.0,True,2020-04-26
2715,Producto Va Dia 500ml,Dia,43.0,10.61,0.95,0,,True,2020-01-05
2716,Producto Capital Genérico pack 3,Genérico,67.0,7.16,0.98,False,,False,2021-11-30
2717,Producto Santa Genérico 250g,Genérico,15.0,5.05,1.38,true,14.0,True,2022-07-11
2718,Producto Resultados Carrefour 500g,Carrefour,10.0,4.18,1.74,no,,True,2021-03-28
2719,Producto Ya Dia pack 3,Dia,72.0,17.56,0.45,1,5.0,True,2020-12-25
2720,Producto Equipo Hacendado pack 3,Hacendado,59.0,4.94,1.29,False,,True,2023-01-03
2721,Producto Junto Hacendado 1L,Hacendado,10.0,9.92,1.27,False,,True,2022-12-28
2722,Producto Razones Auchan 500g,Auchan,34.0,13.26,2.39,no,,True,2021-12-06
2723,Producto Ahora Dia 1kg,Dia,48.0,15.9,4.69,true,11.0,True,2022-12-03
2724,Producto Estar Eroski 500ml,Eroski,70.0,5.36,4.33,0,,True,2023-12-06
2725,Producto Meses Carrefour 12ud,Carrefour,23.0,8.44,1.42,1,4.0,True,2023-05-08
2726,Producto Local Hacendado 250g,Hacendado,40.0,14.73,3.46,false,,True,2022-08-28
2727,Producto Españoles Carrefour 1kg,Carrefour,20.0,12.74,1.73,false,,True,2022-10-24
2728,Producto Suerte Hacendado 250g,Hacendado,89.0,9.2,2.7,True,4.0,True,2023-12-21
2729,Producto Ello Dia 6ud,Dia,38.0,20.23,1.01,false,,True,2021-10-22
2730,Producto Unos Eroski 1kg,Eroski,54.0,6.63,3.55,1,11.0,True,2022-04-25
2731,Producto Realidad Carrefour 1kg,Carrefour,71.0,13.81,2.37,False,,True,2022-10-03
2732,Producto Cómo Mercadona 1kg,Mercadona,85.0,2.18,1.51,true,7.0,True,2023-11-12
2733,Producto Esos Hacendado 12ud,Hacendado,67.0,18.46,3.12,false,,True,2023-07-08
2734,Producto Decir Carrefour 6ud,Carrefour,88.0,18.15,2.72,False,,True,2020-04-20
2735,Producto Nos Eroski pack 3,Eroski,76.0,19.25,1.45,1,9.0,True,2020-09-14
2736,Producto Habla Hacendado 500g,Hacendado,23.0,1.56,0.93,no,,False,2021-04-22
2737,Producto Actividades Auchan 1L,Auchan,22.0,2.91,4.19,FALSE,,True,2023-03-09
2738,Producto Solución Genérico 500ml,Genérico,76.0,1.69,3.6,1,3.0,True,2022-06-03
2739,Producto Solamente Eroski pack 3,Eroski,35.0,23.24,2.37,False,,True,2021-03-24
2740,Producto Personal Genérico 12ud,Genérico,55.0,20.63,0.34,0,,True,2020-07-12
2741,Producto Sigue Hacendado 500g,Hacendado,76.0,20.93,1.12,sí,11.0,True,2022-12-05
2742,Producto Cosa Genérico 12ud,Genérico,38.0,5.13,1.28,false,,True,2022-12-22
2743,Producto Barcelona Genérico 12ud,Genérico,31.0,18.77,2.9,no,,True,2024-01-04
2744,Producto Dar Hacendado 1kg,Hacendado,63.0,19.91,2.55,False,,True,2022-02-16
2745,Producto Allá Genérico pack 3,Genérico,77.0,23.36,2.77,False,,True,2022-02-06
2746,Producto Consejo Auchan 12ud,Auchan,56.0,20.73,1.24,FALSE,,True,2020-05-04
2747,Producto Decía Mercadona 500ml,Mercadona,57.0,9.31,4.8,false,,False,2020-03-02
2748,Producto Ii Dia 250g,Dia,13.0,13.17,1.54,no,,True,2021-11-02
2749,Producto Negro Carrefour 6ud,Carrefour,37.0,1.02,3.46,false,,True,2021-05-15
2750,Producto Objeto Genérico 1kg,Genérico,79.0,2.8,0.82,False,,True,2021-01-23
2751,Producto Le Carrefour 1L,Carrefour,83.0,6.77,2.87,FALSE,,True,2020-05-21
2752,Producto Tu Eroski 500g,Eroski,36.0,18.22,0.91,FALSE,,True,2024-02-03
2753,Producto Amigo Mercadona 500g,Mercadona,82.0,15.07,3.67,False,,True,2023-07-22
2754,Producto Contenido Mercadona 250g,Mercadona,19.0,23.08,4.4,FALSE,,True,2022-06-12
2755,Producto Clase Mercadona 1L,Mercadona,24.0,18.81,4.65,0,,True,2024-01-16
2756,Producto Como Auchan 250g,Auchan,89.0,7.96,2.72,True,5.0,True,2023-04-03
2757,Producto Francia Carrefour 250g,Carrefour,37.0,16.99,4.86,false,,True,2023-06-30
2758,Producto Muchas Genérico 500g,Genérico,82.0,5.93,2.0,1,5.0,True,2022-06-14
2759,Producto También Genérico 250g,Genérico,69.0,13.92,2.02,1,9.0,True,2023-03-31
2760,Producto Características Mercadona 1kg,Mercadona,25.0,12.27,2.01,True,12.0,True,2020-09-29
2761,Producto Resultados Eroski 1L,Eroski,87.0,6.43,2.18,TRUE,13.0,True,2022-03-17
2762,Producto Existencia Hacendado 12ud,Hacendado,20.0,10.87,1.64,no,,True,2021-11-17
2763,Producto Visita Mercadona 500ml,Mercadona,12.0,4.64,4.12,false,,True,2021-03-08
2764,Producto Fin Carrefour pack 3,Carrefour,88.0,1.59,1.04,False,,True,2024-03-28
2765,Producto Cantidad Hacendado 250g,Hacendado,19.0,6.44,0.78,False,,True,2021-11-08
2766,Producto Viejo Hacendado 6ud,Hacendado,45.0,17.49,2.28,True,3.0,True,2023-06-18
2767,Producto Estamos Carrefour 1L,Carrefour,77.0,13.88,2.77,FALSE,,True,2024-02-14
2768,Producto Sí Eroski 250g,Eroski,27.0,9.72,2.66,0,,True,2021-12-31
2769,Producto Persona Dia 1L,Dia,16.0,19.83,0.31,false,,True,2021-09-26
2770,Producto Aquella Hacendado 12ud,Hacendado,10.0,16.67,4.57,0,,True,2021-05-13
2771,Producto Puedo Hacendado 500ml,Hacendado,22.0,21.74,1.19,false,,True,2020-06-11
2772,Producto Hacerlo Dia pack 3,Dia,21.0,21.73,0.97,False,,True,2020-09-06
2773,Producto Orden Genérico 250g,Genérico,67.0,1.46,1.56,no,,True,2021-10-01
2774,Producto Espera Hacendado 6ud,Hacendado,29.0,17.26,1.55,no,,True,2022-02-08
2775,Producto Equipo Dia 250g,Dia,73.0,15.82,4.46,FALSE,,True,2022-10-26
2776,Producto Generales Genérico 500ml,Genérico,12.0,6.02,1.99,no,,True,2021-09-14
2777,Producto Período Genérico 1L,Genérico,57.0,10.71,2.16,False,,True,2023-03-27
2778,Producto Manuel Dia pack 3,Dia,86.0,13.77,0.74,True,11.0,True,2020-02-27
2779,Producto Uso Mercadona 1kg,Mercadona,34.0,8.06,2.64,no,,True,2020-05-16
2780,Producto Real Eroski 1kg,Eroski,27.0,8.27,4.75,FALSE,,True,2021-01-27
2781,Producto Mayoría Mercadona 1kg,Mercadona,49.0,18.3,4.41,false,,True,2020-06-29
2782,Producto Afirmó Dia pack 3,Dia,61.0,18.76,3.2,false,,True,2023-04-15
2783,Producto Idea Mercadona 1L,Mercadona,28.0,3.11,3.82,true,12.0,True,2023-09-05
2784,Producto Tenemos Genérico 1L,Genérico,86.0,15.1,0.18,1,4.0,True,2023-07-05
2785,Producto La Carrefour pack 3,Carrefour,70.0,17.93,4.27,no,,True,2022-10-18
2786,Producto Socialista Carrefour 1L,Carrefour,26.0,6.03,4.85,no,,True,2022-04-22
2787,Producto Soy Carrefour 1L,Carrefour,61.0,19.06,4.64,true,10.0,True,2021-10-03
2788,Producto Yo Eroski 6ud,Eroski,71.0,21.73,2.17,no,,True,2020-10-18
2789,Producto Tenido Eroski 12ud,Eroski,86.0,18.13,4.7,False,,True,2021-07-16
2790,Producto Silencio Genérico 250g,Genérico,77.0,13.25,4.14,FALSE,,False,2023-03-21
2791,Producto Diez Genérico 12ud,Genérico,40.0,24.59,1.97,TRUE,13.0,True,2022-08-29
2792,Producto Grupos Dia pack 3,Dia,33.0,10.24,4.15,false,,True,2023-03-26
2793,Producto Qué Dia 250g,Dia,63.0,17.39,2.34,False,,True,2020-11-12
2794,Producto Nosotros Eroski 500g,Eroski,20.0,4.89,4.48,false,,True,2022-05-03
2795,Producto Hombre Auchan 6ud,Auchan,59.0,11.54,2.97,True,14.0,True,2023-12-12
2796,Producto Tierra Hacendado 500ml,Hacendado,67.0,8.43,3.57,false,,True,2021-11-11
2797,Producto Rodríguez Hacendado 500g,Hacendado,24.0,17.79,0.47,0,,True,2022-12-20
2798,Producto Serie Genérico 1kg,Genérico,74.0,9.77,3.85,false,,True,2020-07-07
2799,Producto Si Mercadona 1kg,Mercadona,81.0,4.46,3.86,sí,3.0,True,2024-02-20
2800,Producto Autor Eroski pack 3,Eroski,48.0,7.57,4.5,true,6.0,False,2022-08-03
2801,Producto Mirada Hacendado pack 3,Hacendado,41.0,12.68,4.05,0,,True,2021-01-06
2802,Producto Principales Carrefour 1L,Carrefour,72.0,14.92,2.08,no,,True,2020-09-03
2803,Producto Tuvo Hacendado 1L,Hacendado,85.0,22.1,3.16,true,6.0,False,2022-05-05
2804,Producto No Hacendado 6ud,Hacendado,27.0,1.39,3.35,False,,True,2022-05-07
2805,Producto Base Dia 500g,Dia,47.0,1.69,0.93,false,,True,2020-05-24
2806,Producto Realidad Eroski 1kg,Eroski,87.0,24.16,1.83,no,,False,2024-03-21
2807,Producto Pregunta Dia 6ud,Dia,47.0,22.48,3.8,no,,True,2023-11-19
2808,Producto Ante Dia pack 3,Dia,17.0,3.79,1.41,false,,True,2021-12-17
2809,Producto Blanca Carrefour 1L,Carrefour,76.0,15.49,3.66,true,13.0,True,2020-07-01
2810,Producto Norte Auchan 500ml,Auchan,20.0,10.95,1.34,0,,True,2023-07-16
2811,Producto Pasado Dia 1kg,Dia,88.0,15.54,3.66,no,,True,2022-02-13
2812,Producto Instituto Genérico 1L,Genérico,32.0,17.85,0.06,0,,False,2023-01-18
2813,Producto Dicho Mercadona 500g,Mercadona,89.0,18.56,3.1,TRUE,9.0,True,2022-03-01
2814,Producto Participación Dia 1L,Dia,51.0,0.77,1.44,sí,4.0,True,2021-02-28
2815,Producto Ir Genérico 6ud,Genérico,73.0,19.28,1.7,1,9.0,True,2023-07-20
2816,Producto Comunidad Hacendado 1kg,Hacendado,87.0,5.24,4.62,0,,True,2024-03-02
2817,Producto Atención Mercadona 250g,Mercadona,69.0,16.31,3.15,False,,True,2021-01-13
2818,Producto Difícil Dia pack 3,Dia,77.0,19.7,3.73,0,,True,2022-05-06
2819,Producto Todas Genérico 6ud,Genérico,47.0,14.09,2.91,sí,8.0,True,2021-08-18
2820,Producto Juan Hacendado 1kg,Hacendado,54.0,7.36,4.92,TRUE,13.0,True,2023-12-03
2821,Producto Cuyo Genérico 12ud,Genérico,30.0,5.08,3.92,TRUE,7.0,True,2022-02-28
2822,Producto Ideas Eroski 250g,Eroski,49.0,7.14,4.39,1,8.0,True,2023-09-27
2823,Producto Madrid Carrefour 500ml,Carrefour,47.0,4.78,0.24,0,,True,2023-09-04
2824,Producto Ese Auchan 250g,Auchan,20.0,20.07,0.81,False,,True,2021-03-05
2825,Producto Volver Eroski 500ml,Eroski,70.0,19.49,4.37,1,11.0,True,2023-05-12
2826,Producto Militares Carrefour 250g,Carrefour,25.0,11.74,2.64,no,,False,2021-10-06
2827,Producto Empresa Eroski 500g,Eroski,14.0,8.66,0.56,FALSE,,True,2023-12-22
2828,Producto Cuestión Hacendado 500ml,Hacendado,,16.14,1.04,True,7.0,True,2022-02-27
2829,Producto Nosotros Mercadona pack 3,Mercadona,49.0,16.93,0.83,True,4.0,False,2023-06-28
2830,Producto Que Genérico 500g,Genérico,88.0,5.55,1.63,FALSE,,True,2021-03-15
2831,Producto Mayores Genérico 1L,Genérico,45.0,4.69,4.47,False,,True,2021-04-08
2832,Producto Puso Carrefour 250g,Carrefour,15.0,12.02,0.57,0,,True,2022-06-30
2833,Producto Podemos Auchan 1kg,Auchan,63.0,17.75,3.17,FALSE,,True,2022-10-22
2834,Producto Carácter Genérico 6ud,Genérico,66.0,8.14,3.58,False,,True,2023-09-06
2835,Producto Cómo Hacendado pack 3,Hacendado,77.0,14.4,4.02,TRUE,14.0,True,2021-11-24
2836,Producto Seguir Dia pack 3,Dia,67.0,12.02,0.76,false,,True,2022-01-22
2837,Producto Libro Dia 12ud,Dia,42.0,4.98,1.69,0,,True,2021-05-31
2838,Producto Fuerte Auchan pack 3,Auchan,50.0,1.23,1.79,FALSE,,True,2023-03-31
2839,Producto Vamos Dia 6ud,Dia,30.0,15.3,0.56,True,14.0,True,2021-08-08
2840,Producto Niño Genérico 500g,Genérico,50.0,19.9,2.03,false,,True,2023-12-20
2841,Producto Proyecto Carrefour 1kg,Carrefour,88.0,24.35,1.74,0,,True,2023-09-12
2842,Producto Historia Auchan 12ud,Auchan,84.0,14.39,3.49,0,,True,2024-03-03
2843,Producto Ocho Eroski pack 3,Eroski,18.0,3.29,1.66,no,,True,2021-01-05
2844,Producto Plan Carrefour 500ml,Carrefour,65.0,23.91,0.59,True,12.0,True,2021-08-17
2845,Producto Estar Dia pack 3,Dia,57.0,16.29,1.13,1,5.0,True,2023-08-22
2846,Producto Produce Mercadona 1kg,Mercadona,9.0,16.68,1.49,False,,True,2021-09-30
2847,Producto Era Carrefour 1L,Carrefour,66.0,17.19,2.87,FALSE,,True,2021-05-09
2848,Producto Serán Auchan 6ud,Auchan,47.0,24.75,3.08,False,,True,2022-01-04
2849,Producto Participación Mercadona 500ml,Mercadona,25.0,2.02,4.84,0,,False,2023-11-19
2850,Producto Principios Mercadona 6ud,Mercadona,80.0,3.18,0.2,1,9.0,True,2021-08-15
2851,Producto Antonio Eroski 6ud,Eroski,59.0,17.93,2.2,0,,True,2024-03-15
2852,Producto Análisis Auchan 1kg,Auchan,31.0,5.1,4.63,0,,True,2023-05-15
2853,Producto Consumo Dia 1kg,Dia,28.0,3.78,0.13,1,14.0,True,2022-10-09
2854,Producto Tal Carrefour 500g,Carrefour,64.0,3.85,4.31,0,,True,2022-02-08
2855,Producto Vuelve Auchan 1kg,Auchan,86.0,11.62,4.11,0,,True,2020-02-27
2856,Producto Quien Carrefour 12ud,Carrefour,37.0,15.3,4.24,0,,True,2022-02-19
2857,Producto Destino Dia 12ud,Dia,73.0,23.19,0.22,FALSE,,False,2022-07-05
2858,Producto Buena Eroski 6ud,Eroski,70.0,3.26,3.47,FALSE,,True,2023-09-13
2859,Producto Antes Mercadona 500ml,Mercadona,76.0,11.88,4.46,TRUE,4.0,True,2023-09-20
2860,Producto Señaló Eroski 500g,Eroski,89.0,17.25,2.92,0,,True,2021-11-14
2861,Producto Antes Genérico 250g,Genérico,52.0,11.98,2.37,False,,True,2022-03-28
2862,Producto Corte Dia 500ml,Dia,62.0,7.58,4.62,sí,14.0,True,2021-12-10
2863,Producto Una Dia 250g,Dia,81.0,15.91,2.89,False,,True,2023-01-27
2864,Producto Entonces Mercadona 250g,Mercadona,46.0,7.52,2.55,True,7.0,True,2021-09-28
2865,Producto Área Dia 500ml,Dia,87.0,21.51,0.6,True,5.0,True,2022-10-14
2866,Producto Afirmó Eroski pack 3,Eroski,28.0,9.55,3.92,True,6.0,True,2020-08-27
2867,Producto Otro Mercadona 250g,Mercadona,76.0,8.89,0.77,sí,5.0,True,2021-12-30
2868,Producto Creación Mercadona 12ud,Mercadona,61.0,6.32,3.21,False,,True,2024-02-14
2869,Producto Mañana Hacendado 500ml,Hacendado,53.0,19.0,0.88,sí,9.0,True,2021-06-09
2870,Producto Buenos Eroski 1L,Eroski,69.0,9.8,2.4,FALSE,,True,2022-12-12
2871,Producto Quién Hacendado 500ml,Hacendado,64.0,23.21,3.41,0,,True,2022-10-06
2872,Producto Eso Hacendado 6ud,Hacendado,14.0,23.92,4.59,no,,True,2023-08-16
2873,Producto Pesetas Dia 500ml,Dia,51.0,20.15,2.94,1,10.0,True,2023-08-17
2874,Producto Amigo Eroski 1L,Eroski,39.0,13.23,4.97,FALSE,,True,2023-08-27
2875,Producto Queda Eroski 250g,Eroski,10.0,20.87,0.53,TRUE,4.0,True,2021-08-13
2876,Producto Imágenes Carrefour 500ml,Carrefour,53.0,6.66,3.12,True,3.0,True,2021-05-06
2877,Producto Dónde Genérico 500g,Genérico,36.0,17.84,4.29,1,5.0,True,2023-01-21
2878,Producto Armas Mercadona 1kg,Mercadona,81.0,22.44,1.3,False,,True,2023-03-25
2879,Producto Calidad Eroski pack 3,Eroski,18.0,23.1,2.16,1,13.0,True,2023-09-17
2880,Producto Voy Dia 1kg,Dia,50.0,19.62,0.36,true,9.0,True,2020-02-25
2881,Producto Lleva Dia 500ml,Dia,16.0,4.85,4.9,sí,6.0,True,2020-04-16
2882,Producto San Eroski pack 3,Eroski,31.0,3.15,2.18,0,,True,2022-09-07
2883,Producto Habrá Auchan 500ml,Auchan,22.0,3.02,2.88,TRUE,7.0,True,2023-12-01
2884,Producto Tierra Auchan 1kg,Auchan,11.0,16.49,0.24,sí,9.0,True,2024-03-29
2885,Producto Lado Auchan 250g,Auchan,51.0,13.12,2.48,0,,True,2023-03-06
2886,Producto Tres Genérico 1L,Genérico,17.0,0.57,4.1,false,,True,2021-11-05
2887,Producto Mundo Genérico 6ud,Genérico,81.0,8.66,0.32,False,,True,2023-03-27
2888,Producto Suelo Dia 6ud,Dia,20.0,2.46,3.84,False,,True,2022-12-29
2889,Producto Vio Genérico 250g,Genérico,31.0,24.19,1.53,FALSE,,True,2020-06-05
2890,Producto Ninguna Eroski 6ud,Eroski,22.0,12.41,2.22,no,,True,2020-09-15
2891,Producto Espera Carrefour 250g,Carrefour,13.0,18.12,2.47,False,,True,2021-04-10
2892,Producto Jorge Eroski 500ml,Eroski,78.0,12.73,4.07,0,,True,2020-02-14
2893,Producto Hasta Hacendado 6ud,Hacendado,11.0,1.86,0.26,no,,True,2021-05-18
2894,Producto Cámara Auchan 1kg,Auchan,75.0,18.65,0.41,1,14.0,True,2020-03-28
2895,Producto Casos Auchan 250g,Auchan,11.0,6.44,0.12,False,,True,2021-07-10
2896,Producto Campo Mercadona 500g,Mercadona,48.0,11.67,2.98,1,4.0,True,2021-10-31
2897,Producto Días Mercadona 1L,Mercadona,85.0,2.04,1.72,true,14.0,True,2021-01-14
2898,Producto Conjunto Hacendado 1kg,Hacendado,50.0,8.37,1.11,False,,False,2021-10-02
2899,Producto Cine Dia 500g,Dia,31.0,3.45,2.11,1,14.0,True,2022-11-25
2900,Producto Habla Auchan 1L,Auchan,30.0,23.17,0.54,sí,13.0,True,2020-10-06
2901,Producto Pueden Hacendado pack 3,Hacendado,29.0,2.47,4.63,True,14.0,True,2020-09-28
2902,Producto Aunque Auchan pack 3,Auchan,45.0,17.45,3.22,TRUE,11.0,True,2022-08-04
2903,Producto Área Carrefour 250g,Carrefour,39.0,15.1,3.08,no,,True,2021-08-17
2904,Producto Opinión Dia 12ud,Dia,47.0,0.6,0.63,True,11.0,True,2022-11-27
2905,Producto Gente Dia 1L,Dia,88.0,11.86,1.08,0,,True,2022-02-12
2906,Producto Etapa Mercadona 1kg,Mercadona,23.0,17.28,2.4,no,,True,2022-06-24
2907,Producto Algunos Hacendado 6ud,Hacendado,14.0,7.47,1.7,False,,True,2020-12-26
2908,Producto Pronto Hacendado 500g,Hacendado,67.0,18.63,0.92,False,,True,2022-09-17
2909,Producto Hombres Genérico 500g,Genérico,71.0,2.23,2.25,1,12.0,True,2021-12-14
2910,Producto Información Eroski 6ud,Eroski,34.0,6.13,1.18,TRUE,6.0,True,2022-11-01
2911,Producto Del Auchan 1L,Auchan,34.0,2.29,0.32,0,,True,2023-10-28
2912,Producto Suerte Genérico pack 3,Genérico,36.0,4.85,2.32,False,,True,2021-12-23
2913,Producto Carne Dia 1L,Dia,54.0,8.72,2.86,True,7.0,True,2021-03-22
2914,Producto Acciones Auchan 12ud,Auchan,68.0,4.68,4.44,0,,True,2022-04-29
2915,Producto Estas Carrefour 1L,Carrefour,87.0,2.61,2.47,FALSE,,True,2020-04-24
2916,Producto Grupos Auchan pack 3,Auchan,84.0,7.33,3.69,no,,True,2024-01-08
2917,Producto Libro Auchan 1L,Auchan,50.0,22.34,0.79,no,,True,2024-03-14
2918,Producto Clase Auchan 250g,Auchan,9.0,1.47,3.85,no,,False,2021-04-09
2919,Producto Bastante Auchan pack 3,Auchan,76.0,20.33,0.54,false,,True,2024-02-03
2920,Producto Siendo Genérico 250g,Genérico,19.0,17.47,1.13,false,,True,2022-12-08
2921,Producto Modo Eroski 500g,Eroski,39.0,0.88,0.85,false,,True,2021-12-10
2922,Producto Señaló Eroski 250g,Eroski,82.0,24.41,0.74,false,,True,2021-04-14
2923,Producto Cualquier Mercadona 6ud,Mercadona,32.0,15.85,0.06,false,,True,2021-08-20
2924,Producto Temas Eroski 6ud,Eroski,58.0,13.5,3.78,true,14.0,True,2022-01-20
2925,Producto Hacer Genérico 1L,Genérico,78.0,19.79,4.41,true,14.0,True,2021-01-03
2926,Producto Niños Eroski 6ud,Eroski,74.0,22.25,1.86,TRUE,12.0,False,2022-06-07
2927,Producto Fuerza Carrefour 500g,Carrefour,55.0,14.23,0.74,false,,True,2022-06-11
2928,Producto Nivel Hacendado pack 3,Hacendado,78.0,18.56,4.36,FALSE,,True,2024-03-22
2929,Producto Región Dia 6ud,Dia,37.0,22.49,2.14,FALSE,,True,2021-04-03
2930,Producto Más Dia pack 3,Dia,56.0,12.4,0.66,False,,True,2024-02-28
2931,Producto Capaz Dia pack 3,Dia,77.0,15.7,4.73,False,,True,2022-10-19
2932,Producto Camino Carrefour pack 3,Carrefour,17.0,2.63,0.94,False,,True,2021-03-02
2933,Producto Se Hacendado 1kg,Hacendado,18.0,7.25,2.51,FALSE,,True,2022-05-29
2934,Producto Tendrá Eroski 250g,Eroski,75.0,7.67,2.73,false,,True,2022-12-01
2935,Producto Conciencia Auchan pack 3,Auchan,53.0,18.56,0.99,TRUE,3.0,True,2023-03-02
2936,Producto Somos Mercadona 6ud,Mercadona,38.0,10.58,3.25,no,,True,2020-03-17
2937,Producto Corte Eroski pack 3,Eroski,84.0,11.71,4.5,FALSE,,True,2022-07-31
2938,Producto Doctor Carrefour pack 3,Carrefour,42.0,9.6,4.24,sí,5.0,True,2022-02-10
2939,Producto Adelante Carrefour 1kg,Carrefour,67.0,17.93,4.87,1,14.0,True,2023-11-05
2940,Producto Particular Carrefour 1L,Carrefour,28.0,3.35,2.89,0,,True,2021-03-20
2941,Producto Produce Carrefour 1L,Carrefour,56.0,14.27,1.62,TRUE,8.0,True,2023-05-25
2942,Producto Cambio Genérico 1kg,Genérico,66.0,13.56,0.17,True,10.0,True,2022-08-01
2943,Producto Unidad Dia 1kg,Dia,67.0,0.6,4.88,FALSE,,True,2021-07-01
2944,Producto Tarde Auchan 500ml,Auchan,46.0,24.25,4.97,FALSE,,True,2022-09-15
2945,Producto Muchos Eroski pack 3,Eroski,81.0,8.79,2.42,true,3.0,True,2022-08-22
2946,Producto Modo Hacendado 500ml,Hacendado,79.0,1.1,1.14,no,,True,2022-11-18
2947,Producto Juez Hacendado 1L,Hacendado,50.0,0.0,4.68,True,7.0,True,2023-01-24
2948,Producto Llegado Genérico pack 3,Genérico,19.0,17.08,4.88,False,,True,2022-10-21
2949,Producto Derecha Dia 250g,Dia,71.0,22.75,0.78,False,,True,2023-07-26
2950,Producto Nacional Auchan 6ud,Auchan,56.0,0.79,1.58,0,,True,2022-09-02
2951,Producto Menos Hacendado 1L,Hacendado,80.0,18.32,4.96,false,,True,2023-11-04
2952,Producto Sangre Carrefour 12ud,Carrefour,45.0,18.34,4.19,no,,True,2022-10-01
2953,Producto Dos Carrefour 500ml,Carrefour,27.0,12.12,4.93,no,,True,2021-04-24
2954,Producto Pasó Mercadona 12ud,Mercadona,84.0,2.66,4.58,0,,True,2021-11-15
2955,Producto Entre Auchan 1kg,Auchan,80.0,5.37,1.48,False,,True,2022-06-19
2956,Producto Puerta Mercadona 500ml,Mercadona,47.0,12.6,1.16,no,,True,2023-02-11
2957,Producto Hombre Dia 500ml,Dia,28.0,23.91,2.39,no,,True,2020-05-20
2958,Producto Hermano Auchan 1kg,Auchan,45.0,12.54,1.26,0,,True,2021-04-03
2959,Producto Iba Auchan 500g,Auchan,44.0,15.16,2.43,FALSE,,True,2023-03-07
2960,Producto Ir Eroski pack 3,Eroski,42.0,24.36,1.9,False,,True,2020-09-29
2961,Producto Aún Mercadona 500ml,Mercadona,11.0,4.48,1.63,true,14.0,True,2020-07-24
2962,Producto Fuego Hacendado 500ml,Hacendado,29.0,9.34,4.78,False,,False,2022-04-17
2963,Producto Pp Genérico 500g,Genérico,46.0,13.08,0.96,0,,True,2024-02-18
2964,Producto Pesar Genérico 6ud,Genérico,30.0,21.86,3.44,false,,True,2022-04-04
2965,Producto Ésta Hacendado 6ud,Hacendado,55.0,20.66,2.61,true,8.0,True,2023-11-20
2966,Producto Problema Dia 1kg,Dia,61.0,3.0,1.14,True,6.0,True,2023-07-14
2967,Producto Veces Genérico 500g,Genérico,80.0,10.71,0.63,0,,True,2021-02-03
2968,Producto Obstante Auchan 6ud,Auchan,11.0,8.12,4.09,0,,True,2023-07-05
2969,Producto Arriba Genérico 6ud,Genérico,85.0,4.71,3.74,0,,True,2022-01-18
2970,Producto Proyectos Mercadona 1kg,Mercadona,25.0,17.35,1.09,0,,True,2023-06-06
2971,Producto Nivel Eroski 500g,Eroski,63.0,2.39,3.8,False,,False,2023-03-05
2972,Producto Área Hacendado 250g,Hacendado,22.0,11.98,0.26,false,,True,2021-06-10
2973,Producto Suerte Mercadona 500g,Mercadona,10.0,19.66,1.07,no,,True,2020-06-27
2974,Producto Sigue Eroski 6ud,Eroski,32.0,1.21,3.74,TRUE,7.0,True,2024-02-04
2975,Producto Después Dia 1kg,Dia,53.0,21.44,3.08,0,,True,2020-08-06
2976,Producto Lejos Hacendado 250g,Hacendado,17.0,13.45,4.82,no,,True,2024-02-10
2977,Producto Sentido Hacendado 500g,Hacendado,77.0,23.13,4.26,no,,True,2023-08-29
2978,Producto Realizar Carrefour pack 3,Carrefour,84.0,16.99,4.18,True,9.0,True,2023-01-30
2979,Producto Amigo Carrefour 12ud,Carrefour,74.0,3.25,0.66,0,,True,2024-03-02
2980,Producto Seis Auchan 6ud,Auchan,26.0,17.76,0.25,false,,True,2024-02-11
2981,Producto Santiago Auchan 500ml,Auchan,23.0,11.69,3.45,0,,True,2023-06-03
2982,Producto Civil Genérico 12ud,Genérico,37.0,7.61,0.98,no,,True,2021-07-22
2983,Producto Tres Eroski 6ud,Eroski,69.0,4.88,2.48,FALSE,,True,2023-05-13
2984,Producto Producción Genérico 500g,Genérico,65.0,3.41,3.49,FALSE,,True,2020-01-22
2985,Producto Meses Hacendado 6ud,Hacendado,30.0,24.38,3.0,false,,True,2022-04-13
2986,Producto Mucho Carrefour 12ud,Carrefour,24.0,18.26,3.58,TRUE,12.0,True,2021-12-07
2987,Producto Calle Dia pack 3,Dia,60.0,16.82,4.94,false,,True,2022-11-11
2988,Producto Materia Mercadona pack 3,Mercadona,27.0,3.14,2.51,True,13.0,True,2022-11-10
2989,Producto Siglo Hacendado 250g,Hacendado,12.0,20.83,0.18,False,,True,2022-06-27
2990,Producto Niños Eroski 6ud,Eroski,86.0,4.23,0.53,no,,True,2023-07-01
2991,Producto Tomar Mercadona pack 3,Mercadona,75.0,19.91,3.33,TRUE,10.0,True,2023-12-31
2992,Producto Música Dia 250g,Dia,78.0,23.83,2.18,1,4.0,True,2020-06-17
2993,Producto Autoridades Mercadona 12ud,Mercadona,49.0,11.33,0.93,True,13.0,True,2020-12-29
2994,Producto Educación Eroski 1kg,Eroski,47.0,12.53,3.59,true,10.0,True,2020-02-08
2995,Producto Opinión Eroski pack 3,Eroski,81.0,16.66,2.88,False,,True,2023-10-05
2996,Producto Piel Genérico 250g,Genérico,29.0,10.08,4.86,FALSE,,True,2022-05-22
2997,Producto Éste Mercadona 500ml,Mercadona,54.0,8.34,0.27,TRUE,8.0,True,2023-11-22
2998,Producto Hubo Hacendado 6ud,Hacendado,83.0,9.81,4.96,false,,True,2020-12-09
2999,Producto Norte Eroski 1L,Eroski,16.0,6.56,2.98,FALSE,,True,2020-04-08
3000,Producto Viejo Mercadona 500ml,Mercadona,17.0,3.29,2.72,sí,3.0,True,2023-07-03
3001,Producto Nuevos Genérico 12ud,Genérico,63.0,7.02,2.96,0,,True,2023-11-13
3002,Producto Formación Genérico 12ud,Genérico,57.0,8.39,2.47,true,14.0,True,2021-04-14
3003,Producto Partes Auchan 6ud,Auchan,52.0,4.57,4.85,sí,6.0,True,2021-09-26
3004,Producto Algo Mercadona 1L,Mercadona,18.0,7.53,4.98,sí,9.0,True,2020-08-05
3005,Producto Años Eroski 500g,Eroski,88.0,18.07,2.98,0,,True,2024-01-09
3006,Producto Ser Mercadona pack 3,Mercadona,81.0,10.95,0.43,False,,True,2021-04-17
3007,Producto Prensa Mercadona 500ml,Mercadona,73.0,11.1,1.04,FALSE,,True,2020-06-29
3008,Producto Menos Genérico pack 3,Genérico,88.0,16.94,4.41,FALSE,,True,2020-12-30
3009,Producto Armas Mercadona 1kg,Mercadona,75.0,14.62,4.81,True,14.0,True,2022-04-15
3010,Producto Lugar Eroski 12ud,Eroski,43.0,23.39,0.35,no,,True,2021-08-26
3011,Producto Bueno Carrefour 1L,Carrefour,68.0,4.18,1.54,FALSE,,True,2021-07-30
3012,Producto Puedo Mercadona 500g,Mercadona,49.0,16.02,1.37,no,,True,2024-01-14
3013,Producto Pequeño Dia 1L,Dia,29.0,10.43,1.0,true,6.0,True,2022-12-17
3014,Producto Septiembre Auchan pack 3,Auchan,48.0,14.21,3.25,0,,False,2022-04-19
3015,Producto Estudio Dia 1kg,Dia,29.0,1.2,1.42,FALSE,,True,2022-07-01
3016,Producto Pequeño Eroski pack 3,Eroski,14.0,19.65,4.49,True,8.0,True,2023-02-02
3017,Producto Primer Auchan 6ud,Auchan,17.0,16.95,2.01,false,,True,2023-10-07
3018,Producto Medios Carrefour 500g,Carrefour,26.0,14.48,0.65,False,,True,2022-10-14
3019,Producto Año Mercadona 500ml,Mercadona,83.0,12.65,3.02,TRUE,8.0,True,2023-07-19
3020,Producto Carácter Eroski 12ud,Eroski,83.0,20.23,4.68,FALSE,,True,2022-08-14
3021,Producto Base Carrefour 1L,Carrefour,22.0,24.25,1.31,0,,True,2023-12-29
3022,Producto Hicieron Genérico 6ud,Genérico,71.0,17.63,2.75,1,10.0,True,2021-03-10
3023,Producto Ya Mercadona 1kg,Mercadona,44.0,9.38,4.12,FALSE,,False,2022-12-08
3024,Producto Tampoco Hacendado 250g,Hacendado,86.0,17.41,1.24,false,,True,2020-12-03
3025,Producto Ninguna Eroski 6ud,Eroski,48.0,22.62,2.7,FALSE,,True,2021-11-21
3026,Producto Animales Auchan 250g,Auchan,65.0,22.78,4.89,0,,True,2021-01-01
3027,Producto Junio Mercadona 1L,Mercadona,20.0,7.78,0.84,false,,True,2021-07-17
3028,Producto Año Mercadona 12ud,Mercadona,49.0,19.83,0.45,TRUE,10.0,True,2024-03-03
3029,Producto Enfermedad Mercadona 6ud,Mercadona,61.0,18.07,4.11,no,,True,2021-07-24
3030,Producto Mar Genérico 500g,Genérico,42.0,9.11,4.08,false,,True,2023-11-01
3031,Producto Sur Eroski 250g,Eroski,67.0,19.16,0.96,False,,True,2021-07-11
3032,Producto Ni Hacendado 12ud,Hacendado,26.0,5.39,2.9,no,,True,2021-09-10
3033,Producto Tú Genérico 1kg,Genérico,40.0,21.24,3.97,false,,True,2020-10-21
3034,Producto Flores Mercadona 1kg,Mercadona,70.0,6.88,4.14,no,,True,2020-07-08
3035,Producto Aquellas Hacendado 12ud,Hacendado,34.0,9.5,1.92,false,,True,2023-08-10
3036,Producto Exterior Carrefour 250g,Carrefour,82.0,23.72,3.25,FALSE,,True,2021-12-07
3037,Producto Sí Auchan 1L,Auchan,20.0,6.9,0.3,0,,True,2022-10-26
3038,Producto Usted Dia 1kg,Dia,85.0,2.67,4.74,False,,True,2022-09-23
3039,Producto Bastante Auchan pack 3,Auchan,76.0,20.76,1.16,0,,True,2022-07-16
3040,Producto Explicó Dia pack 3,Dia,43.0,9.85,1.07,0,,True,2020-02-03
3041,Producto Porque Eroski 1L,Eroski,45.0,10.74,0.77,0,,True,2023-05-07
3042,Producto Aquella Carrefour pack 3,Carrefour,42.0,22.72,3.44,false,,True,2021-01-13
3043,Producto Además Auchan 1kg,Auchan,10.0,21.84,2.02,FALSE,,True,2023-05-07
3044,Producto Dejar Eroski 12ud,Eroski,58.0,18.52,0.52,1,3.0,True,2020-11-14
3045,Producto Mismo Auchan 6ud,Auchan,39.0,24.91,4.84,FALSE,,True,2023-07-13
3046,Producto Programas Hacendado 500ml,Hacendado,14.0,12.85,4.89,FALSE,,True,2022-05-10
3047,Producto Grandes Genérico 250g,Genérico,25.0,14.71,2.54,sí,8.0,True,2022-06-29
3048,Producto Países Hacendado 6ud,Hacendado,25.0,17.89,1.34,0,,True,2023-06-17
3049,Producto Socialista Auchan 500ml,Auchan,25.0,18.81,1.45,0,,True,2020-12-27
3050,Producto Pesetas Mercadona 500ml,Mercadona,87.0,13.16,0.87,FALSE,,True,2023-04-17
3051,Producto Política Mercadona 1kg,Mercadona,71.0,14.1,3.2,False,,True,2023-05-10
3052,Producto Carne Carrefour 250g,Carrefour,33.0,6.12,1.34,TRUE,14.0,True,2022-07-14
3053,Producto Que Auchan 250g,Auchan,23.0,11.31,2.83,FALSE,,True,2021-03-06
3054,Producto Aspecto Mercadona 1kg,Mercadona,23.0,3.52,4.35,sí,5.0,True,2024-03-08
3055,Producto Todas Mercadona 500ml,Mercadona,,14.29,1.1,False,,True,2024-03-14
3056,Producto España Genérico 1kg,Genérico,9.0,10.69,3.85,1,13.0,True,2022-04-19
3057,Producto Modo Hacendado 500ml,Hacendado,51.0,17.18,2.0,FALSE,,True,2023-05-25
3058,Producto Cual Mercadona 6ud,Mercadona,22.0,4.26,4.16,TRUE,13.0,True,2020-06-19
3059,Producto Existen Dia 250g,Dia,89.0,8.56,3.13,true,10.0,True,2023-09-07
3060,Producto Le Carrefour 1L,Carrefour,81.0,21.64,1.45,0,,True,2020-07-23
3061,Producto Una Genérico 12ud,Genérico,18.0,2.76,1.24,true,9.0,True,2021-07-10
3062,Producto Costa Carrefour 12ud,Carrefour,35.0,19.59,3.78,TRUE,13.0,True,2023-05-09
3063,Producto Unas Auchan 12ud,Auchan,47.0,18.52,4.52,no,,True,2022-07-03
3064,Producto Mayoría Eroski 500g,Eroski,54.0,20.88,2.47,false,,True,2020-01-25
3065,Producto Cual Dia 12ud,Dia,69.0,2.7,1.87,false,,True,2021-02-16
3066,Producto Sólo Auchan 500g,Auchan,89.0,1.48,2.34,False,,True,2020-07-15
3067,Producto Humano Auchan 500g,Auchan,28.0,7.61,4.54,false,,True,2021-10-15
3068,Producto Resultado Carrefour 500ml,Carrefour,28.0,21.11,1.51,False,,False,2020-06-25
3069,Producto Doctor Hacendado 500g,Hacendado,18.0,13.0,2.35,false,,True,2020-04-08
3070,Producto Necesario Dia 500ml,Dia,41.0,14.84,0.13,False,,True,2021-11-27
3071,Producto Conciencia Carrefour 1kg,Carrefour,68.0,21.14,2.11,TRUE,14.0,True,2021-07-16
3072,Producto Próximo Eroski pack 3,Eroski,84.0,19.05,4.05,false,,True,2022-07-11
3073,Producto Estaba Carrefour 1kg,Carrefour,32.0,2.41,1.33,False,,True,2021-12-03
3074,Producto Justicia Genérico 250g,Genérico,64.0,0.63,0.9,sí,10.0,True,2020-12-10
3075,Producto Septiembre Mercadona pack 3,Mercadona,60.0,7.91,3.1,False,,True,2022-08-13
3076,Producto Era Mercadona 500ml,Mercadona,59.0,2.64,0.99,true,3.0,True,2023-02-03
3077,Producto Precio Mercadona 250g,Mercadona,33.0,5.62,3.27,false,,True,2023-11-12
3078,Producto Voluntad Mercadona 1L,Mercadona,89.0,2.6,0.78,false,,True,2022-10-20
3079,Producto Banco Carrefour 1kg,Carrefour,23.0,18.59,2.45,false,,False,2021-04-13
3080,Producto Futuro Genérico 1L,Genérico,66.0,5.42,4.18,FALSE,,True,2022-09-26
3081,Producto Vuelve Hacendado 12ud,Hacendado,10.0,24.49,3.7,no,,True,2020-02-18
3082,Producto Ni Dia 250g,Dia,79.0,12.43,2.98,false,,True,2022-01-14
3083,Producto Dolor Carrefour 250g,Carrefour,71.0,13.43,1.61,False,,True,2021-09-15
3084,Producto Anterior Auchan 500g,Auchan,62.0,12.61,1.77,no,,True,2022-12-01
3085,Producto General Carrefour 500ml,Carrefour,11.0,18.28,2.22,0,,True,2022-01-31
3086,Producto Marcha Eroski 6ud,Eroski,84.0,23.07,3.59,FALSE,,True,2023-11-14
3087,Producto Ninguna Eroski 12ud,Eroski,46.0,24.01,3.38,false,,True,2020-04-24
3088,Producto Distintas Mercadona 1kg,Mercadona,69.0,15.73,3.76,sí,13.0,True,2020-05-05
3089,Producto Proyecto Carrefour 1kg,Carrefour,31.0,15.33,2.11,true,10.0,True,2022-08-02
3090,Producto Política Genérico 250g,Genérico,35.0,24.97,1.34,false,,True,2020-04-12
3091,Producto Quien Mercadona 250g,Mercadona,31.0,20.26,0.61,False,,True,2021-03-03
3092,Producto Pensar Carrefour pack 3,Carrefour,80.0,6.81,1.81,False,,False,2022-09-10
3093,Producto Cantidad Dia 1kg,Dia,80.0,21.4,3.04,false,,True,2022-05-01
3094,Producto Marcha Auchan pack 3,Auchan,15.0,24.07,4.87,False,,True,2021-05-20
3095,Producto Niños Mercadona 500g,Mercadona,87.0,20.67,0.57,true,13.0,True,2024-03-25
3096,Producto P Dia 1kg,Dia,35.0,18.33,3.82,false,,True,2022-04-04
3097,Producto Manos Carrefour 6ud,Carrefour,21.0,8.69,4.25,true,10.0,True,2021-12-05
3098,Producto Dólares Carrefour pack 3,Carrefour,9.0,8.85,0.47,0,,True,2022-07-29
3099,Producto Primeros Dia 1L,Dia,62.0,4.2,2.14,False,,True,2020-06-03
3100,Producto Aspectos Auchan 12ud,Auchan,63.0,22.49,2.6,False,,True,2022-12-26
3101,Producto Unos Auchan 1kg,Auchan,12.0,19.36,2.61,false,,True,2023-08-17
3102,Producto América Dia 12ud,Dia,52.0,24.55,0.35,true,3.0,True,2022-10-08
3103,Producto Revolución Genérico 250g,Genérico,28.0,24.44,4.01,0,,True,2023-04-09
3104,Producto García Auchan 12ud,Auchan,46.0,22.19,4.37,FALSE,,True,2023-01-24
3105,Producto Mucha Dia 250g,Dia,49.0,20.75,3.07,no,,True,2020-11-30
3106,Producto Primeros Auchan 1L,Auchan,60.0,22.24,3.11,False,,True,2021-12-02
3107,Producto Debía Mercadona 12ud,Mercadona,53.0,19.49,0.47,0,,True,2020-12-20
3108,Producto Espacio Eroski 1kg,Eroski,58.0,13.24,1.11,False,,True,2021-06-10
3109,Producto Sueño Genérico 6ud,Genérico,48.0,19.04,0.19,1,11.0,True,2021-12-05
3110,Producto Fondo Mercadona 500ml,Mercadona,39.0,18.29,0.6,no,,True,2021-10-08
3111,Producto Actitud Dia 6ud,Dia,56.0,3.52,4.71,False,,True,2020-05-27
3112,Producto Semana Eroski 250g,Eroski,82.0,11.59,4.04,0,,True,2021-10-24
3113,Producto Semana Eroski 1L,Eroski,81.0,9.07,3.93,TRUE,14.0,True,2022-10-30
3114,Producto Información Eroski 12ud,Eroski,26.0,13.22,1.67,sí,12.0,True,2021-08-04
3115,Producto Perdido Auchan 500g,Auchan,55.0,4.08,2.09,false,,True,2020-08-25
3116,Producto Especie Carrefour pack 3,Carrefour,63.0,5.75,3.4,1,9.0,True,2023-12-04
3117,Producto Capacidad Mercadona 12ud,Mercadona,75.0,21.85,3.2,False,,True,2020-04-14
3118,Producto Sí Eroski 12ud,Eroski,71.0,20.67,0.68,sí,14.0,True,2023-07-16
3119,Producto Durante Mercadona 500g,Mercadona,74.0,17.5,0.21,false,,True,2020-05-24
3120,Producto Paz Dia 500g,Dia,80.0,15.23,0.65,false,,True,2020-05-30
3121,Producto Serán Genérico 1kg,Genérico,14.0,3.37,1.9,False,,True,2023-02-21
3122,Producto Ningún Mercadona 1kg,Mercadona,12.0,3.97,0.29,False,,True,2023-06-15
3123,Producto España Carrefour 1kg,Carrefour,45.0,20.56,0.66,FALSE,,True,2022-05-14
3124,Producto Nos Auchan pack 3,Auchan,14.0,14.53,4.51,False,,True,2022-06-30
3125,Producto Conseguir Mercadona 1kg,Mercadona,69.0,19.16,2.33,no,,True,2022-05-22
3126,Producto Fuentes Carrefour 6ud,Carrefour,66.0,2.68,3.14,no,,True,2021-05-27
3127,Producto Puedo Dia 250g,Dia,59.0,23.96,3.69,False,,True,2020-07-08
3128,Producto Europa Eroski 250g,Eroski,30.0,14.5,3.55,false,,True,2021-07-03
3129,Producto Cama Eroski 500g,Eroski,24.0,5.2,2.91,false,,True,2022-10-30
3130,Producto Buscar Genérico 1L,Genérico,81.0,18.88,0.14,False,,True,2023-03-11
3131,Producto Principio Carrefour 250g,Carrefour,77.0,7.23,4.16,True,12.0,True,2023-09-10
3132,Producto Diversos Genérico 6ud,Genérico,77.0,10.33,4.32,TRUE,3.0,True,2023-01-25
3133,Producto Qué Auchan 250g,Auchan,32.0,21.55,1.32,False,,True,2024-02-13
3134,Producto Tierra Genérico 1kg,Genérico,21.0,7.48,3.85,True,5.0,True,2022-07-21
3135,Producto Respecto Eroski 1kg,Eroski,61.0,1.93,0.95,0,,True,2021-06-30
3136,Producto Forma Auchan 500g,Auchan,47.0,8.33,1.65,no,,True,2022-06-16
3137,Producto Económica Hacendado 1L,Hacendado,24.0,6.36,1.22,FALSE,,True,2020-11-26
3138,Producto Primer Auchan 500g,Auchan,73.0,7.09,2.79,no,,True,2022-10-17
3139,Producto Central Auchan 1L,Auchan,12.0,22.88,2.79,1,12.0,True,2020-12-14
3140,Producto Dolor Mercadona 1kg,Mercadona,40.0,7.95,0.47,no,,True,2020-06-17
3141,Producto Ellas Mercadona 1kg,Mercadona,35.0,9.64,3.92,FALSE,,True,2023-08-06
3142,Producto Habría Genérico pack 3,Genérico,63.0,1.51,4.81,False,,True,2021-07-24
3143,Producto Unos Hacendado 250g,Hacendado,30.0,23.36,3.01,0,,True,2023-03-30
3144,Producto María Dia 1L,Dia,57.0,14.83,0.28,FALSE,,True,2022-06-10
3145,Producto Sentido Hacendado 500ml,Hacendado,81.0,2.69,4.16,FALSE,,True,2023-06-07
3146,Producto Mediante Auchan 1L,Auchan,44.0,15.45,1.63,False,,True,2023-08-05
3147,Producto Libre Eroski 500ml,Eroski,52.0,24.49,1.4,no,,True,2024-02-22
3148,Producto Llegado Dia 1L,Dia,50.0,11.76,0.13,false,,True,2023-06-25
3149,Producto Oficial Genérico pack 3,Genérico,9.0,0.59,0.91,TRUE,11.0,True,2022-08-11
3150,Producto Autoridades Mercadona 12ud,Mercadona,71.0,13.67,3.26,FALSE,,True,2022-09-25
3151,Producto Civil Mercadona pack 3,Mercadona,12.0,16.96,4.07,False,,True,2020-02-10
3152,Producto Elementos Auchan 1kg,Auchan,54.0,21.05,4.92,false,,True,2023-12-14
3153,Producto Pie Carrefour pack 3,Carrefour,56.0,0.72,3.8,false,,True,2023-07-12
3154,Producto Espera Carrefour 500g,Carrefour,54.0,20.49,4.05,false,,True,2021-02-19
3155,Producto Si Dia 250g,Dia,72.0,7.37,3.55,0,,True,2020-10-07
3156,Producto Problema Mercadona 12ud,Mercadona,34.0,3.21,2.53,TRUE,5.0,True,2022-12-27
3157,Producto Práctica Eroski 1kg,Eroski,81.0,2.09,0.37,true,7.0,True,2021-04-24
3158,Producto Solamente Genérico 500ml,Genérico,38.0,5.19,4.96,no,,True,2021-06-11
3159,Producto Total Genérico 500ml,Genérico,77.0,17.17,0.06,0,,True,2020-01-10
3160,Producto Fin Mercadona 6ud,Mercadona,15.0,11.09,1.41,false,,True,2023-09-13
3161,Producto Algunos Auchan 6ud,Auchan,68.0,13.16,3.62,1,3.0,True,2022-05-29
3162,Producto Pie Genérico pack 3,Genérico,62.0,8.24,1.71,false,,True,2021-09-14
3163,Producto Ese Eroski 1L,Eroski,12.0,24.45,0.42,false,,True,2020-08-08
3164,Producto Peso Dia 500ml,Dia,30.0,2.03,0.19,FALSE,,True,2022-09-10
3165,Producto N Genérico 6ud,Genérico,12.0,21.08,2.39,sí,8.0,True,2020-02-17
3166,Producto Sí Genérico 1L,Genérico,51.0,23.61,3.12,FALSE,,True,2023-03-05
3167,Producto Conjunto Auchan 500g,Auchan,89.0,2.59,0.22,sí,8.0,True,2020-11-30
3168,Producto Hubiera Mercadona 1kg,Mercadona,17.0,2.01,0.32,false,,True,2021-10-14
3169,Producto Bueno Hacendado 500g,Hacendado,64.0,17.09,1.51,no,,True,2021-06-13
3170,Producto Estas Genérico 12ud,Genérico,21.0,6.2,3.32,FALSE,,False,2021-07-28
3171,Producto Respecto Auchan 12ud,Auchan,58.0,22.05,1.73,FALSE,,True,2023-01-25
3172,Producto Luz Auchan 6ud,Auchan,12.0,14.89,0.11,1,14.0,True,2023-04-21
3173,Producto Peor Genérico 1kg,Genérico,33.0,16.11,2.13,TRUE,14.0,True,2022-05-31
3174,Producto Mesa Carrefour 1kg,Carrefour,32.0,20.02,1.59,1,9.0,True,2020-05-11
3175,Producto Victoria Dia 1kg,Dia,54.0,4.1,1.75,FALSE,,True,2020-03-22
3176,Producto Medio Genérico 1kg,Genérico,10.0,1.89,4.18,0,,True,2020-09-01
3177,Producto Lejos Dia 1L,Dia,63.0,24.41,1.05,FALSE,,True,2022-08-17
3178,Producto Mi Eroski pack 3,Eroski,33.0,17.51,3.02,0,,True,2022-11-12
3179,Producto Hace Genérico 6ud,Genérico,83.0,15.58,0.85,FALSE,,True,2021-02-26
3180,Producto Miembros Auchan 1L,Auchan,14.0,23.03,3.48,no,,True,2022-10-25
3181,Producto Siendo Carrefour pack 3,Carrefour,36.0,18.49,1.69,False,,True,2022-01-24
3182,Producto Parecía Auchan 1kg,Auchan,35.0,20.73,0.1,True,8.0,False,2021-11-17
3183,Producto Medios Carrefour 500ml,Carrefour,23.0,11.28,4.57,no,,True,2021-02-28
3184,Producto Nadie Carrefour 1L,Carrefour,12.0,7.45,1.35,True,5.0,True,2023-03-18
3185,Producto Crisis Carrefour 1kg,Carrefour,79.0,5.29,1.35,true,4.0,False,2020-06-25
3186,Producto Libro Auchan 500g,Auchan,26.0,8.78,2.31,TRUE,8.0,True,2021-10-29
3187,Producto Estos Genérico 12ud,Genérico,30.0,22.01,0.76,1,5.0,True,2021-03-16
3188,Producto Padres Genérico 12ud,Genérico,33.0,17.5,2.18,0,,True,2022-11-19
3189,Producto Evitar Mercadona 1L,Mercadona,14.0,21.42,0.79,1,6.0,True,2022-01-25
3190,Producto Televisión Mercadona 1kg,Mercadona,44.0,21.35,4.43,FALSE,,True,2022-11-02
3191,Producto Mal Mercadona pack 3,Mercadona,19.0,19.87,0.88,0,,True,2020-03-11
3192,Producto Ley Dia pack 3,Dia,74.0,13.2,3.58,1,11.0,True,2021-09-06
3193,Producto Cuyo Auchan 500ml,Auchan,72.0,14.73,3.96,0,,True,2020-03-26
3194,Producto Los Carrefour 1L,Carrefour,35.0,11.57,1.13,1,9.0,True,2020-11-13
3195,Producto Llegar Carrefour 6ud,Carrefour,82.0,6.73,3.77,True,7.0,True,2024-01-08
3196,Producto Habían Carrefour 250g,Carrefour,54.0,11.89,2.16,False,,True,2023-04-07
3197,Producto Nacional Dia pack 3,Dia,61.0,8.26,0.94,0,,True,2023-04-02
3198,Producto Información Dia 500g,Dia,18.0,7.71,2.76,0,,True,2021-03-25
3199,Producto Éste Carrefour 500g,Carrefour,44.0,3.4,2.75,false,,True,2020-07-05
3200,Producto Los Dia 500ml,Dia,51.0,18.75,4.23,False,,True,2022-02-11
3201,Producto Ideas Carrefour 500ml,Carrefour,86.0,0.7,4.12,TRUE,9.0,True,2021-10-30
3202,Producto Fueron Mercadona 250g,Mercadona,83.0,12.05,3.82,0,,True,2020-07-19
3203,Producto Ex Carrefour 1L,Carrefour,59.0,18.21,1.21,True,12.0,True,2022-04-07
3204,Producto Valores Eroski pack 3,Eroski,68.0,8.84,4.24,1,9.0,True,2020-12-23
3205,Producto Congreso Carrefour pack 3,Carrefour,62.0,11.51,1.9,FALSE,,True,2022-05-17
3206,Producto Salida Dia 250g,Dia,25.0,12.74,1.81,false,,True,2022-11-03
3207,Producto Mira Eroski 12ud,Eroski,63.0,19.18,1.53,0,,True,2021-07-04
3208,Producto Cada Mercadona 250g,Mercadona,81.0,23.08,4.77,True,8.0,True,2021-09-08
3209,Producto Juicio Genérico 12ud,Genérico,86.0,24.5,1.98,True,11.0,True,2023-02-26
3210,Producto Había Hacendado 6ud,Hacendado,69.0,0.0,4.48,no,,True,2021-11-08
3211,Producto Al Eroski 1kg,Eroski,22.0,1.28,2.47,False,,True,2021-12-15
3212,Producto Solamente Auchan 500ml,Auchan,17.0,5.53,2.65,True,10.0,True,2020-04-30
3213,Producto Juicio Hacendado 1kg,Hacendado,75.0,8.5,1.99,false,,True,2021-05-01
3214,Producto Función Genérico 12ud,Genérico,25.0,12.21,4.78,true,6.0,True,2021-10-28
3215,Producto Energía Dia 12ud,Dia,35.0,20.53,0.84,0,,True,2021-09-20
3216,Producto Principales Genérico 1L,Genérico,48.0,12.8,1.41,0,,False,2022-09-21
3217,Producto Población Auchan 500g,Auchan,27.0,20.69,1.27,False,,True,2021-03-25
3218,Producto Unos Auchan pack 3,Auchan,81.0,11.83,0.5,TRUE,13.0,True,2021-09-21
3219,Producto Como Dia 500ml,Dia,67.0,10.07,4.26,FALSE,,True,2024-02-09
3220,Producto Luz Genérico 12ud,Genérico,31.0,11.71,0.96,False,,True,2020-09-23
3221,Producto Informe Eroski 250g,Eroski,59.0,6.36,1.41,false,,True,2024-01-12
3222,Producto Lleva Eroski 500g,Eroski,46.0,17.59,1.13,0,,True,2021-12-15
3223,Producto Industria Hacendado 6ud,Hacendado,79.0,2.37,3.84,1,8.0,True,2022-12-07
3224,Producto Semanas Dia 1L,Dia,30.0,12.89,0.41,False,,True,2021-07-16
3225,Producto Tanto Auchan 6ud,Auchan,68.0,18.77,2.01,FALSE,,False,2021-11-09
3226,Producto Señora Eroski 1kg,Eroski,23.0,8.5,2.45,no,,True,2020-06-13
3227,Producto Cuerpo Eroski 1L,Eroski,79.0,17.97,2.38,FALSE,,True,2021-11-07
3228,Producto Españoles Carrefour 250g,Carrefour,29.0,15.36,0.66,True,14.0,True,2021-09-14
3229,Producto Quiero Eroski 250g,Eroski,18.0,17.09,1.82,True,6.0,True,2020-05-02
3230,Producto Camino Carrefour pack 3,Carrefour,77.0,17.56,4.07,0,,True,2023-09-14
3231,Producto Algún Auchan 500ml,Auchan,22.0,11.37,0.29,no,,True,2023-03-04
3232,Producto Segunda Carrefour 6ud,Carrefour,34.0,22.75,0.13,1,3.0,True,2020-12-10
3233,Producto Aquella Mercadona 1L,Mercadona,52.0,17.15,4.8,1,4.0,True,2023-04-25
3234,Producto Grupo Eroski 1kg,Eroski,30.0,1.57,4.09,0,,True,2020-04-28
3235,Producto Recursos Carrefour 1L,Carrefour,89.0,23.38,2.17,False,,True,2022-09-10
3236,Producto Ante Dia 6ud,Dia,22.0,4.74,1.62,0,,True,2022-04-04
3237,Producto Recursos Carrefour 500g,Carrefour,67.0,16.61,3.14,true,3.0,True,2020-10-28
3238,Producto Propuesta Auchan 500ml,Auchan,36.0,19.29,4.95,FALSE,,True,2023-04-20
3239,Producto Últimos Carrefour 500ml,Carrefour,81.0,23.99,4.91,false,,True,2021-06-29
3240,Producto Entrada Dia 1kg,Dia,26.0,16.06,1.62,false,,True,2024-01-28
3241,Producto Fútbol Hacendado 6ud,Hacendado,70.0,0.92,2.27,FALSE,,True,2022-09-29
3242,Producto G Genérico 250g,Genérico,38.0,6.19,4.49,0,,True,2020-08-17
3243,Producto Número Mercadona 1L,Mercadona,63.0,15.67,1.9,sí,7.0,True,2020-06-08
3244,Producto Días Carrefour 250g,Carrefour,57.0,6.32,4.94,FALSE,,True,2021-02-01
3245,Producto Ello Carrefour 500ml,Carrefour,51.0,8.27,0.25,False,,True,2020-09-26
3246,Producto Francisco Eroski 500ml,Eroski,62.0,18.88,3.68,True,8.0,True,2020-08-25
3247,Producto Cultural Hacendado 1L,Hacendado,78.0,20.13,1.15,no,,True,2023-03-25
3248,Producto Boca Dia 1kg,Dia,75.0,11.33,4.36,1,4.0,True,2020-04-27
3249,Producto Frente Eroski 1kg,Eroski,15.0,23.48,0.91,True,11.0,True,2024-01-17
3250,Producto Volver Carrefour 500g,Carrefour,35.0,10.93,0.86,0,,True,2022-09-02
3251,Producto Control Carrefour 1L,Carrefour,63.0,7.92,4.84,0,,True,2021-12-21
3252,Producto Lejos Hacendado 6ud,Hacendado,70.0,10.25,2.23,true,11.0,True,2022-05-25
3253,Producto Cultural Mercadona 1kg,Mercadona,64.0,20.57,0.15,FALSE,,True,2022-06-19
3254,Producto Movimiento Mercadona 500ml,Mercadona,19.0,15.07,3.65,True,7.0,True,2022-11-24
3255,Producto Encuentran Auchan 500ml,Auchan,48.0,9.68,0.41,FALSE,,True,2023-10-02
3256,Producto Dejar Carrefour 1kg,Carrefour,69.0,22.94,4.32,TRUE,14.0,True,2022-09-25
3257,Producto Viejo Auchan 12ud,Auchan,71.0,23.53,1.9,no,,True,2024-03-12
3258,Producto Pensar Hacendado 12ud,Hacendado,84.0,22.17,0.67,0,,True,2021-05-17
3259,Producto Considera Carrefour 12ud,Carrefour,29.0,23.94,3.77,no,,True,2024-02-17
3260,Producto Sangre Eroski 6ud,Eroski,,17.55,4.64,false,,True,2021-05-06
3261,Producto Toda Auchan 250g,Auchan,40.0,23.07,3.55,no,,False,2021-11-14
3262,Producto Tiempo Dia pack 3,Dia,27.0,23.62,1.27,True,12.0,True,2021-12-29
3263,Producto Grupos Hacendado 500g,Hacendado,29.0,19.38,4.59,no,,True,2022-09-07
3264,Producto Ministro Hacendado 1L,Hacendado,84.0,21.95,2.16,TRUE,14.0,True,2023-05-22
3265,Producto Da Eroski 12ud,Eroski,77.0,14.85,3.77,FALSE,,True,2022-07-07
3266,Producto Vez Hacendado 6ud,Hacendado,20.0,20.44,1.09,TRUE,14.0,True,2021-06-30
3267,Producto Económica Hacendado 1kg,Hacendado,48.0,20.49,0.4,True,14.0,True,2020-04-25
3268,Producto Algún Eroski 500ml,Eroski,62.0,18.45,1.9,TRUE,14.0,True,2021-12-18
3269,Producto Puntos Carrefour 500g,Carrefour,71.0,11.53,0.97,no,,True,2020-02-28
3270,Producto Puede Mercadona 1L,Mercadona,32.0,6.84,2.07,0,,True,2021-07-26
3271,Producto Industria Hacendado 1kg,Hacendado,88.0,2.45,0.67,true,4.0,True,2021-03-21
3272,Producto Te Carrefour pack 3,Carrefour,83.0,12.38,0.1,false,,True,2022-09-28
3273,Producto Considera Eroski 250g,Eroski,9.0,2.86,0.09,0,,True,2024-02-27
3274,Producto Junio Auchan pack 3,Auchan,43.0,19.03,1.72,FALSE,,True,2020-05-20
3275,Producto Origen Dia 1L,Dia,52.0,23.54,1.92,0,,True,2022-07-11
3276,Producto Económica Mercadona 6ud,Mercadona,54.0,20.24,4.36,True,9.0,True,2021-08-20
3277,Producto Soy Hacendado 500g,Hacendado,26.0,21.78,3.51,True,6.0,True,2022-06-20
3278,Producto Jóvenes Eroski pack 3,Eroski,88.0,13.11,0.07,FALSE,,True,2024-01-22
3279,Producto Local Hacendado 6ud,Hacendado,50.0,21.89,3.69,False,,True,2023-02-21
3280,Producto Grado Genérico pack 3,Genérico,38.0,10.29,0.45,FALSE,,True,2020-03-04
3281,Producto Visto Eroski 500g,Eroski,69.0,18.48,1.02,1,5.0,True,2023-11-13
3282,Producto S Mercadona 250g,Mercadona,82.0,3.62,1.54,FALSE,,True,2022-06-07
3283,Producto Existencia Mercadona pack 3,Mercadona,79.0,4.61,0.62,no,,True,2020-10-19
3284,Producto Proyecto Carrefour 1L,Carrefour,39.0,4.67,3.51,FALSE,,True,2022-07-28
3285,Producto Necesario Carrefour 6ud,Carrefour,12.0,22.6,1.14,no,,True,2022-02-17
3286,Producto Toda Eroski 500g,Eroski,69.0,16.79,3.19,FALSE,,True,2024-01-27
3287,Producto Parte Mercadona 1L,Mercadona,51.0,23.32,3.02,False,,True,2021-11-30
3288,Producto Sino Eroski 12ud,Eroski,57.0,16.51,4.83,False,,True,2023-06-13
3289,Producto Distintas Carrefour 500ml,Carrefour,38.0,3.32,0.49,TRUE,14.0,True,2023-07-24
3290,Producto Propia Eroski 500g,Eroski,33.0,14.52,1.6,sí,9.0,True,2024-03-06
3291,Producto Consecuencia Dia 250g,Dia,9.0,14.95,1.97,True,9.0,True,2020-05-11
3292,Producto Mundial Mercadona 1kg,Mercadona,55.0,13.22,1.15,no,,True,2022-09-30
3293,Producto Misma Mercadona pack 3,Mercadona,77.0,8.23,1.52,no,,True,2020-03-01
3294,Producto Último Carrefour 500ml,Carrefour,67.0,4.06,4.02,False,,True,2023-01-04
3295,Producto Consejo Dia 500ml,Dia,85.0,12.8,1.4,False,,True,2024-03-19
3296,Producto Personal Auchan 1L,Auchan,82.0,12.62,1.91,0,,True,2022-03-25
3297,Producto Menor Carrefour 1L,Carrefour,51.0,21.27,1.16,no,,True,2022-08-05
3298,Producto Sea Mercadona pack 3,Mercadona,31.0,18.31,4.08,1,5.0,True,2021-07-19
3299,Producto Ningún Auchan 6ud,Auchan,79.0,10.84,1.77,false,,True,2023-11-26
3300,Producto Junto Genérico 500ml,Genérico,18.0,7.41,3.52,FALSE,,True,2021-08-24
3301,Producto Capital Carrefour 6ud,Carrefour,21.0,18.92,4.04,no,,True,2023-04-18
3302,Producto Esas Auchan 1kg,Auchan,47.0,14.63,2.44,false,,True,2022-11-20
3303,Producto Decía Carrefour 1L,Carrefour,35.0,18.51,3.64,1,12.0,True,2020-03-22
3304,Producto Costa Auchan 12ud,Auchan,27.0,17.14,0.33,True,8.0,True,2022-09-07
3305,Producto Medidas Hacendado 500g,Hacendado,31.0,24.51,2.99,no,,True,2021-06-03
3306,Producto Donde Eroski 12ud,Eroski,89.0,6.49,2.01,TRUE,7.0,True,2021-05-27
3307,Producto Gran Eroski 12ud,Eroski,31.0,19.5,3.37,false,,True,2022-05-16
3308,Producto Padres Mercadona 12ud,Mercadona,68.0,7.23,1.87,no,,True,2021-08-23
3309,Producto Cabeza Hacendado pack 3,Hacendado,19.0,16.2,1.16,0,,True,2021-01-26
3310,Producto Médico Auchan 500ml,Auchan,82.0,17.49,2.98,1,9.0,True,2023-08-15
3311,Producto Plaza Dia 1kg,Dia,64.0,2.93,4.55,sí,11.0,True,2024-02-07
3312,Producto Muerto Auchan pack 3,Auchan,11.0,2.06,2.72,FALSE,,True,2022-07-25
3313,Producto Cama Mercadona 1L,Mercadona,24.0,24.15,0.94,false,,True,2020-08-21
3314,Producto Aquella Hacendado pack 3,Hacendado,32.0,20.1,0.69,1,6.0,True,2020-05-06
3315,Producto Rey Genérico 500ml,Genérico,20.0,21.35,4.9,1,11.0,True,2022-10-27
3316,Producto Nuevo Carrefour 12ud,Carrefour,78.0,24.43,1.28,False,,False,2023-11-25
3317,Producto Ellas Mercadona 500ml,Mercadona,75.0,16.64,2.91,FALSE,,True,2021-04-26
3318,Producto Proyectos Dia 1L,Dia,75.0,17.34,0.27,False,,False,2022-10-16
3319,Producto Vivir Dia 1L,Dia,27.0,23.95,1.12,FALSE,,True,2022-10-25
3320,Producto Hablar Eroski 12ud,Eroski,25.0,2.31,1.94,true,5.0,True,2020-07-19
3321,Producto Actividades Dia 12ud,Dia,19.0,23.52,1.06,1,13.0,True,2023-01-06
3322,Producto Rosa Eroski 6ud,Eroski,33.0,14.3,2.58,False,,True,2020-05-11
3323,Producto Algún Dia 12ud,Dia,28.0,9.77,1.28,False,,True,2022-05-18
3324,Producto Hubiera Hacendado 12ud,Hacendado,77.0,2.11,1.85,false,,True,2022-09-26
3325,Producto Local Carrefour 1L,Carrefour,43.0,7.19,4.9,TRUE,6.0,True,2021-05-25
3326,Producto Volvió Mercadona 500g,Mercadona,22.0,4.8,1.57,FALSE,,True,2020-07-17
3327,Producto Puedo Hacendado 6ud,Hacendado,71.0,17.65,2.78,no,,True,2022-12-27
3328,Producto París Carrefour 6ud,Carrefour,15.0,23.68,1.76,0,,True,2024-01-11
3329,Producto Alrededor Genérico 12ud,Genérico,77.0,12.17,0.1,sí,11.0,True,2024-03-29
3330,Producto Precisamente Carrefour 12ud,Carrefour,25.0,14.4,4.6,True,13.0,True,2023-11-18
3331,Producto Televisión Eroski 12ud,Eroski,40.0,17.81,4.93,TRUE,10.0,True,2020-05-25
3332,Producto Pocos Auchan 1L,Auchan,44.0,7.97,4.74,FALSE,,True,2022-11-07
3333,Producto Principio Mercadona 500g,Mercadona,49.0,16.04,1.24,1,4.0,True,2022-02-28
3334,Producto Acción Hacendado 500ml,Hacendado,16.0,14.07,4.38,FALSE,,True,2020-01-29
3335,Producto Amor Eroski 1kg,Eroski,63.0,12.24,4.99,no,,True,2021-04-24
3336,Producto Cosas Auchan 250g,Auchan,24.0,15.59,3.74,no,,True,2024-01-17
3337,Producto Hizo Eroski 6ud,Eroski,77.0,6.47,4.76,False,,True,2021-06-14
3338,Producto R Eroski 250g,Eroski,76.0,15.37,3.39,False,,True,2023-04-05
3339,Producto Organización Carrefour 1kg,Carrefour,76.0,2.33,2.59,no,,True,2020-10-25
3340,Producto Sentido Auchan 12ud,Auchan,63.0,4.67,1.72,no,,True,2020-08-01
3341,Producto Primer Mercadona 500g,Mercadona,78.0,7.6,1.36,false,,False,2020-04-29
3342,Producto Nivel Genérico 12ud,Genérico,89.0,5.82,4.67,FALSE,,True,2023-08-04
3343,Producto Pasó Auchan pack 3,Auchan,13.0,1.9,2.33,true,7.0,True,2020-06-06
3344,Producto Económica Dia 1kg,Dia,9.0,10.34,2.18,True,6.0,True,2023-04-12
3345,Producto Allá Carrefour 12ud,Carrefour,74.0,3.52,0.82,no,,True,2023-07-21
3346,Producto Alrededor Auchan 12ud,Auchan,37.0,9.66,4.47,no,,True,2023-10-04
3347,Producto Televisión Hacendado pack 3,Hacendado,43.0,16.57,0.74,FALSE,,True,2020-02-28
3348,Producto Viene Dia 1L,Dia,9.0,3.2,0.71,True,9.0,True,2021-06-07
3349,Producto Pp Carrefour 1L,Carrefour,13.0,23.73,4.92,0,,True,2023-04-05
3350,Producto Lleva Genérico pack 3,Genérico,71.0,20.09,1.66,0,,True,2020-07-22
3351,Producto P Genérico 12ud,Genérico,,3.71,3.97,false,,True,2021-08-08
3352,Producto Pasado Genérico 250g,Genérico,53.0,19.29,3.41,TRUE,8.0,True,2020-09-09
3353,Producto Fin Eroski 250g,Eroski,85.0,11.13,2.46,TRUE,9.0,True,2023-07-15
3354,Producto Seguro Eroski 1kg,Eroski,28.0,6.6,4.33,False,,True,2023-04-12
3355,Producto Pensar Eroski 12ud,Eroski,40.0,5.35,4.06,False,,True,2023-06-10
3356,Producto Particular Genérico 1kg,Genérico,73.0,5.11,3.16,FALSE,,True,2020-09-14
3357,Producto Modelo Carrefour 12ud,Carrefour,24.0,1.43,4.65,false,,True,2021-11-10
3358,Producto Era Carrefour 500g,Carrefour,87.0,21.67,2.65,false,,True,2021-09-30
3359,Producto Puerta Carrefour 6ud,Carrefour,38.0,10.93,2.16,1,3.0,True,2022-11-16
3360,Producto Efectos Dia 500ml,Dia,43.0,23.59,1.27,false,,True,2021-01-03
3361,Producto Niveles Hacendado 250g,Hacendado,32.0,1.77,1.1,FALSE,,True,2021-11-21
3362,Producto Objetivo Hacendado 12ud,Hacendado,86.0,5.02,1.85,0,,True,2021-03-18
3363,Producto Sola Eroski 250g,Eroski,21.0,17.22,0.7,False,,True,2023-03-08
3364,Producto Precio Eroski 6ud,Eroski,55.0,6.33,2.94,1,4.0,True,2021-11-28
3365,Producto Estar Eroski 500g,Eroski,25.0,1.5,4.43,0,,True,2022-04-09
3366,Producto Centro Eroski pack 3,Eroski,33.0,23.16,2.76,sí,8.0,True,2021-04-25
3367,Producto Destino Mercadona 1L,Mercadona,69.0,13.56,0.68,True,9.0,True,2023-06-10
3368,Producto Película Mercadona 6ud,Mercadona,41.0,22.42,3.6,no,,True,2021-12-29
3369,Producto Jorge Auchan 12ud,Auchan,17.0,0.0,3.96,0,,True,2023-07-21
3370,Producto Dentro Eroski 1kg,Eroski,44.0,7.59,0.35,FALSE,,True,2021-07-25
3371,Producto Padres Eroski 12ud,Eroski,33.0,12.62,2.59,false,,True,2024-01-11
3372,Producto Demasiado Mercadona 12ud,Mercadona,65.0,14.27,3.06,FALSE,,True,2024-03-09
3373,Producto Julio Carrefour 1L,Carrefour,9.0,15.0,4.65,1,11.0,True,2021-12-18
3374,Producto Expresión Dia 500ml,Dia,76.0,21.38,1.38,TRUE,4.0,True,2021-03-13
3375,Producto Conciencia Genérico 1L,Genérico,14.0,7.64,4.71,False,,True,2021-08-16
3376,Producto Hijos Dia 250g,Dia,26.0,16.23,4.13,sí,11.0,True,2022-03-30
3377,Producto Empresas Eroski 6ud,Eroski,53.0,8.44,4.43,0,,True,2024-02-10
3378,Producto Poder Auchan 500ml,Auchan,26.0,8.44,4.09,TRUE,8.0,True,2023-06-22
3379,Producto Noche Carrefour 500ml,Carrefour,44.0,24.29,4.89,False,,True,2023-05-29
3380,Producto Quizá Hacendado 12ud,Hacendado,83.0,23.66,3.15,sí,12.0,True,2020-08-02
3381,Producto Vio Carrefour 6ud,Carrefour,65.0,7.08,4.05,False,,True,2021-01-23
3382,Producto Sólo Auchan 1L,Auchan,28.0,18.37,0.78,FALSE,,True,2022-09-23
3383,Producto Figura Carrefour pack 3,Carrefour,72.0,5.02,0.98,false,,True,2023-09-19
3384,Producto Música Eroski 500ml,Eroski,32.0,1.01,0.93,true,9.0,True,2022-05-11
3385,Producto Constitución Hacendado 1kg,Hacendado,33.0,2.26,4.55,true,9.0,True,2020-06-08
3386,Producto Metros Carrefour 250g,Carrefour,76.0,15.27,0.15,FALSE,,True,2023-08-07
3387,Producto Varias Carrefour 1L,Carrefour,14.0,19.36,4.7,sí,12.0,False,2023-08-15
3388,Producto Mientras Mercadona 500g,Mercadona,10.0,13.78,4.27,0,,True,2021-03-18
3389,Producto Gobierno Auchan pack 3,Auchan,26.0,20.47,2.42,FALSE,,True,2023-03-31
3390,Producto Nunca Eroski 500ml,Eroski,78.0,15.86,4.13,True,4.0,True,2021-02-27
3391,Producto Visto Genérico 12ud,Genérico,22.0,3.96,0.17,FALSE,,True,2023-11-07
3392,Producto Próximo Dia 500ml,Dia,27.0,6.02,1.95,0,,True,2020-08-16
3393,Producto Ocasión Auchan 1kg,Auchan,23.0,24.76,4.78,sí,7.0,True,2021-11-10
3394,Producto Sí Dia 500g,Dia,87.0,9.32,0.47,false,,False,2024-01-10
3395,Producto Corte Carrefour 12ud,Carrefour,28.0,13.49,3.41,0,,True,2020-12-10
3396,Producto Democracia Genérico 500ml,Genérico,47.0,9.03,4.59,TRUE,13.0,True,2021-12-01
3397,Producto Violencia Mercadona 500g,Mercadona,42.0,19.82,4.89,0,,True,2021-06-27
3398,Producto Jamás Dia 1kg,Dia,27.0,10.06,3.94,False,,True,2020-02-11
3399,Producto Medios Hacendado 12ud,Hacendado,17.0,24.0,0.5,TRUE,5.0,True,2020-03-23
3400,Producto Camino Dia 6ud,Dia,58.0,12.6,4.87,no,,True,2022-02-18
3401,Producto Vista Carrefour 1L,Carrefour,51.0,9.88,2.72,false,,True,2021-01-01
3402,Producto Antonio Mercadona 1L,Mercadona,77.0,9.91,2.14,FALSE,,True,2024-03-24
3403,Producto Hace Eroski 500g,Eroski,37.0,6.25,4.97,TRUE,3.0,True,2021-08-05
3404,Producto Proceso Carrefour 500g,Carrefour,69.0,1.95,4.25,no,,True,2020-02-13
3405,Producto Señor Dia pack 3,Dia,26.0,4.02,4.86,no,,True,2023-12-16
3406,Producto Año Carrefour 1L,Carrefour,40.0,1.86,4.81,true,14.0,True,2023-07-27
3407,Producto Consecuencia Eroski 12ud,Eroski,12.0,9.6,3.33,no,,True,2022-10-06
3408,Producto Palabras Mercadona 1kg,Mercadona,85.0,1.23,0.44,false,,True,2023-05-14
3409,Producto Días Mercadona 12ud,Mercadona,81.0,4.16,3.73,True,14.0,True,2020-08-01
3410,Producto Son Auchan 12ud,Auchan,47.0,18.19,3.24,0,,False,2021-03-21
3411,Producto Concepto Carrefour 250g,Carrefour,23.0,22.08,3.77,true,11.0,True,2023-07-12
3412,Producto Atención Mercadona 12ud,Mercadona,59.0,17.15,2.79,false,,True,2022-12-17
3413,Producto Industria Genérico 500ml,Genérico,82.0,17.87,0.83,False,,True,2020-08-03
3414,Producto Diferencia Auchan 1kg,Auchan,75.0,18.7,0.33,False,,True,2023-01-01
3415,Producto Cerca Genérico 500g,Genérico,80.0,20.5,1.6,false,,True,2021-11-27
3416,Producto Blanco Carrefour 250g,Carrefour,57.0,20.17,1.01,no,,True,2020-01-09
3417,Producto Propuesta Dia 6ud,Dia,18.0,1.18,2.73,True,4.0,True,2020-05-03
3418,Producto Al Mercadona 500ml,Mercadona,10.0,5.09,4.65,True,6.0,True,2021-02-01
3419,Producto Nadie Genérico 250g,Genérico,81.0,14.3,0.28,false,,True,2023-07-21
3420,Producto Casi Hacendado 6ud,Hacendado,48.0,18.91,2.53,FALSE,,True,2022-05-02
3421,Producto Pablo Eroski 6ud,Eroski,59.0,24.35,0.53,FALSE,,True,2023-02-03
3422,Producto Elementos Hacendado 1kg,Hacendado,73.0,1.07,2.41,FALSE,,True,2022-03-30
3423,Producto Principio Dia 1kg,Dia,13.0,4.2,4.43,false,,True,2020-06-21
3424,Producto Produce Carrefour 1kg,Carrefour,38.0,19.33,4.82,1,11.0,True,2021-03-23
3425,Producto Unas Eroski 6ud,Eroski,86.0,11.45,1.49,TRUE,12.0,True,2021-04-12
3426,Producto Hecho Hacendado 12ud,Hacendado,64.0,6.35,3.05,false,,True,2020-03-15
3427,Producto Centro Eroski pack 3,Eroski,81.0,2.88,3.84,1,7.0,True,2021-10-14
3428,Producto Bastante Auchan 500g,Auchan,20.0,11.63,1.51,1,4.0,True,2023-05-18
3429,Producto Silencio Dia 500g,Dia,55.0,2.23,2.33,no,,True,2021-12-11
3430,Producto Tiene Mercadona pack 3,Mercadona,41.0,16.42,0.66,true,12.0,True,2020-06-21
3431,Producto Asociación Mercadona 500ml,Mercadona,55.0,10.31,4.59,no,,True,2023-11-07
3432,Producto Fuerzas Genérico 6ud,Genérico,55.0,9.65,2.55,0,,True,2022-07-16
3433,Producto Pasa Genérico 250g,Genérico,14.0,18.65,4.12,1,3.0,True,2020-01-26
3434,Producto Haciendo Dia 12ud,Dia,22.0,4.37,0.41,False,,True,2022-03-11
3435,Producto Izquierda Eroski 500g,Eroski,68.0,9.04,2.7,no,,True,2021-01-10
3436,Producto Estructura Hacendado 1kg,Hacendado,22.0,18.42,4.62,false,,True,2020-08-11
3437,Producto Dicho Auchan 6ud,Auchan,34.0,2.07,3.04,False,,True,2021-10-28
3438,Producto La Hacendado 500ml,Hacendado,69.0,11.63,4.75,0,,True,2022-08-13
3439,Producto Tengo Dia 250g,Dia,36.0,24.69,0.36,False,,True,2021-01-08
3440,Producto Demasiado Auchan 1L,Auchan,64.0,1.81,4.77,false,,True,2021-10-09
3441,Producto Sistema Dia 1kg,Dia,43.0,2.54,2.06,TRUE,7.0,True,2022-10-29
3442,Producto Políticas Mercadona 12ud,Mercadona,66.0,13.35,1.33,False,,True,2020-05-12
3443,Producto Quiero Auchan 6ud,Auchan,20.0,24.09,1.03,True,9.0,True,2024-02-23
3444,Producto Único Eroski 1kg,Eroski,77.0,24.15,4.57,false,,True,2020-04-15
3445,Producto Perdido Genérico 1L,Genérico,10.0,2.4,3.1,no,,True,2022-03-28
3446,Producto Mar Hacendado 1kg,Hacendado,49.0,22.45,2.52,false,,True,2022-02-27
3447,Producto Fuego Dia 250g,Dia,61.0,24.7,4.29,false,,True,2024-03-15
3448,Producto Económica Hacendado 250g,Hacendado,83.0,5.85,2.13,False,,True,2022-05-10
3449,Producto Lo Genérico 12ud,Genérico,30.0,5.79,1.0,1,13.0,True,2021-08-29
3450,Producto Cama Dia 6ud,Dia,10.0,0.89,2.54,false,,True,2021-12-31
3451,Producto Era Eroski pack 3,Eroski,72.0,10.63,4.15,false,,True,2022-09-14
3452,Producto Servicio Hacendado 1kg,Hacendado,51.0,11.73,2.79,False,,True,2024-03-03
3453,Producto Vista Auchan 500ml,Auchan,64.0,21.19,2.22,False,,True,2021-01-29
3454,Producto Vino Mercadona 500g,Mercadona,88.0,24.88,0.56,False,,True,2020-01-26
3455,Producto Condiciones Auchan 500g,Auchan,87.0,12.65,4.64,False,,True,2023-05-09
3456,Producto Tiempo Genérico 250g,Genérico,65.0,0.0,1.1,no,,True,2021-06-19
3457,Producto Gente Auchan 500g,Auchan,79.0,5.28,0.67,FALSE,,True,2023-02-12
3458,Producto Plaza Auchan 12ud,Auchan,68.0,0.68,1.16,FALSE,,True,2022-09-02
3459,Producto Forma Dia 12ud,Dia,42.0,16.99,4.55,1,3.0,False,2023-04-13
3460,Producto Especialmente Mercadona 6ud,Mercadona,28.0,21.09,3.72,0,,True,2023-02-16
3461,Producto Características Genérico 12ud,Genérico,30.0,6.41,1.0,false,,True,2021-05-31
3462,Producto Pues Mercadona 12ud,Mercadona,15.0,3.65,4.89,no,,True,2020-03-09
3463,Producto Creo Genérico 1kg,Genérico,49.0,11.21,4.02,TRUE,11.0,True,2022-04-28
3464,Producto Esas Mercadona 12ud,Mercadona,82.0,21.14,1.34,0,,True,2023-06-17
3465,Producto Amigos Carrefour 500g,Carrefour,50.0,2.78,3.16,false,,True,2020-09-28
3466,Producto Ocasión Genérico 500g,Genérico,12.0,14.5,3.68,1,10.0,True,2023-04-25
3467,Producto Precisamente Carrefour 1L,Carrefour,54.0,16.48,1.01,sí,6.0,True,2021-12-22
3468,Producto Viaje Mercadona 500ml,Mercadona,57.0,16.64,4.68,true,13.0,False,2022-01-13
3469,Producto Reunión Mercadona 500g,Mercadona,,3.21,0.66,false,,True,2020-10-10
3470,Producto Principios Carrefour 500g,Carrefour,42.0,2.39,4.57,False,,True,2020-07-28
3471,Producto Tiene Auchan 250g,Auchan,21.0,10.63,3.15,no,,True,2023-01-17
3472,Producto Produce Auchan 6ud,Auchan,62.0,16.01,0.85,false,,True,2024-01-05
3473,Producto Joven Eroski 250g,Eroski,31.0,3.36,1.77,False,,True,2020-02-27
3474,Producto Casos Genérico 250g,Genérico,85.0,4.37,4.64,False,,True,2020-11-09
3475,Producto Era Genérico 250g,Genérico,12.0,13.18,1.12,no,,True,2023-05-13
3476,Producto Noche Hacendado 6ud,Hacendado,36.0,3.88,3.47,1,5.0,True,2023-10-08
3477,Producto Fue Carrefour 500g,Carrefour,70.0,9.03,1.51,false,,True,2021-05-05
3478,Producto Instituto Auchan 12ud,Auchan,72.0,23.09,1.03,TRUE,14.0,True,2021-04-26
3479,Producto Decisión Hacendado 500ml,Hacendado,59.0,4.55,3.62,true,9.0,True,2021-09-10
3480,Producto G Genérico 500ml,Genérico,63.0,20.48,3.06,no,,True,2022-04-23
3481,Producto González Dia 6ud,Dia,81.0,22.49,2.27,FALSE,,True,2021-01-28
3482,Producto Esta Dia 12ud,Dia,74.0,7.68,3.24,no,,True,2023-03-16
3483,Producto Medidas Auchan 250g,Auchan,54.0,3.3,2.18,False,,True,2020-10-23
3484,Producto Luis Hacendado 1L,Hacendado,40.0,16.59,3.91,0,,True,2021-07-08
3485,Producto Juicio Eroski 250g,Eroski,49.0,18.05,2.86,True,8.0,True,2023-04-27
3486,Producto Desde Hacendado 12ud,Hacendado,80.0,7.44,1.13,True,11.0,True,2023-09-06
3487,Producto Boca Mercadona 500g,Mercadona,86.0,14.55,3.43,no,,True,2021-05-30
3488,Producto Problema Carrefour 1L,Carrefour,49.0,1.71,0.28,false,,True,2020-07-12
3489,Producto Mirada Hacendado pack 3,Hacendado,24.0,4.68,1.95,no,,True,2021-07-25
3490,Producto Datos Hacendado 250g,Hacendado,45.0,22.83,4.22,TRUE,9.0,False,2023-10-13
3491,Producto Dirección Genérico 250g,Genérico,77.0,8.76,2.38,TRUE,9.0,True,2023-02-28
3492,Producto Interés Dia 6ud,Dia,44.0,10.3,1.6,no,,True,2023-10-21
3493,Producto Conseguir Dia pack 3,Dia,59.0,12.58,4.56,FALSE,,True,2021-08-23
3494,Producto Segunda Hacendado 250g,Hacendado,88.0,5.98,0.74,no,,True,2024-02-21
3495,Producto Sistema Carrefour 1kg,Carrefour,64.0,2.65,4.07,0,,True,2022-02-09
3496,Producto Sabía Hacendado 250g,Hacendado,,6.85,0.6,False,,True,2022-02-11
3497,Producto Sabe Dia 6ud,Dia,18.0,17.34,1.93,False,,True,2023-12-06
3498,Producto Vuelta Genérico pack 3,Genérico,26.0,3.43,0.78,no,,True,2022-03-17
3499,Producto Nosotros Eroski pack 3,Eroski,61.0,16.86,1.24,FALSE,,True,2023-05-29
3500,Producto Otra Dia 6ud,Dia,71.0,19.42,0.5,FALSE,,True,2023-02-03
3501,Producto Siendo Dia 1L,Dia,19.0,16.65,1.07,False,,True,2020-05-02
3502,Producto Primeros Hacendado 1L,Hacendado,72.0,0.81,4.1,TRUE,6.0,True,2022-07-24
3503,Producto Ocasiones Carrefour 6ud,Carrefour,52.0,19.12,2.3,FALSE,,True,2020-10-07
3504,Producto Estudios Hacendado 1kg,Hacendado,73.0,5.85,4.88,0,,True,2021-04-01
3505,Producto Quienes Carrefour 12ud,Carrefour,74.0,5.09,0.86,true,7.0,True,2020-06-08
3506,Producto Esa Eroski 500g,Eroski,82.0,4.1,3.74,FALSE,,True,2021-05-24
3507,Producto Existen Carrefour 500ml,Carrefour,67.0,1.19,2.29,0,,True,2021-04-04
3508,Producto Seguridad Hacendado 6ud,Hacendado,79.0,11.06,2.54,true,11.0,True,2021-11-23
3509,Producto Secretario Dia 6ud,Dia,65.0,2.89,3.67,0,,True,2023-01-19
3510,Producto Anterior Carrefour 12ud,Carrefour,46.0,4.82,3.06,sí,11.0,True,2020-09-15
3511,Producto Cambios Eroski 1L,Eroski,15.0,23.98,0.31,sí,3.0,True,2021-11-20
3512,Producto Total Hacendado 500g,Hacendado,39.0,7.24,3.51,0,,True,2021-11-25
3513,Producto Había Hacendado 1L,Hacendado,59.0,18.47,1.38,False,,True,2023-02-03
3514,Producto Socialista Dia 500ml,Dia,35.0,17.78,0.07,True,5.0,True,2023-11-17
3515,Producto Tengo Auchan 500ml,Auchan,88.0,21.38,0.89,false,,True,2022-08-13
3516,Producto Medida Carrefour 6ud,Carrefour,30.0,22.54,0.11,true,10.0,True,2021-03-02
3517,Producto Bastante Carrefour 500ml,Carrefour,11.0,22.08,3.81,1,3.0,True,2024-03-02
3518,Producto Local Genérico 250g,Genérico,69.0,12.45,0.59,true,3.0,True,2024-01-12
3519,Producto Puede Mercadona 1L,Mercadona,46.0,13.36,0.78,True,4.0,True,2020-04-26
3520,Producto Crecimiento Auchan pack 3,Auchan,51.0,18.49,1.32,False,,True,2022-09-17
3521,Producto Diferentes Auchan 250g,Auchan,55.0,20.77,1.7,no,,True,2021-07-18
3522,Producto Próximo Auchan 500g,Auchan,85.0,7.1,3.22,FALSE,,True,2023-05-29
3523,Producto Llega Mercadona 1L,Mercadona,,16.64,2.51,True,6.0,True,2022-11-21
3524,Producto Tenía Dia 1L,Dia,64.0,18.73,4.78,sí,13.0,True,2024-01-20
3525,Producto Sobre Eroski pack 3,Eroski,44.0,24.68,0.92,FALSE,,True,2020-08-09
3526,Producto Comercio Dia 12ud,Dia,53.0,14.92,1.42,FALSE,,True,2022-08-01
3527,Producto Padres Genérico 6ud,Genérico,83.0,20.93,3.99,1,12.0,True,2023-04-28
3528,Producto Consejo Dia 500g,Dia,53.0,24.24,3.44,false,,True,2020-02-24
3529,Producto Quien Genérico 500ml,Genérico,28.0,15.77,1.55,False,,True,2020-04-14
3530,Producto Número Hacendado pack 3,Hacendado,46.0,1.49,2.99,sí,3.0,True,2023-04-24
3531,Producto Sur Auchan 6ud,Auchan,9.0,16.67,1.29,TRUE,8.0,True,2021-07-23
3532,Producto Acción Eroski 1kg,Eroski,73.0,23.86,0.76,False,,True,2021-08-17
3533,Producto Teoría Genérico 500g,Genérico,64.0,7.61,4.67,sí,6.0,True,2022-05-31
3534,Producto Ya Auchan 12ud,Auchan,58.0,24.18,1.34,true,7.0,True,2022-07-28
3535,Producto Pasado Genérico 12ud,Genérico,31.0,17.12,2.91,FALSE,,True,2022-11-20
3536,Producto Visto Dia 1kg,Dia,34.0,10.69,1.56,true,7.0,True,2024-01-13
3537,Producto Tampoco Auchan 1kg,Auchan,89.0,9.7,2.21,False,,True,2021-07-31
3538,Producto Ninguna Eroski 6ud,Eroski,65.0,12.83,1.82,False,,True,2023-03-31
3539,Producto Te Auchan 12ud,Auchan,68.0,11.79,0.18,FALSE,,True,2022-06-10
3540,Producto Nacional Mercadona 1kg,Mercadona,20.0,15.56,1.25,False,,True,2022-04-02
3541,Producto Zona Genérico 500ml,Genérico,25.0,1.8,0.67,0,,True,2021-09-10
3542,Producto Varios Mercadona pack 3,Mercadona,68.0,21.05,1.39,1,13.0,True,2022-10-06
3543,Producto María Hacendado 500ml,Hacendado,85.0,14.34,4.33,FALSE,,True,2021-01-22
3544,Producto Líder Eroski 250g,Eroski,83.0,17.68,2.83,0,,True,2020-06-25
3545,Producto Le Carrefour 1kg,Carrefour,26.0,7.86,4.95,0,,False,2023-02-16
3546,Producto Tener Genérico 1L,Genérico,71.0,3.3,3.04,sí,4.0,True,2022-02-14
3547,Producto Tenido Carrefour 500g,Carrefour,40.0,12.1,2.25,False,,True,2021-08-24
3548,Producto Obstante Dia 12ud,Dia,24.0,12.34,1.21,1,11.0,True,2022-05-22
3549,Producto Hacia Eroski pack 3,Eroski,87.0,21.54,2.19,0,,True,2021-02-10
3550,Producto Producto Carrefour 1L,Carrefour,32.0,4.67,2.76,no,,True,2021-02-08
3551,Producto Valores Dia 500g,Dia,46.0,23.99,3.36,no,,True,2021-11-24
3552,Producto Hizo Auchan 12ud,Auchan,22.0,20.42,1.45,TRUE,4.0,True,2024-03-27
3553,Producto Formas Genérico 500ml,Genérico,10.0,1.33,3.3,False,,True,2021-03-19
3554,Producto Espera Carrefour pack 3,Carrefour,54.0,22.11,0.1,false,,True,2023-11-24
3555,Producto Jefe Mercadona 1L,Mercadona,73.0,9.04,1.98,no,,True,2020-11-06
3556,Producto Primera Dia 6ud,Dia,28.0,11.75,0.74,false,,True,2020-07-29
3557,Producto Temas Auchan 500g,Auchan,47.0,22.94,1.91,false,,True,2020-04-25
3558,Producto Puntos Genérico 500ml,Genérico,32.0,3.66,4.78,false,,True,2020-09-25
3559,Producto Distintas Mercadona 12ud,Mercadona,88.0,2.15,3.68,sí,6.0,True,2023-01-13
3560,Producto Existe Auchan pack 3,Auchan,22.0,8.42,3.87,true,14.0,True,2024-03-29
3561,Producto Día Carrefour 12ud,Carrefour,22.0,19.01,0.37,false,,True,2023-06-13
3562,Producto Ambiente Hacendado 500g,Hacendado,23.0,11.31,3.17,FALSE,,False,2024-02-12
3563,Producto Señaló Dia 500g,Dia,31.0,17.61,4.94,false,,True,2024-03-12
3564,Producto Mil Carrefour 500ml,Carrefour,34.0,12.52,1.17,FALSE,,True,2022-11-03
3565,Producto Político Mercadona 1L,Mercadona,64.0,2.6,4.8,1,4.0,True,2023-01-07
3566,Producto Uno Hacendado 6ud,Hacendado,26.0,19.46,4.33,0,,True,2022-05-04
3567,Producto Cuya Auchan 1L,Auchan,76.0,20.88,2.39,no,,True,2021-03-27
3568,Producto Humana Genérico 1kg,Genérico,88.0,20.13,3.15,False,,True,2021-04-10
3569,Producto Tribunal Hacendado 1kg,Hacendado,81.0,19.66,0.63,true,6.0,True,2020-09-01
3570,Producto Metros Dia 250g,Dia,78.0,5.98,4.62,false,,True,2023-01-07
3571,Producto Suficiente Hacendado 1kg,Hacendado,54.0,24.21,2.9,TRUE,11.0,True,2022-12-23
3572,Producto Tomar Dia 12ud,Dia,73.0,15.65,4.46,False,,True,2020-09-27
3573,Producto Aspectos Eroski 250g,Eroski,42.0,1.28,1.04,False,,True,2021-07-15
3574,Producto Políticos Carrefour 1L,Carrefour,16.0,13.89,4.62,0,,True,2020-12-14
3575,Producto Hecho Carrefour pack 3,Carrefour,16.0,2.28,4.53,FALSE,,True,2024-03-10
3576,Producto Aún Dia 500g,Dia,13.0,23.76,3.08,false,,True,2023-05-15
3577,Producto Otras Auchan 1kg,Auchan,79.0,7.12,0.23,TRUE,11.0,True,2021-01-02
3578,Producto Supuesto Auchan pack 3,Auchan,53.0,7.92,4.86,0,,False,2022-02-06
3579,Producto Le Hacendado 1L,Hacendado,16.0,13.58,3.43,false,,True,2021-07-14
3580,Producto Jóvenes Auchan 250g,Auchan,79.0,9.97,0.67,FALSE,,True,2022-06-08
3581,Producto Calle Carrefour 500g,Carrefour,79.0,11.22,4.91,false,,True,2021-12-27
3582,Producto Distintos Dia 12ud,Dia,33.0,22.98,0.51,true,3.0,True,2024-03-07
3583,Producto García Genérico 250g,Genérico,77.0,24.77,3.61,TRUE,3.0,True,2020-07-20
3584,Producto Formas Auchan 1kg,Auchan,25.0,7.41,3.03,False,,True,2023-10-05
3585,Producto Siempre Carrefour 12ud,Carrefour,46.0,12.22,0.43,TRUE,7.0,True,2020-04-12
3586,Producto Trata Auchan 6ud,Auchan,35.0,22.48,2.25,0,,True,2021-09-10
3587,Producto Campaña Mercadona 500ml,Mercadona,55.0,21.78,4.47,True,8.0,True,2023-01-21
3588,Producto Investigación Hacendado 250g,Hacendado,73.0,8.98,4.76,false,,True,2022-03-27
3589,Producto Europa Carrefour 1kg,Carrefour,19.0,21.1,1.56,false,,True,2023-04-09
3590,Producto Ambos Dia 1kg,Dia,24.0,1.37,2.23,1,10.0,True,2023-07-03
3591,Producto Izquierda Auchan 250g,Auchan,11.0,7.11,1.54,False,,True,2020-04-24
3592,Producto Además Dia 12ud,Dia,16.0,12.63,1.95,false,,False,2024-02-19
3593,Producto Voz Auchan 1kg,Auchan,35.0,16.66,3.32,false,,False,2022-09-24
3594,Producto Vida Hacendado 6ud,Hacendado,53.0,23.1,4.06,false,,True,2021-11-30
3595,Producto Estaban Dia 12ud,Dia,12.0,21.7,4.65,False,,True,2022-11-22
3596,Producto Popular Genérico 12ud,Genérico,22.0,23.83,1.47,0,,True,2021-06-19
3597,Producto Millones Auchan 12ud,Auchan,77.0,14.52,2.62,no,,True,2023-09-25
3598,Producto París Auchan 1L,Auchan,57.0,3.72,4.01,sí,7.0,True,2023-04-27
3599,Producto García Mercadona 500ml,Mercadona,40.0,8.76,3.1,FALSE,,True,2022-09-20
3600,Producto Clase Mercadona 250g,Mercadona,41.0,3.54,1.64,FALSE,,True,2020-10-09
3601,Producto Plazo Auchan pack 3,Auchan,31.0,0.91,0.23,true,8.0,True,2024-02-10
3602,Producto Esto Carrefour 12ud,Carrefour,80.0,1.93,1.42,no,,True,2021-11-03
3603,Producto Hijos Hacendado pack 3,Hacendado,49.0,4.9,1.42,0,,True,2023-11-15
3604,Producto Recuerdo Carrefour 1kg,Carrefour,25.0,4.09,0.3,false,,True,2020-03-27
3605,Producto Industria Carrefour pack 3,Carrefour,13.0,14.7,3.6,True,3.0,True,2020-07-11
3606,Producto Tenido Dia 250g,Dia,42.0,17.11,1.8,False,,True,2020-08-25
3607,Producto Cosa Carrefour 6ud,Carrefour,85.0,3.16,0.61,false,,True,2020-09-12
3608,Producto Poder Dia 6ud,Dia,35.0,20.8,0.4,0,,True,2021-05-16
3609,Producto Curso Carrefour 250g,Carrefour,45.0,8.49,1.71,0,,True,2023-01-06
3610,Producto Realidad Auchan 500ml,Auchan,56.0,15.73,0.27,true,5.0,True,2021-06-21
3611,Producto R Hacendado 1L,Hacendado,12.0,20.29,3.92,false,,True,2024-01-01
3612,Producto Apenas Eroski 6ud,Eroski,83.0,23.52,2.93,0,,True,2023-10-22
3613,Producto Cabeza Auchan 500g,Auchan,28.0,23.89,4.96,0,,True,2023-08-07
3614,Producto Aunque Eroski 12ud,Eroski,82.0,13.69,4.4,1,3.0,True,2021-01-24
3615,Producto Dice Genérico pack 3,Genérico,76.0,8.26,2.9,1,6.0,True,2022-09-13
3616,Producto Conseguir Carrefour pack 3,Carrefour,55.0,8.2,3.48,False,,True,2022-05-05
3617,Producto Da Dia 500g,Dia,61.0,9.11,4.58,false,,True,2020-07-13
3618,Producto República Carrefour pack 3,Carrefour,86.0,19.75,4.15,sí,5.0,True,2021-04-15
3619,Producto Origen Mercadona 12ud,Mercadona,40.0,17.01,3.05,false,,True,2022-04-08
3620,Producto Sido Dia 500g,Dia,52.0,2.49,4.92,false,,True,2022-02-19
3621,Producto Lucha Mercadona 1L,Mercadona,89.0,22.54,0.13,FALSE,,True,2020-09-18
3622,Producto Importantes Mercadona pack 3,Mercadona,42.0,18.69,0.22,TRUE,9.0,False,2024-01-02
3623,Producto Unión Hacendado 1kg,Hacendado,30.0,13.1,1.97,0,,True,2020-08-27
3624,Producto Tienen Auchan 1L,Auchan,25.0,17.93,4.49,True,8.0,True,2022-10-20
3625,Producto Pensar Hacendado 250g,Hacendado,87.0,2.3,4.75,FALSE,,True,2023-01-24
3626,Producto Llama Auchan 12ud,Auchan,89.0,7.58,0.72,false,,True,2022-07-29
3627,Producto Van Mercadona 500g,Mercadona,84.0,4.22,2.99,TRUE,13.0,True,2023-08-01
3628,Producto Encuentran Dia pack 3,Dia,57.0,4.82,1.43,False,,True,2022-05-25
3629,Producto Fue Dia pack 3,Dia,38.0,8.85,4.49,False,,True,2023-07-05
3630,Producto Considera Dia 6ud,Dia,63.0,9.9,4.77,0,,False,2020-02-14
3631,Producto Hace Auchan 500ml,Auchan,35.0,14.58,0.54,false,,True,2020-03-11
3632,Producto Aquellas Dia 500ml,Dia,24.0,12.41,0.89,true,7.0,True,2022-09-23
3633,Producto Mantener Carrefour 500ml,Carrefour,22.0,3.94,4.2,sí,5.0,False,2022-06-14
3634,Producto Mañana Genérico 1L,Genérico,14.0,0.65,0.18,0,,True,2022-10-08
3635,Producto Acuerdo Auchan pack 3,Auchan,82.0,13.25,1.51,no,,True,2023-04-06
3636,Producto Plan Auchan 12ud,Auchan,24.0,12.57,0.73,1,7.0,True,2021-10-09
3637,Producto Lleva Dia 500g,Dia,23.0,18.72,0.42,True,5.0,True,2022-09-19
3638,Producto Sobre Auchan 500g,Auchan,44.0,17.81,4.63,false,,True,2022-02-12
3639,Producto Ii Dia 1L,Dia,75.0,21.11,4.39,FALSE,,False,2022-09-01
3640,Producto Estudios Hacendado 1L,Hacendado,89.0,3.84,4.72,FALSE,,True,2021-03-25
3641,Producto Pudo Auchan 1kg,Auchan,42.0,12.36,2.51,true,5.0,True,2024-01-26
3642,Producto Propio Genérico 1L,Genérico,20.0,0.57,2.81,sí,6.0,True,2022-01-20
3643,Producto Obra Auchan 500ml,Auchan,13.0,15.52,1.21,FALSE,,True,2023-06-04
3644,Producto Llamado Eroski 1kg,Eroski,76.0,22.0,4.38,0,,True,2022-11-30
3645,Producto Diferentes Mercadona 12ud,Mercadona,71.0,15.14,1.51,0,,True,2021-04-07
3646,Producto Bueno Auchan pack 3,Auchan,45.0,8.46,0.62,no,,True,2020-04-23
3647,Producto Santa Eroski 500g,Eroski,49.0,9.01,0.68,False,,True,2020-04-03
3648,Producto Estas Genérico 12ud,Genérico,71.0,17.33,1.38,TRUE,6.0,True,2021-11-13
3649,Producto Ir Hacendado 6ud,Hacendado,61.0,6.9,1.99,FALSE,,True,2022-01-22
3650,Producto Nuevos Dia 250g,Dia,,7.06,1.73,no,,True,2020-11-12
3651,Producto Empresa Auchan 12ud,Auchan,48.0,5.91,2.7,no,,True,2022-07-31
3652,Producto Entonces Genérico 6ud,Genérico,23.0,3.66,4.75,False,,False,2021-04-30
3653,Producto Juicio Hacendado 6ud,Hacendado,57.0,22.84,2.79,FALSE,,True,2023-01-20
3654,Producto Señor Carrefour 6ud,Carrefour,75.0,13.61,4.2,FALSE,,True,2023-02-14
3655,Producto Contenido Dia 1kg,Dia,38.0,22.8,1.12,0,,True,2021-06-20
3656,Producto Premio Hacendado 250g,Hacendado,10.0,18.99,2.53,False,,True,2021-09-11
3657,Producto España Carrefour 500ml,Carrefour,14.0,7.88,3.87,sí,6.0,False,2023-03-27
3658,Producto Tampoco Mercadona 12ud,Mercadona,24.0,16.54,3.72,1,7.0,True,2022-03-10
3659,Producto Fuentes Hacendado 12ud,Hacendado,18.0,0.98,2.73,FALSE,,True,2020-06-13
3660,Producto Señor Eroski 12ud,Eroski,21.0,5.25,1.6,0,,True,2021-01-10
3661,Producto Estaban Eroski 250g,Eroski,74.0,7.89,0.54,FALSE,,True,2020-07-09
3662,Producto Nosotros Auchan 12ud,Auchan,82.0,7.63,4.84,TRUE,11.0,True,2021-11-29
3663,Producto Último Eroski 1L,Eroski,45.0,9.86,3.65,False,,True,2020-08-06
3664,Producto Menos Eroski 500g,Eroski,78.0,11.57,0.17,0,,True,2020-03-19
3665,Producto Director Dia pack 3,Dia,66.0,14.29,1.7,no,,True,2024-01-08
3666,Producto Dinero Hacendado 1kg,Hacendado,19.0,5.58,2.99,0,,True,2023-09-04
3667,Producto Blanco Genérico pack 3,Genérico,60.0,13.31,3.81,FALSE,,True,2021-10-11
3668,Producto Madre Dia 12ud,Dia,72.0,8.12,0.8,0,,True,2024-02-04
3669,Producto Mucha Genérico 12ud,Genérico,81.0,21.84,1.09,true,11.0,True,2023-11-02
3670,Producto Tenía Auchan 6ud,Auchan,78.0,24.0,2.33,sí,10.0,True,2023-06-17
3671,Producto Éste Hacendado 12ud,Hacendado,19.0,17.62,3.8,FALSE,,True,2023-12-21
3672,Producto Superior Carrefour 1L,Carrefour,24.0,11.21,0.24,False,,True,2023-01-25
3673,Producto Semana Eroski pack 3,Eroski,30.0,3.92,2.12,FALSE,,False,2020-10-21
3674,Producto Mayo Auchan 500ml,Auchan,24.0,18.13,1.39,FALSE,,True,2020-09-04
3675,Producto Diez Genérico 1kg,Genérico,56.0,3.96,1.06,0,,True,2024-03-27
3676,Producto Decisión Genérico 500ml,Genérico,56.0,12.06,1.68,1,14.0,True,2021-12-26
3677,Producto Diez Carrefour pack 3,Carrefour,26.0,0.73,0.79,no,,True,2023-09-27
3678,Producto Mal Dia 1L,Dia,9.0,5.37,2.32,True,4.0,True,2022-02-11
3679,Producto O Genérico 1kg,Genérico,68.0,2.13,4.42,false,,True,2020-05-19
3680,Producto Generales Carrefour 500ml,Carrefour,10.0,7.45,2.16,FALSE,,True,2021-09-02
3681,Producto Dólares Genérico 12ud,Genérico,56.0,23.38,3.23,no,,True,2021-12-11
3682,Producto Torno Carrefour 500g,Carrefour,84.0,18.39,1.35,True,4.0,True,2021-01-08
3683,Producto Nadie Genérico 12ud,Genérico,75.0,8.58,2.98,no,,True,2022-06-25
3684,Producto Tengo Eroski pack 3,Eroski,87.0,5.62,1.2,TRUE,6.0,True,2020-03-16
3685,Producto Porque Carrefour 1kg,Carrefour,87.0,4.53,1.65,no,,True,2021-03-13
3686,Producto Sociales Carrefour pack 3,Carrefour,15.0,10.91,1.55,False,,True,2022-07-17
3687,Producto López Genérico 12ud,Genérico,39.0,9.73,2.4,no,,True,2023-08-02
3688,Producto Grande Dia 500g,Dia,75.0,22.13,4.78,False,,True,2022-11-10
3689,Producto Resultados Eroski 1kg,Eroski,44.0,21.07,2.48,False,,True,2021-03-19
3690,Producto Resto Genérico 12ud,Genérico,24.0,16.47,4.34,1,10.0,True,2020-01-13
3691,Producto Dolor Eroski 12ud,Eroski,53.0,5.73,4.99,false,,True,2020-06-15
3692,Producto Arte Dia 1kg,Dia,57.0,23.35,1.02,0,,True,2020-07-27
3693,Producto López Hacendado 500ml,Hacendado,33.0,8.54,4.58,false,,True,2021-02-14
3694,Producto Entrada Genérico 500ml,Genérico,10.0,1.31,2.42,sí,3.0,True,2021-07-22
3695,Producto Nuestras Dia 250g,Dia,41.0,24.28,4.32,no,,True,2021-09-18
3696,Producto Pesar Eroski pack 3,Eroski,86.0,12.5,4.38,false,,True,2020-03-11
3697,Producto Papel Hacendado 6ud,Hacendado,22.0,1.2,0.81,no,,True,2020-03-20
3698,Producto Experiencia Hacendado 12ud,Hacendado,25.0,20.92,2.24,true,14.0,True,2022-05-22
3699,Producto Nuestro Mercadona 500ml,Mercadona,21.0,24.58,3.09,sí,3.0,True,2021-07-17
3700,Producto Sol Eroski 1kg,Eroski,49.0,22.68,4.72,false,,True,2021-03-24
3701,Producto Vida Auchan 250g,Auchan,60.0,2.08,2.53,FALSE,,True,2021-08-23
3702,Producto Mundial Carrefour pack 3,Carrefour,19.0,1.58,3.46,no,,True,2021-11-30
3703,Producto Nuestras Dia 500ml,Dia,9.0,14.22,2.36,True,14.0,True,2022-05-04
3704,Producto Unidos Hacendado 500g,Hacendado,68.0,22.98,0.48,True,8.0,True,2023-07-06
3705,Producto Buenos Mercadona 1kg,Mercadona,11.0,19.81,1.9,TRUE,4.0,True,2022-11-22
3706,Producto Objetivo Dia 1L,Dia,40.0,18.8,1.59,0,,True,2020-07-03
3707,Producto Millones Carrefour 500ml,Carrefour,45.0,3.93,1.17,false,,True,2024-02-23
3708,Producto Menos Carrefour 500ml,Carrefour,34.0,6.84,0.51,FALSE,,True,2021-09-03
3709,Producto Vista Dia pack 3,Dia,55.0,20.81,0.89,FALSE,,True,2023-05-19
3710,Producto Segunda Auchan 1kg,Auchan,83.0,13.67,3.53,sí,8.0,True,2022-05-16
3711,Producto Imposible Carrefour 6ud,Carrefour,45.0,17.63,4.16,0,,True,2021-07-21
3712,Producto Juez Genérico 1L,Genérico,20.0,6.82,0.21,no,,True,2020-08-12
3713,Producto Cualquier Carrefour pack 3,Carrefour,89.0,3.92,1.89,0,,True,2022-07-24
3714,Producto Duda Hacendado 6ud,Hacendado,84.0,17.67,4.35,False,,False,2021-09-15
3715,Producto Congreso Auchan 6ud,Auchan,62.0,8.74,0.98,no,,True,2020-03-03
3716,Producto Años Auchan 1kg,Auchan,29.0,18.92,3.1,FALSE,,True,2020-03-01
3717,Producto Nacional Eroski 12ud,Eroski,64.0,12.09,3.63,1,12.0,True,2023-01-13
3718,Producto Aquella Dia 250g,Dia,60.0,24.27,3.83,false,,True,2023-06-02
3719,Producto Capacidad Hacendado 12ud,Hacendado,73.0,10.92,2.91,True,12.0,False,2022-03-17
3720,Producto Difícil Carrefour 500ml,Carrefour,74.0,22.21,4.72,0,,True,2020-08-19
3721,Producto Posición Mercadona 1kg,Mercadona,81.0,3.67,4.8,False,,True,2023-10-19
3722,Producto Decisión Mercadona 1kg,Mercadona,48.0,20.13,0.87,False,,False,2020-08-05
3723,Producto Éste Carrefour 1kg,Carrefour,27.0,7.87,1.22,true,6.0,True,2023-12-17
3724,Producto Única Carrefour 6ud,Carrefour,40.0,0.61,0.54,sí,11.0,True,2021-05-09
3725,Producto Aquí Auchan 12ud,Auchan,36.0,20.86,3.83,false,,True,2021-09-02
3726,Producto Mismos Dia 1kg,Dia,25.0,10.29,1.45,0,,True,2023-02-22
3727,Producto Oposición Genérico 12ud,Genérico,63.0,13.58,3.37,False,,True,2021-04-09
3728,Producto Evitar Carrefour 1kg,Carrefour,12.0,19.3,1.73,false,,True,2021-06-06
3729,Producto Económica Genérico 12ud,Genérico,87.0,22.9,0.73,FALSE,,True,2023-07-10
3730,Producto Duda Dia 12ud,Dia,36.0,2.76,0.94,False,,True,2022-04-06
3731,Producto Carácter Auchan pack 3,Auchan,48.0,1.34,2.14,0,,True,2023-01-05
3732,Producto Administración Mercadona 500g,Mercadona,75.0,11.88,3.45,TRUE,4.0,True,2021-04-10
3733,Producto Efecto Mercadona 250g,Mercadona,60.0,4.43,2.56,True,13.0,True,2023-06-21
3734,Producto Para Eroski 12ud,Eroski,71.0,10.84,2.15,sí,14.0,True,2021-07-26
3735,Producto Buena Mercadona pack 3,Mercadona,86.0,12.79,3.57,false,,True,2022-11-12
3736,Producto Poco Hacendado 1kg,Hacendado,55.0,24.52,1.95,False,,True,2024-03-02
3737,Producto Actual Hacendado 6ud,Hacendado,28.0,23.72,1.33,false,,True,2022-06-25
3738,Producto Mal Eroski pack 3,Eroski,87.0,11.14,0.25,false,,True,2023-05-22
3739,Producto Distintas Dia 250g,Dia,67.0,22.27,1.3,false,,True,2023-01-31
3740,Producto Vio Mercadona 250g,Mercadona,46.0,13.79,1.82,TRUE,3.0,True,2022-12-04
3741,Producto Siquiera Eroski 250g,Eroski,47.0,15.09,0.23,false,,True,2020-02-11
3742,Producto P Carrefour 500g,Carrefour,40.0,13.6,0.77,True,10.0,True,2022-01-07
3743,Producto Mañana Dia pack 3,Dia,44.0,17.37,4.14,True,14.0,True,2024-02-11
3744,Producto Boca Auchan 250g,Auchan,81.0,2.37,0.78,false,,True,2023-05-01
3745,Producto N Auchan 500g,Auchan,21.0,8.77,1.54,false,,True,2023-04-20
3746,Producto Naturaleza Eroski 500ml,Eroski,32.0,18.17,0.44,FALSE,,True,2022-06-16
3747,Producto Mí Mercadona 1L,Mercadona,23.0,14.48,3.1,0,,True,2023-01-25
3748,Producto Qué Eroski 250g,Eroski,40.0,9.66,3.82,false,,True,2022-06-25
3749,Producto Siguiente Dia 250g,Dia,32.0,15.3,3.41,0,,True,2020-09-21
3750,Producto Quiero Carrefour 250g,Carrefour,61.0,19.65,1.41,FALSE,,True,2022-09-04
3751,Producto Modelo Hacendado 1L,Hacendado,49.0,6.0,1.14,0,,True,2022-08-20
3752,Producto Producto Mercadona pack 3,Mercadona,86.0,14.89,1.68,false,,True,2023-07-30
3753,Producto Ex Hacendado 6ud,Hacendado,80.0,8.83,2.25,no,,True,2020-08-17
3754,Producto Pese Carrefour 1kg,Carrefour,72.0,16.98,0.21,TRUE,12.0,True,2022-11-23
3755,Producto Relación Auchan 6ud,Auchan,89.0,2.53,2.67,FALSE,,True,2020-02-19
3756,Producto Respuesta Auchan pack 3,Auchan,49.0,1.21,0.88,0,,True,2024-01-12
3757,Producto Formación Auchan 250g,Auchan,64.0,18.9,3.73,TRUE,6.0,True,2020-06-19
3758,Producto Juan Carrefour 12ud,Carrefour,77.0,15.36,0.53,False,,True,2020-01-30
3759,Producto Julio Genérico 500ml,Genérico,23.0,4.87,3.9,TRUE,14.0,True,2021-05-02
3760,Producto Empresas Auchan 6ud,Auchan,79.0,18.9,3.02,0,,True,2020-08-23
3761,Producto Relaciones Eroski 500g,Eroski,55.0,16.76,3.18,no,,True,2022-12-08
3762,Producto Haber Genérico 12ud,Genérico,73.0,6.0,3.8,no,,True,2021-09-29
3763,Producto Ésta Carrefour 1kg,Carrefour,66.0,10.29,4.16,1,10.0,True,2023-04-18
3764,Producto Formas Auchan 12ud,Auchan,21.0,24.36,3.2,no,,True,2023-11-30
3765,Producto Educación Genérico 500g,Genérico,26.0,15.18,4.73,no,,True,2023-09-17
3766,Producto Zonas Carrefour pack 3,Carrefour,40.0,17.26,0.16,false,,True,2023-02-17
3767,Producto Entrada Genérico 1L,Genérico,58.0,21.32,1.88,1,6.0,True,2020-04-06
3768,Producto Participación Dia 1kg,Dia,34.0,7.67,1.07,false,,True,2020-08-02
3769,Producto Apenas Eroski pack 3,Eroski,40.0,24.74,4.87,0,,True,2020-11-18
3770,Producto Libre Mercadona 6ud,Mercadona,23.0,21.86,1.26,FALSE,,True,2021-05-19
3771,Producto Permite Hacendado 250g,Hacendado,17.0,17.2,2.62,FALSE,,True,2022-01-13
3772,Producto Resultado Hacendado 12ud,Hacendado,58.0,23.95,2.71,false,,True,2021-08-08
3773,Producto Varios Eroski 250g,Eroski,86.0,11.23,0.35,FALSE,,True,2024-01-26
3774,Producto Nueva Dia 12ud,Dia,14.0,18.05,3.27,0,,True,2021-12-15
3775,Producto Etapa Hacendado 1kg,Hacendado,24.0,21.24,2.92,0,,True,2022-04-08
3776,Producto Ahí Dia 12ud,Dia,30.0,16.58,1.25,sí,10.0,True,2022-04-28
3777,Producto Dios Dia 500g,Dia,21.0,11.72,3.77,false,,True,2022-11-15
3778,Producto Enero Dia pack 3,Dia,52.0,8.59,1.33,0,,True,2023-09-09
3779,Producto Modelo Mercadona 1kg,Mercadona,13.0,4.12,1.14,sí,8.0,True,2022-11-23
3780,Producto Amigos Dia 1kg,Dia,46.0,14.4,3.58,no,,True,2023-06-02
3781,Producto Seguro Eroski 1kg,Eroski,28.0,4.08,1.95,TRUE,13.0,True,2021-02-14
3782,Producto Hubo Genérico 500ml,Genérico,36.0,4.12,1.85,1,11.0,True,2022-01-22
3783,Producto Tipo Auchan pack 3,Auchan,75.0,15.64,1.75,true,5.0,True,2024-01-27
3784,Producto Través Dia 6ud,Dia,73.0,9.75,3.26,0,,True,2021-03-09
3785,Producto Miguel Carrefour pack 3,Carrefour,70.0,22.47,4.74,true,8.0,True,2021-04-08
3786,Producto Realidad Carrefour 1kg,Carrefour,35.0,7.31,3.96,0,,True,2024-01-02
3787,Producto Somos Auchan pack 3,Auchan,54.0,14.44,0.11,false,,True,2024-03-05
3788,Producto Familia Carrefour 1L,Carrefour,76.0,9.4,3.15,1,8.0,True,2023-04-12
3789,Producto Equipo Genérico 500g,Genérico,43.0,24.27,2.86,TRUE,6.0,True,2022-12-31
3790,Producto Grandes Eroski 1L,Eroski,32.0,6.08,0.93,no,,True,2022-12-08
3791,Producto Quedó Genérico 500ml,Genérico,43.0,2.73,4.16,true,4.0,True,2022-01-29
3792,Producto Voz Genérico 500ml,Genérico,25.0,1.98,2.95,true,12.0,True,2022-01-15
3793,Producto Últimos Genérico 250g,Genérico,21.0,8.3,1.02,False,,True,2022-05-20
3794,Producto Constitución Auchan 1L,Auchan,19.0,2.94,3.01,false,,True,2023-12-22
3795,Producto Sala Genérico 12ud,Genérico,10.0,21.59,4.44,1,13.0,True,2023-01-26
3796,Producto Don Mercadona pack 3,Mercadona,87.0,24.8,2.07,1,7.0,True,2021-03-23
3797,Producto Hecho Dia pack 3,Dia,31.0,13.09,1.53,FALSE,,True,2022-06-09
3798,Producto Realizar Dia 500ml,Dia,40.0,17.1,3.15,False,,True,2022-04-23
3799,Producto Razón Auchan 250g,Auchan,32.0,8.31,2.38,no,,True,2023-10-23
3800,Producto Producción Mercadona 12ud,Mercadona,17.0,16.98,4.32,1,8.0,True,2023-06-25
3801,Producto Libro Mercadona 1kg,Mercadona,77.0,5.23,1.2,true,7.0,True,2024-01-22
3802,Producto Volver Mercadona pack 3,Mercadona,49.0,3.01,3.07,FALSE,,True,2023-06-03
3803,Producto Días Dia 1kg,Dia,28.0,5.19,0.9,FALSE,,True,2021-03-27
3804,Producto Había Dia pack 3,Dia,29.0,16.5,3.91,no,,True,2021-03-22
3805,Producto Paciente Auchan 500ml,Auchan,42.0,9.57,3.65,0,,True,2023-01-14
3806,Producto Aunque Auchan 500ml,Auchan,49.0,10.91,2.11,False,,True,2021-06-22
3807,Producto Encuentran Hacendado 12ud,Hacendado,60.0,9.15,4.88,no,,True,2021-11-18
3808,Producto Boca Mercadona 1L,Mercadona,11.0,5.6,1.51,0,,True,2021-02-02
3809,Producto Vino Auchan 12ud,Auchan,50.0,8.47,1.04,false,,True,2022-01-14
3810,Producto Hizo Auchan 500ml,Auchan,73.0,3.11,1.66,true,10.0,True,2020-11-09
3811,Producto Sueño Auchan 250g,Auchan,84.0,19.63,4.8,False,,True,2022-04-16
3812,Producto Alguna Dia 12ud,Dia,40.0,1.94,1.75,sí,11.0,True,2023-12-20
3813,Producto Fuentes Hacendado pack 3,Hacendado,45.0,3.78,1.66,false,,True,2022-12-17
3814,Producto Dar Mercadona 1kg,Mercadona,61.0,21.9,2.89,no,,True,2020-08-01
3815,Producto Estaba Carrefour 6ud,Carrefour,65.0,14.52,1.34,0,,True,2022-08-14
3816,Producto Peso Eroski 250g,Eroski,46.0,3.93,4.36,false,,True,2022-06-30
3817,Producto Padre Mercadona 6ud,Mercadona,,22.67,4.43,no,,True,2021-01-11
3818,Producto Porque Carrefour pack 3,Carrefour,68.0,9.36,4.86,True,7.0,True,2022-11-06
3819,Producto Trabajar Carrefour 500g,Carrefour,11.0,16.22,4.04,0,,True,2022-04-04
3820,Producto Sentido Hacendado 6ud,Hacendado,76.0,0.89,0.21,FALSE,,True,2022-09-18
3821,Producto Eran Mercadona pack 3,Mercadona,50.0,7.41,0.38,no,,True,2020-03-22
3822,Producto Antes Genérico 500g,Genérico,20.0,13.52,4.24,0,,True,2021-10-04
3823,Producto Español Genérico 1L,Genérico,68.0,18.91,2.18,no,,True,2023-01-19
3824,Producto Atención Eroski 1kg,Eroski,66.0,16.43,3.26,true,8.0,True,2020-06-05
3825,Producto Derecha Hacendado 12ud,Hacendado,64.0,14.57,4.15,TRUE,3.0,False,2023-04-12
3826,Producto Nacional Auchan 1kg,Auchan,50.0,6.83,3.39,sí,8.0,True,2020-01-09
3827,Producto Vuelve Mercadona 6ud,Mercadona,34.0,22.37,2.91,false,,True,2022-05-04
3828,Producto Propios Carrefour 500ml,Carrefour,27.0,4.94,3.03,sí,3.0,True,2020-09-02
3829,Producto Dado Dia 500g,Dia,78.0,8.51,1.19,0,,True,2022-10-11
3830,Producto Curso Carrefour 12ud,Carrefour,47.0,24.77,4.6,True,8.0,False,2023-09-30
3831,Producto Busca Hacendado 12ud,Hacendado,65.0,1.11,4.28,0,,True,2022-01-08
3832,Producto Valor Auchan pack 3,Auchan,15.0,10.27,1.93,TRUE,4.0,True,2022-10-07
3833,Producto Noche Genérico 500g,Genérico,31.0,4.48,4.71,True,14.0,True,2023-03-20
3834,Producto Vuelve Auchan 1L,Auchan,49.0,5.64,2.56,true,10.0,True,2021-03-22
3835,Producto Quienes Auchan 250g,Auchan,23.0,0.67,2.03,FALSE,,True,2021-03-19
3836,Producto Pocos Dia 500ml,Dia,54.0,20.99,4.25,no,,True,2020-04-01
3837,Producto Precios Eroski 12ud,Eroski,19.0,21.95,4.82,TRUE,14.0,True,2023-04-09
3838,Producto Ella Hacendado 1kg,Hacendado,50.0,21.25,0.1,1,11.0,True,2022-10-10
3839,Producto Energía Mercadona 250g,Mercadona,69.0,1.99,4.34,false,,True,2020-12-26
3840,Producto Hacen Genérico 12ud,Genérico,56.0,20.66,0.91,False,,True,2023-02-21
3841,Producto Construcción Eroski 1kg,Eroski,28.0,9.43,3.94,false,,False,2023-08-13
3842,Producto Estilo Dia 12ud,Dia,35.0,15.81,1.36,False,,True,2020-02-27
3843,Producto Obstante Dia 250g,Dia,12.0,22.27,4.37,1,9.0,False,2023-12-02
3844,Producto Fueron Mercadona 1kg,Mercadona,57.0,4.37,4.49,1,4.0,True,2021-10-11
3845,Producto López Hacendado pack 3,Hacendado,17.0,11.87,4.5,False,,True,2023-07-25
3846,Producto Mujer Mercadona 250g,Mercadona,86.0,8.12,4.52,false,,True,2023-12-21
3847,Producto Semanas Dia 500g,Dia,78.0,12.2,4.27,0,,True,2020-02-26
